product_category,feature_month,sales_current,orders_current,unique_products_current,avg_price_current,avg_freight_current,avg_product_weight,avg_product_length,avg_product_height,avg_product_width,avg_product_description_length,avg_product_photos_qty,sales_lag_1,sales_lag_2,sales_lag_3,rolling_sales_mean_3,sales_next_month,target_month,month,quarter,year
agro_industry_and_commerce,2016-12-01,0,0,0,,,,,,,,,0.0,0.0,0.0,0.0,3.0,2017-01-01,12,4,2016
air_conditioning,2016-12-01,0,0,0,168.66125,19.29,5813.0,38.375,39.125,27.125,365.25,1.375,0.0,8.0,0.0,2.6666666666666665,4.0,2017-01-01,12,4,2016
art,2016-12-01,0,0,0,,,,,,,,,0.0,0.0,0.0,0.0,0.0,2017-01-01,12,4,2016
arts_and_craftmanship,2016-12-01,0,0,0,,,,,,,,,0.0,0.0,0.0,0.0,0.0,2017-01-01,12,4,2016
audio,2016-12-01,0,0,0,78.495,13.02,250.0,17.0,7.5,13.5,322.0,5.0,0.0,2.0,0.0,0.6666666666666666,0.0,2017-01-01,12,4,2016
auto,2016-12-01,0,0,0,141.0325,27.87625,2668.125,26.875,21.25,22.125,387.625,2.625,0.0,8.0,0.0,2.6666666666666665,31.0,2017-01-01,12,4,2016
baby,2016-12-01,0,0,0,124.65181818181819,13.307272727272727,993.0,34.18181818181818,16.454545454545453,25.181818181818183,586.6363636363636,2.6363636363636362,0.0,11.0,0.0,3.6666666666666665,40.0,2017-01-01,12,4,2016
bed_bath_table,2016-12-01,0,0,0,59.87375,15.94875,1275.0,40.375,9.875,26.0,641.75,1.375,0.0,8.0,0.0,2.6666666666666665,46.0,2017-01-01,12,4,2016
books_general_interest,2016-12-01,0,0,0,,,,,,,,,0.0,0.0,0.0,0.0,2.0,2017-01-01,12,4,2016
books_imported,2016-12-01,0,0,0,,,,,,,,,0.0,0.0,0.0,0.0,0.0,2017-01-01,12,4,2016
books_technical,2016-12-01,0,0,0,,,,,,,,,0.0,0.0,0.0,0.0,0.0,2017-01-01,12,4,2016
cds_dvds_musicals,2016-12-01,0,0,0,,,,,,,,,0.0,0.0,0.0,0.0,0.0,2017-01-01,12,4,2016
christmas_supplies,2016-12-01,0,0,0,,,,,,,,,0.0,0.0,0.0,0.0,0.0,2017-01-01,12,4,2016
cine_photo,2016-12-01,0,0,0,,,,,,,,,0.0,0.0,0.0,0.0,0.0,2017-01-01,12,4,2016
computers,2016-12-01,0,0,0,,,,,,,,,0.0,0.0,0.0,0.0,1.0,2017-01-01,12,4,2016
computers_accessories,2016-12-01,0,0,0,55.751666666666665,16.06833333333333,383.4166666666667,27.833333333333332,8.25,20.083333333333332,631.1666666666666,2.25,0.0,12.0,0.0,4.0,31.0,2017-01-01,12,4,2016
consoles_games,2016-12-01,0,0,0,517.0514285714286,23.714285714285715,2528.5714285714284,29.285714285714285,22.0,22.857142857142858,1699.2857142857142,3.142857142857143,0.0,7.0,0.0,2.3333333333333335,21.0,2017-01-01,12,4,2016
construction_tools_construction,2016-12-01,0,0,0,,,,,,,,,0.0,0.0,0.0,0.0,0.0,2017-01-01,12,4,2016
construction_tools_lights,2016-12-01,0,0,0,,,,,,,,,0.0,0.0,0.0,0.0,0.0,2017-01-01,12,4,2016
construction_tools_safety,2016-12-01,0,0,0,,,,,,,,,0.0,0.0,0.0,0.0,0.0,2017-01-01,12,4,2016
cool_stuff,2016-12-01,0,0,0,149.44285714285712,27.254285714285714,2933.285714285714,29.0,27.285714285714285,31.857142857142858,1208.5714285714287,2.7142857142857144,0.0,7.0,0.0,2.3333333333333335,37.0,2017-01-01,12,4,2016
costruction_tools_garden,2016-12-01,0,0,0,,,,,,,,,0.0,0.0,0.0,0.0,0.0,2017-01-01,12,4,2016
costruction_tools_tools,2016-12-01,0,0,0,,,,,,,,,0.0,0.0,0.0,0.0,0.0,2017-01-01,12,4,2016
diapers_and_hygiene,2016-12-01,0,0,0,134.9,16.09,700.0,35.0,7.0,29.0,1151.0,8.0,0.0,1.0,0.0,0.3333333333333333,0.0,2017-01-01,12,4,2016
drinks,2016-12-01,0,0,0,,,,,,,,,0.0,0.0,0.0,0.0,0.0,2017-01-01,12,4,2016
dvds_blu_ray,2016-12-01,0,0,0,,,,,,,,,0.0,0.0,0.0,0.0,2.0,2017-01-01,12,4,2016
electronics,2016-12-01,0,0,0,107.99,11.8,373.0,21.0,11.0,17.0,1996.0,3.0,0.0,1.0,0.0,0.3333333333333333,11.0,2017-01-01,12,4,2016
fashio_female_clothing,2016-12-01,0,0,0,54.9,14.73,600.0,60.0,60.0,15.0,1628.0,2.0,0.0,1.0,0.0,0.3333333333333333,2.0,2017-01-01,12,4,2016
fashion_bags_accessories,2016-12-01,1,1,1,10.9,8.72,200.0,16.0,2.0,11.0,1710.0,1.0,0.0,8.0,0.0,3.0,35.0,2017-01-01,12,4,2016
fashion_childrens_clothes,2016-12-01,0,0,0,,,,,,,,,0.0,0.0,0.0,0.0,0.0,2017-01-01,12,4,2016
fashion_male_clothing,2016-12-01,0,0,0,24.9,10.96,300.0,16.0,2.0,11.0,1434.0,2.0,0.0,1.0,0.0,0.3333333333333333,1.0,2017-01-01,12,4,2016
fashion_shoes,2016-12-01,0,0,0,29.99,10.96,9000.0,16.0,5.0,33.0,459.0,2.0,0.0,1.0,0.0,0.3333333333333333,1.0,2017-01-01,12,4,2016
fashion_sport,2016-12-01,0,0,0,,,,,,,,,0.0,0.0,0.0,0.0,0.0,2017-01-01,12,4,2016
fashion_underwear_beach,2016-12-01,0,0,0,,,,,,,,,0.0,0.0,0.0,0.0,2.0,2017-01-01,12,4,2016
fixed_telephony,2016-12-01,0,0,0,140.976,13.913999999999998,558.0,19.8,10.2,18.0,777.8,3.0,0.0,5.0,0.0,1.6666666666666667,22.0,2017-01-01,12,4,2016
flowers,2016-12-01,0,0,0,,,,,,,,,0.0,0.0,0.0,0.0,0.0,2017-01-01,12,4,2016
food,2016-12-01,0,0,0,79.9,16.33,200.0,17.0,9.0,16.0,670.0,6.0,0.0,1.0,0.0,0.3333333333333333,2.0,2017-01-01,12,4,2016
food_drink,2016-12-01,0,0,0,,,,,,,,,0.0,0.0,0.0,0.0,0.0,2017-01-01,12,4,2016
furniture_bedroom,2016-12-01,0,0,0,,,,,,,,,0.0,0.0,0.0,0.0,8.0,2017-01-01,12,4,2016
furniture_decor,2016-12-01,0,0,0,87.54646153846154,18.597384615384613,2158.923076923077,39.184615384615384,17.353846153846153,26.307692307692307,538.7076923076924,2.8153846153846156,0.0,65.0,0.0,21.666666666666668,177.0,2017-01-01,12,4,2016
furniture_living_room,2016-12-01,0,0,0,,,,,,,,,0.0,0.0,0.0,0.0,10.0,2017-01-01,12,4,2016
furniture_mattress_and_upholstery,2016-12-01,0,0,0,,,,,,,,,0.0,0.0,0.0,0.0,0.0,2017-01-01,12,4,2016
garden_tools,2016-12-01,0,0,0,271.976,21.062,3758.6,32.0,33.8,25.2,1448.4,5.2,0.0,5.0,0.0,1.6666666666666667,54.0,2017-01-01,12,4,2016
health_beauty,2016-12-01,0,0,0,85.98125,18.676,1890.675,22.875,19.225,18.9,1410.2,1.5,0.0,40.0,3.0,13.333333333333334,82.0,2017-01-01,12,4,2016
home_appliances,2016-12-01,0,0,0,,,,,,,,,0.0,0.0,0.0,0.0,0.0,2017-01-01,12,4,2016
home_appliances_2,2016-12-01,0,0,0,,,,,,,,,0.0,0.0,0.0,0.0,7.0,2017-01-01,12,4,2016
home_comfort_2,2016-12-01,0,0,0,,,,,,,,,0.0,0.0,0.0,0.0,2.0,2017-01-01,12,4,2016
home_confort,2016-12-01,0,0,0,,,,,,,,,0.0,0.0,0.0,0.0,0.0,2017-01-01,12,4,2016
home_construction,2016-12-01,0,0,0,,,,,,,,,0.0,0.0,0.0,0.0,0.0,2017-01-01,12,4,2016
housewares,2016-12-01,0,0,0,107.25583333333334,21.28916666666667,2725.0,33.0,15.75,23.583333333333332,824.5,2.9166666666666665,0.0,12.0,0.0,4.0,28.0,2017-01-01,12,4,2016
industry_commerce_and_business,2016-12-01,0,0,0,89.9,18.490000000000002,2138.0,77.0,26.0,18.0,563.0,2.0,0.0,4.0,0.0,1.3333333333333333,0.0,2017-01-01,12,4,2016
kitchen_dining_laundry_garden_furniture,2016-12-01,0,0,0,,,,,,,,,0.0,0.0,0.0,0.0,1.0,2017-01-01,12,4,2016
la_cuisine,2016-12-01,0,0,0,,,,,,,,,0.0,0.0,0.0,0.0,0.0,2017-01-01,12,4,2016
luggage_accessories,2016-12-01,0,0,0,,,,,,,,,0.0,0.0,0.0,0.0,5.0,2017-01-01,12,4,2016
market_place,2016-12-01,0,0,0,83.20818181818181,20.605454545454545,715.9090909090909,21.818181818181817,15.090909090909092,22.09090909090909,667.4545454545455,1.9090909090909092,0.0,11.0,0.0,3.6666666666666665,5.0,2017-01-01,12,4,2016
music,2016-12-01,0,0,0,,,,,,,,,0.0,0.0,0.0,0.0,2.0,2017-01-01,12,4,2016
musical_instruments,2016-12-01,0,0,0,,,,,,,,,0.0,0.0,0.0,0.0,1.0,2017-01-01,12,4,2016
office_furniture,2016-12-01,0,0,0,216.81333333333336,47.778333333333336,12577.166666666666,49.666666666666664,55.833333333333336,34.333333333333336,1116.5,1.0,0.0,6.0,0.0,2.0,8.0,2017-01-01,12,4,2016
party_supplies,2016-12-01,0,0,0,,,,,,,,,0.0,0.0,0.0,0.0,0.0,2017-01-01,12,4,2016
pc_gamer,2016-12-01,0,0,0,,,,,,,,,0.0,0.0,0.0,0.0,0.0,2017-01-01,12,4,2016
perfumery,2016-12-01,0,0,0,166.52068965517242,16.76206896551724,455.86206896551727,22.79310344827586,13.96551724137931,17.137931034482758,525.4827586206897,1.7241379310344827,0.0,29.0,0.0,9.666666666666666,34.0,2017-01-01,12,4,2016
pet_shop,2016-12-01,0,0,0,172.42000000000002,21.545,6143.75,46.25,25.0,41.25,1642.0,4.0,0.0,4.0,0.0,1.3333333333333333,14.0,2017-01-01,12,4,2016
portateis_cozinha_e_preparadores_de_alimentos,2016-12-01,0,0,0,,,,,,,,,0.0,0.0,0.0,0.0,0.0,2017-01-01,12,4,2016
security_and_services,2016-12-01,0,0,0,,,,,,,,,0.0,0.0,0.0,0.0,1.0,2017-01-01,12,4,2016
signaling_and_security,2016-12-01,0,0,0,,,,,,,,,0.0,0.0,0.0,0.0,0.0,2017-01-01,12,4,2016
small_appliances,2016-12-01,0,0,0,,,,,,,,,0.0,0.0,0.0,0.0,6.0,2017-01-01,12,4,2016
small_appliances_home_oven_and_coffee,2016-12-01,0,0,0,,,,,,,,,0.0,0.0,0.0,0.0,0.0,2017-01-01,12,4,2016
sports_leisure,2016-12-01,0,0,0,118.36176470588236,28.15352941176471,3456.9411764705883,39.529411764705884,17.705882352941178,23.58823529411765,1025.5294117647059,3.176470588235294,0.0,17.0,0.0,5.666666666666667,74.0,2017-01-01,12,4,2016
stationery,2016-12-01,0,0,0,,,,,,,,,0.0,0.0,0.0,0.0,14.0,2017-01-01,12,4,2016
tablets_printing_image,2016-12-01,0,0,0,,,,,,,,,0.0,0.0,0.0,0.0,0.0,2017-01-01,12,4,2016
telephony,2016-12-01,0,0,0,28.53625,13.245000000000001,184.375,19.0,12.125,15.875,452.125,2.25,0.0,8.0,0.0,2.6666666666666665,22.0,2017-01-01,12,4,2016
toys,2016-12-01,0,0,0,171.10416666666666,20.20958333333333,3107.375,35.25,25.375,34.208333333333336,833.1666666666666,2.6666666666666665,0.0,24.0,0.0,8.0,41.0,2017-01-01,12,4,2016
unknown_category,2016-12-01,0,0,0,32.945,15.015,1775.0,29.0,16.5,40.0,,,0.0,2.0,0.0,0.6666666666666666,12.0,2017-01-01,12,4,2016
watches_gifts,2016-12-01,0,0,0,677.7675,20.66,444.25,17.25,13.0,14.75,1241.5,2.5,0.0,4.0,0.0,1.3333333333333333,11.0,2017-01-01,12,4,2016
agro_industry_and_commerce,2017-01-01,3,2,1,21.99,13.930000000000001,125.0,20.0,4.0,13.0,380.0,1.0,0.0,0.0,0.0,1.0,7.0,2017-02-01,1,1,2017
air_conditioning,2017-01-01,4,3,3,165.925,18.665,3634.75,35.5,36.0,24.25,832.0,2.0,0.0,0.0,8.0,1.3333333333333333,11.0,2017-02-01,1,1,2017
art,2017-01-01,0,0,0,,,,,,,,,0.0,0.0,0.0,0.0,0.0,2017-02-01,1,1,2017
arts_and_craftmanship,2017-01-01,0,0,0,,,,,,,,,0.0,0.0,0.0,0.0,0.0,2017-02-01,1,1,2017
audio,2017-01-01,0,0,0,78.495,13.02,250.0,17.0,7.5,13.5,322.0,5.0,0.0,0.0,2.0,0.0,5.0,2017-02-01,1,1,2017
auto,2017-01-01,31,27,22,155.4848387096774,18.269354838709678,3380.3225806451615,38.064516129032256,14.709677419354838,35.483870967741936,715.3225806451613,1.7419354838709677,0.0,0.0,8.0,10.333333333333334,83.0,2017-02-01,1,1,2017
baby,2017-01-01,40,31,26,155.447,18.1015,3461.102564102564,29.897435897435898,20.512820512820515,26.692307692307693,1071.575,2.175,0.0,0.0,11.0,13.333333333333334,32.0,2017-02-01,1,1,2017
bed_bath_table,2017-01-01,46,43,35,82.70347826086957,18.11391304347826,1779.4565217391305,38.78260869565217,14.130434782608695,34.45652173913044,506.69565217391306,1.3695652173913044,0.0,0.0,8.0,15.333333333333334,157.0,2017-02-01,1,1,2017
books_general_interest,2017-01-01,2,2,2,117.445,18.33,1566.5,21.0,11.5,18.5,1123.5,3.5,0.0,0.0,0.0,0.6666666666666666,8.0,2017-02-01,1,1,2017
books_imported,2017-01-01,0,0,0,,,,,,,,,0.0,0.0,0.0,0.0,0.0,2017-02-01,1,1,2017
books_technical,2017-01-01,0,0,0,,,,,,,,,0.0,0.0,0.0,0.0,1.0,2017-02-01,1,1,2017
cds_dvds_musicals,2017-01-01,0,0,0,,,,,,,,,0.0,0.0,0.0,0.0,0.0,2017-02-01,1,1,2017
christmas_supplies,2017-01-01,0,0,0,,,,,,,,,0.0,0.0,0.0,0.0,0.0,2017-02-01,1,1,2017
cine_photo,2017-01-01,0,0,0,,,,,,,,,0.0,0.0,0.0,0.0,1.0,2017-02-01,1,1,2017
computers,2017-01-01,1,1,1,2199.99,18.0,3000.0,30.0,6.0,42.0,451.0,6.0,0.0,0.0,0.0,0.3333333333333333,1.0,2017-02-01,1,1,2017
computers_accessories,2017-01-01,31,24,21,126.58516129032259,14.62774193548387,630.6451612903226,26.741935483870968,8.806451612903226,19.64516129032258,811.741935483871,2.161290322580645,0.0,0.0,12.0,10.333333333333334,100.0,2017-02-01,1,1,2017
consoles_games,2017-01-01,21,19,11,214.9733333333333,18.91857142857143,441.3333333333333,19.61904761904762,10.238095238095237,15.0,964.3333333333334,1.8095238095238095,0.0,0.0,7.0,7.0,18.0,2017-02-01,1,1,2017
construction_tools_construction,2017-01-01,0,0,0,,,,,,,,,0.0,0.0,0.0,0.0,3.0,2017-02-01,1,1,2017
construction_tools_lights,2017-01-01,0,0,0,,,,,,,,,0.0,0.0,0.0,0.0,0.0,2017-02-01,1,1,2017
construction_tools_safety,2017-01-01,0,0,0,,,,,,,,,0.0,0.0,0.0,0.0,1.0,2017-02-01,1,1,2017
cool_stuff,2017-01-01,37,30,26,185.3208108108108,20.166216216216217,2826.5405405405404,28.10810810810811,22.91891891891892,22.675675675675677,1394.5135135135135,2.5945945945945947,0.0,0.0,7.0,12.333333333333334,69.0,2017-02-01,1,1,2017
costruction_tools_garden,2017-01-01,0,0,0,,,,,,,,,0.0,0.0,0.0,0.0,2.0,2017-02-01,1,1,2017
costruction_tools_tools,2017-01-01,0,0,0,,,,,,,,,0.0,0.0,0.0,0.0,0.0,2017-02-01,1,1,2017
diapers_and_hygiene,2017-01-01,0,0,0,134.9,16.09,700.0,35.0,7.0,29.0,1151.0,8.0,0.0,0.0,1.0,0.0,0.0,2017-02-01,1,1,2017
drinks,2017-01-01,0,0,0,,,,,,,,,0.0,0.0,0.0,0.0,0.0,2017-02-01,1,1,2017
dvds_blu_ray,2017-01-01,2,1,2,14.9,9.0,175.0,20.0,2.0,14.0,676.0,1.0,0.0,0.0,0.0,0.6666666666666666,1.0,2017-02-01,1,1,2017
electronics,2017-01-01,11,11,6,56.09090909090909,14.13,949.0,24.363636363636363,12.272727272727273,21.0,839.4545454545455,2.272727272727273,0.0,0.0,1.0,3.6666666666666665,19.0,2017-02-01,1,1,2017
fashio_female_clothing,2017-01-01,2,2,2,38.65,12.755,450.0,16.0,2.0,11.0,923.0,2.0,0.0,0.0,1.0,0.6666666666666666,3.0,2017-02-01,1,1,2017
fashion_bags_accessories,2017-01-01,35,30,26,47.77057142857143,13.275428571428572,268.57142857142856,18.742857142857144,7.114285714285714,15.457142857142857,868.3428571428572,4.4,1.0,0.0,8.0,12.0,36.0,2017-02-01,1,1,2017
fashion_childrens_clothes,2017-01-01,0,0,0,,,,,,,,,0.0,0.0,0.0,0.0,0.0,2017-02-01,1,1,2017
fashion_male_clothing,2017-01-01,1,1,1,126.9,32.21,900.0,45.0,10.0,35.0,622.0,2.0,0.0,0.0,1.0,0.3333333333333333,6.0,2017-02-01,1,1,2017
fashion_shoes,2017-01-01,1,1,1,34.9,14.11,500.0,29.0,7.0,16.0,303.0,12.0,0.0,0.0,1.0,0.3333333333333333,3.0,2017-02-01,1,1,2017
fashion_sport,2017-01-01,0,0,0,,,,,,,,,0.0,0.0,0.0,0.0,0.0,2017-02-01,1,1,2017
fashion_underwear_beach,2017-01-01,2,2,2,68.625,16.95,500.0,22.5,13.0,13.0,2598.0,7.0,0.0,0.0,0.0,0.6666666666666666,8.0,2017-02-01,1,1,2017
fixed_telephony,2017-01-01,22,19,7,30.778181818181817,13.292727272727273,234.4090909090909,17.136363636363637,6.7727272727272725,13.727272727272727,657.7727272727273,3.1363636363636362,0.0,0.0,5.0,7.333333333333333,22.0,2017-02-01,1,1,2017
flowers,2017-01-01,0,0,0,,,,,,,,,0.0,0.0,0.0,0.0,0.0,2017-02-01,1,1,2017
food,2017-01-01,2,2,2,21.41,18.0,1075.0,16.0,16.0,14.5,911.0,1.0,0.0,0.0,1.0,0.6666666666666666,8.0,2017-02-01,1,1,2017
food_drink,2017-01-01,0,0,0,,,,,,,,,0.0,0.0,0.0,0.0,0.0,2017-02-01,1,1,2017
furniture_bedroom,2017-01-01,8,8,3,9.15,9.445,200.0,16.0,2.0,11.0,1940.5,1.25,0.0,0.0,0.0,2.6666666666666665,1.0,2017-02-01,1,1,2017
furniture_decor,2017-01-01,177,132,124,73.6532768361582,15.973446327683616,1849.553672316384,36.07909604519774,13.073446327683616,24.412429378531073,681.4632768361582,1.8757062146892656,0.0,0.0,65.0,59.0,257.0,2017-02-01,1,1,2017
furniture_living_room,2017-01-01,10,8,5,124.19000000000001,27.732,11045.0,37.1,14.4,86.4,597.7,2.6,0.0,0.0,0.0,3.3333333333333335,21.0,2017-02-01,1,1,2017
furniture_mattress_and_upholstery,2017-01-01,0,0,0,,,,,,,,,0.0,0.0,0.0,0.0,0.0,2017-02-01,1,1,2017
garden_tools,2017-01-01,54,36,23,138.27685185185186,18.17388888888889,2907.0925925925926,34.5,28.944444444444443,23.22222222222222,1207.0,2.814814814814815,0.0,0.0,5.0,18.0,69.0,2017-02-01,1,1,2017
health_beauty,2017-01-01,82,79,40,150.81024390243903,17.516585365853658,1130.1463414634147,29.75609756097561,12.097560975609756,21.817073170731707,1342.5365853658536,2.451219512195122,0.0,0.0,40.0,27.333333333333332,154.0,2017-02-01,1,1,2017
home_appliances,2017-01-01,0,0,0,,,,,,,,,0.0,0.0,0.0,0.0,7.0,2017-02-01,1,1,2017
home_appliances_2,2017-01-01,7,6,5,273.8257142857143,16.417142857142856,6239.285714285715,39.285714285714285,33.142857142857146,39.0,1242.5714285714287,1.5714285714285714,0.0,0.0,0.0,2.3333333333333335,1.0,2017-02-01,1,1,2017
home_comfort_2,2017-01-01,2,2,2,36.4,11.385000000000002,681.5,42.5,19.0,24.0,269.5,1.0,0.0,0.0,0.0,0.6666666666666666,0.0,2017-02-01,1,1,2017
home_confort,2017-01-01,0,0,0,,,,,,,,,0.0,0.0,0.0,0.0,3.0,2017-02-01,1,1,2017
home_construction,2017-01-01,0,0,0,,,,,,,,,0.0,0.0,0.0,0.0,4.0,2017-02-01,1,1,2017
housewares,2017-01-01,28,21,21,100.985,15.792142857142858,3035.3928571428573,36.285714285714285,21.5,24.214285714285715,695.7857142857143,2.642857142857143,0.0,0.0,12.0,9.333333333333334,69.0,2017-02-01,1,1,2017
industry_commerce_and_business,2017-01-01,0,0,0,89.9,18.490000000000002,2138.0,77.0,26.0,18.0,563.0,2.0,0.0,0.0,4.0,0.0,1.0,2017-02-01,1,1,2017
kitchen_dining_laundry_garden_furniture,2017-01-01,1,1,1,110.0,18.2,2000.0,24.0,11.0,31.0,1450.0,2.0,0.0,0.0,0.0,0.3333333333333333,2.0,2017-02-01,1,1,2017
la_cuisine,2017-01-01,0,0,0,,,,,,,,,0.0,0.0,0.0,0.0,0.0,2017-02-01,1,1,2017
luggage_accessories,2017-01-01,5,4,4,98.5,14.575999999999999,4890.0,24.4,52.2,37.6,266.2,1.0,0.0,0.0,0.0,1.6666666666666667,20.0,2017-02-01,1,1,2017
market_place,2017-01-01,5,5,4,82.828,18.044,325.0,24.8,8.0,18.8,1803.4,1.4,0.0,0.0,11.0,1.6666666666666667,20.0,2017-02-01,1,1,2017
music,2017-01-01,2,2,1,9.9,8.72,200.0,16.0,2.0,11.0,1862.0,1.0,0.0,0.0,0.0,0.6666666666666666,0.0,2017-02-01,1,1,2017
musical_instruments,2017-01-01,1,1,1,339.74,18.0,5600.0,30.0,62.0,45.0,1262.0,2.0,0.0,0.0,0.0,0.3333333333333333,9.0,2017-02-01,1,1,2017
office_furniture,2017-01-01,8,6,4,144.79375,22.92875,8093.75,47.375,49.75,29.5,736.0,1.375,0.0,0.0,6.0,2.6666666666666665,62.0,2017-02-01,1,1,2017
party_supplies,2017-01-01,0,0,0,,,,,,,,,0.0,0.0,0.0,0.0,0.0,2017-02-01,1,1,2017
pc_gamer,2017-01-01,0,0,0,,,,,,,,,0.0,0.0,0.0,0.0,0.0,2017-02-01,1,1,2017
perfumery,2017-01-01,34,29,13,150.3705882352941,15.923823529411763,684.8823529411765,21.529411764705884,16.794117647058822,17.41176470588235,499.3529411764706,1.3529411764705883,0.0,0.0,29.0,11.333333333333334,49.0,2017-02-01,1,1,2017
pet_shop,2017-01-01,14,12,12,57.08,14.090714285714286,1931.0,25.571428571428573,12.785714285714286,21.857142857142858,1124.7142857142858,2.4285714285714284,0.0,0.0,4.0,4.666666666666667,39.0,2017-02-01,1,1,2017
portateis_cozinha_e_preparadores_de_alimentos,2017-01-01,0,0,0,,,,,,,,,0.0,0.0,0.0,0.0,0.0,2017-02-01,1,1,2017
security_and_services,2017-01-01,1,1,1,183.29,25.77,1225.0,27.0,35.0,15.0,506.0,1.0,0.0,0.0,0.0,0.3333333333333333,0.0,2017-02-01,1,1,2017
signaling_and_security,2017-01-01,0,0,0,,,,,,,,,0.0,0.0,0.0,0.0,0.0,2017-02-01,1,1,2017
small_appliances,2017-01-01,6,6,6,276.79833333333335,21.243333333333336,2657.0,31.166666666666668,26.0,27.666666666666668,813.3333333333334,2.6666666666666665,0.0,0.0,0.0,2.0,28.0,2017-02-01,1,1,2017
small_appliances_home_oven_and_coffee,2017-01-01,0,0,0,,,,,,,,,0.0,0.0,0.0,0.0,0.0,2017-02-01,1,1,2017
sports_leisure,2017-01-01,74,57,47,124.48837837837837,20.848783783783784,2963.864864864865,34.851351351351354,20.39189189189189,26.7027027027027,926.6486486486486,2.2567567567567566,0.0,0.0,17.0,24.666666666666668,149.0,2017-02-01,1,1,2017
stationery,2017-01-01,14,7,6,111.57071428571429,13.758571428571429,1369.9285714285713,21.571428571428573,19.714285714285715,25.714285714285715,589.5,1.0,0.0,0.0,0.0,4.666666666666667,19.0,2017-02-01,1,1,2017
tablets_printing_image,2017-01-01,0,0,0,,,,,,,,,0.0,0.0,0.0,0.0,8.0,2017-02-01,1,1,2017
telephony,2017-01-01,22,17,15,34.3609090909091,16.924090909090907,193.1818181818182,18.363636363636363,7.454545454545454,14.363636363636363,516.5909090909091,2.0,0.0,0.0,8.0,7.333333333333333,106.0,2017-02-01,1,1,2017
toys,2017-01-01,41,41,27,111.41926829268294,17.635853658536586,1919.780487804878,30.463414634146343,19.78048780487805,31.121951219512194,869.829268292683,2.926829268292683,0.0,0.0,24.0,13.666666666666666,66.0,2017-02-01,1,1,2017
unknown_category,2017-01-01,12,10,10,133.63666666666666,16.2575,4520.833333333333,33.25,22.583333333333332,29.416666666666668,,,0.0,0.0,2.0,4.0,56.0,2017-02-01,1,1,2017
watches_gifts,2017-01-01,11,11,11,735.1381818181818,20.39181818181818,485.72727272727275,18.545454545454547,12.909090909090908,15.0,799.7272727272727,2.1818181818181817,0.0,0.0,4.0,3.6666666666666665,33.0,2017-02-01,1,1,2017
agro_industry_and_commerce,2017-02-01,7,7,2,32.12,15.180000000000001,485.7142857142857,24.571428571428573,5.285714285714286,15.714285714285714,415.42857142857144,1.0,3.0,0.0,0.0,3.3333333333333335,2.0,2017-03-01,2,1,2017
air_conditioning,2017-02-01,11,11,5,218.66363636363639,25.730909090909094,5654.545454545455,60.09090909090909,17.181818181818183,15.272727272727273,1306.7272727272727,2.5454545454545454,4.0,0.0,0.0,5.0,17.0,2017-03-01,2,1,2017
art,2017-02-01,0,0,0,,,,,,,,,0.0,0.0,0.0,0.0,4.0,2017-03-01,2,1,2017
arts_and_craftmanship,2017-02-01,0,0,0,,,,,,,,,0.0,0.0,0.0,0.0,0.0,2017-03-01,2,1,2017
audio,2017-02-01,5,5,4,32.760000000000005,16.81,560.0,20.2,8.2,15.6,864.2,1.6,0.0,0.0,0.0,1.6666666666666667,14.0,2017-03-01,2,1,2017
auto,2017-02-01,83,75,49,148.9009638554217,23.407831325301206,3900.4698795180725,39.3855421686747,17.91566265060241,31.180722891566266,703.2048192771084,1.5421686746987953,31.0,0.0,0.0,38.0,78.0,2017-03-01,2,1,2017
baby,2017-02-01,32,31,23,88.674375,18.905625,1540.25,32.90625,11.875,21.5,1404.40625,2.03125,40.0,0.0,0.0,24.0,42.0,2017-03-01,2,1,2017
bed_bath_table,2017-02-01,157,140,103,99.1855414012739,18.411337579617832,2042.9936305732483,37.51592356687898,12.719745222929935,32.10191082802548,430.6369426751592,1.4012738853503184,46.0,0.0,0.0,67.66666666666667,279.0,2017-03-01,2,1,2017
books_general_interest,2017-02-01,8,8,7,96.58875,22.16375,894.25,21.125,17.125,19.5,1012.875,1.125,2.0,0.0,0.0,3.3333333333333335,24.0,2017-03-01,2,1,2017
books_imported,2017-02-01,0,0,0,,,,,,,,,0.0,0.0,0.0,0.0,0.0,2017-03-01,2,1,2017
books_technical,2017-02-01,1,1,1,159.0,23.4,2200.0,31.0,6.0,19.0,3722.0,1.0,0.0,0.0,0.0,0.3333333333333333,2.0,2017-03-01,2,1,2017
cds_dvds_musicals,2017-02-01,0,0,0,,,,,,,,,0.0,0.0,0.0,0.0,0.0,2017-03-01,2,1,2017
christmas_supplies,2017-02-01,0,0,0,,,,,,,,,0.0,0.0,0.0,0.0,0.0,2017-03-01,2,1,2017
cine_photo,2017-02-01,1,1,1,59.0,36.24,5500.0,25.0,32.0,47.0,677.0,7.0,0.0,0.0,0.0,0.3333333333333333,0.0,2017-03-01,2,1,2017
computers,2017-02-01,1,1,1,3549.0,53.47,3200.0,30.0,7.0,40.0,1265.0,7.0,1.0,0.0,0.0,0.6666666666666666,0.0,2017-03-01,2,1,2017
computers_accessories,2017-02-01,100,92,66,113.1909,16.956200000000003,930.04,29.09,10.08,21.46,818.79,2.23,31.0,0.0,0.0,43.666666666666664,171.0,2017-03-01,2,1,2017
consoles_games,2017-02-01,18,18,14,238.5983333333333,19.066111111111113,1214.7777777777778,22.38888888888889,13.38888888888889,18.72222222222222,1031.2777777777778,1.7777777777777777,21.0,0.0,0.0,13.0,47.0,2017-03-01,2,1,2017
construction_tools_construction,2017-02-01,3,3,3,112.26333333333334,18.926666666666666,4777.666666666667,33.333333333333336,14.0,33.666666666666664,340.6666666666667,3.3333333333333335,0.0,0.0,0.0,1.0,1.0,2017-03-01,2,1,2017
construction_tools_lights,2017-02-01,0,0,0,,,,,,,,,0.0,0.0,0.0,0.0,0.0,2017-03-01,2,1,2017
construction_tools_safety,2017-02-01,1,1,1,379.0,17.86,1008.0,33.0,14.0,26.0,498.0,1.0,0.0,0.0,0.0,0.3333333333333333,0.0,2017-03-01,2,1,2017
cool_stuff,2017-02-01,69,68,43,180.50144927536232,21.62869565217391,2605.014492753623,41.14492753623188,21.6231884057971,24.115942028985508,962.0579710144928,2.1884057971014492,37.0,0.0,0.0,35.333333333333336,118.0,2017-03-01,2,1,2017
costruction_tools_garden,2017-02-01,2,1,1,289.99,22.35,2460.0,34.0,44.0,25.0,598.0,5.0,0.0,0.0,0.0,0.6666666666666666,0.0,2017-03-01,2,1,2017
costruction_tools_tools,2017-02-01,0,0,0,,,,,,,,,0.0,0.0,0.0,0.0,0.0,2017-03-01,2,1,2017
diapers_and_hygiene,2017-02-01,0,0,0,134.9,16.09,700.0,35.0,7.0,29.0,1151.0,8.0,0.0,0.0,0.0,0.0,0.0,2017-03-01,2,1,2017
drinks,2017-02-01,0,0,0,,,,,,,,,0.0,0.0,0.0,0.0,5.0,2017-03-01,2,1,2017
dvds_blu_ray,2017-02-01,1,1,1,14.9,20.8,150.0,20.0,2.0,14.0,721.0,1.0,2.0,0.0,0.0,1.0,4.0,2017-03-01,2,1,2017
electronics,2017-02-01,19,14,12,64.14999999999999,17.718421052631577,1101.421052631579,28.05263157894737,13.526315789473685,22.105263157894736,522.7894736842105,2.4210526315789473,11.0,0.0,0.0,10.0,37.0,2017-03-01,2,1,2017
fashio_female_clothing,2017-02-01,3,3,3,121.3,16.900000000000002,1033.3333333333333,21.666666666666668,16.666666666666668,19.0,370.6666666666667,1.0,2.0,0.0,0.0,1.6666666666666667,1.0,2017-03-01,2,1,2017
fashion_bags_accessories,2017-02-01,36,32,33,60.28638888888889,15.037222222222223,276.94444444444446,17.52777777777778,8.333333333333334,14.666666666666666,420.9166666666667,4.472222222222222,35.0,1.0,0.0,24.0,66.0,2017-03-01,2,1,2017
fashion_childrens_clothes,2017-02-01,0,0,0,,,,,,,,,0.0,0.0,0.0,0.0,0.0,2017-03-01,2,1,2017
fashion_male_clothing,2017-02-01,6,6,6,90.99166666666667,16.506666666666664,754.1666666666666,28.166666666666668,11.0,27.166666666666668,612.0,2.0,1.0,0.0,0.0,2.3333333333333335,9.0,2017-03-01,2,1,2017
fashion_shoes,2017-02-01,3,2,3,35.68333333333333,16.773333333333333,533.3333333333334,31.333333333333332,10.666666666666666,19.666666666666668,353.6666666666667,9.333333333333334,1.0,0.0,0.0,1.3333333333333333,14.0,2017-03-01,2,1,2017
fashion_sport,2017-02-01,0,0,0,,,,,,,,,0.0,0.0,0.0,0.0,1.0,2017-03-01,2,1,2017
fashion_underwear_beach,2017-02-01,8,6,7,49.62125,13.8575,412.5,24.0,11.625,13.0,1855.875,5.375,2.0,0.0,0.0,3.3333333333333335,6.0,2017-03-01,2,1,2017
fixed_telephony,2017-02-01,22,18,12,34.51045454545454,16.62090909090909,193.8181818181818,17.318181818181817,5.045454545454546,12.954545454545455,395.77272727272725,3.272727272727273,22.0,0.0,0.0,14.666666666666666,20.0,2017-03-01,2,1,2017
flowers,2017-02-01,0,0,0,,,,,,,,,0.0,0.0,0.0,0.0,0.0,2017-03-01,2,1,2017
food,2017-02-01,8,8,4,84.59125,24.814999999999998,2065.625,19.375,17.875,19.75,844.5,1.375,2.0,0.0,0.0,3.3333333333333335,21.0,2017-03-01,2,1,2017
food_drink,2017-02-01,0,0,0,,,,,,,,,0.0,0.0,0.0,0.0,4.0,2017-03-01,2,1,2017
furniture_bedroom,2017-02-01,1,1,1,450.0,51.88,13450.0,76.0,14.0,56.0,1527.0,4.0,8.0,0.0,0.0,3.0,0.0,2017-03-01,2,1,2017
furniture_decor,2017-02-01,257,213,182,77.53466926070038,19.78128404669261,2336.910505836576,41.96887159533074,15.478599221789883,26.883268482490273,655.7976653696498,2.4941634241245136,177.0,0.0,0.0,144.66666666666666,315.0,2017-03-01,2,1,2017
furniture_living_room,2017-02-01,21,12,10,162.36380952380952,45.86190476190476,12011.904761904761,36.714285714285715,20.857142857142858,84.42857142857143,556.2380952380952,2.2857142857142856,10.0,0.0,0.0,10.333333333333334,24.0,2017-03-01,2,1,2017
furniture_mattress_and_upholstery,2017-02-01,0,0,0,,,,,,,,,0.0,0.0,0.0,0.0,0.0,2017-03-01,2,1,2017
garden_tools,2017-02-01,69,60,42,170.06695652173914,21.105942028985506,4603.521739130435,33.710144927536234,19.44927536231884,28.565217391304348,890.8260869565217,2.5652173913043477,54.0,0.0,0.0,41.0,146.0,2017-03-01,2,1,2017
health_beauty,2017-02-01,154,143,85,143.2462337662338,20.24935064935065,1479.2142857142858,28.162337662337663,15.214285714285714,20.525974025974026,1061.8181818181818,2.2467532467532467,82.0,0.0,0.0,78.66666666666667,208.0,2017-03-01,2,1,2017
home_appliances,2017-02-01,7,7,5,105.84285714285714,16.357142857142858,1242.857142857143,30.571428571428573,14.857142857142858,21.428571428571427,329.14285714285717,2.5714285714285716,0.0,0.0,0.0,2.3333333333333335,10.0,2017-03-01,2,1,2017
home_appliances_2,2017-02-01,1,1,1,15.99,14.12,700.0,28.0,28.0,28.0,757.0,1.0,7.0,0.0,0.0,2.6666666666666665,2.0,2017-03-01,2,1,2017
home_comfort_2,2017-02-01,0,0,0,36.4,11.385000000000002,681.5,42.5,19.0,24.0,269.5,1.0,2.0,0.0,0.0,0.6666666666666666,3.0,2017-03-01,2,1,2017
home_confort,2017-02-01,3,3,3,138.22,18.87,4125.0,45.333333333333336,23.333333333333332,30.666666666666668,383.0,1.3333333333333333,0.0,0.0,0.0,1.0,13.0,2017-03-01,2,1,2017
home_construction,2017-02-01,4,3,2,173.9,17.2425,1075.0,16.0,20.0,38.0,379.75,4.0,0.0,0.0,0.0,1.3333333333333333,10.0,2017-03-01,2,1,2017
housewares,2017-02-01,69,61,44,163.70057971014492,19.07246376811594,1670.8260869565217,26.884057971014492,19.681159420289855,21.81159420289855,634.9565217391304,2.4927536231884058,28.0,0.0,0.0,32.333333333333336,196.0,2017-03-01,2,1,2017
industry_commerce_and_business,2017-02-01,1,1,1,119.0,15.94,4400.0,36.0,12.0,45.0,704.0,1.0,0.0,0.0,0.0,0.3333333333333333,2.0,2017-03-01,2,1,2017
kitchen_dining_laundry_garden_furniture,2017-02-01,2,2,2,69.95,19.215,1850.0,62.0,7.0,45.5,1072.0,3.0,1.0,0.0,0.0,1.0,3.0,2017-03-01,2,1,2017
la_cuisine,2017-02-01,0,0,0,,,,,,,,,0.0,0.0,0.0,0.0,0.0,2017-03-01,2,1,2017
luggage_accessories,2017-02-01,20,19,10,82.9595,21.372999999999998,5485.0,31.25,42.55,36.95,311.15,1.9,5.0,0.0,0.0,8.333333333333334,38.0,2017-03-01,2,1,2017
market_place,2017-02-01,20,17,13,78.711,18.4115,975.0,25.0,12.6,17.6,976.6,2.4,5.0,0.0,0.0,8.333333333333334,17.0,2017-03-01,2,1,2017
music,2017-02-01,0,0,0,9.9,8.72,200.0,16.0,2.0,11.0,1862.0,1.0,2.0,0.0,0.0,0.6666666666666666,1.0,2017-03-01,2,1,2017
musical_instruments,2017-02-01,9,8,8,246.8088888888889,27.107777777777777,2455.8888888888887,37.666666666666664,13.222222222222221,22.88888888888889,659.8888888888889,3.2222222222222223,1.0,0.0,0.0,3.3333333333333335,10.0,2017-03-01,2,1,2017
office_furniture,2017-02-01,62,52,36,174.93516129032258,32.443709677419356,11416.112903225807,52.12903225806452,51.08064516129032,33.016129032258064,1052.6290322580646,1.064516129032258,8.0,0.0,0.0,23.333333333333332,74.0,2017-03-01,2,1,2017
party_supplies,2017-02-01,0,0,0,,,,,,,,,0.0,0.0,0.0,0.0,0.0,2017-03-01,2,1,2017
pc_gamer,2017-02-01,0,0,0,,,,,,,,,0.0,0.0,0.0,0.0,0.0,2017-03-01,2,1,2017
perfumery,2017-02-01,49,47,26,164.08938775510202,16.0134693877551,610.1020408163265,20.510204081632654,15.306122448979592,17.571428571428573,585.6530612244898,1.8571428571428572,34.0,0.0,0.0,27.666666666666668,105.0,2017-03-01,2,1,2017
pet_shop,2017-02-01,39,36,27,91.91974358974359,18.723076923076924,1794.2564102564102,28.53846153846154,17.53846153846154,24.641025641025642,876.2820512820513,2.051282051282051,14.0,0.0,0.0,17.666666666666668,44.0,2017-03-01,2,1,2017
portateis_cozinha_e_preparadores_de_alimentos,2017-02-01,0,0,0,,,,,,,,,0.0,0.0,0.0,0.0,0.0,2017-03-01,2,1,2017
security_and_services,2017-02-01,0,0,0,183.29,25.77,1225.0,27.0,35.0,15.0,506.0,1.0,1.0,0.0,0.0,0.3333333333333333,0.0,2017-03-01,2,1,2017
signaling_and_security,2017-02-01,0,0,0,,,,,,,,,0.0,0.0,0.0,0.0,1.0,2017-03-01,2,1,2017
small_appliances,2017-02-01,28,25,21,258.985,27.52392857142857,7008.75,38.107142857142854,28.142857142857142,33.357142857142854,995.8571428571429,2.392857142857143,6.0,0.0,0.0,11.333333333333334,31.0,2017-03-01,2,1,2017
small_appliances_home_oven_and_coffee,2017-02-01,0,0,0,,,,,,,,,0.0,0.0,0.0,0.0,0.0,2017-03-01,2,1,2017
sports_leisure,2017-02-01,149,134,111,104.89919463087249,19.395369127516776,2415.530201342282,33.68456375838926,19.187919463087248,22.23489932885906,978.1409395973154,2.5167785234899327,74.0,0.0,0.0,74.33333333333333,190.0,2017-03-01,2,1,2017
stationery,2017-02-01,19,19,15,123.23157894736842,16.033157894736842,1130.4736842105262,23.05263157894737,32.421052631578945,29.42105263157895,513.1052631578947,1.368421052631579,14.0,0.0,0.0,11.0,56.0,2017-03-01,2,1,2017
tablets_printing_image,2017-02-01,8,8,3,99.0,18.565,291.5,24.0,8.375,23.5,525.125,1.75,0.0,0.0,0.0,2.6666666666666665,5.0,2017-03-01,2,1,2017
telephony,2017-02-01,106,95,55,63.14471698113208,15.814150943396227,238.37735849056602,19.443396226415093,6.367924528301887,14.61320754716981,828.8301886792453,2.311320754716981,22.0,0.0,0.0,42.666666666666664,165.0,2017-03-01,2,1,2017
toys,2017-02-01,66,61,37,141.71878787878788,17.881363636363638,1928.3030303030303,28.03030303030303,18.681818181818183,25.954545454545453,742.9545454545455,2.909090909090909,41.0,0.0,0.0,35.666666666666664,102.0,2017-03-01,2,1,2017
unknown_category,2017-02-01,56,50,36,152.1626785714286,18.271964285714287,2927.5,31.660714285714285,17.25,22.196428571428573,,,12.0,0.0,0.0,22.666666666666668,60.0,2017-03-01,2,1,2017
watches_gifts,2017-02-01,33,32,29,333.10272727272724,16.115454545454547,349.72727272727275,17.87878787878788,10.787878787878787,14.696969696969697,560.7575757575758,2.606060606060606,11.0,0.0,0.0,14.666666666666666,79.0,2017-03-01,2,1,2017
agro_industry_and_commerce,2017-03-01,2,2,2,40.995000000000005,14.35,162.5,18.0,3.0,16.5,439.0,1.5,7.0,3.0,0.0,4.0,0.0,2017-04-01,3,1,2017
air_conditioning,2017-03-01,17,16,7,241.40058823529415,16.86764705882353,3205.5882352941176,33.588235294117645,34.1764705882353,28.705882352941178,1298.235294117647,1.588235294117647,11.0,4.0,0.0,10.666666666666666,15.0,2017-04-01,3,1,2017
art,2017-03-01,4,4,3,43.65,20.1,2371.25,59.5,12.5,29.5,276.75,1.0,0.0,0.0,0.0,1.3333333333333333,1.0,2017-04-01,3,1,2017
arts_and_craftmanship,2017-03-01,0,0,0,,,,,,,,,0.0,0.0,0.0,0.0,0.0,2017-04-01,3,1,2017
audio,2017-03-01,14,13,7,81.05499999999999,16.61642857142857,428.5,18.928571428571427,7.071428571428571,15.285714285714286,1085.9285714285713,2.5,5.0,0.0,0.0,6.333333333333333,11.0,2017-04-01,3,1,2017
auto,2017-03-01,78,67,43,170.16576923076923,26.042564102564103,4680.551282051282,45.705128205128204,17.692307692307693,38.67948717948718,793.5384615384615,1.8974358974358974,83.0,31.0,0.0,64.0,84.0,2017-04-01,3,1,2017
baby,2017-03-01,42,41,36,85.5304761904762,17.073333333333334,1345.2619047619048,30.785714285714285,18.761904761904763,23.80952380952381,931.1904761904761,3.0238095238095237,32.0,40.0,0.0,38.0,50.0,2017-04-01,3,1,2017
bed_bath_table,2017-03-01,279,239,158,90.03591397849462,16.974874551971325,1653.1397849462367,38.55913978494624,12.627240143369175,32.727598566308245,442.4516129032258,1.3154121863799284,157.0,46.0,0.0,160.66666666666666,271.0,2017-04-01,3,1,2017
books_general_interest,2017-03-01,24,19,11,105.58166666666666,17.389166666666668,978.4166666666666,19.666666666666668,15.791666666666666,19.708333333333332,1034.375,2.0416666666666665,8.0,2.0,0.0,11.333333333333334,12.0,2017-04-01,3,1,2017
books_imported,2017-03-01,0,0,0,,,,,,,,,0.0,0.0,0.0,0.0,1.0,2017-04-01,3,1,2017
books_technical,2017-03-01,2,2,2,37.5,14.370000000000001,350.0,27.0,2.0,18.5,2628.5,1.0,1.0,0.0,0.0,1.0,1.0,2017-04-01,3,1,2017
cds_dvds_musicals,2017-03-01,0,0,0,,,,,,,,,0.0,0.0,0.0,0.0,0.0,2017-04-01,3,1,2017
christmas_supplies,2017-03-01,0,0,0,,,,,,,,,0.0,0.0,0.0,0.0,1.0,2017-04-01,3,1,2017
cine_photo,2017-03-01,0,0,0,59.0,36.24,5500.0,25.0,32.0,47.0,677.0,7.0,1.0,0.0,0.0,0.3333333333333333,2.0,2017-04-01,3,1,2017
computers,2017-03-01,0,0,0,3549.0,53.47,3200.0,30.0,7.0,40.0,1265.0,7.0,1.0,1.0,0.0,0.6666666666666666,0.0,2017-04-01,3,1,2017
computers_accessories,2017-03-01,171,147,91,164.20350877192982,18.75982456140351,934.46783625731,27.362573099415204,11.543859649122806,20.859649122807017,890.6374269005848,1.9707602339181287,100.0,31.0,0.0,100.66666666666667,132.0,2017-04-01,3,1,2017
consoles_games,2017-03-01,47,45,30,209.23489361702124,19.820212765957447,1175.872340425532,21.76595744680851,12.212765957446809,17.74468085106383,1138.9787234042553,2.595744680851064,18.0,21.0,0.0,28.666666666666668,17.0,2017-04-01,3,1,2017
construction_tools_construction,2017-03-01,1,1,1,38.9,14.52,225.0,16.0,3.0,13.0,352.0,1.0,3.0,0.0,0.0,1.3333333333333333,0.0,2017-04-01,3,1,2017
construction_tools_lights,2017-03-01,0,0,0,,,,,,,,,0.0,0.0,0.0,0.0,0.0,2017-04-01,3,1,2017
construction_tools_safety,2017-03-01,0,0,0,379.0,17.86,1008.0,33.0,14.0,26.0,498.0,1.0,1.0,0.0,0.0,0.3333333333333333,0.0,2017-04-01,3,1,2017
cool_stuff,2017-03-01,118,116,76,174.435,18.76093220338983,1786.2457627118645,34.389830508474574,21.728813559322035,20.983050847457626,1015.9661016949152,2.135593220338983,69.0,37.0,0.0,74.66666666666667,114.0,2017-04-01,3,1,2017
costruction_tools_garden,2017-03-01,0,0,0,289.99,22.35,2460.0,34.0,44.0,25.0,598.0,5.0,2.0,0.0,0.0,0.6666666666666666,8.0,2017-04-01,3,1,2017
costruction_tools_tools,2017-03-01,0,0,0,,,,,,,,,0.0,0.0,0.0,0.0,1.0,2017-04-01,3,1,2017
diapers_and_hygiene,2017-03-01,0,0,0,134.9,16.09,700.0,35.0,7.0,29.0,1151.0,8.0,0.0,0.0,0.0,0.0,0.0,2017-04-01,3,1,2017
drinks,2017-03-01,5,4,4,92.774,20.912,3990.6,36.4,19.8,22.8,819.2,1.0,0.0,0.0,0.0,1.6666666666666667,0.0,2017-04-01,3,1,2017
dvds_blu_ray,2017-03-01,4,3,4,113.425,17.875,350.0,23.75,2.5,16.75,1268.75,1.5,1.0,2.0,0.0,2.3333333333333335,2.0,2017-04-01,3,1,2017
electronics,2017-03-01,37,32,22,107.72972972972973,18.085405405405403,1278.3513513513512,26.54054054054054,14.0,22.72972972972973,888.7027027027027,2.027027027027027,19.0,11.0,0.0,22.333333333333332,48.0,2017-04-01,3,1,2017
fashio_female_clothing,2017-03-01,1,1,1,19.9,10.96,200.0,16.0,2.0,20.0,886.0,2.0,3.0,2.0,0.0,2.0,1.0,2017-04-01,3,1,2017
fashion_bags_accessories,2017-03-01,66,60,52,72.52060606060606,15.198939393939394,332.57575757575756,18.333333333333332,8.727272727272727,15.136363636363637,345.3939393939394,3.696969696969697,36.0,35.0,1.0,45.666666666666664,48.0,2017-04-01,3,1,2017
fashion_childrens_clothes,2017-03-01,0,0,0,,,,,,,,,0.0,0.0,0.0,0.0,0.0,2017-04-01,3,1,2017
fashion_male_clothing,2017-03-01,9,7,9,64.53333333333333,15.617777777777778,441.6666666666667,23.333333333333332,9.333333333333334,21.555555555555557,637.0,2.2222222222222223,6.0,1.0,0.0,5.333333333333333,5.0,2017-04-01,3,1,2017
fashion_shoes,2017-03-01,14,13,11,108.21428571428571,16.512857142857143,1085.7142857142858,31.214285714285715,19.857142857142858,20.714285714285715,322.7142857142857,5.785714285714286,3.0,1.0,0.0,6.0,23.0,2017-04-01,3,1,2017
fashion_sport,2017-03-01,1,1,1,39.9,14.11,400.0,16.0,10.0,11.0,404.0,2.0,0.0,0.0,0.0,0.3333333333333333,4.0,2017-04-01,3,1,2017
fashion_underwear_beach,2017-03-01,6,6,6,65.69,11.08,366.6666666666667,19.333333333333332,8.666666666666666,15.0,1797.1666666666667,5.5,8.0,2.0,0.0,5.333333333333333,3.0,2017-04-01,3,1,2017
fixed_telephony,2017-03-01,20,14,12,66.6725,15.540000000000001,427.95,18.95,10.5,14.65,723.25,3.05,22.0,22.0,0.0,21.333333333333332,6.0,2017-04-01,3,1,2017
flowers,2017-03-01,0,0,0,,,,,,,,,0.0,0.0,0.0,0.0,0.0,2017-04-01,3,1,2017
food,2017-03-01,21,19,7,114.88857142857142,19.873809523809523,2689.285714285714,22.333333333333332,15.0,22.476190476190474,1409.4761904761904,3.2857142857142856,8.0,2.0,0.0,10.333333333333334,8.0,2017-04-01,3,1,2017
food_drink,2017-03-01,4,4,4,21.45,11.7825,562.5,21.0,9.25,15.75,642.75,2.0,0.0,0.0,0.0,1.3333333333333333,3.0,2017-04-01,3,1,2017
furniture_bedroom,2017-03-01,0,0,0,450.0,51.88,13450.0,76.0,14.0,56.0,1527.0,4.0,1.0,8.0,0.0,3.0,3.0,2017-04-01,3,1,2017
furniture_decor,2017-03-01,315,253,214,70.26498412698413,17.958444444444442,2493.9777777777776,43.19047619047619,13.238095238095237,28.346031746031745,670.6190476190476,2.507936507936508,257.0,177.0,0.0,249.66666666666666,191.0,2017-04-01,3,1,2017
furniture_living_room,2017-03-01,24,17,14,138.5,29.65291666666667,9026.041666666666,38.708333333333336,17.583333333333332,70.875,467.75,2.4166666666666665,21.0,10.0,0.0,18.333333333333332,12.0,2017-04-01,3,1,2017
furniture_mattress_and_upholstery,2017-03-01,0,0,0,,,,,,,,,0.0,0.0,0.0,0.0,1.0,2017-04-01,3,1,2017
garden_tools,2017-03-01,146,117,50,161.01890410958902,21.90568493150685,3376.5,31.267123287671232,15.684931506849315,28.184931506849313,1029.7123287671234,2.1986301369863015,69.0,54.0,0.0,89.66666666666667,108.0,2017-04-01,3,1,2017
health_beauty,2017-03-01,208,190,114,123.32908653846154,18.32471153846154,1232.5961538461538,24.115384615384617,13.336538461538462,18.822115384615383,1200.8653846153845,2.019230769230769,154.0,82.0,0.0,148.0,180.0,2017-04-01,3,1,2017
home_appliances,2017-03-01,10,9,5,31.330000000000002,15.294999999999998,725.0,23.1,14.9,20.5,782.8,1.5,7.0,0.0,0.0,5.666666666666667,10.0,2017-04-01,3,1,2017
home_appliances_2,2017-03-01,2,2,2,250.45,33.765,4945.0,26.0,42.0,33.0,426.0,3.5,1.0,7.0,0.0,3.3333333333333335,2.0,2017-04-01,3,1,2017
home_comfort_2,2017-03-01,3,3,3,114.29333333333334,16.003333333333334,2083.3333333333335,47.0,12.0,30.333333333333332,452.6666666666667,1.3333333333333333,0.0,2.0,0.0,1.6666666666666667,1.0,2017-04-01,3,1,2017
home_confort,2017-03-01,13,12,9,163.33846153846156,19.799230769230768,2850.0,40.46153846153846,14.153846153846153,33.76923076923077,249.53846153846155,2.0,3.0,0.0,0.0,5.333333333333333,17.0,2017-04-01,3,1,2017
home_construction,2017-03-01,10,5,4,59.196000000000005,12.672999999999998,1296.7,19.4,15.1,16.0,1311.5,1.1,4.0,0.0,0.0,4.666666666666667,5.0,2017-04-01,3,1,2017
housewares,2017-03-01,196,170,99,65.85183673469388,18.06357142857143,1819.8469387755101,29.20408163265306,20.367346938775512,23.428571428571427,707.8775510204082,2.3877551020408165,69.0,28.0,0.0,97.66666666666667,169.0,2017-04-01,3,1,2017
industry_commerce_and_business,2017-03-01,2,2,1,119.0,22.015,4400.0,36.0,12.0,45.0,704.0,1.0,1.0,0.0,0.0,1.0,0.0,2017-04-01,3,1,2017
kitchen_dining_laundry_garden_furniture,2017-03-01,3,3,3,37.99333333333333,18.35666666666667,1366.6666666666667,31.666666666666668,23.0,24.0,513.6666666666666,1.3333333333333333,2.0,1.0,0.0,2.0,9.0,2017-04-01,3,1,2017
la_cuisine,2017-03-01,0,0,0,,,,,,,,,0.0,0.0,0.0,0.0,1.0,2017-04-01,3,1,2017
luggage_accessories,2017-03-01,38,35,12,155.895,38.27315789473685,14742.315789473685,30.473684210526315,54.8421052631579,42.973684210526315,558.2894736842105,1.9210526315789473,20.0,5.0,0.0,21.0,48.0,2017-04-01,3,1,2017
market_place,2017-03-01,17,17,15,106.38764705882352,15.72764705882353,1184.7058823529412,25.764705882352942,11.647058823529411,19.294117647058822,800.0588235294117,3.6470588235294117,20.0,5.0,0.0,14.0,19.0,2017-04-01,3,1,2017
music,2017-03-01,1,1,1,27.99,14.52,100.0,19.0,3.0,11.0,366.0,2.0,0.0,2.0,0.0,1.0,2.0,2017-04-01,3,1,2017
musical_instruments,2017-03-01,10,9,9,166.733,22.018,1467.5,30.1,25.8,25.0,587.9,3.2,9.0,1.0,0.0,6.666666666666667,16.0,2017-04-01,3,1,2017
office_furniture,2017-03-01,74,58,36,145.86283783783784,31.87608108108108,10043.851351351352,51.17567567567568,54.13513513513514,27.527027027027028,1000.5135135135135,1.1216216216216217,62.0,8.0,0.0,48.0,58.0,2017-04-01,3,1,2017
party_supplies,2017-03-01,0,0,0,,,,,,,,,0.0,0.0,0.0,0.0,0.0,2017-04-01,3,1,2017
pc_gamer,2017-03-01,0,0,0,,,,,,,,,0.0,0.0,0.0,0.0,2.0,2017-04-01,3,1,2017
perfumery,2017-03-01,105,103,50,186.74419047619048,16.907238095238096,569.9047619047619,20.79047619047619,14.704761904761904,17.276190476190475,586.6190476190476,1.9714285714285715,49.0,34.0,0.0,62.666666666666664,101.0,2017-04-01,3,1,2017
pet_shop,2017-03-01,44,40,36,187.2740909090909,17.46,2773.4772727272725,30.954545454545453,15.659090909090908,27.045454545454547,796.8636363636364,2.5681818181818183,39.0,14.0,0.0,32.333333333333336,51.0,2017-04-01,3,1,2017
portateis_cozinha_e_preparadores_de_alimentos,2017-03-01,0,0,0,,,,,,,,,0.0,0.0,0.0,0.0,0.0,2017-04-01,3,1,2017
security_and_services,2017-03-01,0,0,0,183.29,25.77,1225.0,27.0,35.0,15.0,506.0,1.0,0.0,1.0,0.0,0.3333333333333333,0.0,2017-04-01,3,1,2017
signaling_and_security,2017-03-01,1,1,1,75.0,16.23,400.0,25.0,20.0,15.0,515.0,1.0,0.0,0.0,0.0,0.3333333333333333,3.0,2017-04-01,3,1,2017
small_appliances,2017-03-01,31,31,20,360.35677419354835,27.660967741935483,5530.354838709677,31.548387096774192,30.258064516129032,26.483870967741936,1370.225806451613,2.3870967741935485,28.0,6.0,0.0,21.666666666666668,20.0,2017-04-01,3,1,2017
small_appliances_home_oven_and_coffee,2017-03-01,0,0,0,,,,,,,,,0.0,0.0,0.0,0.0,0.0,2017-04-01,3,1,2017
sports_leisure,2017-03-01,190,164,131,134.06784210526317,20.37042105263158,2579.952631578947,34.21052631578947,18.75263157894737,23.46842105263158,1031.4947368421053,2.3421052631578947,149.0,74.0,0.0,137.66666666666666,203.0,2017-04-01,3,1,2017
stationery,2017-03-01,56,56,44,105.40392857142857,19.50482142857143,3394.6428571428573,29.517857142857142,25.946428571428573,30.0,414.67857142857144,2.6607142857142856,19.0,14.0,0.0,29.666666666666668,35.0,2017-04-01,3,1,2017
tablets_printing_image,2017-03-01,5,5,3,99.0,18.582,289.8,23.6,9.8,23.0,519.0,1.4,8.0,0.0,0.0,4.333333333333333,11.0,2017-04-01,3,1,2017
telephony,2017-03-01,165,153,89,47.74012121212121,15.085030303030305,176.83030303030304,18.56969696969697,5.0,12.927272727272728,478.3878787878788,2.327272727272727,106.0,22.0,0.0,97.66666666666667,142.0,2017-04-01,3,1,2017
toys,2017-03-01,102,99,57,120.97617647058823,18.71294117647059,1614.1960784313726,29.215686274509803,18.19607843137255,24.980392156862745,717.5294117647059,2.9705882352941178,66.0,41.0,0.0,69.66666666666667,113.0,2017-04-01,3,1,2017
unknown_category,2017-03-01,60,54,38,107.6195,16.7025,1595.0,32.26315789473684,15.649122807017545,24.36842105263158,,,56.0,12.0,0.0,42.666666666666664,69.0,2017-04-01,3,1,2017
watches_gifts,2017-03-01,79,74,60,315.093417721519,15.948860759493671,856.367088607595,17.79746835443038,7.556962025316456,14.683544303797468,517.7974683544304,2.810126582278481,33.0,11.0,0.0,41.0,95.0,2017-04-01,3,1,2017
agro_industry_and_commerce,2017-04-01,0,0,0,40.995000000000005,14.35,162.5,18.0,3.0,16.5,439.0,1.5,2.0,7.0,3.0,3.0,4.0,2017-05-01,4,2,2017
air_conditioning,2017-04-01,15,13,6,166.14866666666666,17.07266666666667,1958.2666666666667,34.8,30.333333333333332,27.333333333333332,1309.0666666666666,1.4666666666666666,17.0,11.0,4.0,14.333333333333334,7.0,2017-05-01,4,2,2017
art,2017-04-01,1,1,1,119.9,27.27,5900.0,40.0,10.0,30.0,856.0,1.0,4.0,0.0,0.0,1.6666666666666667,6.0,2017-05-01,4,2,2017
arts_and_craftmanship,2017-04-01,0,0,0,,,,,,,,,0.0,0.0,0.0,0.0,1.0,2017-05-01,4,2,2017
audio,2017-04-01,11,9,5,85.65454545454546,14.704545454545455,438.90909090909093,18.09090909090909,11.545454545454545,15.181818181818182,2028.1818181818182,2.0,14.0,5.0,0.0,10.0,17.0,2017-05-01,4,2,2017
auto,2017-04-01,84,77,53,180.3490476190476,25.780833333333334,4569.761904761905,37.73809523809524,18.05952380952381,31.88095238095238,728.1071428571429,2.3452380952380953,78.0,83.0,31.0,81.66666666666667,113.0,2017-05-01,4,2,2017
baby,2017-04-01,50,47,26,78.611,17.2024,1489.54,32.02,13.46,27.04,831.94,3.6,42.0,32.0,40.0,41.333333333333336,102.0,2017-05-01,4,2,2017
bed_bath_table,2017-04-01,271,231,150,88.90365313653136,17.00180811808118,1926.3726937269373,42.07749077490775,11.154981549815497,33.91512915129151,421.3173431734317,1.3874538745387455,279.0,157.0,46.0,235.66666666666666,361.0,2017-05-01,4,2,2017
books_general_interest,2017-04-01,12,12,9,76.94833333333334,18.284166666666668,1564.1666666666667,21.583333333333332,13.25,19.416666666666668,847.75,1.75,24.0,8.0,2.0,14.666666666666666,20.0,2017-05-01,4,2,2017
books_imported,2017-04-01,1,1,1,19.99,13.44,900.0,45.0,5.0,25.0,147.0,1.0,0.0,0.0,0.0,0.3333333333333333,0.0,2017-05-01,4,2,2017
books_technical,2017-04-01,1,1,1,75.0,11.92,800.0,18.0,22.0,11.0,2638.0,1.0,2.0,1.0,0.0,1.3333333333333333,3.0,2017-05-01,4,2,2017
cds_dvds_musicals,2017-04-01,0,0,0,,,,,,,,,0.0,0.0,0.0,0.0,0.0,2017-05-01,4,2,2017
christmas_supplies,2017-04-01,1,1,1,69.0,24.97,283.0,16.0,12.0,14.0,821.0,2.0,0.0,0.0,0.0,0.3333333333333333,0.0,2017-05-01,4,2,2017
cine_photo,2017-04-01,2,2,1,59.0,24.155,5500.0,25.0,32.0,47.0,677.0,7.0,0.0,1.0,0.0,1.0,1.0,2017-05-01,4,2,2017
computers,2017-04-01,0,0,0,3549.0,53.47,3200.0,30.0,7.0,40.0,1265.0,7.0,0.0,1.0,1.0,0.3333333333333333,0.0,2017-05-01,4,2,2017
computers_accessories,2017-04-01,132,116,79,139.04136363636363,18.268257575757573,797.6742424242424,25.977272727272727,11.272727272727273,18.416666666666668,890.6060606060606,1.893939393939394,171.0,100.0,31.0,134.33333333333334,309.0,2017-05-01,4,2,2017
consoles_games,2017-04-01,17,15,13,221.93411764705883,17.642352941176473,775.1176470588235,23.88235294117647,13.058823529411764,19.176470588235293,577.0588235294117,2.8823529411764706,47.0,18.0,21.0,27.333333333333332,29.0,2017-05-01,4,2,2017
construction_tools_construction,2017-04-01,0,0,0,38.9,14.52,225.0,16.0,3.0,13.0,352.0,1.0,1.0,3.0,0.0,1.3333333333333333,1.0,2017-05-01,4,2,2017
construction_tools_lights,2017-04-01,0,0,0,,,,,,,,,0.0,0.0,0.0,0.0,0.0,2017-05-01,4,2,2017
construction_tools_safety,2017-04-01,0,0,0,379.0,17.86,1008.0,33.0,14.0,26.0,498.0,1.0,0.0,1.0,0.0,0.3333333333333333,0.0,2017-05-01,4,2,2017
cool_stuff,2017-04-01,114,112,64,183.35429824561402,21.545526315789473,2028.4473684210527,40.44736842105263,21.850877192982455,23.54385964912281,961.6842105263158,1.9824561403508771,118.0,69.0,37.0,100.33333333333333,241.0,2017-05-01,4,2,2017
costruction_tools_garden,2017-04-01,8,7,3,186.27625,23.795,1130.5,28.75,12.5,28.875,1434.0,3.75,0.0,2.0,0.0,3.3333333333333335,7.0,2017-05-01,4,2,2017
costruction_tools_tools,2017-04-01,1,1,1,729.0,19.27,3200.0,30.0,20.0,19.0,514.0,1.0,0.0,0.0,0.0,0.3333333333333333,2.0,2017-05-01,4,2,2017
diapers_and_hygiene,2017-04-01,0,0,0,134.9,16.09,700.0,35.0,7.0,29.0,1151.0,8.0,0.0,0.0,0.0,0.0,0.0,2017-05-01,4,2,2017
drinks,2017-04-01,0,0,0,92.774,20.912,3990.6,36.4,19.8,22.8,819.2,1.0,5.0,0.0,0.0,1.6666666666666667,1.0,2017-05-01,4,2,2017
dvds_blu_ray,2017-04-01,2,2,2,717.45,15.719999999999999,1400.0,30.5,6.5,23.0,2386.5,1.0,4.0,1.0,2.0,2.3333333333333335,4.0,2017-05-01,4,2,2017
electronics,2017-04-01,48,47,29,100.46333333333332,16.442708333333332,1098.4375,26.958333333333332,12.083333333333334,20.5625,768.6041666666666,2.1041666666666665,37.0,19.0,11.0,34.666666666666664,65.0,2017-05-01,4,2,2017
fashio_female_clothing,2017-04-01,1,1,1,64.9,22.84,400.0,29.0,7.0,16.0,590.0,6.0,1.0,3.0,2.0,1.6666666666666667,4.0,2017-05-01,4,2,2017
fashion_bags_accessories,2017-04-01,48,44,43,64.49791666666667,15.330833333333333,377.0833333333333,19.291666666666668,9.416666666666666,15.3125,372.875,3.6458333333333335,66.0,36.0,35.0,50.0,104.0,2017-05-01,4,2,2017
fashion_childrens_clothes,2017-04-01,0,0,0,,,,,,,,,0.0,0.0,0.0,0.0,1.0,2017-05-01,4,2,2017
fashion_male_clothing,2017-04-01,5,5,5,73.378,14.1,410.0,23.2,12.2,20.8,644.4,2.4,9.0,6.0,1.0,6.666666666666667,4.0,2017-05-01,4,2,2017
fashion_shoes,2017-04-01,23,20,22,66.3695652173913,18.25521739130435,843.4782608695652,27.17391304347826,12.869565217391305,22.652173913043477,350.30434782608694,6.826086956521739,14.0,3.0,1.0,13.333333333333334,22.0,2017-05-01,4,2,2017
fashion_sport,2017-04-01,4,4,3,47.44499999999999,13.672500000000001,225.0,25.0,8.25,14.75,860.5,4.0,1.0,0.0,0.0,1.6666666666666667,3.0,2017-05-01,4,2,2017
fashion_underwear_beach,2017-04-01,3,3,3,30.963333333333335,13.36,300.0,18.0,5.666666666666667,12.333333333333334,1080.0,3.0,6.0,8.0,2.0,5.666666666666667,7.0,2017-05-01,4,2,2017
fixed_telephony,2017-04-01,6,6,6,84.305,16.006666666666664,197.16666666666666,17.833333333333332,5.666666666666667,12.333333333333334,551.3333333333334,3.0,20.0,22.0,22.0,16.0,9.0,2017-05-01,4,2,2017
flowers,2017-04-01,0,0,0,,,,,,,,,0.0,0.0,0.0,0.0,0.0,2017-05-01,4,2,2017
food,2017-04-01,8,8,5,61.4125,14.98125,850.5,21.125,14.0,21.875,1040.125,2.75,21.0,8.0,2.0,12.333333333333334,3.0,2017-05-01,4,2,2017
food_drink,2017-04-01,3,2,2,15.966666666666667,10.96,850.0,28.0,13.666666666666666,15.333333333333334,1757.6666666666667,4.333333333333333,4.0,0.0,0.0,2.3333333333333335,12.0,2017-05-01,4,2,2017
furniture_bedroom,2017-04-01,3,3,3,209.66,67.46,15816.666666666666,59.666666666666664,22.666666666666668,40.0,746.6666666666666,1.3333333333333333,0.0,1.0,8.0,1.3333333333333333,9.0,2017-05-01,4,2,2017
furniture_decor,2017-04-01,191,162,143,100.58235602094241,21.22712041884817,2883.240837696335,45.1151832460733,16.471204188481675,27.591623036649214,730.0523560209424,2.6596858638743455,315.0,257.0,177.0,254.33333333333334,271.0,2017-05-01,4,2,2017
furniture_living_room,2017-04-01,12,11,10,172.77833333333334,37.73083333333333,9416.666666666666,40.5,22.083333333333332,66.33333333333333,584.5,2.5,24.0,21.0,10.0,19.0,32.0,2017-05-01,4,2,2017
furniture_mattress_and_upholstery,2017-04-01,1,1,1,109.4,21.4,28300.0,40.0,46.0,35.0,809.0,1.0,0.0,0.0,0.0,0.3333333333333333,3.0,2017-05-01,4,2,2017
garden_tools,2017-04-01,108,93,56,163.4160185185185,22.03203703703704,3927.3425925925926,31.314814814814813,16.72222222222222,27.324074074074073,844.3425925925926,2.0925925925925926,146.0,69.0,54.0,107.66666666666667,138.0,2017-05-01,4,2,2017
health_beauty,2017-04-01,180,168,95,123.09077777777777,18.321444444444445,1233.3944444444444,23.86111111111111,14.366666666666667,18.377777777777776,1140.1944444444443,2.0055555555555555,208.0,154.0,82.0,180.66666666666666,284.0,2017-05-01,4,2,2017
home_appliances,2017-04-01,10,9,5,49.94,13.617,745.0,23.6,11.4,16.0,881.4,2.0,10.0,7.0,0.0,9.0,28.0,2017-05-01,4,2,2017
home_appliances_2,2017-04-01,2,2,1,399.9,73.58500000000001,11867.0,26.0,29.0,34.0,430.0,1.0,2.0,1.0,7.0,1.6666666666666667,7.0,2017-05-01,4,2,2017
home_comfort_2,2017-04-01,1,1,1,12.9,10.96,700.0,65.0,18.0,28.0,348.0,1.0,3.0,0.0,2.0,1.3333333333333333,0.0,2017-05-01,4,2,2017
home_confort,2017-04-01,17,16,12,141.82941176470587,17.75588235294118,2558.823529411765,39.64705882352941,15.764705882352942,33.05882352941177,268.6470588235294,1.7647058823529411,13.0,3.0,0.0,11.0,35.0,2017-05-01,4,2,2017
home_construction,2017-04-01,5,5,4,320.538,18.85,948.0,24.4,17.6,21.6,1475.4,2.0,10.0,4.0,0.0,6.333333333333333,7.0,2017-05-01,4,2,2017
housewares,2017-04-01,169,134,94,73.79988165680473,18.210532544378697,2030.3668639053255,30.242603550295858,20.201183431952664,23.50887573964497,714.4319526627219,2.337278106508876,196.0,69.0,28.0,144.66666666666666,302.0,2017-05-01,4,2,2017
industry_commerce_and_business,2017-04-01,0,0,0,119.0,22.015,4400.0,36.0,12.0,45.0,704.0,1.0,2.0,1.0,0.0,1.0,2.0,2017-05-01,4,2,2017
kitchen_dining_laundry_garden_furniture,2017-04-01,9,8,5,114.82222222222224,27.633333333333333,2072.222222222222,30.333333333333332,24.555555555555557,31.0,1127.5555555555557,3.4444444444444446,3.0,2.0,1.0,4.666666666666667,9.0,2017-05-01,4,2,2017
la_cuisine,2017-04-01,1,1,1,24.0,10.81,450.0,31.0,10.0,18.0,194.0,1.0,0.0,0.0,0.0,0.3333333333333333,1.0,2017-05-01,4,2,2017
luggage_accessories,2017-04-01,48,46,18,147.71458333333334,30.802291666666665,12168.395833333334,36.479166666666664,48.729166666666664,41.041666666666664,555.8958333333334,2.7083333333333335,38.0,20.0,5.0,35.333333333333336,70.0,2017-05-01,4,2,2017
market_place,2017-04-01,19,19,12,212.90947368421052,22.82842105263158,2245.0,25.63157894736842,11.263157894736842,24.63157894736842,804.3157894736842,2.8421052631578947,17.0,20.0,5.0,18.666666666666668,22.0,2017-05-01,4,2,2017
music,2017-04-01,2,2,2,29.9,14.52,200.0,20.0,6.0,15.0,598.0,2.5,1.0,0.0,2.0,1.0,0.0,2017-05-01,4,2,2017
musical_instruments,2017-04-01,16,16,10,238.651875,18.490000000000002,2023.625,31.5,23.125,19.875,789.9375,2.0,10.0,9.0,1.0,11.666666666666666,20.0,2017-05-01,4,2,2017
office_furniture,2017-04-01,58,48,34,162.26379310344825,30.21948275862069,9716.827586206897,55.706896551724135,48.48275862068966,28.0,916.8965517241379,1.0517241379310345,74.0,62.0,8.0,64.66666666666667,56.0,2017-05-01,4,2,2017
party_supplies,2017-04-01,0,0,0,,,,,,,,,0.0,0.0,0.0,0.0,0.0,2017-05-01,4,2,2017
pc_gamer,2017-04-01,2,2,1,129.99,14.875,2839.0,19.0,16.0,18.0,621.0,4.0,0.0,0.0,0.0,0.6666666666666666,1.0,2017-05-01,4,2,2017
perfumery,2017-04-01,101,97,50,192.44069306930692,16.717326732673268,492.1188118811881,20.18811881188119,14.524752475247524,16.97029702970297,670.9306930693069,1.7623762376237624,105.0,49.0,34.0,85.0,143.0,2017-05-01,4,2,2017
pet_shop,2017-04-01,51,46,42,121.23313725490196,18.508823529411767,4633.156862745098,34.411764705882355,15.784313725490197,28.15686274509804,993.1960784313726,2.843137254901961,44.0,39.0,14.0,44.666666666666664,73.0,2017-05-01,4,2,2017
portateis_cozinha_e_preparadores_de_alimentos,2017-04-01,0,0,0,,,,,,,,,0.0,0.0,0.0,0.0,0.0,2017-05-01,4,2,2017
security_and_services,2017-04-01,0,0,0,183.29,25.77,1225.0,27.0,35.0,15.0,506.0,1.0,0.0,0.0,1.0,0.0,0.0,2017-05-01,4,2,2017
signaling_and_security,2017-04-01,3,3,3,42.68666666666667,18.53,333.3333333333333,26.666666666666668,9.333333333333334,17.0,455.3333333333333,1.0,1.0,0.0,0.0,1.3333333333333333,4.0,2017-05-01,4,2,2017
small_appliances,2017-04-01,20,20,18,1155.749,40.165499999999994,7517.5,30.4,28.9,30.4,1558.0,2.25,31.0,28.0,6.0,26.333333333333332,18.0,2017-05-01,4,2,2017
small_appliances_home_oven_and_coffee,2017-04-01,0,0,0,,,,,,,,,0.0,0.0,0.0,0.0,0.0,2017-05-01,4,2,2017
sports_leisure,2017-04-01,203,184,148,113.28600985221675,19.609014778325125,2021.0738916256157,32.98522167487685,17.266009852216747,21.497536945812808,1019.6108374384237,2.2413793103448274,190.0,149.0,74.0,180.66666666666666,305.0,2017-05-01,4,2,2017
stationery,2017-04-01,35,35,33,130.04114285714286,16.244285714285713,3347.1428571428573,32.371428571428574,29.542857142857144,26.142857142857142,360.4,2.342857142857143,56.0,19.0,14.0,36.666666666666664,64.0,2017-05-01,4,2,2017
tablets_printing_image,2017-04-01,11,9,4,101.1709090909091,18.12272727272727,331.8181818181818,30.181818181818183,9.363636363636363,27.181818181818183,518.1818181818181,2.8181818181818183,5.0,8.0,0.0,8.0,7.0,2017-05-01,4,2,2017
telephony,2017-04-01,142,138,72,50.23901408450704,15.744014084507043,214.98591549295776,18.62676056338028,5.408450704225352,13.80281690140845,482.92957746478874,2.0140845070422535,165.0,106.0,22.0,137.66666666666666,214.0,2017-05-01,4,2,2017
toys,2017-04-01,113,103,74,115.39318584070797,17.20486725663717,1103.1769911504425,26.02654867256637,16.442477876106196,21.327433628318584,683.1150442477876,3.017699115044248,102.0,66.0,41.0,93.66666666666667,196.0,2017-05-01,4,2,2017
unknown_category,2017-04-01,69,61,41,122.43753623188407,21.137971014492752,2123.3870967741937,31.274193548387096,18.725806451612904,20.241935483870968,,,60.0,56.0,12.0,61.666666666666664,91.0,2017-05-01,4,2,2017
watches_gifts,2017-04-01,95,88,73,245.64305263157894,17.077789473684213,640.0315789473684,19.231578947368423,7.126315789473685,15.610526315789473,486.11578947368423,2.4842105263157896,79.0,33.0,11.0,69.0,129.0,2017-05-01,4,2,2017
agro_industry_and_commerce,2017-05-01,4,4,3,394.985,45.95,5750.0,43.0,22.75,20.5,458.25,2.75,0.0,2.0,7.0,2.0,1.0,2017-06-01,5,2,2017
air_conditioning,2017-05-01,7,6,6,130.69571428571427,21.939999999999998,1750.0,29.571428571428573,14.285714285714286,20.857142857142858,1146.857142857143,1.7142857142857142,15.0,17.0,11.0,13.0,11.0,2017-06-01,5,2,2017
art,2017-05-01,6,6,5,1154.5416666666667,62.583333333333336,4766.666666666667,41.0,12.833333333333334,26.166666666666668,1152.5,2.0,1.0,4.0,0.0,3.6666666666666665,4.0,2017-06-01,5,2,2017
arts_and_craftmanship,2017-05-01,1,1,1,21.99,7.67,250.0,16.0,7.0,11.0,155.0,1.0,0.0,0.0,0.0,0.3333333333333333,0.0,2017-06-01,5,2,2017
audio,2017-05-01,17,17,9,122.42235294117646,14.824117647058824,1337.235294117647,21.0,13.411764705882353,17.294117647058822,1304.1764705882354,2.1176470588235294,11.0,14.0,5.0,14.0,11.0,2017-06-01,5,2,2017
auto,2017-05-01,113,99,66,154.8783185840708,24.124336283185837,3518.2566371681414,39.02654867256637,14.530973451327434,34.70796460176991,939.8938053097345,2.1327433628318584,84.0,78.0,83.0,91.66666666666667,110.0,2017-06-01,5,2,2017
baby,2017-05-01,102,96,59,87.58549019607844,17.41,2360.078431372549,33.31372549019608,15.294117647058824,30.754901960784313,811.1764705882352,3.235294117647059,50.0,42.0,32.0,64.66666666666667,78.0,2017-06-01,5,2,2017
bed_bath_table,2017-05-01,361,323,198,90.53905817174515,17.274072022160663,2217.3130193905818,41.83102493074792,12.90027700831025,33.72576177285318,370.7285318559557,1.371191135734072,271.0,279.0,157.0,303.6666666666667,369.0,2017-06-01,5,2,2017
books_general_interest,2017-05-01,20,19,12,92.07849999999999,17.880000000000003,1099.65,21.1,11.2,17.35,961.55,1.45,12.0,24.0,8.0,18.666666666666668,20.0,2017-06-01,5,2,2017
books_imported,2017-05-01,0,0,0,19.99,13.44,900.0,45.0,5.0,25.0,147.0,1.0,1.0,0.0,0.0,0.3333333333333333,2.0,2017-06-01,5,2,2017
books_technical,2017-05-01,3,3,3,87.33333333333333,18.153333333333332,536.6666666666666,29.0,4.666666666666667,20.0,1637.0,1.0,1.0,2.0,1.0,2.0,2.0,2017-06-01,5,2,2017
cds_dvds_musicals,2017-05-01,0,0,0,,,,,,,,,0.0,0.0,0.0,0.0,0.0,2017-06-01,5,2,2017
christmas_supplies,2017-05-01,0,0,0,69.0,24.97,283.0,16.0,12.0,14.0,821.0,2.0,1.0,0.0,0.0,0.3333333333333333,3.0,2017-06-01,5,2,2017
cine_photo,2017-05-01,1,1,1,59.0,32.71,5500.0,25.0,32.0,47.0,677.0,7.0,2.0,0.0,1.0,1.0,1.0,2017-06-01,5,2,2017
computers,2017-05-01,0,0,0,3549.0,53.47,3200.0,30.0,7.0,40.0,1265.0,7.0,0.0,0.0,1.0,0.0,0.0,2017-06-01,5,2,2017
computers_accessories,2017-05-01,309,253,144,144.85239482200646,17.940873786407767,778.6796116504854,26.37864077669903,11.103559870550162,18.06472491909385,711.0,1.8155339805825244,132.0,171.0,100.0,204.0,254.0,2017-06-01,5,2,2017
consoles_games,2017-05-01,29,26,18,86.4551724137931,15.173793103448274,457.58620689655174,24.344827586206897,13.172413793103448,19.862068965517242,548.5862068965517,2.1379310344827585,17.0,47.0,18.0,31.0,29.0,2017-06-01,5,2,2017
construction_tools_construction,2017-05-01,1,1,1,99.99,49.41,10900.0,39.0,12.0,42.0,449.0,3.0,0.0,1.0,3.0,0.6666666666666666,8.0,2017-06-01,5,2,2017
construction_tools_lights,2017-05-01,0,0,0,,,,,,,,,0.0,0.0,0.0,0.0,0.0,2017-06-01,5,2,2017
construction_tools_safety,2017-05-01,0,0,0,379.0,17.86,1008.0,33.0,14.0,26.0,498.0,1.0,0.0,0.0,1.0,0.0,0.0,2017-06-01,5,2,2017
cool_stuff,2017-05-01,241,230,101,134.77842323651453,19.5950622406639,2211.1659751037346,40.904564315352694,22.987551867219917,23.57676348547718,863.1659751037345,1.966804979253112,114.0,118.0,69.0,157.66666666666666,199.0,2017-06-01,5,2,2017
costruction_tools_garden,2017-05-01,7,5,4,206.76285714285714,26.57,1249.142857142857,30.0,12.285714285714286,27.142857142857142,1011.2857142857143,2.7142857142857144,8.0,0.0,2.0,5.0,4.0,2017-06-01,5,2,2017
costruction_tools_tools,2017-05-01,2,2,2,401.95,15.2,1850.0,26.5,20.5,16.5,382.5,1.0,1.0,0.0,0.0,1.0,0.0,2017-06-01,5,2,2017
diapers_and_hygiene,2017-05-01,0,0,0,134.9,16.09,700.0,35.0,7.0,29.0,1151.0,8.0,0.0,0.0,0.0,0.0,0.0,2017-06-01,5,2,2017
drinks,2017-05-01,1,1,1,90.0,22.95,450.0,28.0,20.0,20.0,1039.0,1.0,0.0,5.0,0.0,2.0,1.0,2017-06-01,5,2,2017
dvds_blu_ray,2017-05-01,4,4,4,22.4,15.25,262.5,20.0,2.75,14.0,1282.5,1.25,2.0,4.0,1.0,3.3333333333333335,4.0,2017-06-01,5,2,2017
electronics,2017-05-01,65,59,42,94.60169230769232,17.532461538461536,1123.246153846154,27.43076923076923,11.723076923076922,20.046153846153846,768.723076923077,1.9692307692307693,48.0,37.0,19.0,50.0,41.0,2017-06-01,5,2,2017
fashio_female_clothing,2017-05-01,4,4,4,91.875,12.025,600.0,30.75,19.75,17.25,772.75,2.5,1.0,1.0,3.0,2.0,3.0,2017-06-01,5,2,2017
fashion_bags_accessories,2017-05-01,104,91,82,69.15384615384616,14.944134615384616,297.4807692307692,17.509615384615383,8.5,14.961538461538462,355.875,3.875,48.0,66.0,36.0,72.66666666666667,81.0,2017-06-01,5,2,2017
fashion_childrens_clothes,2017-05-01,1,1,1,110.0,14.52,600.0,36.0,10.0,26.0,494.0,4.0,0.0,0.0,0.0,0.3333333333333333,1.0,2017-06-01,5,2,2017
fashion_male_clothing,2017-05-01,4,3,3,152.225,16.8275,875.0,41.5,13.0,34.5,731.75,2.0,5.0,9.0,6.0,6.0,9.0,2017-06-01,5,2,2017
fashion_shoes,2017-05-01,22,22,20,75.88818181818182,15.69772727272727,711.3636363636364,29.045454545454547,10.181818181818182,21.045454545454547,371.04545454545456,7.2727272727272725,23.0,14.0,3.0,19.666666666666668,19.0,2017-06-01,5,2,2017
fashion_sport,2017-05-01,3,3,3,41.61333333333334,18.213333333333335,383.3333333333333,24.333333333333332,14.666666666666666,18.333333333333332,720.6666666666666,1.3333333333333333,4.0,1.0,0.0,2.6666666666666665,5.0,2017-06-01,5,2,2017
fashion_underwear_beach,2017-05-01,7,6,3,40.5,12.251428571428571,500.0,16.428571428571427,3.4285714285714284,13.285714285714286,913.2857142857143,1.8571428571428572,3.0,6.0,8.0,5.333333333333333,1.0,2017-06-01,5,2,2017
fixed_telephony,2017-05-01,9,9,6,49.53666666666667,14.576666666666666,205.55555555555554,19.22222222222222,3.7777777777777777,12.444444444444445,570.8888888888889,4.444444444444445,6.0,20.0,22.0,11.666666666666666,12.0,2017-06-01,5,2,2017
flowers,2017-05-01,0,0,0,,,,,,,,,0.0,0.0,0.0,0.0,0.0,2017-06-01,5,2,2017
food,2017-05-01,3,3,2,129.29999999999998,21.45,1839.3333333333333,24.0,19.0,24.666666666666668,854.3333333333334,1.0,8.0,21.0,8.0,10.666666666666666,1.0,2017-06-01,5,2,2017
food_drink,2017-05-01,12,10,9,28.790833333333335,12.683333333333332,954.1666666666666,24.666666666666668,16.25,19.083333333333332,589.5,1.6666666666666667,3.0,4.0,0.0,6.333333333333333,2.0,2017-06-01,5,2,2017
furniture_bedroom,2017-05-01,9,6,5,263.33,32.10888888888889,11816.666666666666,64.11111111111111,11.333333333333334,60.888888888888886,900.6666666666666,2.6666666666666665,3.0,0.0,1.0,4.0,2.0,2017-06-01,5,2,2017
furniture_decor,2017-05-01,271,226,199,82.33409594095941,21.27461254612546,2842.6826568265683,44.095940959409596,15.904059040590406,29.922509225092252,651.450184501845,2.4870848708487086,191.0,315.0,257.0,259.0,230.0,2017-06-01,5,2,2017
furniture_living_room,2017-05-01,32,27,16,139.9828125,38.63125,8655.46875,39.71875,18.21875,67.65625,563.875,2.03125,12.0,24.0,21.0,22.666666666666668,15.0,2017-06-01,5,2,2017
furniture_mattress_and_upholstery,2017-05-01,3,3,3,198.63,45.330000000000005,21633.333333333332,48.333333333333336,42.333333333333336,43.333333333333336,822.0,1.6666666666666667,1.0,0.0,0.0,1.3333333333333333,0.0,2017-06-01,5,2,2017
garden_tools,2017-05-01,138,121,69,147.6273188405797,24.090072463768117,3715.659420289855,34.15942028985507,17.369565217391305,27.17391304347826,710.4855072463768,1.8840579710144927,108.0,146.0,69.0,130.66666666666666,110.0,2017-06-01,5,2,2017
health_beauty,2017-05-01,284,261,144,163.16922535211268,20.826267605633802,1470.6267605633802,26.33450704225352,15.32394366197183,19.630281690140844,1160.056338028169,1.8169014084507042,180.0,208.0,154.0,224.0,254.0,2017-06-01,5,2,2017
home_appliances,2017-05-01,28,28,17,68.31392857142858,16.365714285714287,1436.3214285714287,34.75,13.607142857142858,24.285714285714285,615.1785714285714,1.9642857142857142,10.0,10.0,7.0,16.0,43.0,2017-06-01,5,2,2017
home_appliances_2,2017-05-01,7,7,5,186.57857142857142,40.20285714285715,10022.857142857143,38.42857142857143,36.42857142857143,35.42857142857143,660.7142857142857,2.7142857142857144,2.0,2.0,1.0,3.6666666666666665,6.0,2017-06-01,5,2,2017
home_comfort_2,2017-05-01,0,0,0,12.9,10.96,700.0,65.0,18.0,28.0,348.0,1.0,1.0,3.0,0.0,1.3333333333333333,1.0,2017-06-01,5,2,2017
home_confort,2017-05-01,35,32,18,146.1162857142857,16.301142857142857,2820.0,46.6,15.457142857142857,36.02857142857143,243.25714285714287,1.5142857142857142,17.0,13.0,3.0,21.666666666666668,17.0,2017-06-01,5,2,2017
home_construction,2017-05-01,7,5,6,231.5,15.87142857142857,1064.857142857143,22.0,15.142857142857142,20.142857142857142,1006.0,2.5714285714285716,5.0,10.0,4.0,7.333333333333333,8.0,2017-06-01,5,2,2017
housewares,2017-05-01,302,259,159,70.77781456953643,17.32248344370861,2502.519867549669,30.135761589403973,25.725165562913908,24.096026490066226,696.8079470198676,2.0596026490066226,169.0,196.0,69.0,222.33333333333334,321.0,2017-06-01,5,2,2017
industry_commerce_and_business,2017-05-01,2,2,2,259.9,16.21,1287.5,27.5,22.5,27.0,593.5,2.0,0.0,2.0,1.0,1.3333333333333333,2.0,2017-06-01,5,2,2017
kitchen_dining_laundry_garden_furniture,2017-05-01,9,9,6,144.94222222222223,36.97,7533.333333333333,32.333333333333336,22.88888888888889,38.888888888888886,1108.7777777777778,2.7777777777777777,9.0,3.0,2.0,7.0,4.0,2017-06-01,5,2,2017
la_cuisine,2017-05-01,1,1,1,193.0,39.19,8800.0,55.0,15.0,55.0,232.0,1.0,1.0,0.0,0.0,0.6666666666666666,0.0,2017-06-01,5,2,2017
luggage_accessories,2017-05-01,70,64,30,179.1374285714286,33.149571428571434,11237.857142857143,33.77142857142857,47.82857142857143,42.7,582.9714285714285,1.7571428571428571,48.0,38.0,20.0,52.0,60.0,2017-06-01,5,2,2017
market_place,2017-05-01,22,21,16,112.59,17.37727272727273,1453.409090909091,24.5,16.818181818181817,23.363636363636363,976.9090909090909,2.1818181818181817,19.0,17.0,20.0,19.333333333333332,16.0,2017-06-01,5,2,2017
music,2017-05-01,0,0,0,29.9,14.52,200.0,20.0,6.0,15.0,598.0,2.5,2.0,1.0,0.0,1.0,4.0,2017-06-01,5,2,2017
musical_instruments,2017-05-01,20,18,15,481.97200000000004,23.177,2523.1,36.35,11.6,23.85,1340.9,3.9,16.0,10.0,9.0,15.333333333333334,20.0,2017-06-01,5,2,2017
office_furniture,2017-05-01,56,42,27,150.06125,28.862142857142857,9692.92857142857,54.30357142857143,53.125,26.821428571428573,1084.357142857143,1.0357142857142858,58.0,74.0,62.0,62.666666666666664,50.0,2017-06-01,5,2,2017
party_supplies,2017-05-01,0,0,0,,,,,,,,,0.0,0.0,0.0,0.0,0.0,2017-06-01,5,2,2017
pc_gamer,2017-05-01,1,1,1,129.99,8.16,2839.0,19.0,16.0,18.0,621.0,4.0,2.0,0.0,0.0,1.0,1.0,2017-06-01,5,2,2017
perfumery,2017-05-01,143,132,54,139.73468531468532,15.770629370629369,577.7132867132867,21.377622377622377,13.552447552447552,18.286713286713287,762.4965034965035,1.8601398601398602,101.0,105.0,49.0,116.33333333333333,148.0,2017-06-01,5,2,2017
pet_shop,2017-05-01,73,66,59,111.65780821917808,20.486301369863014,3490.945205479452,36.082191780821915,20.21917808219178,28.643835616438356,804.6301369863014,2.9315068493150687,51.0,44.0,39.0,56.0,63.0,2017-06-01,5,2,2017
portateis_cozinha_e_preparadores_de_alimentos,2017-05-01,0,0,0,,,,,,,,,0.0,0.0,0.0,0.0,0.0,2017-06-01,5,2,2017
security_and_services,2017-05-01,0,0,0,183.29,25.77,1225.0,27.0,35.0,15.0,506.0,1.0,0.0,0.0,0.0,0.0,0.0,2017-06-01,5,2,2017
signaling_and_security,2017-05-01,4,3,3,127.2125,66.7725,11468.75,53.75,47.75,20.5,535.25,1.75,3.0,1.0,0.0,2.6666666666666665,1.0,2017-06-01,5,2,2017
small_appliances,2017-05-01,18,16,14,291.19111111111107,26.995,4133.777777777777,29.11111111111111,27.444444444444443,29.444444444444443,938.3333333333334,1.7777777777777777,20.0,31.0,28.0,23.0,23.0,2017-06-01,5,2,2017
small_appliances_home_oven_and_coffee,2017-05-01,0,0,0,,,,,,,,,0.0,0.0,0.0,0.0,1.0,2017-06-01,5,2,2017
sports_leisure,2017-05-01,305,256,184,111.80895081967215,19.167934426229507,1980.9016393442623,29.360655737704917,16.659016393442624,18.904918032786885,1036.727868852459,1.9278688524590164,203.0,190.0,149.0,232.66666666666666,269.0,2017-06-01,5,2,2017
stationery,2017-05-01,64,60,50,87.5028125,16.623125,2958.59375,31.578125,31.125,28.84375,301.109375,2.40625,35.0,56.0,19.0,51.666666666666664,38.0,2017-06-01,5,2,2017
tablets_printing_image,2017-05-01,7,7,4,216.4257142857143,13.14857142857143,442.7142857142857,25.714285714285715,10.571428571428571,25.285714285714285,826.2857142857143,2.7142857142857144,11.0,5.0,8.0,7.666666666666667,6.0,2017-06-01,5,2,2017
telephony,2017-05-01,214,196,84,41.32892523364486,15.06607476635514,195.2710280373832,18.313084112149532,4.878504672897196,13.102803738317757,470.6775700934579,1.8130841121495327,142.0,165.0,106.0,173.66666666666666,157.0,2017-06-01,5,2,2017
toys,2017-05-01,196,192,128,113.15943877551021,17.39612244897959,1424.0765306122448,28.602040816326532,19.413265306122447,23.459183673469386,639.8571428571429,3.0510204081632653,113.0,102.0,66.0,137.0,156.0,2017-06-01,5,2,2017
unknown_category,2017-05-01,91,82,58,118.88285714285715,18.537142857142857,2354.1758241758243,32.54945054945055,20.967032967032967,24.153846153846153,,,69.0,60.0,56.0,73.33333333333333,58.0,2017-06-01,5,2,2017
watches_gifts,2017-05-01,129,120,106,283.8719379844961,17.867441860465117,676.015503875969,20.651162790697676,8.0,15.348837209302326,560.6356589147287,2.62015503875969,95.0,79.0,33.0,101.0,119.0,2017-06-01,5,2,2017
agro_industry_and_commerce,2017-06-01,1,1,1,1390.0,32.05,4000.0,50.0,30.0,40.0,471.0,1.0,4.0,0.0,2.0,1.6666666666666667,1.0,2017-07-01,6,2,2017
air_conditioning,2017-06-01,11,9,9,189.49818181818182,18.549090909090907,3609.090909090909,35.90909090909091,14.181818181818182,29.272727272727273,844.3636363636364,2.5454545454545454,7.0,15.0,17.0,11.0,5.0,2017-07-01,6,2,2017
art,2017-06-01,4,4,3,50.075,21.2625,775.0,39.0,10.25,21.25,394.75,3.5,6.0,1.0,4.0,3.6666666666666665,3.0,2017-07-01,6,2,2017
arts_and_craftmanship,2017-06-01,0,0,0,21.99,7.67,250.0,16.0,7.0,11.0,155.0,1.0,1.0,0.0,0.0,0.3333333333333333,1.0,2017-07-01,6,2,2017
audio,2017-06-01,11,11,3,151.9090909090909,13.385454545454547,2559.2727272727275,16.363636363636363,5.2727272727272725,13.727272727272727,558.2727272727273,3.1818181818181817,17.0,11.0,14.0,13.0,6.0,2017-07-01,6,2,2017
auto,2017-06-01,110,101,57,266.6882727272727,20.724636363636364,3056.109090909091,37.95454545454545,13.663636363636364,33.13636363636363,1151.290909090909,2.4727272727272727,113.0,84.0,78.0,102.33333333333333,114.0,2017-07-01,6,2,2017
baby,2017-06-01,78,72,52,100.83,17.86294871794872,2699.051282051282,35.56410256410256,16.974358974358974,30.78205128205128,777.1025641025641,2.717948717948718,102.0,50.0,42.0,76.66666666666667,125.0,2017-07-01,6,2,2017
bed_bath_table,2017-06-01,369,324,201,91.60766937669378,17.152411924119242,2314.10027100271,40.073170731707314,11.791327913279133,32.113821138211385,378.41734417344173,1.5934959349593496,361.0,271.0,279.0,333.6666666666667,569.0,2017-07-01,6,2,2017
books_general_interest,2017-06-01,20,19,15,96.10900000000001,19.158,824.75,20.3,12.1,19.2,950.2,1.55,20.0,12.0,24.0,17.333333333333332,13.0,2017-07-01,6,2,2017
books_imported,2017-06-01,2,1,2,49.5,15.1,350.0,16.0,8.0,11.0,470.0,2.0,0.0,1.0,0.0,1.0,0.0,2017-07-01,6,2,2017
books_technical,2017-06-01,2,2,2,72.95,21.314999999999998,850.0,21.0,2.5,15.0,621.0,1.0,3.0,1.0,2.0,2.0,2.0,2017-07-01,6,2,2017
cds_dvds_musicals,2017-06-01,0,0,0,,,,,,,,,0.0,0.0,0.0,0.0,5.0,2017-07-01,6,2,2017
christmas_supplies,2017-06-01,3,2,3,61.56666666666666,20.51666666666667,6733.333333333333,48.333333333333336,21.666666666666668,41.666666666666664,306.0,3.6666666666666665,0.0,1.0,0.0,1.3333333333333333,2.0,2017-07-01,6,2,2017
cine_photo,2017-06-01,1,1,1,79.0,33.91,5500.0,25.0,32.0,47.0,677.0,7.0,1.0,2.0,0.0,1.3333333333333333,0.0,2017-07-01,6,2,2017
computers,2017-06-01,0,0,0,3549.0,53.47,3200.0,30.0,7.0,40.0,1265.0,7.0,0.0,0.0,0.0,0.0,0.0,2017-07-01,6,2,2017
computers_accessories,2017-06-01,254,212,128,142.49488188976378,17.69251968503937,775.3937007874016,27.862204724409448,11.181102362204724,19.96062992125984,696.5472440944882,1.8267716535433072,309.0,132.0,171.0,231.66666666666666,320.0,2017-07-01,6,2,2017
consoles_games,2017-06-01,29,26,22,183.07,18.975517241379308,412.3103448275862,23.620689655172413,10.241379310344827,17.655172413793103,512.0,2.310344827586207,29.0,17.0,47.0,25.0,47.0,2017-07-01,6,2,2017
construction_tools_construction,2017-06-01,8,4,3,47.04625,12.3675,1503.875,18.875,8.625,18.625,962.125,1.25,1.0,0.0,1.0,3.0,6.0,2017-07-01,6,2,2017
construction_tools_lights,2017-06-01,0,0,0,,,,,,,,,0.0,0.0,0.0,0.0,1.0,2017-07-01,6,2,2017
construction_tools_safety,2017-06-01,0,0,0,379.0,17.86,1008.0,33.0,14.0,26.0,498.0,1.0,0.0,0.0,0.0,0.0,0.0,2017-07-01,6,2,2017
cool_stuff,2017-06-01,199,195,97,191.50557788944724,22.26105527638191,2916.180904522613,39.678391959798994,23.12060301507538,23.231155778894472,936.8140703517588,2.0150753768844223,241.0,114.0,118.0,184.66666666666666,228.0,2017-07-01,6,2,2017
costruction_tools_garden,2017-06-01,4,3,3,108.6725,16.4275,1500.0,34.0,14.5,14.0,767.75,1.0,7.0,8.0,0.0,6.333333333333333,8.0,2017-07-01,6,2,2017
costruction_tools_tools,2017-06-01,0,0,0,401.95,15.2,1850.0,26.5,20.5,16.5,382.5,1.0,2.0,1.0,0.0,1.0,0.0,2017-07-01,6,2,2017
diapers_and_hygiene,2017-06-01,0,0,0,134.9,16.09,700.0,35.0,7.0,29.0,1151.0,8.0,0.0,0.0,0.0,0.0,0.0,2017-07-01,6,2,2017
drinks,2017-06-01,1,1,1,49.99,19.21,4400.0,16.0,25.0,23.0,314.0,1.0,1.0,0.0,5.0,0.6666666666666666,3.0,2017-07-01,6,2,2017
dvds_blu_ray,2017-06-01,4,4,4,31.6725,18.2625,350.0,20.25,5.0,14.0,962.5,1.25,4.0,2.0,4.0,3.3333333333333335,3.0,2017-07-01,6,2,2017
electronics,2017-06-01,41,39,25,50.244878048780485,15.01609756097561,470.8048780487805,22.341463414634145,11.170731707317072,16.78048780487805,676.0243902439024,1.9268292682926829,65.0,48.0,37.0,51.333333333333336,94.0,2017-07-01,6,2,2017
fashio_female_clothing,2017-06-01,3,3,3,51.6,14.833333333333334,366.6666666666667,22.0,10.666666666666666,18.666666666666668,392.6666666666667,1.3333333333333333,4.0,1.0,1.0,2.6666666666666665,4.0,2017-07-01,6,2,2017
fashion_bags_accessories,2017-06-01,81,75,66,82.98925925925926,15.645308641975308,339.71604938271605,18.703703703703702,7.753086419753086,14.91358024691358,350.4074074074074,3.753086419753086,104.0,48.0,66.0,77.66666666666667,86.0,2017-07-01,6,2,2017
fashion_childrens_clothes,2017-06-01,1,1,1,110.0,8.96,500.0,36.0,10.0,26.0,488.0,5.0,1.0,0.0,0.0,0.6666666666666666,0.0,2017-07-01,6,2,2017
fashion_male_clothing,2017-06-01,9,7,7,57.75444444444444,18.892222222222223,711.1111111111111,23.333333333333332,9.333333333333334,18.88888888888889,881.8888888888889,1.8888888888888888,4.0,5.0,9.0,6.0,9.0,2017-07-01,6,2,2017
fashion_shoes,2017-06-01,19,16,17,67.3357894736842,18.724736842105262,771.0526315789474,25.842105263157894,9.631578947368421,25.157894736842106,350.3157894736842,6.894736842105263,22.0,23.0,14.0,21.333333333333332,19.0,2017-07-01,6,2,2017
fashion_sport,2017-06-01,5,5,5,94.1,19.380000000000003,440.0,27.6,12.2,23.4,593.0,1.8,3.0,4.0,1.0,4.0,1.0,2017-07-01,6,2,2017
fashion_underwear_beach,2017-06-01,1,1,1,3.9,15.1,100.0,26.0,5.0,18.0,187.0,2.0,7.0,3.0,6.0,3.6666666666666665,3.0,2017-07-01,6,2,2017
fixed_telephony,2017-06-01,12,12,7,77.80583333333334,17.313333333333333,290.6666666666667,20.0,5.5,15.75,599.0,3.0,9.0,6.0,20.0,9.0,9.0,2017-07-01,6,2,2017
flowers,2017-06-01,0,0,0,,,,,,,,,0.0,0.0,0.0,0.0,0.0,2017-07-01,6,2,2017
food,2017-06-01,1,1,1,149.9,21.89,3350.0,20.0,21.0,20.0,911.0,1.0,3.0,8.0,21.0,4.0,7.0,2017-07-01,6,2,2017
food_drink,2017-06-01,2,2,2,28.7,12.690000000000001,775.0,24.0,11.5,18.0,550.0,2.0,12.0,3.0,4.0,5.666666666666667,8.0,2017-07-01,6,2,2017
furniture_bedroom,2017-06-01,2,2,2,154.495,21.345,10200.0,59.5,26.5,40.0,307.5,2.5,9.0,3.0,0.0,4.666666666666667,4.0,2017-07-01,6,2,2017
furniture_decor,2017-06-01,230,177,156,72.23604347826087,21.56178260869565,2482.073913043478,42.86521739130435,13.76086956521739,25.969565217391306,770.1173913043478,2.3347826086956522,271.0,191.0,315.0,230.66666666666666,314.0,2017-07-01,6,2,2017
furniture_living_room,2017-06-01,15,12,9,114.22,35.30733333333333,8883.333333333334,33.733333333333334,17.0,73.0,637.3333333333334,2.2666666666666666,32.0,12.0,24.0,19.666666666666668,30.0,2017-07-01,6,2,2017
furniture_mattress_and_upholstery,2017-06-01,0,0,0,198.63,45.330000000000005,21633.333333333332,48.333333333333336,42.333333333333336,43.333333333333336,822.0,1.6666666666666667,3.0,1.0,0.0,1.3333333333333333,1.0,2017-07-01,6,2,2017
garden_tools,2017-06-01,110,98,58,140.4280909090909,24.069999999999997,4058.3,33.38181818181818,15.4,26.381818181818183,722.0363636363636,2.018181818181818,138.0,108.0,146.0,118.66666666666667,184.0,2017-07-01,6,2,2017
health_beauty,2017-06-01,254,233,119,124.71185039370079,20.346653543307088,1415.5511811023623,25.043307086614174,14.952755905511811,20.20472440944882,1139.4960629921259,1.984251968503937,284.0,180.0,208.0,239.33333333333334,308.0,2017-07-01,6,2,2017
home_appliances,2017-06-01,43,42,22,58.306744186046515,14.800232558139534,1826.1627906976744,30.232558139534884,12.930232558139535,19.27906976744186,596.2790697674419,2.186046511627907,28.0,10.0,10.0,27.0,37.0,2017-07-01,6,2,2017
home_appliances_2,2017-06-01,6,6,5,202.31166666666664,36.86666666666667,10520.833333333334,41.666666666666664,52.333333333333336,37.333333333333336,506.0,2.8333333333333335,7.0,2.0,2.0,5.0,7.0,2017-07-01,6,2,2017
home_comfort_2,2017-06-01,1,1,1,12.9,15.1,700.0,65.0,18.0,28.0,348.0,1.0,0.0,1.0,3.0,0.6666666666666666,1.0,2017-07-01,6,2,2017
home_confort,2017-06-01,17,17,11,165.77647058823527,16.57764705882353,3458.823529411765,47.94117647058823,17.470588235294116,36.8235294117647,224.76470588235293,1.4705882352941178,35.0,17.0,13.0,23.0,43.0,2017-07-01,6,2,2017
home_construction,2017-06-01,8,4,4,249.0375,18.61,1272.5,27.125,17.5,21.625,1142.125,1.75,7.0,5.0,10.0,6.666666666666667,2.0,2017-07-01,6,2,2017
housewares,2017-06-01,321,280,139,71.58320872274143,18.91190031152648,3572.3831775700933,30.22429906542056,29.152647975077883,24.7601246105919,698.1433021806854,2.040498442367601,302.0,169.0,196.0,264.0,271.0,2017-07-01,6,2,2017
industry_commerce_and_business,2017-06-01,2,2,2,138.485,32.599999999999994,6400.0,36.0,18.5,44.5,705.0,1.0,2.0,0.0,2.0,1.3333333333333333,2.0,2017-07-01,6,2,2017
kitchen_dining_laundry_garden_furniture,2017-06-01,4,4,3,93.7,41.9475,5625.0,30.25,32.0,31.5,1073.75,3.0,9.0,9.0,3.0,7.333333333333333,11.0,2017-07-01,6,2,2017
la_cuisine,2017-06-01,0,0,0,193.0,39.19,8800.0,55.0,15.0,55.0,232.0,1.0,1.0,1.0,0.0,0.6666666666666666,4.0,2017-07-01,6,2,2017
luggage_accessories,2017-06-01,60,59,31,135.70316666666665,33.786,7983.316666666667,35.516666666666666,40.233333333333334,39.25,540.5666666666667,2.0,70.0,48.0,38.0,59.333333333333336,73.0,2017-07-01,6,2,2017
market_place,2017-06-01,16,15,13,78.684375,14.556875,1323.4375,25.25,18.0625,25.5625,916.125,2.3125,22.0,19.0,17.0,19.0,13.0,2017-07-01,6,2,2017
music,2017-06-01,4,4,2,266.725,18.555,987.5,28.5,15.5,26.0,3061.75,2.0,0.0,2.0,1.0,2.0,1.0,2017-07-01,6,2,2017
musical_instruments,2017-06-01,20,17,14,249.6525,26.1135,4483.5,52.5,26.4,38.65,777.05,4.3,20.0,16.0,10.0,18.666666666666668,30.0,2017-07-01,6,2,2017
office_furniture,2017-06-01,50,45,27,145.5826,36.333400000000005,10179.6,50.34,50.84,32.38,1005.02,1.06,56.0,58.0,74.0,54.666666666666664,115.0,2017-07-01,6,2,2017
party_supplies,2017-06-01,0,0,0,,,,,,,,,0.0,0.0,0.0,0.0,1.0,2017-07-01,6,2,2017
pc_gamer,2017-06-01,1,1,1,129.99,26.19,2839.0,19.0,16.0,18.0,621.0,4.0,1.0,2.0,0.0,1.3333333333333333,0.0,2017-07-01,6,2,2017
perfumery,2017-06-01,148,140,59,161.85351351351352,16.20439189189189,522.168918918919,21.006756756756758,12.675675675675675,17.10135135135135,784.527027027027,1.7837837837837838,143.0,101.0,105.0,130.66666666666666,121.0,2017-07-01,6,2,2017
pet_shop,2017-06-01,63,60,50,81.32650793650794,18.807301587301584,2951.0158730158732,36.80952380952381,21.0,29.77777777777778,738.6031746031746,3.5238095238095237,73.0,51.0,44.0,62.333333333333336,85.0,2017-07-01,6,2,2017
portateis_cozinha_e_preparadores_de_alimentos,2017-06-01,0,0,0,,,,,,,,,0.0,0.0,0.0,0.0,0.0,2017-07-01,6,2,2017
security_and_services,2017-06-01,0,0,0,183.29,25.77,1225.0,27.0,35.0,15.0,506.0,1.0,0.0,0.0,0.0,0.0,0.0,2017-07-01,6,2,2017
signaling_and_security,2017-06-01,1,1,1,134.0,52.95,13750.0,65.0,65.0,22.0,729.0,3.0,4.0,3.0,1.0,2.6666666666666665,5.0,2017-07-01,6,2,2017
small_appliances,2017-06-01,23,23,15,421.6873913043478,27.976956521739133,3702.1739130434785,29.0,22.82608695652174,27.08695652173913,1425.5652173913043,2.4347826086956523,18.0,20.0,31.0,20.333333333333332,31.0,2017-07-01,6,2,2017
small_appliances_home_oven_and_coffee,2017-06-01,1,1,1,71.9,16.75,1600.0,18.0,30.0,24.0,537.0,1.0,0.0,0.0,0.0,0.3333333333333333,0.0,2017-07-01,6,2,2017
sports_leisure,2017-06-01,269,245,172,119.20791821561339,22.15914498141264,2360.754646840149,33.63568773234201,18.53159851301115,20.319702602230482,1150.639405204461,1.9442379182156133,305.0,203.0,190.0,259.0,375.0,2017-07-01,6,2,2017
stationery,2017-06-01,38,37,30,91.93605263157895,17.96,3030.2631578947367,33.578947368421055,31.236842105263158,29.31578947368421,332.36842105263156,2.236842105263158,64.0,35.0,56.0,45.666666666666664,77.0,2017-07-01,6,2,2017
tablets_printing_image,2017-06-01,6,6,3,99.0,14.194999999999999,288.6666666666667,23.333333333333332,10.166666666666666,22.666666666666668,517.8333333333334,1.3333333333333333,7.0,11.0,5.0,8.0,2.0,2017-07-01,6,2,2017
telephony,2017-06-01,157,148,76,41.79445859872611,15.105350318471338,195.0700636942675,18.261146496815286,5.070063694267516,13.286624203821656,542.796178343949,1.8471337579617835,214.0,142.0,165.0,171.0,143.0,2017-07-01,6,2,2017
toys,2017-06-01,156,150,94,98.31762820512822,17.395833333333332,1632.3846153846155,31.192307692307693,21.326923076923077,23.673076923076923,632.0064102564103,2.7435897435897436,196.0,113.0,102.0,155.0,203.0,2017-07-01,6,2,2017
unknown_category,2017-06-01,58,50,41,84.52413793103447,15.460862068965518,1596.3636363636363,30.581818181818182,17.90909090909091,21.381818181818183,,,91.0,69.0,60.0,72.66666666666667,58.0,2017-07-01,6,2,2017
watches_gifts,2017-06-01,119,113,84,229.7279831932773,15.832605042016807,573.6974789915967,18.100840336134453,7.873949579831932,15.512605042016807,519.9159663865546,2.504201680672269,129.0,95.0,79.0,114.33333333333333,162.0,2017-07-01,6,2,2017
agro_industry_and_commerce,2017-07-01,1,1,1,1180.0,19.47,2150.0,30.0,25.0,15.0,860.0,1.0,1.0,4.0,0.0,2.0,4.0,2017-08-01,7,3,2017
air_conditioning,2017-07-01,5,5,5,279.21999999999997,19.406,3191.0,31.2,22.2,35.0,736.8,2.0,11.0,7.0,15.0,7.666666666666667,15.0,2017-08-01,7,3,2017
art,2017-07-01,3,3,3,128.91666666666666,12.716666666666667,546.6666666666666,36.0,6.333333333333333,22.333333333333332,277.6666666666667,3.6666666666666665,4.0,6.0,1.0,4.333333333333333,4.0,2017-08-01,7,3,2017
arts_and_craftmanship,2017-07-01,1,1,1,129.9,15.66,1200.0,20.0,20.0,16.0,283.0,1.0,0.0,1.0,0.0,0.6666666666666666,0.0,2017-08-01,7,3,2017
audio,2017-07-01,6,6,5,112.28166666666668,15.6,1460.5,21.333333333333332,10.5,17.0,740.1666666666666,1.5,11.0,17.0,11.0,11.333333333333334,7.0,2017-08-01,7,3,2017
auto,2017-07-01,114,103,70,121.81447368421053,20.227192982456142,2285.061403508772,35.175438596491226,13.0,27.114035087719298,827.6491228070175,2.43859649122807,110.0,113.0,84.0,112.33333333333333,161.0,2017-08-01,7,3,2017
baby,2017-07-01,125,121,81,123.69127999999999,19.88544,2885.832,35.08,21.136,27.56,874.744,2.656,78.0,102.0,50.0,101.66666666666667,127.0,2017-08-01,7,3,2017
bed_bath_table,2017-07-01,569,503,265,110.34615114235501,18.540210896309315,3330.629173989455,41.402460456942,12.862917398945518,33.18453427065026,367.5659050966608,1.9648506151142355,369.0,361.0,271.0,433.0,506.0,2017-08-01,7,3,2017
books_general_interest,2017-07-01,13,12,11,99.41538461538462,19.45230769230769,1085.6153846153845,19.384615384615383,11.615384615384615,17.923076923076923,709.1538461538462,1.3076923076923077,20.0,20.0,12.0,17.666666666666668,27.0,2017-08-01,7,3,2017
books_imported,2017-07-01,0,0,0,49.5,15.1,350.0,16.0,8.0,11.0,470.0,2.0,2.0,0.0,1.0,0.6666666666666666,1.0,2017-08-01,7,3,2017
books_technical,2017-07-01,2,2,2,264.0,26.44,3750.0,30.0,6.0,22.0,2162.0,1.0,2.0,3.0,1.0,2.3333333333333335,9.0,2017-08-01,7,3,2017
cds_dvds_musicals,2017-07-01,5,4,1,45.0,14.876,550.0,35.0,15.0,25.0,117.0,2.0,0.0,0.0,0.0,1.6666666666666667,3.0,2017-08-01,7,3,2017
christmas_supplies,2017-07-01,2,2,2,32.545,16.48,600.0,25.5,19.0,23.0,270.5,5.0,3.0,0.0,1.0,1.6666666666666667,1.0,2017-08-01,7,3,2017
cine_photo,2017-07-01,0,0,0,79.0,33.91,5500.0,25.0,32.0,47.0,677.0,7.0,1.0,1.0,2.0,0.6666666666666666,0.0,2017-08-01,7,3,2017
computers,2017-07-01,0,0,0,3549.0,53.47,3200.0,30.0,7.0,40.0,1265.0,7.0,0.0,0.0,0.0,0.0,28.0,2017-08-01,7,3,2017
computers_accessories,2017-07-01,320,268,163,119.30068750000001,18.03940625,761.609375,26.190625,12.034375,19.396875,699.665625,1.596875,254.0,309.0,132.0,294.3333333333333,341.0,2017-08-01,7,3,2017
consoles_games,2017-07-01,47,45,26,115.13276595744681,18.169574468085106,392.3404255319149,20.04255319148936,12.191489361702128,18.27659574468085,688.2765957446809,3.127659574468085,29.0,29.0,17.0,35.0,84.0,2017-08-01,7,3,2017
construction_tools_construction,2017-07-01,6,5,2,91.57333333333332,45.58833333333333,9355.0,35.5,12.5,37.333333333333336,558.1666666666666,2.6666666666666665,8.0,1.0,0.0,5.0,7.0,2017-08-01,7,3,2017
construction_tools_lights,2017-07-01,1,1,1,360.0,41.45,12000.0,45.0,35.0,45.0,771.0,1.0,0.0,0.0,0.0,0.3333333333333333,2.0,2017-08-01,7,3,2017
construction_tools_safety,2017-07-01,0,0,0,379.0,17.86,1008.0,33.0,14.0,26.0,498.0,1.0,0.0,0.0,0.0,0.0,1.0,2017-08-01,7,3,2017
cool_stuff,2017-07-01,228,220,111,160.7607894736842,20.947236842105266,2668.1622807017543,35.35087719298246,23.714912280701753,22.478070175438596,864.3815789473684,1.9780701754385965,199.0,241.0,114.0,222.66666666666666,256.0,2017-08-01,7,3,2017
costruction_tools_garden,2017-07-01,8,7,6,43.447500000000005,15.723749999999999,1040.0,25.625,18.875,21.5,815.875,1.875,4.0,7.0,8.0,6.333333333333333,10.0,2017-08-01,7,3,2017
costruction_tools_tools,2017-07-01,0,0,0,401.95,15.2,1850.0,26.5,20.5,16.5,382.5,1.0,0.0,2.0,1.0,0.6666666666666666,0.0,2017-08-01,7,3,2017
diapers_and_hygiene,2017-07-01,0,0,0,134.9,16.09,700.0,35.0,7.0,29.0,1151.0,8.0,0.0,0.0,0.0,0.0,0.0,2017-08-01,7,3,2017
drinks,2017-07-01,3,2,2,91.32333333333334,24.703333333333333,6233.333333333333,17.666666666666668,25.333333333333332,22.333333333333332,438.3333333333333,1.0,1.0,1.0,0.0,1.6666666666666667,2.0,2017-08-01,7,3,2017
dvds_blu_ray,2017-07-01,3,3,3,244.26666666666665,21.22,633.3333333333334,23.333333333333332,8.0,16.0,1824.3333333333333,1.3333333333333333,4.0,4.0,2.0,3.6666666666666665,6.0,2017-08-01,7,3,2017
electronics,2017-07-01,94,84,49,77.29829787234043,17.807021276595744,849.9574468085107,23.914893617021278,13.946808510638299,20.25531914893617,640.7234042553191,2.265957446808511,41.0,65.0,48.0,66.66666666666667,56.0,2017-08-01,7,3,2017
fashio_female_clothing,2017-07-01,4,4,3,77.67500000000001,13.425,1050.0,23.75,8.0,17.75,383.0,1.25,3.0,4.0,1.0,3.6666666666666665,4.0,2017-08-01,7,3,2017
fashion_bags_accessories,2017-07-01,86,80,57,58.87453488372093,14.560930232558139,484.30232558139534,18.709302325581394,6.325581395348837,16.174418604651162,368.90697674418607,3.9767441860465116,81.0,104.0,48.0,90.33333333333333,95.0,2017-08-01,7,3,2017
fashion_childrens_clothes,2017-07-01,0,0,0,110.0,8.96,500.0,36.0,10.0,26.0,488.0,5.0,1.0,1.0,0.0,0.6666666666666666,0.0,2017-08-01,7,3,2017
fashion_male_clothing,2017-07-01,9,8,7,79.99888888888889,15.593333333333334,569.4444444444445,22.666666666666668,13.555555555555555,20.11111111111111,425.44444444444446,1.5555555555555556,9.0,4.0,5.0,7.333333333333333,14.0,2017-08-01,7,3,2017
fashion_shoes,2017-07-01,19,18,17,67.52736842105263,17.036315789473683,902.6315789473684,28.263157894736842,14.421052631578947,22.68421052631579,344.1578947368421,6.7894736842105265,19.0,22.0,23.0,20.0,22.0,2017-08-01,7,3,2017
fashion_sport,2017-07-01,1,1,1,69.9,7.78,200.0,16.0,12.0,12.0,511.0,2.0,5.0,3.0,4.0,3.0,2.0,2017-08-01,7,3,2017
fashion_underwear_beach,2017-07-01,3,3,3,91.60000000000001,13.226666666666667,250.0,30.333333333333332,5.666666666666667,22.333333333333332,496.0,1.6666666666666667,1.0,7.0,3.0,3.6666666666666665,13.0,2017-08-01,7,3,2017
fixed_telephony,2017-07-01,9,8,5,24.30333333333333,14.393333333333333,132.77777777777777,17.333333333333332,5.111111111111111,11.666666666666666,261.44444444444446,3.5555555555555554,12.0,9.0,6.0,10.0,20.0,2017-08-01,7,3,2017
flowers,2017-07-01,0,0,0,,,,,,,,,0.0,0.0,0.0,0.0,0.0,2017-08-01,7,3,2017
food,2017-07-01,7,7,6,83.45142857142858,24.29,1444.4285714285713,22.571428571428573,17.142857142857142,21.0,1411.7142857142858,2.4285714285714284,1.0,3.0,8.0,3.6666666666666665,8.0,2017-08-01,7,3,2017
food_drink,2017-07-01,8,7,7,21.025,11.685,587.5,25.25,11.5,17.0,1378.375,2.875,2.0,12.0,3.0,7.333333333333333,15.0,2017-08-01,7,3,2017
furniture_bedroom,2017-07-01,4,4,3,269.4975,72.66499999999999,18787.5,77.5,28.25,40.75,866.25,2.5,2.0,9.0,3.0,5.0,3.0,2017-08-01,7,3,2017
furniture_decor,2017-07-01,314,249,208,76.52267515923566,18.275987261146497,2555.5859872611463,42.14968152866242,13.662420382165605,26.162420382165607,684.0414012738853,2.5987261146496814,230.0,271.0,191.0,271.6666666666667,426.0,2017-08-01,7,3,2017
furniture_living_room,2017-07-01,30,26,18,127.53733333333334,30.420333333333335,8282.5,39.333333333333336,19.366666666666667,60.8,591.4666666666667,1.9333333333333333,15.0,32.0,12.0,25.666666666666668,23.0,2017-08-01,7,3,2017
furniture_mattress_and_upholstery,2017-07-01,1,1,1,109.4,69.13,28300.0,40.0,46.0,35.0,809.0,1.0,0.0,3.0,1.0,1.3333333333333333,2.0,2017-08-01,7,3,2017
garden_tools,2017-07-01,184,153,65,102.99619565217391,21.50858695652174,2660.396739130435,32.744565217391305,18.684782608695652,30.190217391304348,537.5326086956521,2.010869565217391,110.0,138.0,108.0,144.0,233.0,2017-08-01,7,3,2017
health_beauty,2017-07-01,308,270,142,111.16704545454544,17.38396103896104,1245.448051948052,24.75,14.613636363636363,18.204545454545453,1031.6785714285713,2.00974025974026,254.0,284.0,180.0,282.0,352.0,2017-08-01,7,3,2017
home_appliances,2017-07-01,37,37,24,99.24297297297296,17.95108108108108,1313.5135135135135,29.594594594594593,12.945945945945946,20.81081081081081,478.5945945945946,1.6756756756756757,43.0,28.0,10.0,36.0,42.0,2017-08-01,7,3,2017
home_appliances_2,2017-07-01,7,7,3,147.71285714285713,38.98428571428571,6514.285714285715,70.0,10.714285714285714,51.714285714285715,795.8571428571429,3.7142857142857144,6.0,7.0,2.0,6.666666666666667,15.0,2017-08-01,7,3,2017
home_comfort_2,2017-07-01,1,1,1,12.9,15.1,700.0,65.0,18.0,28.0,348.0,1.0,1.0,0.0,1.0,0.6666666666666666,3.0,2017-08-01,7,3,2017
home_confort,2017-07-01,43,36,14,106.13604651162791,19.47860465116279,5250.0,46.7906976744186,21.790697674418606,35.83720930232558,263.4418604651163,1.1162790697674418,17.0,35.0,17.0,31.666666666666668,28.0,2017-08-01,7,3,2017
home_construction,2017-07-01,2,1,1,46.8,15.1,290.0,17.0,13.0,13.0,998.0,1.0,8.0,7.0,5.0,5.666666666666667,1.0,2017-08-01,7,3,2017
housewares,2017-07-01,271,220,148,74.72889298892989,16.986457564575645,2514.608856088561,30.084870848708487,23.723247232472325,24.1549815498155,688.6937269372694,2.5018450184501844,321.0,302.0,169.0,298.0,280.0,2017-08-01,7,3,2017
industry_commerce_and_business,2017-07-01,2,2,2,122.97999999999999,53.145,4325.0,26.0,18.0,30.0,801.0,1.0,2.0,2.0,0.0,2.0,3.0,2017-08-01,7,3,2017
kitchen_dining_laundry_garden_furniture,2017-07-01,11,9,8,119.68181818181819,31.005454545454544,7170.454545454545,30.181818181818183,41.81818181818182,33.18181818181818,717.3636363636364,2.727272727272727,4.0,9.0,9.0,8.0,7.0,2017-08-01,7,3,2017
la_cuisine,2017-07-01,4,4,4,117.4975,22.310000000000002,2625.0,72.75,13.25,36.75,450.5,1.0,0.0,1.0,1.0,1.6666666666666667,2.0,2017-08-01,7,3,2017
luggage_accessories,2017-07-01,73,72,38,113.85904109589042,26.456027397260275,4491.767123287671,36.83561643835616,26.767123287671232,37.821917808219176,520.082191780822,1.4657534246575343,60.0,70.0,48.0,67.66666666666667,62.0,2017-08-01,7,3,2017
market_place,2017-07-01,13,13,11,121.02923076923076,17.428461538461537,1105.923076923077,27.153846153846153,9.846153846153847,22.46153846153846,923.6923076923077,2.5384615384615383,16.0,22.0,19.0,17.0,23.0,2017-08-01,7,3,2017
music,2017-07-01,1,1,1,329.0,21.54,900.0,18.0,18.0,18.0,3853.0,2.0,4.0,0.0,2.0,1.6666666666666667,0.0,2017-08-01,7,3,2017
musical_instruments,2017-07-01,30,26,22,242.75300000000001,24.922666666666665,3955.3333333333335,44.86666666666667,14.5,32.93333333333333,993.9,4.166666666666667,20.0,20.0,16.0,23.333333333333332,23.0,2017-08-01,7,3,2017
office_furniture,2017-07-01,115,97,56,146.89226086956523,38.03930434782608,10578.286956521739,53.6,52.96521739130435,28.11304347826087,1102.5565217391304,1.0695652173913044,50.0,56.0,58.0,73.66666666666667,58.0,2017-08-01,7,3,2017
party_supplies,2017-07-01,1,1,1,69.9,13.51,1250.0,35.0,25.0,25.0,320.0,1.0,0.0,0.0,0.0,0.3333333333333333,0.0,2017-08-01,7,3,2017
pc_gamer,2017-07-01,0,0,0,129.99,26.19,2839.0,19.0,16.0,18.0,621.0,4.0,1.0,1.0,2.0,0.6666666666666666,0.0,2017-08-01,7,3,2017
perfumery,2017-07-01,121,115,63,105.24173553719008,15.013140495867768,466.88429752066116,20.60330578512397,12.71900826446281,17.223140495867767,807.2727272727273,1.9008264462809918,148.0,143.0,101.0,137.33333333333334,127.0,2017-08-01,7,3,2017
pet_shop,2017-07-01,85,70,64,77.36435294117648,19.955176470588235,2465.9411764705883,34.48235294117647,18.576470588235296,29.08235294117647,791.6117647058824,2.7058823529411766,63.0,73.0,51.0,73.66666666666667,89.0,2017-08-01,7,3,2017
portateis_cozinha_e_preparadores_de_alimentos,2017-07-01,0,0,0,,,,,,,,,0.0,0.0,0.0,0.0,0.0,2017-08-01,7,3,2017
security_and_services,2017-07-01,0,0,0,183.29,25.77,1225.0,27.0,35.0,15.0,506.0,1.0,0.0,0.0,0.0,0.0,0.0,2017-08-01,7,3,2017
signaling_and_security,2017-07-01,5,4,4,95.18199999999999,28.574,5980.0,44.0,33.6,20.0,876.4,2.4,1.0,4.0,3.0,3.3333333333333335,4.0,2017-08-01,7,3,2017
small_appliances,2017-07-01,31,30,23,115.71709677419355,23.315161290322582,3300.516129032258,27.032258064516128,24.35483870967742,24.483870967741936,954.6129032258065,1.967741935483871,23.0,18.0,20.0,24.0,36.0,2017-08-01,7,3,2017
small_appliances_home_oven_and_coffee,2017-07-01,0,0,0,71.9,16.75,1600.0,18.0,30.0,24.0,537.0,1.0,1.0,0.0,0.0,0.3333333333333333,1.0,2017-08-01,7,3,2017
sports_leisure,2017-07-01,375,327,223,97.65021333333334,19.408026666666668,1858.416,30.013333333333332,18.504,19.714666666666666,1342.5306666666668,1.9973333333333334,269.0,305.0,203.0,316.3333333333333,417.0,2017-08-01,7,3,2017
stationery,2017-07-01,77,72,54,89.69935064935065,16.99298701298701,3291.8571428571427,32.15584415584416,27.0,26.74025974025974,367.3766233766234,2.6103896103896105,38.0,64.0,35.0,59.666666666666664,80.0,2017-08-01,7,3,2017
tablets_printing_image,2017-07-01,2,2,1,99.0,10.815,300.0,26.0,3.0,26.0,547.0,3.0,6.0,7.0,11.0,5.0,6.0,2017-08-01,7,3,2017
telephony,2017-07-01,143,135,89,63.306783216783224,14.859230769230768,195.91608391608392,18.3006993006993,6.454545454545454,13.979020979020978,729.8391608391609,2.06993006993007,157.0,214.0,142.0,171.33333333333334,132.0,2017-08-01,7,3,2017
toys,2017-07-01,203,197,118,118.01399014778325,17.71862068965517,1793.9261083743843,28.9064039408867,22.551724137931036,25.04433497536946,607.7044334975369,3.1133004926108376,156.0,196.0,113.0,185.0,182.0,2017-08-01,7,3,2017
unknown_category,2017-07-01,58,52,43,51.17,15.078448275862069,1935.7142857142858,27.392857142857142,15.410714285714286,20.589285714285715,,,58.0,91.0,69.0,69.0,75.0,2017-08-01,7,3,2017
watches_gifts,2017-07-01,162,151,95,208.03962962962962,16.237345679012346,947.0617283950618,18.02469135802469,7.580246913580247,15.932098765432098,486.1604938271605,2.8209876543209877,119.0,129.0,95.0,136.66666666666666,211.0,2017-08-01,7,3,2017
agro_industry_and_commerce,2017-08-01,4,1,1,22.0,34.15,233.0,16.0,5.0,13.0,489.0,2.0,1.0,1.0,4.0,2.0,4.0,2017-09-01,8,3,2017
air_conditioning,2017-08-01,15,12,12,284.782,19.450666666666667,3850.3333333333335,30.2,21.266666666666666,33.0,973.8,3.066666666666667,5.0,11.0,7.0,10.333333333333334,7.0,2017-09-01,8,3,2017
art,2017-08-01,4,4,2,61.175,18.09,272.5,27.0,5.0,29.0,531.75,8.25,3.0,4.0,6.0,3.6666666666666665,3.0,2017-09-01,8,3,2017
arts_and_craftmanship,2017-08-01,0,0,0,129.9,15.66,1200.0,20.0,20.0,16.0,283.0,1.0,1.0,0.0,1.0,0.3333333333333333,0.0,2017-09-01,8,3,2017
audio,2017-08-01,7,7,6,150.1,13.677142857142856,1303.2857142857142,19.285714285714285,10.857142857142858,15.285714285714286,528.0,2.142857142857143,6.0,11.0,17.0,8.0,10.0,2017-09-01,8,3,2017
auto,2017-08-01,161,128,100,117.53173913043479,21.000248447204967,3038.7701863354037,34.58385093167702,16.11801242236025,28.496894409937887,814.7888198757764,2.1925465838509317,114.0,110.0,113.0,128.33333333333334,107.0,2017-09-01,8,3,2017
baby,2017-08-01,127,120,77,150.86692913385826,23.87779527559055,4362.047244094489,38.94488188976378,21.818897637795274,29.236220472440944,868.1496062992126,2.6850393700787403,125.0,78.0,102.0,110.0,170.0,2017-09-01,8,3,2017
bed_bath_table,2017-08-01,506,442,280,111.81942687747035,17.880494071146245,3187.899209486166,41.4703557312253,13.033596837944664,32.61067193675889,377.65612648221344,1.8893280632411067,569.0,369.0,361.0,481.3333333333333,528.0,2017-09-01,8,3,2017
books_general_interest,2017-08-01,27,27,18,84.25925925925925,15.016666666666666,844.074074074074,22.22222222222222,10.777777777777779,20.074074074074073,1268.4444444444443,2.2962962962962963,13.0,20.0,20.0,20.0,14.0,2017-09-01,8,3,2017
books_imported,2017-08-01,1,1,1,61.0,9.34,600.0,29.0,2.0,22.0,93.0,1.0,0.0,2.0,0.0,1.0,4.0,2017-09-01,8,3,2017
books_technical,2017-08-01,9,9,8,132.93111111111114,14.288888888888888,2100.0,25.88888888888889,7.0,20.0,1085.3333333333333,1.1111111111111112,2.0,2.0,3.0,4.333333333333333,8.0,2017-09-01,8,3,2017
cds_dvds_musicals,2017-08-01,3,2,1,45.0,14.053333333333333,550.0,35.0,15.0,25.0,117.0,2.0,5.0,0.0,0.0,2.6666666666666665,0.0,2017-09-01,8,3,2017
christmas_supplies,2017-08-01,1,1,1,58.9,17.98,1000.0,35.0,30.0,35.0,298.0,9.0,2.0,3.0,0.0,2.0,4.0,2017-09-01,8,3,2017
cine_photo,2017-08-01,0,0,0,79.0,33.91,5500.0,25.0,32.0,47.0,677.0,7.0,0.0,1.0,1.0,0.3333333333333333,1.0,2017-09-01,8,3,2017
computers,2017-08-01,28,28,7,1157.142857142857,39.19321428571429,2591.0714285714284,16.0,31.0,39.0,3478.035714285714,4.035714285714286,0.0,0.0,0.0,9.333333333333334,40.0,2017-09-01,8,3,2017
computers_accessories,2017-08-01,341,290,170,99.19785923753666,16.77935483870968,706.6480938416422,24.89149560117302,12.120234604105573,18.501466275659823,696.3577712609971,1.689149560117302,320.0,254.0,309.0,305.0,247.0,2017-09-01,8,3,2017
consoles_games,2017-08-01,84,79,34,95.88988095238095,17.782738095238095,355.7142857142857,20.178571428571427,11.988095238095237,17.892857142857142,529.5238095238095,2.9047619047619047,47.0,29.0,29.0,53.333333333333336,63.0,2017-09-01,8,3,2017
construction_tools_construction,2017-08-01,7,6,5,168.57142857142858,30.618571428571432,7773.428571428572,38.857142857142854,17.571428571428573,32.142857142857146,482.85714285714283,2.2857142857142856,6.0,8.0,1.0,7.0,10.0,2017-09-01,8,3,2017
construction_tools_lights,2017-08-01,2,2,1,294.5,40.99,12000.0,45.0,35.0,45.0,771.0,1.0,1.0,0.0,0.0,1.0,1.0,2017-09-01,8,3,2017
construction_tools_safety,2017-08-01,1,1,1,8.9,15.79,400.0,20.0,5.0,20.0,219.0,1.0,0.0,0.0,0.0,0.3333333333333333,5.0,2017-09-01,8,3,2017
cool_stuff,2017-08-01,256,235,122,149.4707421875,20.656640625,2572.5390625,35.5,24.515625,24.0390625,862.32421875,2.0703125,228.0,199.0,241.0,227.66666666666666,203.0,2017-09-01,8,3,2017
costruction_tools_garden,2017-08-01,10,7,7,128.619,19.681,1412.0,40.6,19.8,25.9,1112.8,1.8,8.0,4.0,7.0,7.333333333333333,5.0,2017-09-01,8,3,2017
costruction_tools_tools,2017-08-01,0,0,0,401.95,15.2,1850.0,26.5,20.5,16.5,382.5,1.0,0.0,0.0,2.0,0.0,3.0,2017-09-01,8,3,2017
diapers_and_hygiene,2017-08-01,0,0,0,134.9,16.09,700.0,35.0,7.0,29.0,1151.0,8.0,0.0,0.0,0.0,0.0,0.0,2017-09-01,8,3,2017
drinks,2017-08-01,2,2,2,59.95,14.434999999999999,800.0,22.5,17.0,19.5,714.5,1.0,3.0,1.0,1.0,2.0,6.0,2017-09-01,8,3,2017
dvds_blu_ray,2017-08-01,6,6,5,18.9,19.738333333333333,208.33333333333334,20.0,2.0,14.0,649.5,1.0,3.0,4.0,4.0,4.333333333333333,2.0,2017-09-01,8,3,2017
electronics,2017-08-01,56,52,35,50.96696428571429,16.280535714285715,868.2142857142857,20.321428571428573,11.821428571428571,17.392857142857142,446.67857142857144,1.6607142857142858,94.0,41.0,65.0,63.666666666666664,67.0,2017-09-01,8,3,2017
fashio_female_clothing,2017-08-01,4,4,4,47.175000000000004,11.7375,500.0,28.0,19.0,18.75,944.25,2.0,4.0,3.0,4.0,3.6666666666666665,4.0,2017-09-01,8,3,2017
fashion_bags_accessories,2017-08-01,95,85,75,67.77778947368421,14.401263157894736,214.3684210526316,17.49473684210526,6.905263157894737,16.36842105263158,431.2736842105263,3.3789473684210525,86.0,81.0,104.0,87.33333333333333,122.0,2017-09-01,8,3,2017
fashion_childrens_clothes,2017-08-01,0,0,0,110.0,8.96,500.0,36.0,10.0,26.0,488.0,5.0,0.0,1.0,1.0,0.3333333333333333,1.0,2017-09-01,8,3,2017
fashion_male_clothing,2017-08-01,14,12,13,83.93285714285715,16.083571428571428,585.7142857142857,29.285714285714285,17.428571428571427,21.071428571428573,566.5714285714286,1.5,9.0,9.0,4.0,10.666666666666666,16.0,2017-09-01,8,3,2017
fashion_shoes,2017-08-01,22,18,21,67.80409090909092,16.576363636363638,836.3636363636364,26.59090909090909,12.090909090909092,24.818181818181817,431.77272727272725,5.7727272727272725,19.0,19.0,22.0,20.0,13.0,2017-09-01,8,3,2017
fashion_sport,2017-08-01,2,2,2,132.9,61.82,875.0,44.0,13.5,38.5,554.0,1.5,1.0,5.0,3.0,2.6666666666666665,5.0,2017-09-01,8,3,2017
fashion_underwear_beach,2017-08-01,13,13,10,85.46153846153847,15.220769230769232,213.46153846153845,32.84615384615385,9.0,22.076923076923077,519.9230769230769,1.9230769230769231,3.0,1.0,7.0,5.666666666666667,16.0,2017-09-01,8,3,2017
fixed_telephony,2017-08-01,20,14,11,167.177,14.8385,939.65,22.65,13.45,17.75,741.05,3.2,9.0,12.0,9.0,13.666666666666666,13.0,2017-09-01,8,3,2017
flowers,2017-08-01,0,0,0,,,,,,,,,0.0,0.0,0.0,0.0,0.0,2017-09-01,8,3,2017
food,2017-08-01,8,8,7,45.5625,16.96625,818.0,19.25,12.875,14.625,1110.25,2.625,7.0,1.0,3.0,5.333333333333333,17.0,2017-09-01,8,3,2017
food_drink,2017-08-01,15,12,8,32.98733333333333,15.609333333333332,953.3333333333334,20.4,20.133333333333333,16.933333333333334,733.0,1.0666666666666667,8.0,2.0,12.0,8.333333333333334,9.0,2017-09-01,8,3,2017
furniture_bedroom,2017-08-01,3,3,3,206.0,28.12,9733.333333333334,60.666666666666664,33.666666666666664,35.333333333333336,549.3333333333334,2.3333333333333335,4.0,2.0,9.0,3.0,4.0,2017-09-01,8,3,2017
furniture_decor,2017-08-01,426,323,246,78.86359154929578,19.272276995305162,2582.4953051643192,43.94600938967136,16.164319248826292,27.877934272300468,748.0704225352113,2.464788732394366,314.0,230.0,271.0,323.3333333333333,343.0,2017-09-01,8,3,2017
furniture_living_room,2017-08-01,23,21,15,107.74217391304349,29.56478260869565,5919.565217391304,38.69565217391305,15.347826086956522,49.130434782608695,546.7826086956521,2.1739130434782608,30.0,15.0,32.0,22.666666666666668,11.0,2017-09-01,8,3,2017
furniture_mattress_and_upholstery,2017-08-01,2,2,2,254.695,62.135000000000005,29150.0,50.0,59.5,47.5,613.5,1.0,1.0,0.0,3.0,1.0,1.0,2017-09-01,8,3,2017
garden_tools,2017-08-01,233,194,79,98.37309012875536,19.655021459227466,2152.3562231759656,30.76824034334764,18.879828326180256,29.4206008583691,503.9914163090129,2.072961373390558,184.0,110.0,138.0,175.66666666666666,222.0,2017-09-01,8,3,2017
health_beauty,2017-08-01,352,338,177,139.29042613636364,17.76008522727273,1239.590909090909,25.119318181818183,15.21875,18.735795454545453,1047.4829545454545,1.9403409090909092,308.0,254.0,284.0,304.6666666666667,376.0,2017-09-01,8,3,2017
home_appliances,2017-08-01,42,42,34,93.36547619047619,19.60833333333333,2201.6428571428573,32.45238095238095,15.071428571428571,26.571428571428573,344.23809523809524,1.2380952380952381,37.0,43.0,28.0,40.666666666666664,10.0,2017-09-01,8,3,2017
home_appliances_2,2017-08-01,15,15,10,245.77,44.582,13203.333333333334,49.8,51.93333333333333,39.733333333333334,860.2666666666667,2.8,7.0,6.0,7.0,9.333333333333334,6.0,2017-09-01,8,3,2017
home_comfort_2,2017-08-01,3,2,1,12.9,10.403333333333334,700.0,65.0,18.0,28.0,348.0,1.0,1.0,1.0,0.0,1.6666666666666667,1.0,2017-09-01,8,3,2017
home_confort,2017-08-01,28,24,16,142.86392857142857,19.14035714285714,2616.964285714286,45.785714285714285,14.964285714285714,35.92857142857143,263.25,1.4642857142857142,43.0,17.0,35.0,29.333333333333332,33.0,2017-09-01,8,3,2017
home_construction,2017-08-01,1,1,1,124.8,16.63,750.0,23.0,27.0,27.0,982.0,1.0,2.0,8.0,7.0,3.6666666666666665,11.0,2017-09-01,8,3,2017
housewares,2017-08-01,280,245,189,83.67085714285714,18.864428571428572,2876.9392857142857,32.86785714285714,21.45,24.25357142857143,663.225,2.467857142857143,271.0,321.0,302.0,290.6666666666667,249.0,2017-09-01,8,3,2017
industry_commerce_and_business,2017-08-01,3,3,3,318.96666666666664,29.016666666666666,2317.0,43.0,16.666666666666668,25.666666666666668,495.6666666666667,1.6666666666666667,2.0,2.0,2.0,2.3333333333333335,2.0,2017-09-01,8,3,2017
kitchen_dining_laundry_garden_furniture,2017-08-01,7,7,7,143.74285714285716,32.15571428571429,14982.142857142857,36.57142857142857,54.714285714285715,34.857142857142854,353.7142857142857,2.142857142857143,11.0,4.0,9.0,7.333333333333333,4.0,2017-09-01,8,3,2017
la_cuisine,2017-08-01,2,2,2,156.5,30.26,4900.0,69.5,13.5,35.0,481.5,1.0,4.0,0.0,1.0,2.0,0.0,2017-09-01,8,3,2017
luggage_accessories,2017-08-01,62,57,34,105.37258064516129,26.656451612903226,4826.612903225807,38.096774193548384,25.64516129032258,36.17741935483871,460.83870967741933,1.4193548387096775,73.0,60.0,70.0,65.0,42.0,2017-09-01,8,3,2017
market_place,2017-08-01,23,22,15,84.23434782608695,18.41478260869565,888.1304347826087,25.608695652173914,11.956521739130435,20.47826086956522,1085.695652173913,1.8695652173913044,13.0,16.0,22.0,17.333333333333332,11.0,2017-09-01,8,3,2017
music,2017-08-01,0,0,0,329.0,21.54,900.0,18.0,18.0,18.0,3853.0,2.0,1.0,4.0,0.0,1.6666666666666667,0.0,2017-09-01,8,3,2017
musical_instruments,2017-08-01,23,23,22,308.2413043478261,26.680434782608696,3944.8260869565215,35.52173913043478,16.91304347826087,29.82608695652174,819.0,3.6956521739130435,30.0,20.0,20.0,24.333333333333332,26.0,2017-09-01,8,3,2017
office_furniture,2017-08-01,58,46,33,170.2993103448276,43.30482758620689,12045.551724137931,51.53448275862069,48.63793103448276,32.224137931034484,1175.5172413793102,1.1724137931034482,115.0,50.0,56.0,74.33333333333333,60.0,2017-09-01,8,3,2017
party_supplies,2017-08-01,0,0,0,69.9,13.51,1250.0,35.0,25.0,25.0,320.0,1.0,1.0,0.0,0.0,0.3333333333333333,2.0,2017-09-01,8,3,2017
pc_gamer,2017-08-01,0,0,0,129.99,26.19,2839.0,19.0,16.0,18.0,621.0,4.0,0.0,1.0,1.0,0.3333333333333333,0.0,2017-09-01,8,3,2017
perfumery,2017-08-01,127,117,66,103.03228346456693,14.93204724409449,445.6771653543307,19.606299212598426,12.236220472440944,17.31496062992126,739.0629921259842,1.9606299212598426,121.0,148.0,143.0,132.0,153.0,2017-09-01,8,3,2017
pet_shop,2017-08-01,89,75,68,117.14370786516855,19.134719101123597,2558.3370786516853,35.12359550561798,22.202247191011235,28.224719101123597,913.1797752808989,2.696629213483146,85.0,63.0,73.0,79.0,71.0,2017-09-01,8,3,2017
portateis_cozinha_e_preparadores_de_alimentos,2017-08-01,0,0,0,,,,,,,,,0.0,0.0,0.0,0.0,0.0,2017-09-01,8,3,2017
security_and_services,2017-08-01,0,0,0,183.29,25.77,1225.0,27.0,35.0,15.0,506.0,1.0,0.0,0.0,0.0,0.0,1.0,2017-09-01,8,3,2017
signaling_and_security,2017-08-01,4,4,3,94.45,16.4175,1450.0,27.0,20.5,19.75,478.25,2.25,5.0,1.0,4.0,3.3333333333333335,9.0,2017-09-01,8,3,2017
small_appliances,2017-08-01,36,32,21,119.3613888888889,15.032499999999999,1048.8055555555557,21.805555555555557,23.666666666666668,25.0,737.0555555555555,1.8055555555555556,31.0,23.0,18.0,30.0,30.0,2017-09-01,8,3,2017
small_appliances_home_oven_and_coffee,2017-08-01,1,1,1,21.9,11.85,400.0,16.0,17.0,20.0,345.0,1.0,0.0,1.0,0.0,0.6666666666666666,1.0,2017-09-01,8,3,2017
sports_leisure,2017-08-01,417,375,260,97.42151079136691,18.427625899280574,1562.7314148681055,31.570743405275778,19.093525179856115,21.023980815347723,1091.0335731414868,1.9640287769784173,375.0,269.0,305.0,353.6666666666667,453.0,2017-09-01,8,3,2017
stationery,2017-08-01,80,75,57,79.586375,18.982375,3314.6875,31.6125,24.8,28.2375,373.3875,2.2,77.0,38.0,64.0,65.0,75.0,2017-09-01,8,3,2017
tablets_printing_image,2017-08-01,6,6,5,75.14833333333333,17.82166666666667,266.6666666666667,29.833333333333332,7.5,20.5,464.6666666666667,2.3333333333333335,2.0,6.0,7.0,4.666666666666667,3.0,2017-09-01,8,3,2017
telephony,2017-08-01,132,127,89,79.94931818181817,16.952575757575755,212.09848484848484,18.681818181818183,7.484848484848484,14.128787878787879,848.6818181818181,2.4318181818181817,143.0,157.0,214.0,144.0,173.0,2017-09-01,8,3,2017
toys,2017-08-01,182,168,122,97.11741758241757,17.155824175824176,1565.7967032967033,29.73076923076923,22.247252747252748,23.64835164835165,552.489010989011,3.0714285714285716,203.0,156.0,196.0,180.33333333333334,289.0,2017-09-01,8,3,2017
unknown_category,2017-08-01,75,64,53,66.246,16.457066666666666,1823.2876712328766,26.80821917808219,14.164383561643836,20.315068493150687,,,58.0,58.0,91.0,63.666666666666664,73.0,2017-09-01,8,3,2017
watches_gifts,2017-08-01,211,194,119,171.42630331753554,16.151658767772513,698.3649289099526,19.38862559241706,8.042654028436019,16.232227488151658,487.6018957345972,2.654028436018957,162.0,119.0,129.0,164.0,264.0,2017-09-01,8,3,2017
agro_industry_and_commerce,2017-09-01,4,3,3,498.4975,31.425,4500.0,34.25,40.0,21.75,505.0,2.5,4.0,1.0,1.0,3.0,5.0,2017-10-01,9,3,2017
air_conditioning,2017-09-01,7,7,6,232.7357142857143,21.84857142857143,4217.857142857143,28.0,21.142857142857142,26.714285714285715,718.1428571428571,3.2857142857142856,15.0,5.0,11.0,9.0,12.0,2017-10-01,9,3,2017
art,2017-09-01,3,3,3,129.51333333333335,15.770000000000001,716.6666666666666,29.0,8.666666666666666,16.333333333333332,996.3333333333334,3.0,4.0,3.0,4.0,3.3333333333333335,3.0,2017-10-01,9,3,2017
arts_and_craftmanship,2017-09-01,0,0,0,129.9,15.66,1200.0,20.0,20.0,16.0,283.0,1.0,0.0,1.0,0.0,0.3333333333333333,0.0,2017-10-01,9,3,2017
audio,2017-09-01,10,10,8,104.25900000000001,14.919999999999998,1073.8,20.1,9.5,14.8,1074.2,2.6,7.0,6.0,11.0,7.666666666666667,31.0,2017-10-01,9,3,2017
auto,2017-09-01,107,96,74,132.02588785046729,22.0496261682243,3026.1682242990655,37.21495327102804,15.271028037383177,28.570093457943926,810.3457943925233,2.1682242990654204,161.0,114.0,110.0,127.33333333333333,148.0,2017-10-01,9,3,2017
baby,2017-09-01,170,161,102,136.6614705882353,21.700529411764705,4146.329411764706,38.45294117647059,21.776470588235295,30.970588235294116,845.3529411764706,2.5294117647058822,127.0,125.0,78.0,140.66666666666666,138.0,2017-10-01,9,3,2017
bed_bath_table,2017-09-01,528,456,290,98.68486742424243,18.214791666666667,2667.0416666666665,38.859848484848484,12.704545454545455,32.26704545454545,359.7537878787879,1.6628787878787878,506.0,569.0,369.0,534.3333333333334,542.0,2017-10-01,9,3,2017
books_general_interest,2017-09-01,14,14,13,66.58857142857143,15.537857142857144,750.0,22.571428571428573,12.142857142857142,23.214285714285715,1082.2857142857142,2.0714285714285716,27.0,13.0,20.0,18.0,11.0,2017-10-01,9,3,2017
books_imported,2017-09-01,4,3,3,72.5,9.39,675.0,29.0,2.0,22.0,105.25,1.0,1.0,0.0,2.0,1.6666666666666667,0.0,2017-10-01,9,3,2017
books_technical,2017-09-01,8,8,8,125.16875,16.945,1300.0,28.375,3.25,20.75,1042.5,1.125,9.0,2.0,2.0,6.333333333333333,6.0,2017-10-01,9,3,2017
cds_dvds_musicals,2017-09-01,0,0,0,45.0,14.053333333333333,550.0,35.0,15.0,25.0,117.0,2.0,3.0,5.0,0.0,2.6666666666666665,1.0,2017-10-01,9,3,2017
christmas_supplies,2017-09-01,4,3,3,63.675,15.895,1662.5,36.5,24.75,34.75,469.5,5.0,1.0,2.0,3.0,2.3333333333333335,12.0,2017-10-01,9,3,2017
cine_photo,2017-09-01,1,1,1,69.0,33.84,5500.0,25.0,32.0,47.0,677.0,7.0,0.0,0.0,1.0,0.3333333333333333,1.0,2017-10-01,9,3,2017
computers,2017-09-01,40,39,7,1280.72225,42.9815,2873.75,16.3,31.5,39.35,3313.375,4.05,28.0,0.0,0.0,22.666666666666668,27.0,2017-10-01,9,3,2017
computers_accessories,2017-09-01,247,211,143,113.52489878542511,19.96582995951417,992.2186234817814,25.101214574898787,11.987854251012147,18.93522267206478,806.3238866396761,1.7692307692307692,341.0,320.0,254.0,302.6666666666667,309.0,2017-10-01,9,3,2017
consoles_games,2017-09-01,63,58,30,129.37412698412697,16.885873015873013,400.3968253968254,21.6984126984127,9.857142857142858,18.253968253968253,710.6349206349206,2.6825396825396823,84.0,47.0,29.0,64.66666666666667,105.0,2017-10-01,9,3,2017
construction_tools_construction,2017-09-01,10,7,7,124.03,17.992,3022.5,30.2,18.4,21.7,441.2,3.9,7.0,6.0,8.0,7.666666666666667,19.0,2017-10-01,9,3,2017
construction_tools_lights,2017-09-01,1,1,1,229.0,29.98,12000.0,45.0,35.0,45.0,771.0,1.0,2.0,1.0,0.0,1.3333333333333333,2.0,2017-10-01,9,3,2017
construction_tools_safety,2017-09-01,5,4,4,224.908,15.55,443.8,18.6,16.8,17.6,863.6,2.8,1.0,0.0,0.0,2.0,12.0,2017-10-01,9,3,2017
cool_stuff,2017-09-01,203,196,108,184.9629064039409,23.704827586206896,3353.177339901478,39.52709359605911,26.157635467980295,26.059113300492612,784.0985221674877,2.2019704433497536,256.0,228.0,199.0,229.0,254.0,2017-10-01,9,3,2017
costruction_tools_garden,2017-09-01,5,4,5,50.32,17.474,1139.4,24.6,15.6,21.0,1456.8,4.0,10.0,8.0,4.0,7.666666666666667,9.0,2017-10-01,9,3,2017
costruction_tools_tools,2017-09-01,3,3,3,305.63,19.73,2036.0,25.0,17.666666666666668,17.333333333333332,408.0,2.3333333333333335,0.0,0.0,0.0,1.0,5.0,2017-10-01,9,3,2017
diapers_and_hygiene,2017-09-01,0,0,0,134.9,16.09,700.0,35.0,7.0,29.0,1151.0,8.0,0.0,0.0,0.0,0.0,0.0,2017-10-01,9,3,2017
drinks,2017-09-01,6,5,4,40.830000000000005,11.575000000000001,459.1666666666667,21.666666666666668,13.833333333333334,15.5,1830.6666666666667,2.8333333333333335,2.0,3.0,1.0,3.6666666666666665,12.0,2017-10-01,9,3,2017
dvds_blu_ray,2017-09-01,2,2,2,19.9,25.63,175.0,20.0,2.0,14.0,970.0,1.0,6.0,3.0,4.0,3.6666666666666665,4.0,2017-10-01,9,3,2017
electronics,2017-09-01,67,65,45,64.76059701492538,18.184925373134327,1221.0,19.53731343283582,12.507462686567164,16.34328358208955,580.6716417910447,2.1791044776119404,56.0,94.0,41.0,72.33333333333333,62.0,2017-10-01,9,3,2017
fashio_female_clothing,2017-09-01,4,3,3,88.925,18.6525,725.0,19.25,7.75,16.75,1039.0,2.25,4.0,4.0,3.0,4.0,0.0,2017-10-01,9,3,2017
fashion_bags_accessories,2017-09-01,122,101,84,96.54295081967213,16.310573770491803,472.1967213114754,19.721311475409838,7.983606557377049,16.065573770491802,501.4672131147541,3.4754098360655736,95.0,86.0,81.0,101.0,108.0,2017-10-01,9,3,2017
fashion_childrens_clothes,2017-09-01,1,1,1,89.99,17.07,300.0,30.0,20.0,20.0,327.0,3.0,0.0,0.0,1.0,0.3333333333333333,1.0,2017-10-01,9,3,2017
fashion_male_clothing,2017-09-01,16,10,12,73.59375,13.168125,431.25,25.875,19.4375,15.0625,520.0625,1.4375,14.0,9.0,9.0,13.0,10.0,2017-10-01,9,3,2017
fashion_shoes,2017-09-01,13,12,13,84.5923076923077,19.214615384615385,1073.076923076923,26.076923076923077,14.153846153846153,26.76923076923077,395.61538461538464,4.153846153846154,22.0,19.0,19.0,18.0,18.0,2017-10-01,9,3,2017
fashion_sport,2017-09-01,5,2,2,76.92,23.244,290.0,20.4,14.4,15.0,669.8,2.8,2.0,1.0,5.0,2.6666666666666665,1.0,2017-10-01,9,3,2017
fashion_underwear_beach,2017-09-01,16,14,9,101.24375,14.8925,260.9375,30.8125,8.6875,23.3125,497.875,1.8125,13.0,3.0,1.0,10.666666666666666,3.0,2017-10-01,9,3,2017
fixed_telephony,2017-09-01,13,6,5,1053.3007692307692,22.86769230769231,510.7692307692308,17.0,11.23076923076923,15.538461538461538,1682.2307692307693,2.8461538461538463,20.0,9.0,12.0,14.0,7.0,2017-10-01,9,3,2017
flowers,2017-09-01,0,0,0,,,,,,,,,0.0,0.0,0.0,0.0,0.0,2017-10-01,9,3,2017
food,2017-09-01,17,13,7,58.40705882352941,14.487058823529411,757.6470588235294,18.647058823529413,12.294117647058824,15.117647058823529,1383.6470588235295,1.9411764705882353,8.0,7.0,1.0,10.666666666666666,17.0,2017-10-01,9,3,2017
food_drink,2017-09-01,9,6,6,34.54,14.880000000000003,833.3333333333334,19.0,17.88888888888889,15.555555555555555,706.4444444444445,1.7777777777777777,15.0,8.0,2.0,10.666666666666666,17.0,2017-10-01,9,3,2017
furniture_bedroom,2017-09-01,4,3,3,177.4,53.595,12125.0,47.5,34.25,35.5,1387.5,1.0,3.0,4.0,2.0,3.6666666666666665,3.0,2017-10-01,9,3,2017
furniture_decor,2017-09-01,343,270,209,89.08139941690963,21.332040816326533,2781.3061224489797,38.903790087463555,19.399416909620992,26.43731778425656,742.2594752186588,2.2244897959183674,426.0,314.0,230.0,361.0,375.0,2017-10-01,9,3,2017
furniture_living_room,2017-09-01,11,11,10,115.98818181818183,26.087272727272726,5143.909090909091,47.18181818181818,15.181818181818182,37.09090909090909,734.2727272727273,1.8181818181818181,23.0,30.0,15.0,21.333333333333332,19.0,2017-10-01,9,3,2017
furniture_mattress_and_upholstery,2017-09-01,1,1,1,86.5,47.32,6600.0,45.0,25.0,35.0,787.0,2.0,2.0,1.0,0.0,1.3333333333333333,0.0,2017-10-01,9,3,2017
garden_tools,2017-09-01,222,176,61,99.22716216216216,21.32301801801802,2788.4864864864867,31.63063063063063,20.054054054054053,29.963963963963963,599.2792792792793,2.234234234234234,233.0,184.0,110.0,213.0,280.0,2017-10-01,9,3,2017
health_beauty,2017-09-01,376,356,191,134.70521276595747,19.877739361702126,1241.912234042553,23.805851063829788,14.824468085106384,18.763297872340427,1182.438829787234,2.074468085106383,352.0,308.0,254.0,345.3333333333333,350.0,2017-10-01,9,3,2017
home_appliances,2017-09-01,10,10,8,182.019,37.708999999999996,4922.0,35.4,19.9,28.5,580.1,2.1,42.0,37.0,43.0,29.666666666666668,7.0,2017-10-01,9,3,2017
home_appliances_2,2017-09-01,6,6,6,271.3,50.13666666666666,9630.5,48.166666666666664,40.5,39.5,916.1666666666666,3.6666666666666665,15.0,7.0,6.0,9.333333333333334,9.0,2017-10-01,9,3,2017
home_comfort_2,2017-09-01,1,1,1,12.9,16.79,700.0,65.0,18.0,28.0,348.0,1.0,3.0,1.0,1.0,1.6666666666666667,5.0,2017-10-01,9,3,2017
home_confort,2017-09-01,33,26,17,139.16181818181818,20.636969696969697,2406.060606060606,39.72727272727273,15.181818181818182,33.18181818181818,275.3030303030303,1.5454545454545454,28.0,43.0,17.0,34.666666666666664,27.0,2017-10-01,9,3,2017
home_construction,2017-09-01,11,9,9,123.43727272727273,36.50454545454546,940.9090909090909,27.09090909090909,17.363636363636363,17.545454545454547,882.2727272727273,2.4545454545454546,1.0,2.0,8.0,4.666666666666667,18.0,2017-10-01,9,3,2017
housewares,2017-09-01,249,217,179,80.08658634538153,18.90277108433735,2811.6465863453814,32.24497991967871,22.751004016064257,26.03614457831325,660.2690763052209,2.1847389558232932,280.0,271.0,321.0,266.6666666666667,229.0,2017-10-01,9,3,2017
industry_commerce_and_business,2017-09-01,2,2,1,109.99,15.865,250.0,16.0,11.0,16.0,896.0,1.0,3.0,2.0,2.0,2.3333333333333335,5.0,2017-10-01,9,3,2017
kitchen_dining_laundry_garden_furniture,2017-09-01,4,4,4,102.4,29.57,4656.25,40.5,28.25,24.75,773.75,2.75,7.0,11.0,4.0,7.333333333333333,16.0,2017-10-01,9,3,2017
la_cuisine,2017-09-01,0,0,0,156.5,30.26,4900.0,69.5,13.5,35.0,481.5,1.0,2.0,4.0,0.0,2.0,1.0,2017-10-01,9,3,2017
luggage_accessories,2017-09-01,42,41,33,92.50904761904762,23.197857142857142,4329.761904761905,37.5,27.357142857142858,35.04761904761905,348.3095238095238,1.8095238095238095,62.0,73.0,60.0,59.0,56.0,2017-10-01,9,3,2017
market_place,2017-09-01,11,11,11,104.29181818181819,18.400909090909092,1650.0,31.545454545454547,19.363636363636363,21.09090909090909,990.3636363636364,2.272727272727273,23.0,13.0,16.0,15.666666666666666,11.0,2017-10-01,9,3,2017
music,2017-09-01,0,0,0,329.0,21.54,900.0,18.0,18.0,18.0,3853.0,2.0,0.0,1.0,4.0,0.3333333333333333,1.0,2017-10-01,9,3,2017
musical_instruments,2017-09-01,26,22,19,327.2076923076923,24.71076923076923,3136.769230769231,29.384615384615383,17.03846153846154,32.73076923076923,1034.5,2.269230769230769,23.0,30.0,20.0,26.333333333333332,19.0,2017-10-01,9,3,2017
office_furniture,2017-09-01,60,36,34,151.97783333333334,38.05533333333334,11210.516666666666,54.18333333333333,51.8,28.2,1358.2166666666667,1.15,58.0,115.0,50.0,77.66666666666667,102.0,2017-10-01,9,3,2017
party_supplies,2017-09-01,2,1,1,134.9,16.7,2100.0,30.0,35.0,30.0,332.0,1.0,0.0,1.0,0.0,1.0,2.0,2017-10-01,9,3,2017
pc_gamer,2017-09-01,0,0,0,129.99,26.19,2839.0,19.0,16.0,18.0,621.0,4.0,0.0,0.0,1.0,0.0,0.0,2017-10-01,9,3,2017
perfumery,2017-09-01,153,135,79,91.83856209150326,14.47111111111111,455.1764705882353,20.477124183006534,10.915032679738562,17.745098039215687,907.0849673202614,1.8496732026143792,127.0,121.0,148.0,133.66666666666666,187.0,2017-10-01,9,3,2017
pet_shop,2017-09-01,71,62,45,120.21014084507043,18.876619718309858,3474.5352112676055,35.23943661971831,22.323943661971832,28.760563380281692,780.9577464788732,2.9577464788732395,89.0,85.0,63.0,81.66666666666667,76.0,2017-10-01,9,3,2017
portateis_cozinha_e_preparadores_de_alimentos,2017-09-01,0,0,0,,,,,,,,,0.0,0.0,0.0,0.0,0.0,2017-10-01,9,3,2017
security_and_services,2017-09-01,1,1,1,100.0,15.45,400.0,26.0,22.0,11.0,461.0,4.0,0.0,0.0,0.0,0.3333333333333333,0.0,2017-10-01,9,3,2017
signaling_and_security,2017-09-01,9,5,3,48.71111111111111,10.905555555555557,257.22222222222223,20.666666666666668,13.222222222222221,23.88888888888889,558.2222222222222,1.2222222222222223,4.0,5.0,1.0,6.0,10.0,2017-10-01,9,3,2017
small_appliances,2017-09-01,30,29,22,334.358,29.411333333333335,4626.9,30.066666666666666,24.266666666666666,28.7,1300.3333333333333,2.2333333333333334,36.0,31.0,23.0,32.333333333333336,32.0,2017-10-01,9,3,2017
small_appliances_home_oven_and_coffee,2017-09-01,1,1,1,640.99,32.48,4800.0,16.0,4.0,11.0,459.0,3.0,1.0,0.0,1.0,0.6666666666666666,0.0,2017-10-01,9,3,2017
sports_leisure,2017-09-01,453,408,281,108.10620309050773,18.745386313465783,1560.8013245033112,32.379690949227374,19.516556291390728,20.85430463576159,1247.485651214128,2.088300220750552,417.0,375.0,269.0,415.0,462.0,2017-10-01,9,3,2017
stationery,2017-09-01,75,69,55,78.02026666666667,18.007466666666666,2887.7733333333335,34.96,23.293333333333333,28.026666666666667,352.52,2.56,80.0,77.0,38.0,77.33333333333333,96.0,2017-10-01,9,3,2017
tablets_printing_image,2017-09-01,3,3,2,77.96666666666667,15.326666666666666,266.6666666666667,22.666666666666668,8.666666666666666,22.0,390.0,1.6666666666666667,6.0,2.0,6.0,3.6666666666666665,1.0,2017-10-01,9,3,2017
telephony,2017-09-01,173,160,93,105.65531791907515,16.79936416184971,279.3468208092485,18.54335260115607,6.132947976878612,14.0,1077.5144508670521,2.4566473988439306,132.0,143.0,157.0,149.33333333333334,244.0,2017-10-01,9,3,2017
toys,2017-09-01,289,265,168,102.4457785467128,18.721730103806227,1798.560553633218,29.868512110726645,22.290657439446367,23.75432525951557,585.9480968858131,2.6782006920415227,182.0,203.0,156.0,224.66666666666666,283.0,2017-10-01,9,3,2017
unknown_category,2017-09-01,73,61,51,79.09794520547945,17.804383561643835,2868.4931506849316,30.931506849315067,16.671232876712327,22.054794520547944,,,75.0,58.0,58.0,68.66666666666667,68.0,2017-10-01,9,3,2017
watches_gifts,2017-09-01,264,251,138,169.50363636363636,16.075492424242427,763.7651515151515,17.920454545454547,7.833333333333333,15.515151515151516,516.8295454545455,2.5606060606060606,211.0,162.0,119.0,212.33333333333334,308.0,2017-10-01,9,3,2017
agro_industry_and_commerce,2017-10-01,5,5,5,670.0559999999999,41.63,6646.6,28.8,29.8,21.0,914.2,3.6,4.0,4.0,1.0,4.333333333333333,19.0,2017-11-01,10,4,2017
air_conditioning,2017-10-01,12,9,7,213.535,25.623333333333335,3636.8333333333335,40.75,25.666666666666668,31.666666666666668,794.75,2.0,7.0,15.0,5.0,11.333333333333334,19.0,2017-11-01,10,4,2017
art,2017-10-01,3,3,3,116.35000000000001,17.133333333333333,5330.0,49.666666666666664,4.666666666666667,29.333333333333332,772.6666666666666,1.6666666666666667,3.0,4.0,3.0,3.3333333333333335,1.0,2017-11-01,10,4,2017
arts_and_craftmanship,2017-10-01,0,0,0,129.9,15.66,1200.0,20.0,20.0,16.0,283.0,1.0,0.0,0.0,1.0,0.0,0.0,2017-11-01,10,4,2017
audio,2017-10-01,31,31,9,75.11548387096774,12.01516129032258,330.7096774193548,18.387096774193548,8.32258064516129,13.774193548387096,1261.7096774193549,2.193548387096774,10.0,7.0,6.0,16.0,36.0,2017-11-01,10,4,2017
auto,2017-10-01,148,130,112,144.7256081081081,23.705405405405408,2860.722972972973,35.5945945945946,15.986486486486486,26.66891891891892,775.918918918919,2.364864864864865,107.0,161.0,114.0,138.66666666666666,260.0,2017-11-01,10,4,2017
baby,2017-10-01,138,134,87,119.54710144927536,22.668333333333333,3955.021739130435,37.13768115942029,23.55072463768116,29.956521739130434,764.4492753623189,2.391304347826087,170.0,127.0,125.0,145.0,197.0,2017-11-01,10,4,2017
bed_bath_table,2017-10-01,542,442,316,84.8850553505535,16.978228782287825,1822.7785977859778,37.300738007380076,13.107011070110701,30.186346863468636,407.6291512915129,1.5239852398523985,528.0,506.0,569.0,525.3333333333334,961.0,2017-11-01,10,4,2017
books_general_interest,2017-10-01,11,8,6,66.77272727272727,17.76090909090909,868.1818181818181,21.0,13.909090909090908,16.727272727272727,1346.1818181818182,1.6363636363636365,14.0,27.0,13.0,17.333333333333332,37.0,2017-11-01,10,4,2017
books_imported,2017-10-01,0,0,0,72.5,9.39,675.0,29.0,2.0,22.0,105.25,1.0,4.0,1.0,0.0,1.6666666666666667,3.0,2017-11-01,10,4,2017
books_technical,2017-10-01,6,6,5,146.66666666666666,18.041666666666668,1500.0,26.833333333333332,7.0,19.833333333333332,1450.3333333333333,1.0,8.0,9.0,2.0,7.666666666666667,6.0,2017-11-01,10,4,2017
cds_dvds_musicals,2017-10-01,1,1,1,45.0,16.11,550.0,35.0,15.0,25.0,117.0,2.0,0.0,3.0,5.0,1.3333333333333333,3.0,2017-11-01,10,4,2017
christmas_supplies,2017-10-01,12,7,7,32.3375,11.9325,641.6666666666666,25.0,34.25,19.416666666666668,284.5833333333333,1.8333333333333333,4.0,1.0,2.0,5.666666666666667,22.0,2017-11-01,10,4,2017
cine_photo,2017-10-01,1,1,1,69.0,38.0,5500.0,25.0,32.0,47.0,677.0,7.0,1.0,0.0,0.0,0.6666666666666666,1.0,2017-11-01,10,4,2017
computers,2017-10-01,27,26,6,1496.0711111111111,47.77851851851852,5583.333333333333,19.037037037037038,37.96296296296296,40.888888888888886,3206.4074074074074,3.5185185185185186,40.0,28.0,0.0,31.666666666666668,7.0,2017-11-01,10,4,2017
computers_accessories,2017-10-01,309,253,170,135.95268608414239,19.67980582524272,1117.7540453074434,26.27831715210356,12.741100323624595,19.148867313915858,821.9449838187702,1.854368932038835,247.0,341.0,320.0,299.0,512.0,2017-11-01,10,4,2017
consoles_games,2017-10-01,105,99,46,98.86399999999999,15.71704761904762,385.55238095238093,19.37142857142857,13.514285714285714,17.047619047619047,553.7142857142857,2.933333333333333,63.0,84.0,47.0,84.0,128.0,2017-11-01,10,4,2017
construction_tools_construction,2017-10-01,19,15,16,135.58842105263156,23.613157894736844,4186.263157894737,34.63157894736842,14.842105263157896,29.210526315789473,718.2105263157895,3.6315789473684212,10.0,7.0,6.0,12.0,47.0,2017-11-01,10,4,2017
construction_tools_lights,2017-10-01,2,2,1,250.0,75.55000000000001,12000.0,45.0,35.0,45.0,771.0,1.0,1.0,2.0,1.0,1.6666666666666667,10.0,2017-11-01,10,4,2017
construction_tools_safety,2017-10-01,12,9,6,139.07083333333333,20.808333333333334,793.25,19.5,20.333333333333332,19.5,947.8333333333334,1.5833333333333333,5.0,1.0,0.0,6.0,14.0,2017-11-01,10,4,2017
cool_stuff,2017-10-01,254,242,130,174.59933070866143,24.319606299212598,2674.700787401575,36.28740157480315,26.385826771653544,22.669291338582678,865.9566929133858,1.889763779527559,203.0,256.0,228.0,237.66666666666666,297.0,2017-11-01,10,4,2017
costruction_tools_garden,2017-10-01,9,8,7,82.98888888888888,15.695555555555554,2378.777777777778,34.111111111111114,20.11111111111111,17.0,1210.888888888889,1.0,5.0,10.0,8.0,8.0,17.0,2017-11-01,10,4,2017
costruction_tools_tools,2017-10-01,5,5,5,203.72,20.272,978.4,21.0,17.2,18.0,510.2,2.4,3.0,0.0,0.0,2.6666666666666665,5.0,2017-11-01,10,4,2017
diapers_and_hygiene,2017-10-01,0,0,0,134.9,16.09,700.0,35.0,7.0,29.0,1151.0,8.0,0.0,0.0,0.0,0.0,0.0,2017-11-01,10,4,2017
drinks,2017-10-01,12,10,5,49.748333333333335,12.978333333333333,292.0,20.25,18.083333333333332,18.25,1146.8333333333333,2.6666666666666665,6.0,2.0,3.0,6.666666666666667,18.0,2017-11-01,10,4,2017
dvds_blu_ray,2017-10-01,4,4,4,43.65,23.625,300.0,20.0,3.25,14.0,1151.75,2.25,2.0,6.0,3.0,4.0,3.0,2017-11-01,10,4,2017
electronics,2017-10-01,62,55,32,54.457258064516125,17.606129032258064,889.5,21.903225806451612,9.64516129032258,16.193548387096776,645.1774193548387,2.161290322580645,67.0,56.0,94.0,61.666666666666664,182.0,2017-11-01,10,4,2017
fashio_female_clothing,2017-10-01,0,0,0,88.925,18.6525,725.0,19.25,7.75,16.75,1039.0,2.25,4.0,4.0,4.0,2.6666666666666665,2.0,2017-11-01,10,4,2017
fashion_bags_accessories,2017-10-01,108,93,85,70.22833333333334,14.779166666666667,422.22222222222223,19.453703703703702,8.037037037037036,17.13888888888889,440.0,3.5277777777777777,122.0,95.0,86.0,108.33333333333333,193.0,2017-11-01,10,4,2017
fashion_childrens_clothes,2017-10-01,1,1,1,39.99,14.1,100.0,16.0,16.0,16.0,168.0,1.0,1.0,0.0,0.0,0.6666666666666666,0.0,2017-11-01,10,4,2017
fashion_male_clothing,2017-10-01,10,8,8,97.19,14.533000000000001,615.0,33.1,21.2,19.9,719.9,2.0,16.0,14.0,9.0,13.333333333333334,11.0,2017-11-01,10,4,2017
fashion_shoes,2017-10-01,18,16,18,103.38444444444445,18.536666666666665,1263.888888888889,27.11111111111111,17.88888888888889,26.055555555555557,457.27777777777777,3.7777777777777777,13.0,22.0,19.0,17.666666666666668,19.0,2017-11-01,10,4,2017
fashion_sport,2017-10-01,1,1,1,59.9,8.72,450.0,20.0,20.0,20.0,487.0,1.0,5.0,2.0,1.0,2.6666666666666665,1.0,2017-11-01,10,4,2017
fashion_underwear_beach,2017-10-01,3,3,3,62.6,11.716666666666667,241.66666666666666,29.0,6.0,19.666666666666668,465.3333333333333,2.0,16.0,13.0,3.0,10.666666666666666,10.0,2017-11-01,10,4,2017
fixed_telephony,2017-10-01,7,6,6,535.9828571428571,22.02142857142857,1310.2857142857142,22.0,14.285714285714286,18.0,1031.7142857142858,2.5714285714285716,13.0,20.0,9.0,13.333333333333334,5.0,2017-11-01,10,4,2017
flowers,2017-10-01,0,0,0,,,,,,,,,0.0,0.0,0.0,0.0,6.0,2017-11-01,10,4,2017
food,2017-10-01,17,12,3,47.41529411764706,12.727058823529413,872.0588235294117,21.176470588235293,13.764705882352942,15.294117647058824,2073.9411764705883,3.0588235294117645,17.0,8.0,7.0,14.0,14.0,2017-11-01,10,4,2017
food_drink,2017-10-01,17,15,6,135.13117647058823,21.04470588235294,794.1176470588235,22.88235294117647,17.88235294117647,16.529411764705884,2794.6470588235293,1.0,9.0,15.0,8.0,13.666666666666666,33.0,2017-11-01,10,4,2017
furniture_bedroom,2017-10-01,3,3,3,314.6333333333333,51.81999999999999,13500.0,78.0,37.333333333333336,34.0,945.3333333333334,2.6666666666666665,4.0,3.0,4.0,3.3333333333333335,3.0,2017-11-01,10,4,2017
furniture_decor,2017-10-01,375,266,217,80.02597333333334,19.878373333333336,2528.3146666666667,41.053333333333335,17.629333333333335,25.192,826.04,2.432,343.0,426.0,314.0,381.3333333333333,767.0,2017-11-01,10,4,2017
furniture_living_room,2017-10-01,19,13,10,80.67315789473685,25.062631578947368,5018.421052631579,40.21052631578947,13.421052631578947,37.10526315789474,781.6842105263158,1.894736842105263,11.0,23.0,30.0,17.666666666666668,39.0,2017-11-01,10,4,2017
furniture_mattress_and_upholstery,2017-10-01,0,0,0,86.5,47.32,6600.0,45.0,25.0,35.0,787.0,2.0,1.0,2.0,1.0,1.0,2.0,2017-11-01,10,4,2017
garden_tools,2017-10-01,280,213,65,92.13839285714286,23.232464285714286,3014.1892857142857,31.582142857142856,19.99642857142857,29.189285714285713,674.1428571428571,2.0285714285714285,222.0,233.0,184.0,245.0,547.0,2017-11-01,10,4,2017
health_beauty,2017-10-01,350,322,185,116.28282857142857,19.18657142857143,1130.5114285714285,23.365714285714287,15.345714285714285,18.754285714285714,1005.0971428571429,1.8685714285714285,376.0,352.0,308.0,359.3333333333333,573.0,2017-11-01,10,4,2017
home_appliances,2017-10-01,7,7,5,262.5257142857143,36.29,8048.571428571428,43.142857142857146,24.714285714285715,33.857142857142854,775.0,2.7142857142857144,10.0,42.0,37.0,19.666666666666668,25.0,2017-11-01,10,4,2017
home_appliances_2,2017-10-01,9,9,8,233.80777777777777,37.81888888888889,6922.555555555556,37.22222222222222,35.44444444444444,38.44444444444444,745.6666666666666,2.2222222222222223,6.0,15.0,7.0,10.0,13.0,2017-11-01,10,4,2017
home_comfort_2,2017-10-01,5,3,1,12.9,15.1,700.0,65.0,18.0,28.0,348.0,1.0,1.0,3.0,1.0,3.0,3.0,2017-11-01,10,4,2017
home_confort,2017-10-01,27,26,17,134.06666666666666,16.772222222222222,2733.3333333333335,38.925925925925924,15.88888888888889,32.111111111111114,268.1111111111111,1.7407407407407407,33.0,28.0,43.0,29.333333333333332,45.0,2017-11-01,10,4,2017
home_construction,2017-10-01,18,15,14,233.39833333333334,30.61333333333333,5121.222222222223,32.27777777777778,26.833333333333332,20.833333333333332,861.1666666666666,1.8333333333333333,11.0,1.0,2.0,10.0,38.0,2017-11-01,10,4,2017
housewares,2017-10-01,229,188,141,69.3610480349345,18.32467248908297,3010.6681222707425,31.069868995633186,25.925764192139738,23.40174672489083,609.646288209607,2.0655021834061134,249.0,280.0,271.0,252.66666666666666,412.0,2017-11-01,10,4,2017
industry_commerce_and_business,2017-10-01,5,5,4,451.338,42.298,4000.0,43.6,44.6,26.8,1115.4,1.0,2.0,3.0,2.0,3.3333333333333335,6.0,2017-11-01,10,4,2017
kitchen_dining_laundry_garden_furniture,2017-10-01,16,14,12,214.2875,54.175625,11514.0625,51.6875,32.25,38.9375,628.5,2.75,4.0,7.0,11.0,9.0,33.0,2017-11-01,10,4,2017
la_cuisine,2017-10-01,1,1,1,137.0,23.83,1450.0,74.0,12.0,15.0,748.0,1.0,0.0,2.0,4.0,1.0,1.0,2017-11-01,10,4,2017
luggage_accessories,2017-10-01,56,52,34,111.43464285714286,26.375357142857144,3438.214285714286,39.767857142857146,22.125,35.232142857142854,409.32142857142856,1.9285714285714286,42.0,62.0,73.0,53.333333333333336,70.0,2017-11-01,10,4,2017
market_place,2017-10-01,11,10,10,92.68545454545455,14.416363636363634,1129.5454545454545,25.272727272727273,11.818181818181818,19.727272727272727,1022.7272727272727,1.8181818181818181,11.0,23.0,13.0,15.0,16.0,2017-11-01,10,4,2017
music,2017-10-01,1,1,1,54.9,15.13,150.0,16.0,9.0,11.0,432.0,2.0,0.0,0.0,1.0,0.3333333333333333,0.0,2017-11-01,10,4,2017
musical_instruments,2017-10-01,19,19,16,333.11894736842106,22.97684210526316,2362.7368421052633,40.8421052631579,11.842105263157896,31.894736842105264,1038.2105263157894,3.1578947368421053,26.0,23.0,30.0,22.666666666666668,42.0,2017-11-01,10,4,2017
office_furniture,2017-10-01,102,69,44,175.40029411764706,39.562745098039215,12219.343137254902,61.431372549019606,49.205882352941174,29.107843137254903,1141.921568627451,1.1666666666666667,60.0,58.0,115.0,73.33333333333333,101.0,2017-11-01,10,4,2017
party_supplies,2017-10-01,2,2,2,68.9,13.035,1875.0,30.0,25.0,25.0,237.0,1.5,2.0,0.0,1.0,1.3333333333333333,3.0,2017-11-01,10,4,2017
pc_gamer,2017-10-01,0,0,0,129.99,26.19,2839.0,19.0,16.0,18.0,621.0,4.0,0.0,0.0,0.0,0.0,0.0,2017-11-01,10,4,2017
perfumery,2017-10-01,187,175,81,90.25572192513368,16.869251336898397,492.3850267379679,21.106951871657753,12.085561497326204,17.288770053475936,845.3529411764706,1.8021390374331552,153.0,127.0,121.0,155.66666666666666,304.0,2017-11-01,10,4,2017
pet_shop,2017-10-01,76,64,47,108.46815789473685,18.163157894736845,2541.6710526315787,32.98684210526316,22.407894736842106,24.56578947368421,744.3684210526316,3.6578947368421053,71.0,89.0,85.0,78.66666666666667,97.0,2017-11-01,10,4,2017
portateis_cozinha_e_preparadores_de_alimentos,2017-10-01,0,0,0,,,,,,,,,0.0,0.0,0.0,0.0,0.0,2017-11-01,10,4,2017
security_and_services,2017-10-01,0,0,0,100.0,15.45,400.0,26.0,22.0,11.0,461.0,4.0,1.0,0.0,0.0,0.3333333333333333,0.0,2017-11-01,10,4,2017
signaling_and_security,2017-10-01,10,7,3,74.4,16.369999999999997,1605.0,21.7,19.5,15.7,462.1,2.8,9.0,4.0,5.0,7.666666666666667,5.0,2017-11-01,10,4,2017
small_appliances,2017-10-01,32,30,19,202.0265625,20.6184375,2720.8125,25.59375,25.53125,23.71875,857.53125,2.84375,30.0,36.0,31.0,32.666666666666664,28.0,2017-11-01,10,4,2017
small_appliances_home_oven_and_coffee,2017-10-01,0,0,0,640.99,32.48,4800.0,16.0,4.0,11.0,459.0,3.0,1.0,1.0,0.0,0.6666666666666666,0.0,2017-11-01,10,4,2017
sports_leisure,2017-10-01,462,417,297,105.12766233766234,17.80995670995671,1346.6103896103896,30.573593073593074,18.68831168831169,20.082251082251084,1170.1471861471862,2.170995670995671,453.0,417.0,375.0,444.0,597.0,2017-11-01,10,4,2017
stationery,2017-10-01,96,89,69,80.17885416666667,19.096041666666668,3475.8854166666665,34.625,23.885416666666668,27.760416666666668,364.0520833333333,2.5833333333333335,75.0,80.0,77.0,83.66666666666667,163.0,2017-11-01,10,4,2017
tablets_printing_image,2017-10-01,1,1,1,99.0,12.19,300.0,26.0,10.0,26.0,512.0,1.0,3.0,6.0,2.0,3.3333333333333335,6.0,2017-11-01,10,4,2017
telephony,2017-10-01,244,220,138,85.48844262295083,15.402172131147541,241.8155737704918,18.233606557377048,5.569672131147541,13.155737704918034,841.905737704918,3.0081967213114753,173.0,132.0,143.0,183.0,371.0,2017-11-01,10,4,2017
toys,2017-10-01,283,272,164,117.75413427561837,17.46356890459364,1655.035335689046,30.166077738515902,22.936395759717314,24.215547703180214,670.0883392226149,2.7738515901060072,289.0,182.0,203.0,251.33333333333334,485.0,2017-11-01,10,4,2017
unknown_category,2017-10-01,68,58,44,240.01867647058825,25.665735294117646,2786.764705882353,28.470588235294116,17.294117647058822,21.647058823529413,,,73.0,75.0,58.0,72.0,118.0,2017-11-01,10,4,2017
watches_gifts,2017-10-01,308,282,164,210.63191558441557,15.897110389610392,589.422077922078,18.428571428571427,9.269480519480519,15.279220779220779,544.4350649350649,2.4545454545454546,264.0,211.0,162.0,261.0,463.0,2017-11-01,10,4,2017
agro_industry_and_commerce,2017-11-01,19,13,7,733.2889473684211,35.67526315789474,4723.684210526316,29.42105263157895,28.842105263157894,22.105263157894736,1194.578947368421,1.8421052631578947,5.0,4.0,4.0,9.333333333333334,11.0,2017-12-01,11,4,2017
air_conditioning,2017-11-01,19,16,14,214.55894736842106,22.99684210526316,4712.894736842105,39.68421052631579,24.842105263157894,28.526315789473685,653.5263157894736,1.7894736842105263,12.0,7.0,15.0,12.666666666666666,3.0,2017-12-01,11,4,2017
art,2017-11-01,1,1,1,75.0,17.78,1947.0,98.0,6.0,44.0,923.0,2.0,3.0,3.0,4.0,2.3333333333333335,3.0,2017-12-01,11,4,2017
arts_and_craftmanship,2017-11-01,0,0,0,129.9,15.66,1200.0,20.0,20.0,16.0,283.0,1.0,0.0,0.0,0.0,0.0,0.0,2017-12-01,11,4,2017
audio,2017-11-01,36,33,12,102.14527777777778,14.386388888888888,2155.0,20.0,10.027777777777779,15.194444444444445,554.1666666666666,1.6111111111111112,31.0,10.0,7.0,25.666666666666668,17.0,2017-12-01,11,4,2017
auto,2017-11-01,260,242,182,133.60188461538462,21.658346153846153,2728.753846153846,36.11923076923077,16.088461538461537,27.361538461538462,741.0923076923077,2.3230769230769233,148.0,107.0,161.0,171.66666666666666,263.0,2017-12-01,11,4,2017
baby,2017-11-01,197,184,111,106.8436040609137,19.72700507614213,3031.3350253807107,36.2994923857868,19.071065989847718,27.79695431472081,843.1522842639594,2.248730964467005,138.0,170.0,127.0,168.33333333333334,139.0,2017-12-01,11,4,2017
bed_bath_table,2017-11-01,961,804,502,91.52719042663892,17.696097814776277,2008.3642039542144,35.55463059313215,13.249739854318419,29.93236212278876,465.3704474505723,1.5088449531737773,542.0,528.0,506.0,677.0,546.0,2017-12-01,11,4,2017
books_general_interest,2017-11-01,37,37,27,71.10729729729731,14.98108108108108,933.9459459459459,22.2972972972973,14.027027027027026,17.16216216216216,1400.2972972972973,2.5405405405405403,11.0,14.0,27.0,20.666666666666668,41.0,2017-12-01,11,4,2017
books_imported,2017-11-01,3,2,3,82.33333333333333,11.403333333333334,766.6666666666666,30.333333333333332,3.3333333333333335,22.0,962.0,2.6666666666666665,0.0,4.0,1.0,2.3333333333333335,3.0,2017-12-01,11,4,2017
books_technical,2017-11-01,6,5,3,128.15,15.82,866.6666666666666,25.5,3.3333333333333335,18.5,1256.0,1.0,6.0,8.0,9.0,6.666666666666667,4.0,2017-12-01,11,4,2017
cds_dvds_musicals,2017-11-01,3,3,1,65.0,9.94,550.0,35.0,15.0,25.0,117.0,2.0,1.0,0.0,3.0,1.3333333333333333,1.0,2017-12-01,11,4,2017
christmas_supplies,2017-11-01,22,18,16,59.66363636363636,19.470909090909092,1715.909090909091,23.818181818181817,19.954545454545453,20.818181818181817,402.04545454545456,4.318181818181818,12.0,4.0,1.0,12.666666666666666,16.0,2017-12-01,11,4,2017
cine_photo,2017-11-01,1,1,1,242.0,17.94,1540.0,47.0,19.0,19.0,1451.0,1.0,1.0,1.0,0.0,1.0,0.0,2017-12-01,11,4,2017
computers,2017-11-01,7,7,2,1395.4285714285713,41.771428571428565,2771.4285714285716,16.0,31.0,39.0,3620.0,4.0,27.0,40.0,28.0,24.666666666666668,23.0,2017-12-01,11,4,2017
computers_accessories,2017-11-01,512,431,256,136.0865625,19.98947265625,947.236328125,24.9296875,12.53125,18.927734375,728.140625,1.734375,309.0,247.0,341.0,356.0,284.0,2017-12-01,11,4,2017
consoles_games,2017-11-01,128,123,49,91.9709375,16.41,311.25,19.2265625,12.0078125,16.484375,599.03125,3.0078125,105.0,63.0,84.0,98.66666666666667,92.0,2017-12-01,11,4,2017
construction_tools_construction,2017-11-01,47,36,30,148.7991489361702,34.100638297872344,5688.595744680851,35.765957446808514,17.595744680851062,26.04255319148936,633.5957446808511,2.382978723404255,19.0,10.0,7.0,25.333333333333332,27.0,2017-12-01,11,4,2017
construction_tools_lights,2017-11-01,10,9,3,219.948,40.751,8870.0,42.8,28.8,39.8,629.8,1.0,2.0,1.0,2.0,4.333333333333333,2.0,2017-12-01,11,4,2017
construction_tools_safety,2017-11-01,14,12,12,234.335,16.215714285714288,1195.7142857142858,21.0,20.642857142857142,20.5,1185.642857142857,1.7857142857142858,12.0,5.0,1.0,10.333333333333334,7.0,2017-12-01,11,4,2017
cool_stuff,2017-11-01,297,286,147,187.53084175084177,22.10909090909091,2291.6835016835016,35.033670033670035,26.565656565656564,22.973063973063972,944.8350168350169,2.164983164983165,254.0,203.0,256.0,251.33333333333334,248.0,2017-12-01,11,4,2017
costruction_tools_garden,2017-11-01,17,14,14,71.67647058823529,21.185294117647057,1749.8235294117646,25.764705882352942,17.647058823529413,19.0,1315.4117647058824,2.235294117647059,9.0,5.0,10.0,10.333333333333334,6.0,2017-12-01,11,4,2017
costruction_tools_tools,2017-11-01,5,4,3,53.9,16.008,320.0,18.8,18.8,18.8,438.0,2.6,5.0,3.0,0.0,4.333333333333333,6.0,2017-12-01,11,4,2017
diapers_and_hygiene,2017-11-01,0,0,0,134.9,16.09,700.0,35.0,7.0,29.0,1151.0,8.0,0.0,0.0,0.0,0.0,2.0,2017-12-01,11,4,2017
drinks,2017-11-01,18,14,14,37.45111111111111,13.26611111111111,723.1111111111111,21.0,18.555555555555557,18.0,905.9444444444445,1.7222222222222223,12.0,6.0,2.0,12.0,34.0,2017-12-01,11,4,2017
dvds_blu_ray,2017-11-01,3,3,3,26.596666666666664,21.959999999999997,200.0,18.666666666666668,2.6666666666666665,13.0,908.3333333333334,2.6666666666666665,4.0,2.0,6.0,3.0,1.0,2017-12-01,11,4,2017
electronics,2017-11-01,182,163,87,54.90653846153846,15.89098901098901,897.6263736263736,24.214285714285715,12.137362637362637,16.763736263736263,635.0604395604396,1.7417582417582418,62.0,67.0,56.0,103.66666666666667,209.0,2017-12-01,11,4,2017
fashio_female_clothing,2017-11-01,2,2,2,29.99,12.094999999999999,350.0,16.0,5.0,20.0,367.0,6.0,0.0,4.0,4.0,2.0,0.0,2017-12-01,11,4,2017
fashion_bags_accessories,2017-11-01,193,178,145,66.57683937823835,13.77217616580311,350.3626943005181,18.694300518134714,8.33160621761658,15.694300518134716,455.81865284974094,3.476683937823834,108.0,122.0,95.0,141.0,134.0,2017-12-01,11,4,2017
fashion_childrens_clothes,2017-11-01,0,0,0,39.99,14.1,100.0,16.0,16.0,16.0,168.0,1.0,1.0,1.0,0.0,0.6666666666666666,0.0,2017-12-01,11,4,2017
fashion_male_clothing,2017-11-01,11,10,10,80.09,14.608181818181817,597.7272727272727,24.181818181818183,11.545454545454545,20.363636363636363,715.5454545454545,1.8181818181818181,10.0,16.0,14.0,12.333333333333334,4.0,2017-12-01,11,4,2017
fashion_shoes,2017-11-01,19,17,17,89.88421052631578,17.091052631578947,1210.5263157894738,25.210526315789473,15.68421052631579,26.68421052631579,400.0,4.0,18.0,13.0,22.0,16.666666666666668,13.0,2017-12-01,11,4,2017
fashion_sport,2017-11-01,1,1,1,59.9,7.78,250.0,18.0,12.0,12.0,220.0,2.0,1.0,5.0,2.0,2.3333333333333335,1.0,2017-12-01,11,4,2017
fashion_underwear_beach,2017-11-01,10,10,9,122.16,17.026,320.0,24.3,7.7,24.1,542.8,2.4,3.0,16.0,13.0,9.666666666666666,13.0,2017-12-01,11,4,2017
fixed_telephony,2017-11-01,5,5,5,188.796,18.5,696.6,19.4,12.0,15.0,1125.2,2.6,7.0,13.0,20.0,8.333333333333334,5.0,2017-12-01,11,4,2017
flowers,2017-11-01,6,6,5,31.3,13.581666666666665,1541.6666666666667,20.666666666666668,13.166666666666666,14.833333333333334,231.5,1.0,0.0,0.0,0.0,2.0,2.0,2017-12-01,11,4,2017
food,2017-11-01,14,10,8,35.57785714285714,11.711428571428572,584.7142857142857,21.357142857142858,12.928571428571429,15.142857142857142,1805.2142857142858,2.7857142857142856,17.0,17.0,8.0,16.0,13.0,2017-12-01,11,4,2017
food_drink,2017-11-01,33,28,15,74.10818181818182,17.75090909090909,912.1212121212121,21.393939393939394,14.272727272727273,17.060606060606062,1114.939393939394,1.4242424242424243,17.0,9.0,15.0,19.666666666666668,21.0,2017-12-01,11,4,2017
furniture_bedroom,2017-11-01,3,3,3,291.0,59.15333333333333,12550.0,69.0,45.0,35.0,975.3333333333334,3.0,3.0,4.0,3.0,3.3333333333333335,1.0,2017-12-01,11,4,2017
furniture_decor,2017-11-01,767,536,352,80.95341590612777,19.02808344198175,2526.895697522816,42.3089960886571,18.33767926988266,26.073011734028682,808.6466753585397,2.559322033898305,375.0,343.0,426.0,495.0,378.0,2017-12-01,11,4,2017
furniture_living_room,2017-11-01,39,29,25,159.30641025641026,37.050000000000004,9503.153846153846,42.82051282051282,19.94871794871795,60.8974358974359,595.3076923076923,2.1025641025641026,19.0,11.0,23.0,23.0,20.0,2017-12-01,11,4,2017
furniture_mattress_and_upholstery,2017-11-01,2,2,2,167.0,39.405,1825.0,55.5,15.5,60.5,1469.5,2.5,0.0,1.0,2.0,1.0,8.0,2017-12-01,11,4,2017
garden_tools,2017-11-01,547,430,75,80.9418281535649,22.234296160877513,2651.001828153565,30.398537477148082,20.10420475319927,29.610603290676416,634.8025594149908,1.9817184643510055,280.0,222.0,233.0,349.6666666666667,323.0,2017-12-01,11,4,2017
health_beauty,2017-11-01,573,519,264,136.604537521815,18.249528795811518,1037.5148342059338,24.356020942408378,14.809773123909249,17.952879581151834,1101.5078534031413,1.8045375218150088,350.0,376.0,352.0,433.0,460.0,2017-12-01,11,4,2017
home_appliances,2017-11-01,25,25,21,180.6376,22.1616,3411.72,31.36,19.84,23.92,646.76,2.4,7.0,10.0,42.0,14.0,16.0,2017-12-01,11,4,2017
home_appliances_2,2017-11-01,13,13,10,373.4561538461539,44.12076923076923,6976.923076923077,49.15384615384615,22.692307692307693,45.84615384615385,954.5384615384615,4.384615384615385,9.0,6.0,15.0,9.333333333333334,8.0,2017-12-01,11,4,2017
home_comfort_2,2017-11-01,3,3,1,12.9,14.016666666666666,700.0,65.0,18.0,28.0,348.0,1.0,5.0,1.0,3.0,3.0,0.0,2017-12-01,11,4,2017
home_confort,2017-11-01,45,40,21,119.00866666666667,19.772,2664.4444444444443,47.733333333333334,15.177777777777777,36.977777777777774,240.48888888888888,1.3333333333333333,27.0,33.0,28.0,35.0,14.0,2017-12-01,11,4,2017
home_construction,2017-11-01,38,33,20,129.91368421052633,20.78473684210526,2848.0,32.26315789473684,24.763157894736842,18.342105263157894,587.7368421052631,4.026315789473684,18.0,11.0,1.0,22.333333333333332,38.0,2017-12-01,11,4,2017
housewares,2017-11-01,412,345,228,82.21461165048544,20.405194174757284,3811.847087378641,31.29126213592233,27.762135922330096,24.565533980582526,682.7766990291262,2.012135922330097,229.0,249.0,280.0,296.6666666666667,288.0,2017-12-01,11,4,2017
industry_commerce_and_business,2017-11-01,6,6,6,332.4783333333333,41.73500000000001,8300.0,34.166666666666664,21.833333333333332,27.333333333333332,832.3333333333334,1.3333333333333333,5.0,2.0,3.0,4.333333333333333,9.0,2017-12-01,11,4,2017
kitchen_dining_laundry_garden_furniture,2017-11-01,33,28,15,151.73909090909092,41.81030303030303,8858.333333333334,47.93939393939394,19.454545454545453,32.84848484848485,696.1212121212121,3.242424242424242,16.0,4.0,7.0,17.666666666666668,20.0,2017-12-01,11,4,2017
la_cuisine,2017-11-01,1,1,1,137.0,0.11,1450.0,74.0,12.0,15.0,748.0,1.0,1.0,0.0,2.0,0.6666666666666666,0.0,2017-12-01,11,4,2017
luggage_accessories,2017-11-01,70,63,38,118.58785714285713,31.018428571428572,6004.285714285715,39.47142857142857,28.84285714285714,35.51428571428571,461.85714285714283,1.8428571428571427,56.0,42.0,62.0,56.0,46.0,2017-12-01,11,4,2017
market_place,2017-11-01,16,11,11,84.74875,20.414375,941.25,29.3125,9.5625,24.6875,745.5625,2.125,11.0,11.0,23.0,12.666666666666666,14.0,2017-12-01,11,4,2017
music,2017-11-01,0,0,0,54.9,15.13,150.0,16.0,9.0,11.0,432.0,2.0,1.0,0.0,0.0,0.3333333333333333,0.0,2017-12-01,11,4,2017
musical_instruments,2017-11-01,42,41,35,375.6402380952381,30.56142857142857,4729.690476190476,44.80952380952381,19.285714285714285,32.023809523809526,791.5952380952381,3.261904761904762,19.0,26.0,23.0,29.0,42.0,2017-12-01,11,4,2017
office_furniture,2017-11-01,101,75,54,177.41782178217824,47.214554455445544,13577.722772277228,57.475247524752476,52.554455445544555,31.821782178217823,1215.6336633663366,1.0891089108910892,102.0,60.0,58.0,87.66666666666667,48.0,2017-12-01,11,4,2017
party_supplies,2017-11-01,3,3,3,283.56666666666666,18.623333333333335,1616.6666666666667,22.0,16.666666666666668,18.666666666666668,452.6666666666667,2.6666666666666665,2.0,2.0,0.0,2.3333333333333335,2.0,2017-12-01,11,4,2017
pc_gamer,2017-11-01,0,0,0,129.99,26.19,2839.0,19.0,16.0,18.0,621.0,4.0,0.0,0.0,0.0,0.0,0.0,2017-12-01,11,4,2017
perfumery,2017-11-01,304,287,146,103.98726973684211,15.762664473684211,461.6381578947368,20.25986842105263,13.161184210526315,17.026315789473685,708.9243421052631,1.6546052631578947,187.0,153.0,127.0,214.66666666666666,233.0,2017-12-01,11,4,2017
pet_shop,2017-11-01,97,82,70,115.1318556701031,21.31731958762887,2886.3505154639174,34.21649484536083,17.855670103092784,27.24742268041237,902.9896907216495,2.515463917525773,76.0,71.0,89.0,81.33333333333333,72.0,2017-12-01,11,4,2017
portateis_cozinha_e_preparadores_de_alimentos,2017-11-01,0,0,0,,,,,,,,,0.0,0.0,0.0,0.0,0.0,2017-12-01,11,4,2017
security_and_services,2017-11-01,0,0,0,100.0,15.45,400.0,26.0,22.0,11.0,461.0,4.0,0.0,1.0,0.0,0.3333333333333333,0.0,2017-12-01,11,4,2017
signaling_and_security,2017-11-01,5,3,3,119.35799999999999,39.2,10210.0,54.0,52.6,25.0,793.8,2.0,10.0,9.0,4.0,8.0,2.0,2017-12-01,11,4,2017
small_appliances,2017-11-01,28,27,22,242.24714285714285,25.180714285714284,3492.535714285714,24.928571428571427,29.75,28.142857142857142,938.75,1.5714285714285714,32.0,30.0,36.0,30.0,27.0,2017-12-01,11,4,2017
small_appliances_home_oven_and_coffee,2017-11-01,0,0,0,640.99,32.48,4800.0,16.0,4.0,11.0,459.0,3.0,0.0,1.0,1.0,0.3333333333333333,0.0,2017-12-01,11,4,2017
sports_leisure,2017-11-01,597,542,378,105.00207705192629,18.923618090452262,1477.9564489112229,31.537688442211056,17.768844221105528,20.35678391959799,1116.180904522613,2.2144053601340032,462.0,453.0,417.0,504.0,484.0,2017-12-01,11,4,2017
stationery,2017-11-01,163,149,104,100.65147239263803,20.850674846625765,3932.3435582822085,38.11656441717791,23.0,27.312883435582823,345.8036809815951,3.441717791411043,96.0,75.0,80.0,111.33333333333333,248.0,2017-12-01,11,4,2017
tablets_printing_image,2017-11-01,6,6,4,58.400000000000006,15.331666666666665,249.83333333333334,28.0,9.333333333333334,19.0,396.5,1.6666666666666667,1.0,3.0,6.0,3.3333333333333335,6.0,2017-12-01,11,4,2017
telephony,2017-11-01,371,343,215,70.39792452830189,15.364285714285714,372.54177897574124,18.23989218328841,5.822102425876011,12.706199460916443,892.1617250673854,3.221024258760108,244.0,173.0,132.0,262.6666666666667,260.0,2017-12-01,11,4,2017
toys,2017-11-01,485,443,249,129.09538144329898,19.674350515463917,1984.8969072164948,29.756701030927836,24.995876288659794,25.843298969072166,658.3793814432989,2.643298969072165,283.0,289.0,182.0,352.3333333333333,436.0,2017-12-01,11,4,2017
unknown_category,2017-11-01,118,111,83,116.83516949152542,17.64372881355932,1642.1016949152543,24.88135593220339,13.483050847457626,19.635593220338983,,,68.0,73.0,75.0,86.33333333333333,137.0,2017-12-01,11,4,2017
watches_gifts,2017-11-01,463,424,224,205.81498920086392,16.939438444924406,587.9848812095032,19.829373650107993,8.32829373650108,15.639308855291576,583.414686825054,2.613390928725702,308.0,264.0,211.0,345.0,353.0,2017-12-01,11,4,2017
agro_industry_and_commerce,2017-12-01,11,9,7,481.06363636363636,33.849090909090904,4232.272727272727,32.45454545454545,30.545454545454547,23.90909090909091,925.9090909090909,2.272727272727273,19.0,5.0,4.0,11.666666666666666,18.0,2018-01-01,12,4,2017
air_conditioning,2017-12-01,3,3,3,222.9333333333333,17.846666666666668,3158.3333333333335,37.333333333333336,16.0,27.666666666666668,908.0,2.6666666666666665,19.0,12.0,7.0,11.333333333333334,29.0,2018-01-01,12,4,2017
art,2017-12-01,3,3,3,38.416666666666664,16.046666666666667,716.6666666666666,26.333333333333332,13.333333333333334,11.666666666666666,477.0,1.6666666666666667,1.0,3.0,3.0,2.3333333333333335,19.0,2018-01-01,12,4,2017
arts_and_craftmanship,2017-12-01,0,0,0,129.9,15.66,1200.0,20.0,20.0,16.0,283.0,1.0,0.0,0.0,0.0,0.0,0.0,2018-01-01,12,4,2017
audio,2017-12-01,17,17,10,158.05470588235295,14.952352941176471,701.1176470588235,18.41176470588235,12.058823529411764,15.882352941176471,671.2352941176471,1.9411764705882353,36.0,31.0,10.0,28.0,26.0,2018-01-01,12,4,2017
auto,2017-12-01,263,238,170,148.36486692015208,21.88448669201521,3541.1406844106464,36.31178707224335,17.874524714828897,26.688212927756656,749.6311787072243,2.326996197718631,260.0,148.0,107.0,223.66666666666666,267.0,2018-01-01,12,4,2017
baby,2017-12-01,139,135,90,141.42791366906474,19.71273381294964,3237.6690647482014,36.402877697841724,21.1294964028777,30.690647482014388,882.5827338129496,2.446043165467626,197.0,138.0,170.0,158.0,219.0,2018-01-01,12,4,2017
bed_bath_table,2017-12-01,546,476,346,91.72373626373627,17.028076923076924,1771.930402930403,36.1978021978022,11.635531135531135,30.622710622710624,415.17765567765565,1.4047619047619047,961.0,542.0,528.0,683.0,836.0,2018-01-01,12,4,2017
books_general_interest,2017-12-01,41,37,26,57.37073170731707,15.537073170731707,694.390243902439,21.902439024390244,12.317073170731707,19.29268292682927,891.8780487804878,1.5609756097560976,37.0,11.0,14.0,29.666666666666668,44.0,2018-01-01,12,4,2017
books_imported,2017-12-01,3,3,1,77.0,13.353333333333333,1000.0,33.0,6.0,22.0,2157.0,6.0,3.0,0.0,4.0,2.0,6.0,2018-01-01,12,4,2017
books_technical,2017-12-01,4,4,4,167.6725,16.3175,1362.5,25.0,15.25,18.5,1403.5,1.0,6.0,6.0,8.0,5.333333333333333,17.0,2018-01-01,12,4,2017
cds_dvds_musicals,2017-12-01,1,1,1,65.0,9.94,550.0,35.0,15.0,25.0,117.0,2.0,3.0,1.0,0.0,1.6666666666666667,0.0,2018-01-01,12,4,2017
christmas_supplies,2017-12-01,16,14,13,30.868750000000002,18.816875,1387.5,26.3125,13.5,21.4375,543.75,1.5,22.0,12.0,4.0,16.666666666666668,10.0,2018-01-01,12,4,2017
cine_photo,2017-12-01,0,0,0,242.0,17.94,1540.0,47.0,19.0,19.0,1451.0,1.0,1.0,1.0,1.0,0.6666666666666666,2.0,2018-01-01,12,4,2017
computers,2017-12-01,23,19,4,727.8695652173913,51.09869565217391,10997.826086956522,25.08695652173913,46.69565217391305,50.56521739130435,1534.6521739130435,1.5217391304347827,7.0,27.0,40.0,19.0,11.0,2018-01-01,12,4,2017
computers_accessories,2017-12-01,284,249,170,131.79109154929577,19.502183098591548,1176.6795774647887,24.37323943661972,12.038732394366198,18.70774647887324,788.0140845070423,1.8873239436619718,512.0,309.0,247.0,368.3333333333333,688.0,2018-01-01,12,4,2017
consoles_games,2017-12-01,92,87,39,96.57619565217392,14.341195652173912,381.8369565217391,20.27173913043478,12.021739130434783,16.76086956521739,608.0978260869565,3.2717391304347827,128.0,105.0,63.0,108.33333333333333,51.0,2018-01-01,12,4,2017
construction_tools_construction,2017-12-01,27,22,22,215.9388888888889,27.264814814814812,5997.555555555556,31.22222222222222,18.77777777777778,27.14814814814815,523.4074074074074,2.5925925925925926,47.0,19.0,10.0,31.0,48.0,2018-01-01,12,4,2017
construction_tools_lights,2017-12-01,2,2,1,88.0,15.23,250.0,16.0,17.0,17.0,506.0,1.0,10.0,2.0,1.0,4.666666666666667,7.0,2018-01-01,12,4,2017
construction_tools_safety,2017-12-01,7,7,6,197.8457142857143,20.077142857142857,885.7142857142857,18.857142857142858,18.857142857142858,18.857142857142858,1162.857142857143,2.7142857142857144,14.0,12.0,5.0,11.0,11.0,2018-01-01,12,4,2017
cool_stuff,2017-12-01,248,231,113,151.27245967741936,20.92459677419355,2142.326612903226,31.620967741935484,25.028225806451612,21.350806451612904,943.5806451612904,1.7862903225806452,297.0,254.0,203.0,266.3333333333333,296.0,2018-01-01,12,4,2017
costruction_tools_garden,2017-12-01,6,6,6,154.8166666666667,28.141666666666666,2937.5,31.5,21.333333333333332,28.5,1139.1666666666667,2.8333333333333335,17.0,9.0,5.0,10.666666666666666,24.0,2018-01-01,12,4,2017
costruction_tools_tools,2017-12-01,6,6,3,58.23333333333333,18.07,341.6666666666667,17.5,17.5,17.5,464.3333333333333,2.8333333333333335,5.0,5.0,3.0,5.333333333333333,8.0,2018-01-01,12,4,2017
diapers_and_hygiene,2017-12-01,2,1,1,38.0,11.85,200.0,22.0,8.0,16.0,321.0,2.0,0.0,0.0,0.0,0.6666666666666666,5.0,2018-01-01,12,4,2017
drinks,2017-12-01,34,31,12,62.73058823529412,12.98735294117647,826.8823529411765,22.61764705882353,19.558823529411764,19.235294117647058,802.4411764705883,2.0,18.0,12.0,6.0,21.333333333333332,50.0,2018-01-01,12,4,2017
dvds_blu_ray,2017-12-01,1,1,1,119.9,15.59,400.0,18.0,25.0,11.0,2123.0,3.0,3.0,4.0,2.0,2.6666666666666665,2.0,2018-01-01,12,4,2017
electronics,2017-12-01,209,189,99,40.758899521531106,16.47444976076555,904.9808612440191,22.751196172248804,10.933014354066986,15.875598086124402,548.88995215311,1.4545454545454546,182.0,62.0,67.0,151.0,348.0,2018-01-01,12,4,2017
fashio_female_clothing,2017-12-01,0,0,0,29.99,12.094999999999999,350.0,16.0,5.0,20.0,367.0,6.0,2.0,0.0,4.0,0.6666666666666666,3.0,2018-01-01,12,4,2017
fashion_bags_accessories,2017-12-01,134,123,102,74.62507462686567,14.858432835820896,270.7835820895522,17.746268656716417,6.873134328358209,15.17910447761194,474.23880597014926,3.8134328358208953,193.0,108.0,122.0,145.0,125.0,2018-01-01,12,4,2017
fashion_childrens_clothes,2017-12-01,0,0,0,39.99,14.1,100.0,16.0,16.0,16.0,168.0,1.0,0.0,1.0,1.0,0.3333333333333333,0.0,2018-01-01,12,4,2017
fashion_male_clothing,2017-12-01,4,4,4,112.7225,20.3125,475.0,24.75,15.0,26.25,407.5,2.75,11.0,10.0,16.0,8.333333333333334,6.0,2018-01-01,12,4,2017
fashion_shoes,2017-12-01,13,12,13,84.53846153846153,15.881538461538462,1034.6153846153845,23.692307692307693,14.615384615384615,24.846153846153847,482.7692307692308,3.5384615384615383,19.0,18.0,13.0,16.666666666666668,9.0,2018-01-01,12,4,2017
fashion_sport,2017-12-01,1,1,1,59.9,16.86,250.0,18.0,12.0,12.0,220.0,2.0,1.0,1.0,5.0,1.0,2.0,2018-01-01,12,4,2017
fashion_underwear_beach,2017-12-01,13,13,9,90.23846153846154,14.347692307692306,267.3076923076923,29.923076923076923,5.769230769230769,19.692307692307693,634.1538461538462,1.8461538461538463,10.0,3.0,16.0,8.666666666666666,8.0,2018-01-01,12,4,2017
fixed_telephony,2017-12-01,5,5,5,199.754,19.407999999999998,944.8,19.4,14.8,19.2,1314.8,3.0,5.0,7.0,13.0,5.666666666666667,10.0,2018-01-01,12,4,2017
flowers,2017-12-01,2,2,2,41.35,15.14,725.0,23.0,13.0,15.5,181.0,1.0,6.0,0.0,0.0,2.6666666666666665,10.0,2018-01-01,12,4,2017
food,2017-12-01,13,11,10,72.25692307692307,13.684615384615386,624.4615384615385,21.615384615384617,12.692307692307692,16.923076923076923,1243.8461538461538,2.076923076923077,14.0,17.0,17.0,14.666666666666666,19.0,2018-01-01,12,4,2017
food_drink,2017-12-01,21,18,11,49.222857142857144,17.594285714285714,875.0,19.238095238095237,14.714285714285714,15.142857142857142,1242.3333333333333,1.8571428571428572,33.0,17.0,9.0,23.666666666666668,11.0,2018-01-01,12,4,2017
furniture_bedroom,2017-12-01,1,1,1,185.0,45.75,10700.0,93.0,63.0,11.0,530.0,1.0,3.0,3.0,4.0,2.3333333333333335,5.0,2018-01-01,12,4,2017
furniture_decor,2017-12-01,378,304,226,82.2039417989418,19.805026455026457,2408.584656084656,42.07936507936508,16.005291005291006,26.883597883597883,791.7830687830688,3.068783068783069,767.0,375.0,343.0,506.6666666666667,595.0,2018-01-01,12,4,2017
furniture_living_room,2017-12-01,20,16,17,115.80050000000001,31.2435,5430.0,36.6,13.55,41.75,788.3,1.95,39.0,19.0,11.0,26.0,22.0,2018-01-01,12,4,2017
furniture_mattress_and_upholstery,2017-12-01,8,8,3,100.4625,35.5875,2931.25,62.625,15.875,82.0,1008.125,1.25,2.0,0.0,1.0,3.3333333333333335,9.0,2018-01-01,12,4,2017
garden_tools,2017-12-01,323,243,62,82.95879256965944,22.747492260061918,2742.501547987616,28.934984520123837,19.492260061919506,27.4953560371517,752.7616099071207,1.8452012383900929,547.0,280.0,222.0,383.3333333333333,236.0,2018-01-01,12,4,2017
health_beauty,2017-12-01,460,426,213,131.9320652173913,17.906413043478263,992.8217391304348,24.267391304347825,14.965217391304348,17.295652173913044,1138.3239130434783,2.023913043478261,573.0,350.0,376.0,461.0,619.0,2018-01-01,12,4,2017
home_appliances,2017-12-01,16,16,13,83.1875,21.365000000000002,4667.1875,25.4375,29.875,26.5625,592.6875,3.375,25.0,7.0,10.0,16.0,27.0,2018-01-01,12,4,2017
home_appliances_2,2017-12-01,8,8,7,248.77,35.28625,9946.875,47.625,46.875,38.25,745.0,1.375,13.0,9.0,6.0,10.0,13.0,2018-01-01,12,4,2017
home_comfort_2,2017-12-01,0,0,0,12.9,14.016666666666666,700.0,65.0,18.0,28.0,348.0,1.0,3.0,5.0,1.0,2.6666666666666665,0.0,2018-01-01,12,4,2017
home_confort,2017-12-01,14,14,10,161.27142857142857,20.506428571428568,2941.0714285714284,45.714285714285715,16.785714285714285,35.42857142857143,263.2857142857143,1.6428571428571428,45.0,27.0,33.0,28.666666666666668,18.0,2018-01-01,12,4,2017
home_construction,2017-12-01,38,29,21,171.71842105263158,32.70921052631579,6895.263157894737,35.3421052631579,32.3421052631579,26.210526315789473,713.9736842105264,2.9210526315789473,38.0,18.0,11.0,31.333333333333332,40.0,2018-01-01,12,4,2017
housewares,2017-12-01,288,243,166,87.79847222222222,20.41503472222222,3394.784722222222,33.09027777777778,24.15972222222222,24.95486111111111,648.2013888888889,2.2569444444444446,412.0,229.0,249.0,309.6666666666667,351.0,2018-01-01,12,4,2017
industry_commerce_and_business,2017-12-01,9,9,6,203.16666666666666,20.15111111111111,4333.333333333333,33.888888888888886,32.22222222222222,24.22222222222222,1306.111111111111,1.5555555555555556,6.0,5.0,2.0,6.666666666666667,18.0,2018-01-01,12,4,2017
kitchen_dining_laundry_garden_furniture,2017-12-01,20,16,10,213.865,49.386,10878.75,53.2,36.2,27.05,808.05,4.6,33.0,16.0,4.0,23.0,21.0,2018-01-01,12,4,2017
la_cuisine,2017-12-01,0,0,0,137.0,0.11,1450.0,74.0,12.0,15.0,748.0,1.0,1.0,1.0,0.0,0.6666666666666666,1.0,2018-01-01,12,4,2017
luggage_accessories,2017-12-01,46,44,28,129.7654347826087,24.85369565217391,4516.847826086957,42.608695652173914,24.108695652173914,31.608695652173914,567.7608695652174,2.130434782608696,70.0,56.0,42.0,57.333333333333336,126.0,2018-01-01,12,4,2017
market_place,2017-12-01,14,13,11,50.232142857142854,12.929285714285713,586.0714285714286,24.785714285714285,9.857142857142858,17.142857142857142,755.5,3.357142857142857,16.0,11.0,11.0,13.666666666666666,14.0,2018-01-01,12,4,2017
music,2017-12-01,0,0,0,54.9,15.13,150.0,16.0,9.0,11.0,432.0,2.0,0.0,1.0,0.0,0.3333333333333333,1.0,2018-01-01,12,4,2017
musical_instruments,2017-12-01,42,41,36,257.70238095238096,20.621190476190478,1651.0238095238096,40.214285714285715,12.69047619047619,24.761904761904763,910.047619047619,3.261904761904762,42.0,19.0,26.0,34.333333333333336,51.0,2018-01-01,12,4,2017
office_furniture,2017-12-01,48,38,33,139.25770833333334,36.069375,10789.229166666666,53.541666666666664,52.083333333333336,28.125,1071.6666666666667,1.5,101.0,102.0,60.0,83.66666666666667,142.0,2018-01-01,12,4,2017
party_supplies,2017-12-01,2,2,1,257.6,17.36,1550.0,23.0,17.0,18.0,378.0,1.0,3.0,2.0,2.0,2.3333333333333335,2.0,2018-01-01,12,4,2017
pc_gamer,2017-12-01,0,0,0,129.99,26.19,2839.0,19.0,16.0,18.0,621.0,4.0,0.0,0.0,0.0,0.0,0.0,2018-01-01,12,4,2017
perfumery,2017-12-01,233,225,92,113.51476394849784,15.570901287553648,431.15879828326183,19.527896995708154,12.193133047210301,16.965665236051503,765.8412017167382,1.4592274678111588,304.0,187.0,153.0,241.33333333333334,223.0,2018-01-01,12,4,2017
pet_shop,2017-12-01,72,69,57,98.9825,20.627083333333335,3312.7638888888887,33.97222222222222,19.666666666666668,27.97222222222222,946.2083333333334,3.236111111111111,97.0,76.0,71.0,81.66666666666667,89.0,2018-01-01,12,4,2017
portateis_cozinha_e_preparadores_de_alimentos,2017-12-01,0,0,0,,,,,,,,,0.0,0.0,0.0,0.0,0.0,2018-01-01,12,4,2017
security_and_services,2017-12-01,0,0,0,100.0,15.45,400.0,26.0,22.0,11.0,461.0,4.0,0.0,0.0,1.0,0.0,0.0,2018-01-01,12,4,2017
signaling_and_security,2017-12-01,2,2,2,385.0,36.22,9750.0,50.0,42.5,33.5,1449.5,2.5,5.0,10.0,9.0,5.666666666666667,8.0,2018-01-01,12,4,2017
small_appliances,2017-12-01,27,26,22,279.25074074074075,19.38148148148148,2327.4814814814813,26.22222222222222,23.555555555555557,27.37037037037037,1206.4074074074074,2.3703703703703702,28.0,32.0,30.0,29.0,53.0,2018-01-01,12,4,2017
small_appliances_home_oven_and_coffee,2017-12-01,0,0,0,640.99,32.48,4800.0,16.0,4.0,11.0,459.0,3.0,0.0,0.0,1.0,0.0,1.0,2018-01-01,12,4,2017
sports_leisure,2017-12-01,484,431,317,121.32743801652893,20.101880165289256,1992.8264462809918,33.41942148760331,17.84917355371901,19.892561983471076,1037.8842975206612,2.146694214876033,597.0,462.0,453.0,514.3333333333334,642.0,2018-01-01,12,4,2017
stationery,2017-12-01,248,229,133,99.97217741935484,18.689717741935485,3709.8467741935483,41.125,23.608870967741936,26.391129032258064,298.98387096774195,3.225806451612903,163.0,96.0,75.0,169.0,385.0,2018-01-01,12,4,2017
tablets_printing_image,2017-12-01,6,6,2,69.9,9.27,288.6666666666667,23.333333333333332,11.333333333333334,22.666666666666668,512.0,1.0,6.0,1.0,3.0,4.333333333333333,3.0,2018-01-01,12,4,2017
telephony,2017-12-01,260,237,137,49.15553846153846,14.124538461538462,306.37307692307695,18.384615384615383,5.2384615384615385,12.753846153846155,827.2807692307692,3.7153846153846155,371.0,244.0,173.0,291.6666666666667,368.0,2018-01-01,12,4,2017
toys,2017-12-01,436,413,204,126.2948623853211,19.565550458715595,2242.809633027523,32.9954128440367,24.057339449541285,25.974770642201836,737.7110091743119,2.555045871559633,485.0,283.0,289.0,401.3333333333333,161.0,2018-01-01,12,4,2017
unknown_category,2017-12-01,137,132,47,113.12167883211679,13.84941605839416,850.9124087591241,21.37956204379562,10.532846715328468,16.401459854014597,,,118.0,68.0,73.0,107.66666666666667,193.0,2018-01-01,12,4,2017
watches_gifts,2017-12-01,353,333,173,197.04509915014162,15.130764872521246,447.8413597733711,19.002832861189802,8.796033994334278,14.577903682719548,642.42776203966,2.4475920679886687,463.0,308.0,264.0,374.6666666666667,355.0,2018-01-01,12,4,2017
agro_industry_and_commerce,2018-01-01,18,15,10,325.1911111111111,24.615,2877.777777777778,26.166666666666668,21.77777777777778,19.61111111111111,687.5,1.7222222222222223,11.0,19.0,5.0,16.0,26.0,2018-02-01,1,1,2018
air_conditioning,2018-01-01,29,22,16,161.19793103448276,17.337241379310345,3050.2758620689656,24.862068965517242,15.689655172413794,19.96551724137931,807.6551724137931,2.206896551724138,3.0,19.0,12.0,17.0,12.0,2018-02-01,1,1,2018
art,2018-01-01,19,19,7,133.72473684210527,17.02315789473684,1682.8947368421052,54.36842105263158,7.526315789473684,43.421052631578945,1090.7894736842106,1.7894736842105263,3.0,1.0,3.0,7.666666666666667,12.0,2018-02-01,1,1,2018
arts_and_craftmanship,2018-01-01,0,0,0,129.9,15.66,1200.0,20.0,20.0,16.0,283.0,1.0,0.0,0.0,0.0,0.0,0.0,2018-02-01,1,1,2018
audio,2018-01-01,26,25,12,146.93384615384613,15.888846153846155,2360.269230769231,20.423076923076923,9.538461538461538,16.23076923076923,788.4615384615385,1.6923076923076923,17.0,36.0,31.0,26.333333333333332,15.0,2018-02-01,1,1,2018
auto,2018-01-01,267,243,195,134.28846441947564,19.766516853932583,3075.756554307116,36.3183520599251,15.985018726591761,28.53932584269663,729.685393258427,2.295880149812734,263.0,260.0,148.0,263.3333333333333,315.0,2018-02-01,1,1,2018
baby,2018-01-01,219,209,115,136.22776255707763,21.38392694063927,3478.89497716895,37.74885844748859,19.95433789954338,30.438356164383563,970.9589041095891,2.287671232876712,139.0,197.0,138.0,185.0,172.0,2018-02-01,1,1,2018
bed_bath_table,2018-01-01,836,689,427,90.2011124401914,17.045382775119617,1789.4174641148325,36.28349282296651,12.424641148325358,30.77511961722488,466.3636363636364,1.4808612440191387,546.0,961.0,542.0,781.0,685.0,2018-02-01,1,1,2018
books_general_interest,2018-01-01,44,40,27,49.095454545454544,14.343636363636364,734.7727272727273,23.681818181818183,11.727272727272727,18.613636363636363,1298.2727272727273,2.090909090909091,41.0,37.0,11.0,40.666666666666664,28.0,2018-02-01,1,1,2018
books_imported,2018-01-01,6,6,6,97.16666666666667,10.945,841.6666666666666,30.166666666666668,3.0,21.0,645.5,1.8333333333333333,3.0,3.0,0.0,4.0,3.0,2018-02-01,1,1,2018
books_technical,2018-01-01,17,16,13,69.20882352941176,14.251764705882353,959.2941176470588,22.823529411764707,5.9411764705882355,18.235294117647058,1637.0588235294117,1.0,4.0,6.0,6.0,9.0,26.0,2018-02-01,1,1,2018
cds_dvds_musicals,2018-01-01,0,0,0,65.0,9.94,550.0,35.0,15.0,25.0,117.0,2.0,1.0,3.0,1.0,1.3333333333333333,0.0,2018-02-01,1,1,2018
christmas_supplies,2018-01-01,10,9,6,85.15,25.296,3150.0,42.2,12.7,36.2,791.5,2.9,16.0,22.0,12.0,16.0,24.0,2018-02-01,1,1,2018
cine_photo,2018-01-01,2,2,1,99.99,11.9,1950.0,60.0,15.0,15.0,1015.0,5.0,0.0,1.0,1.0,1.0,2.0,2018-02-01,1,1,2018
computers,2018-01-01,11,11,3,622.8181818181819,72.32454545454546,13250.0,27.0,50.0,53.0,1109.3636363636363,1.0,23.0,7.0,27.0,13.666666666666666,0.0,2018-02-01,1,1,2018
computers_accessories,2018-01-01,688,574,277,117.01143895348837,18.28875,874.2485465116279,22.728197674418606,12.218023255813954,17.046511627906977,738.4811046511628,1.6002906976744187,284.0,512.0,309.0,494.6666666666667,971.0,2018-02-01,1,1,2018
consoles_games,2018-01-01,51,50,32,143.39764705882354,16.30921568627451,446.4117647058824,20.80392156862745,16.15686274509804,17.372549019607842,664.9019607843137,2.4901960784313726,92.0,128.0,105.0,90.33333333333333,51.0,2018-02-01,1,1,2018
construction_tools_construction,2018-01-01,48,40,40,201.33708333333334,22.690416666666668,4537.083333333333,31.6875,13.729166666666666,24.666666666666668,622.5833333333334,1.8125,27.0,47.0,19.0,40.666666666666664,68.0,2018-02-01,1,1,2018
construction_tools_lights,2018-01-01,7,6,4,341.85571428571427,23.111428571428572,7350.0,37.857142857142854,27.714285714285715,34.714285714285715,795.5714285714286,2.142857142857143,2.0,10.0,2.0,6.333333333333333,17.0,2018-02-01,1,1,2018
construction_tools_safety,2018-01-01,11,9,9,202.62636363636364,17.80636363636364,1280.5454545454545,18.818181818181817,15.181818181818182,15.727272727272727,905.5454545454545,1.8181818181818181,7.0,14.0,12.0,10.666666666666666,8.0,2018-02-01,1,1,2018
cool_stuff,2018-01-01,296,285,114,131.56219594594594,19.99824324324324,2119.7364864864867,35.5,17.4222972972973,25.85472972972973,842.9087837837837,3.4695945945945947,248.0,297.0,254.0,280.3333333333333,180.0,2018-02-01,1,1,2018
costruction_tools_garden,2018-01-01,24,21,15,163.66583333333332,24.073333333333334,2897.125,40.25,18.416666666666668,23.041666666666668,1350.5416666666667,1.3333333333333333,6.0,17.0,9.0,15.666666666666666,20.0,2018-02-01,1,1,2018
costruction_tools_tools,2018-01-01,8,8,6,66.5375,20.353749999999998,488.875,19.875,17.0,17.75,621.75,2.375,6.0,5.0,5.0,6.333333333333333,12.0,2018-02-01,1,1,2018
diapers_and_hygiene,2018-01-01,5,1,1,25.0,12.69,600.0,21.0,12.0,17.0,634.0,2.0,2.0,0.0,0.0,2.3333333333333335,4.0,2018-02-01,1,1,2018
drinks,2018-01-01,50,39,12,44.5522,14.4156,841.54,24.5,20.4,19.24,881.4,2.28,34.0,18.0,12.0,34.0,31.0,2018-02-01,1,1,2018
dvds_blu_ray,2018-01-01,2,2,2,24.9,23.39,200.0,20.0,2.0,14.0,670.0,1.0,1.0,3.0,4.0,2.0,1.0,2018-02-01,1,1,2018
electronics,2018-01-01,348,319,113,45.64448275862069,16.04816091954023,731.9080459770115,24.00287356321839,10.454022988505747,17.04310344827586,576.5890804597701,1.6580459770114941,209.0,182.0,62.0,246.33333333333334,331.0,2018-02-01,1,1,2018
fashio_female_clothing,2018-01-01,3,3,2,53.93000000000001,11.563333333333333,716.6666666666666,22.0,5.0,18.0,349.6666666666667,2.6666666666666665,0.0,2.0,0.0,1.6666666666666667,1.0,2018-02-01,1,1,2018
fashion_bags_accessories,2018-01-01,125,116,97,63.45376,15.33864,580.92,19.056,8.688,16.872,465.424,3.176,134.0,193.0,108.0,150.66666666666666,107.0,2018-02-01,1,1,2018
fashion_childrens_clothes,2018-01-01,0,0,0,39.99,14.1,100.0,16.0,16.0,16.0,168.0,1.0,0.0,0.0,1.0,0.0,0.0,2018-02-01,1,1,2018
fashion_male_clothing,2018-01-01,6,5,4,91.76666666666667,18.595000000000002,616.6666666666666,21.166666666666668,7.333333333333333,18.0,358.5,1.1666666666666667,4.0,11.0,10.0,7.0,3.0,2018-02-01,1,1,2018
fashion_shoes,2018-01-01,9,7,9,74.07777777777778,17.290000000000003,1033.3333333333333,21.555555555555557,13.11111111111111,26.77777777777778,448.22222222222223,4.444444444444445,13.0,19.0,18.0,13.666666666666666,11.0,2018-02-01,1,1,2018
fashion_sport,2018-01-01,2,2,2,59.9,12.77,275.0,18.0,12.0,12.0,219.5,2.0,1.0,1.0,1.0,1.3333333333333333,0.0,2018-02-01,1,1,2018
fashion_underwear_beach,2018-01-01,8,8,6,94.3125,15.315,218.75,33.375,5.875,18.875,607.125,1.75,13.0,10.0,3.0,10.333333333333334,7.0,2018-02-01,1,1,2018
fixed_telephony,2018-01-01,10,10,10,244.41,18.945,616.5,18.9,8.6,15.7,1211.7,3.8,5.0,5.0,7.0,6.666666666666667,11.0,2018-02-01,1,1,2018
flowers,2018-01-01,10,7,5,28.46,15.366,3370.0,18.8,14.8,15.8,699.7,1.0,2.0,6.0,0.0,6.0,4.0,2018-02-01,1,1,2018
food,2018-01-01,19,18,9,43.66105263157895,13.187368421052632,464.2631578947368,18.842105263157894,12.421052631578947,13.842105263157896,1877.421052631579,2.0526315789473686,13.0,14.0,17.0,15.333333333333334,38.0,2018-02-01,1,1,2018
food_drink,2018-01-01,11,10,9,31.015454545454546,17.095454545454547,854.5454545454545,18.727272727272727,15.090909090909092,16.545454545454547,1070.6363636363637,2.1818181818181817,21.0,33.0,17.0,21.666666666666668,23.0,2018-02-01,1,1,2018
furniture_bedroom,2018-01-01,5,5,3,182.95999999999998,30.048000000000002,10700.0,93.0,63.0,11.0,550.2,1.6,1.0,3.0,3.0,3.0,7.0,2018-02-01,1,1,2018
furniture_decor,2018-01-01,595,467,281,90.41816806722689,19.789327731092435,2675.8252100840336,43.226890756302524,17.078991596638655,28.33109243697479,823.7932773109244,3.157983193277311,378.0,767.0,375.0,580.0,422.0,2018-02-01,1,1,2018
furniture_living_room,2018-01-01,22,22,13,104.91363636363636,25.175,5602.272727272727,42.95454545454545,17.272727272727273,43.68181818181818,494.3181818181818,2.1818181818181817,20.0,39.0,19.0,27.0,26.0,2018-02-01,1,1,2018
furniture_mattress_and_upholstery,2018-01-01,9,9,3,95.61111111111111,45.544444444444444,2261.1111111111113,64.0,12.88888888888889,84.0,991.3333333333334,1.4444444444444444,8.0,2.0,0.0,6.333333333333333,5.0,2018-02-01,1,1,2018
garden_tools,2018-01-01,236,202,55,113.5299152542373,24.07220338983051,2992.330508474576,28.809322033898304,19.139830508474578,28.51271186440678,803.292372881356,2.3389830508474576,323.0,547.0,280.0,368.6666666666667,293.0,2018-02-01,1,1,2018
health_beauty,2018-01-01,619,563,289,115.35638126009694,17.098675282714055,926.8901453957997,22.58804523424879,13.911147011308563,16.967689822294023,1121.0581583198707,1.751211631663974,460.0,573.0,350.0,550.6666666666666,650.0,2018-02-01,1,1,2018
home_appliances,2018-01-01,27,26,18,63.894444444444446,14.153333333333332,927.5555555555555,24.37037037037037,18.074074074074073,21.14814814814815,264.14814814814815,1.5925925925925926,16.0,25.0,7.0,22.666666666666668,48.0,2018-02-01,1,1,2018
home_appliances_2,2018-01-01,13,12,11,663.8538461538462,36.88230769230769,8683.384615384615,45.38461538461539,20.692307692307693,33.76923076923077,440.2307692307692,2.1538461538461537,8.0,13.0,9.0,11.333333333333334,21.0,2018-02-01,1,1,2018
home_comfort_2,2018-01-01,0,0,0,12.9,14.016666666666666,700.0,65.0,18.0,28.0,348.0,1.0,0.0,3.0,5.0,1.0,3.0,2018-02-01,1,1,2018
home_confort,2018-01-01,18,18,13,167.78666666666666,23.080555555555556,2697.222222222222,40.333333333333336,19.38888888888889,37.55555555555556,228.61111111111111,1.8333333333333333,14.0,45.0,27.0,25.666666666666668,21.0,2018-02-01,1,1,2018
home_construction,2018-01-01,40,27,25,143.6945,21.98,3868.175,35.475,25.65,23.675,801.625,3.125,38.0,38.0,18.0,38.666666666666664,38.0,2018-02-01,1,1,2018
housewares,2018-01-01,351,317,216,106.68586894586895,22.07039886039886,4345.4301994301995,34.72649572649573,26.276353276353277,26.934472934472936,674.6894586894587,2.284900284900285,288.0,412.0,229.0,350.3333333333333,391.0,2018-02-01,1,1,2018
industry_commerce_and_business,2018-01-01,18,15,9,148.95,30.151666666666667,6595.388888888889,31.555555555555557,50.44444444444444,27.22222222222222,1010.1111111111111,1.9444444444444444,9.0,6.0,5.0,11.0,37.0,2018-02-01,1,1,2018
kitchen_dining_laundry_garden_furniture,2018-01-01,21,20,10,230.4047619047619,52.89142857142857,13266.333333333334,57.523809523809526,45.142857142857146,29.285714285714285,1035.6666666666667,5.285714285714286,20.0,33.0,16.0,24.666666666666668,19.0,2018-02-01,1,1,2018
la_cuisine,2018-01-01,1,1,1,112.0,18.03,1750.0,95.0,9.0,37.0,554.0,1.0,0.0,1.0,1.0,0.6666666666666666,0.0,2018-02-01,1,1,2018
luggage_accessories,2018-01-01,126,121,55,147.19301587301587,25.949285714285715,4983.603174603175,41.6031746031746,26.238095238095237,32.285714285714285,598.7380952380952,2.1587301587301586,46.0,70.0,56.0,80.66666666666667,45.0,2018-02-01,1,1,2018
market_place,2018-01-01,14,12,9,58.480000000000004,16.28857142857143,839.2857142857143,30.0,10.857142857142858,23.071428571428573,1170.0,2.4285714285714284,14.0,16.0,11.0,14.666666666666666,28.0,2018-02-01,1,1,2018
music,2018-01-01,1,1,1,24.97,15.1,550.0,33.0,6.0,22.0,1798.0,1.0,0.0,0.0,1.0,0.3333333333333333,2.0,2018-02-01,1,1,2018
musical_instruments,2018-01-01,51,49,35,297.6192156862745,24.453921568627454,3843.9607843137255,43.666666666666664,16.274509803921568,31.470588235294116,770.7843137254902,3.372549019607843,42.0,42.0,19.0,45.0,44.0,2018-02-01,1,1,2018
office_furniture,2018-01-01,142,104,57,137.22126760563378,38.2712676056338,11780.211267605633,55.690140845070424,47.95774647887324,32.09154929577465,1154.0985915492959,1.232394366197183,48.0,101.0,102.0,97.0,107.0,2018-02-01,1,1,2018
party_supplies,2018-01-01,2,2,1,67.9,17.23,1250.0,35.0,25.0,25.0,320.0,1.0,2.0,3.0,2.0,2.3333333333333335,0.0,2018-02-01,1,1,2018
pc_gamer,2018-01-01,0,0,0,129.99,26.19,2839.0,19.0,16.0,18.0,621.0,4.0,0.0,0.0,0.0,0.0,1.0,2018-02-01,1,1,2018
perfumery,2018-01-01,223,207,122,87.69224215246636,14.626726457399105,387.60089686098655,19.26457399103139,13.058295964125561,16.59641255605381,671.8744394618834,1.4215246636771302,233.0,304.0,187.0,253.33333333333334,211.0,2018-02-01,1,1,2018
pet_shop,2018-01-01,89,76,70,121.30404494382022,20.059101123595507,2899.224719101124,29.01123595505618,21.730337078651687,24.797752808988765,894.2584269662922,1.898876404494382,72.0,97.0,76.0,86.0,99.0,2018-02-01,1,1,2018
portateis_cozinha_e_preparadores_de_alimentos,2018-01-01,0,0,0,,,,,,,,,0.0,0.0,0.0,0.0,0.0,2018-02-01,1,1,2018
security_and_services,2018-01-01,0,0,0,100.0,15.45,400.0,26.0,22.0,11.0,461.0,4.0,0.0,0.0,0.0,0.0,0.0,2018-02-01,1,1,2018
signaling_and_security,2018-01-01,8,7,7,131.09875,30.8975,10278.125,51.375,46.25,17.875,737.75,2.75,2.0,5.0,10.0,5.0,15.0,2018-02-01,1,1,2018
small_appliances,2018-01-01,53,50,29,269.0907547169811,24.85735849056604,2741.9811320754716,26.547169811320753,23.245283018867923,26.641509433962263,1318.7735849056603,2.6226415094339623,27.0,28.0,32.0,36.0,32.0,2018-02-01,1,1,2018
small_appliances_home_oven_and_coffee,2018-01-01,1,1,1,369.99,15.14,6600.0,45.0,25.0,35.0,897.0,3.0,0.0,0.0,0.0,0.3333333333333333,5.0,2018-02-01,1,1,2018
sports_leisure,2018-01-01,642,575,381,134.22559190031154,20.657242990654208,2056.4595015576324,31.046728971962615,17.574766355140188,20.006230529595015,1061.9579439252336,2.146417445482866,484.0,597.0,462.0,574.3333333333334,637.0,2018-02-01,1,1,2018
stationery,2018-01-01,385,368,175,102.65641558441558,17.664415584415586,3377.2363636363634,38.246753246753244,24.288311688311687,27.067532467532466,369.57142857142856,2.9246753246753245,248.0,163.0,96.0,265.3333333333333,145.0,2018-02-01,1,1,2018
tablets_printing_image,2018-01-01,3,3,2,53.93333333333334,8.323333333333334,288.6666666666667,23.333333333333332,11.333333333333334,22.666666666666668,512.0,1.0,6.0,6.0,1.0,5.0,13.0,2018-02-01,1,1,2018
telephony,2018-01-01,368,343,178,39.94586956521739,15.095380434782607,243.19021739130434,17.54076086956522,5.032608695652174,13.07336956521739,720.4347826086956,3.6385869565217392,260.0,371.0,244.0,333.0,354.0,2018-02-01,1,1,2018
toys,2018-01-01,161,154,98,132.81273291925464,18.422173913043476,1807.1180124223602,30.732919254658384,19.981366459627328,24.490683229813666,739.6459627329192,3.0248447204968945,436.0,485.0,283.0,360.6666666666667,139.0,2018-02-01,1,1,2018
unknown_category,2018-01-01,193,171,68,108.77528497409327,15.28461139896373,898.4093264248704,21.512953367875646,9.766839378238341,15.756476683937823,,,137.0,118.0,68.0,149.33333333333334,117.0,2018-02-01,1,1,2018
watches_gifts,2018-01-01,355,322,170,207.10208450704226,15.956647887323943,605.9267605633803,23.87887323943662,8.735211267605633,15.819718309859155,850.425352112676,2.3943661971830985,353.0,463.0,308.0,390.3333333333333,324.0,2018-02-01,1,1,2018
agro_industry_and_commerce,2018-02-01,26,20,11,284.05,24.850384615384616,3138.4615384615386,24.46153846153846,23.923076923076923,18.53846153846154,880.3076923076923,2.269230769230769,18.0,11.0,19.0,18.333333333333332,26.0,2018-03-01,2,1,2018
air_conditioning,2018-02-01,12,11,9,218.9075,22.148333333333337,4193.083333333333,33.083333333333336,26.25,22.583333333333332,680.1666666666666,1.4166666666666667,29.0,3.0,19.0,14.666666666666666,24.0,2018-03-01,2,1,2018
art,2018-02-01,12,11,3,101.3925,24.376666666666665,1366.6666666666667,54.5,5.75,44.666666666666664,1198.75,3.0,19.0,3.0,1.0,11.333333333333334,7.0,2018-03-01,2,1,2018
arts_and_craftmanship,2018-02-01,0,0,0,129.9,15.66,1200.0,20.0,20.0,16.0,283.0,1.0,0.0,0.0,0.0,0.0,0.0,2018-03-01,2,1,2018
audio,2018-02-01,15,15,7,188.56599999999997,14.006,3307.2,19.4,10.266666666666667,14.4,521.4666666666667,1.3333333333333333,26.0,17.0,36.0,19.333333333333332,34.0,2018-03-01,2,1,2018
auto,2018-02-01,315,299,230,130.31273015873018,19.931015873015873,2938.0539682539684,35.68571428571428,17.52698412698413,26.333333333333332,857.4539682539682,2.4380952380952383,267.0,263.0,260.0,281.6666666666667,336.0,2018-03-01,2,1,2018
baby,2018-02-01,172,165,105,150.33302325581394,20.294127906976744,2946.4418604651164,35.41279069767442,18.552325581395348,30.21511627906977,890.3197674418604,2.4069767441860463,219.0,139.0,197.0,176.66666666666666,215.0,2018-03-01,2,1,2018
bed_bath_table,2018-02-01,685,588,369,88.12597080291971,16.414802919708027,1890.1518248175182,36.10802919708029,12.027737226277372,30.07153284671533,500.3051094890511,1.4437956204379563,836.0,546.0,961.0,689.0,777.0,2018-03-01,2,1,2018
books_general_interest,2018-02-01,28,28,20,67.38035714285715,19.175,643.0714285714286,22.071428571428573,16.071428571428573,17.928571428571427,1155.392857142857,1.6428571428571428,44.0,41.0,37.0,37.666666666666664,38.0,2018-03-01,2,1,2018
books_imported,2018-02-01,3,3,3,108.33333333333333,8.846666666666666,866.6666666666666,31.0,3.3333333333333335,21.0,893.0,2.6666666666666665,6.0,3.0,3.0,4.0,3.0,2018-03-01,2,1,2018
books_technical,2018-02-01,26,23,22,54.277307692307694,13.711538461538462,821.1538461538462,32.38461538461539,7.423076923076923,16.884615384615383,1300.5,1.3076923076923077,17.0,4.0,6.0,15.666666666666666,17.0,2018-03-01,2,1,2018
cds_dvds_musicals,2018-02-01,0,0,0,65.0,9.94,550.0,35.0,15.0,25.0,117.0,2.0,0.0,1.0,3.0,0.3333333333333333,0.0,2018-03-01,2,1,2018
christmas_supplies,2018-02-01,24,17,8,85.81875000000001,25.487499999999997,2547.9166666666665,37.833333333333336,17.5,34.291666666666664,702.7083333333334,4.166666666666667,10.0,16.0,22.0,16.666666666666668,12.0,2018-03-01,2,1,2018
cine_photo,2018-02-01,2,2,2,113.995,22.065,1050.0,38.0,11.5,13.0,1542.0,3.0,2.0,0.0,1.0,1.3333333333333333,7.0,2018-03-01,2,1,2018
computers,2018-02-01,0,0,0,622.8181818181819,72.32454545454546,13250.0,27.0,50.0,53.0,1109.3636363636363,1.0,11.0,23.0,7.0,11.333333333333334,0.0,2018-03-01,2,1,2018
computers_accessories,2018-02-01,971,791,254,103.12254376931,17.59491246138002,764.9330587023687,23.05149330587024,12.185375901132852,17.279093717816682,771.2842430484037,1.5066941297631309,688.0,284.0,512.0,647.6666666666666,750.0,2018-03-01,2,1,2018
consoles_games,2018-02-01,51,50,29,230.66333333333333,20.050588235294118,648.4509803921569,22.333333333333332,16.666666666666668,17.274509803921568,780.3137254901961,2.450980392156863,51.0,92.0,128.0,64.66666666666667,57.0,2018-03-01,2,1,2018
construction_tools_construction,2018-02-01,68,53,52,132.22161764705882,16.65544117647059,4079.544117647059,26.13235294117647,14.176470588235293,23.176470588235293,653.1617647058823,2.176470588235294,48.0,27.0,47.0,47.666666666666664,66.0,2018-03-01,2,1,2018
construction_tools_lights,2018-02-01,17,9,8,94.75294117647059,20.980588235294118,2623.529411764706,31.235294117647058,22.0,22.764705882352942,799.2352941176471,2.411764705882353,7.0,2.0,10.0,8.666666666666666,13.0,2018-03-01,2,1,2018
construction_tools_safety,2018-02-01,8,7,7,745.71875,23.32,961.875,20.0,13.625,17.0,1951.25,2.625,11.0,7.0,14.0,8.666666666666666,22.0,2018-03-01,2,1,2018
cool_stuff,2018-02-01,180,176,87,165.4013888888889,19.63638888888889,2335.1,35.31111111111111,20.833333333333332,22.7,852.5166666666667,1.8333333333333333,296.0,248.0,297.0,241.33333333333334,253.0,2018-03-01,2,1,2018
costruction_tools_garden,2018-02-01,20,14,15,76.9125,17.0925,2423.4,24.35,16.1,18.05,1067.8,2.15,24.0,6.0,17.0,16.666666666666668,22.0,2018-03-01,2,1,2018
costruction_tools_tools,2018-02-01,12,11,5,109.85000000000001,18.468333333333334,346.6666666666667,17.416666666666668,15.333333333333334,17.25,488.9166666666667,2.25,8.0,6.0,5.0,8.666666666666666,9.0,2018-03-01,2,1,2018
diapers_and_hygiene,2018-02-01,4,1,1,25.0,12.69,600.0,21.0,12.0,17.0,634.0,2.0,5.0,2.0,0.0,3.6666666666666665,5.0,2018-03-01,2,1,2018
drinks,2018-02-01,31,26,6,61.93387096774194,14.055806451612904,336.38709677419354,22.387096774193548,20.096774193548388,19.838709677419356,863.7741935483871,2.6451612903225805,50.0,34.0,18.0,38.333333333333336,21.0,2018-03-01,2,1,2018
dvds_blu_ray,2018-02-01,1,1,1,24.9,17.63,200.0,20.0,2.0,14.0,1225.0,1.0,2.0,1.0,3.0,1.3333333333333333,2.0,2018-03-01,2,1,2018
electronics,2018-02-01,331,300,128,44.60634441087613,16.031480362537764,623.4320241691843,23.48942598187311,10.803625377643504,17.006042296072508,579.0543806646525,1.6012084592145015,348.0,209.0,182.0,296.0,254.0,2018-03-01,2,1,2018
fashio_female_clothing,2018-02-01,1,1,1,29.99,15.1,350.0,16.0,5.0,20.0,367.0,6.0,3.0,0.0,2.0,1.3333333333333333,4.0,2018-03-01,2,1,2018
fashion_bags_accessories,2018-02-01,107,102,86,91.46383177570092,15.980560747663553,564.7196261682243,19.252336448598133,8.30841121495327,17.130841121495326,439.69158878504675,3.3271028037383177,125.0,134.0,193.0,122.0,137.0,2018-03-01,2,1,2018
fashion_childrens_clothes,2018-02-01,0,0,0,39.99,14.1,100.0,16.0,16.0,16.0,168.0,1.0,0.0,0.0,0.0,0.0,2.0,2018-03-01,2,1,2018
fashion_male_clothing,2018-02-01,3,3,3,129.36333333333334,19.59,625.0,36.333333333333336,15.666666666666666,32.333333333333336,460.3333333333333,2.0,6.0,4.0,11.0,4.333333333333333,0.0,2018-03-01,2,1,2018
fashion_shoes,2018-02-01,11,10,9,93.97272727272728,19.80181818181818,1177.2727272727273,26.272727272727273,16.272727272727273,20.09090909090909,742.0909090909091,3.1818181818181817,9.0,13.0,19.0,11.0,11.0,2018-03-01,2,1,2018
fashion_sport,2018-02-01,0,0,0,59.9,12.77,275.0,18.0,12.0,12.0,219.5,2.0,2.0,1.0,1.0,1.0,1.0,2018-03-01,2,1,2018
fashion_underwear_beach,2018-02-01,7,7,7,57.042857142857144,15.141428571428571,257.14285714285717,39.57142857142857,4.857142857142857,15.571428571428571,534.4285714285714,1.1428571428571428,8.0,13.0,10.0,9.333333333333334,5.0,2018-03-01,2,1,2018
fixed_telephony,2018-02-01,11,9,8,430.78909090909093,16.329090909090908,620.7272727272727,18.636363636363637,13.272727272727273,16.272727272727273,1036.0,2.272727272727273,10.0,5.0,5.0,8.666666666666666,14.0,2018-03-01,2,1,2018
flowers,2018-02-01,4,4,3,33.620000000000005,13.305,1987.5,22.0,14.5,15.75,242.75,1.25,10.0,2.0,6.0,5.333333333333333,3.0,2018-03-01,2,1,2018
food,2018-02-01,38,30,11,46.93473684210526,12.789736842105263,390.92105263157896,19.394736842105264,11.631578947368421,13.894736842105264,1645.7105263157894,2.210526315789474,19.0,13.0,14.0,23.333333333333332,35.0,2018-03-01,2,1,2018
food_drink,2018-02-01,23,20,12,44.27391304347826,13.614347826086956,965.2173913043479,19.782608695652176,15.347826086956522,15.0,1517.8260869565217,3.1739130434782608,11.0,21.0,33.0,18.333333333333332,19.0,2018-03-01,2,1,2018
furniture_bedroom,2018-02-01,7,6,6,127.97142857142856,36.35,6935.714285714285,68.28571428571429,42.0,18.857142857142858,836.7142857142857,1.5714285714285714,5.0,1.0,3.0,4.333333333333333,6.0,2018-03-01,2,1,2018
furniture_decor,2018-02-01,422,336,231,90.05298578199053,19.088364928909954,2674.7203791469196,44.22274881516588,16.05924170616114,28.002369668246445,835.2677725118483,2.8364928909952605,595.0,378.0,767.0,465.0,583.0,2018-03-01,2,1,2018
furniture_living_room,2018-02-01,26,19,17,169.3376923076923,59.97307692307693,12199.038461538461,46.53846153846154,34.76923076923077,42.61538461538461,633.1153846153846,1.3076923076923077,22.0,20.0,39.0,22.666666666666668,19.0,2018-03-01,2,1,2018
furniture_mattress_and_upholstery,2018-02-01,5,5,2,68.94,50.598,3510.0,64.0,17.2,87.0,852.0,1.2,9.0,8.0,2.0,7.333333333333333,4.0,2018-03-01,2,1,2018
garden_tools,2018-02-01,293,229,67,90.40658703071672,23.108976109215018,2744.1945392491466,30.511945392491466,22.1740614334471,28.631399317406142,745.0682593856656,2.1877133105802047,236.0,323.0,547.0,284.0,253.0,2018-03-01,2,1,2018
health_beauty,2018-02-01,650,595,293,130.11776923076923,16.748461538461537,829.6707692307692,22.28923076923077,12.976923076923077,17.466153846153848,1108.2030769230769,1.8723076923076922,619.0,460.0,573.0,576.3333333333334,656.0,2018-03-01,2,1,2018
home_appliances,2018-02-01,48,47,34,115.46770833333333,17.086041666666667,1717.5,30.520833333333332,19.645833333333332,24.645833333333332,466.5833333333333,1.9375,27.0,16.0,25.0,30.333333333333332,70.0,2018-03-01,2,1,2018
home_appliances_2,2018-02-01,21,21,16,428.5157142857143,47.04333333333333,10992.047619047618,49.285714285714285,32.0,43.142857142857146,919.9047619047619,2.1904761904761907,13.0,8.0,13.0,14.0,12.0,2018-03-01,2,1,2018
home_comfort_2,2018-02-01,3,2,1,12.9,15.1,700.0,65.0,18.0,28.0,348.0,1.0,0.0,0.0,3.0,1.0,1.0,2018-03-01,2,1,2018
home_confort,2018-02-01,21,20,7,143.46476190476193,18.33857142857143,3063.095238095238,42.666666666666664,18.333333333333332,39.95238095238095,211.1904761904762,1.7142857142857142,18.0,14.0,45.0,17.666666666666668,21.0,2018-03-01,2,1,2018
home_construction,2018-02-01,38,31,23,137.5236842105263,19.566842105263156,2623.2368421052633,36.86842105263158,26.263157894736842,22.973684210526315,831.1052631578947,2.6842105263157894,40.0,38.0,38.0,38.666666666666664,43.0,2018-03-01,2,1,2018
housewares,2018-02-01,391,334,214,89.2006905370844,22.750767263427107,4085.406649616368,31.69309462915601,26.618925831202045,25.815856777493607,670.1278772378516,1.9667519181585678,351.0,288.0,412.0,343.3333333333333,390.0,2018-03-01,2,1,2018
industry_commerce_and_business,2018-02-01,37,29,21,127.98891891891893,21.24081081081081,6663.864864864865,30.72972972972973,56.08108108108108,26.783783783783782,930.3513513513514,2.4054054054054053,18.0,9.0,6.0,21.333333333333332,29.0,2018-03-01,2,1,2018
kitchen_dining_laundry_garden_furniture,2018-02-01,19,16,9,243.21894736842106,45.416842105263164,9080.842105263158,56.26315789473684,32.526315789473685,26.31578947368421,1046.1052631578948,4.315789473684211,21.0,20.0,33.0,20.0,12.0,2018-03-01,2,1,2018
la_cuisine,2018-02-01,0,0,0,112.0,18.03,1750.0,95.0,9.0,37.0,554.0,1.0,1.0,0.0,1.0,0.3333333333333333,1.0,2018-03-01,2,1,2018
luggage_accessories,2018-02-01,45,43,39,142.74555555555557,25.612444444444442,4736.355555555556,39.71111111111111,30.044444444444444,28.0,756.5333333333333,2.7333333333333334,126.0,46.0,70.0,72.33333333333333,56.0,2018-03-01,2,1,2018
market_place,2018-02-01,28,20,12,68.60428571428572,15.907857142857143,935.6071428571429,28.892857142857142,17.892857142857142,24.0,1086.0,3.142857142857143,14.0,14.0,16.0,18.666666666666668,17.0,2018-03-01,2,1,2018
music,2018-02-01,2,2,2,122.485,16.135,5150.0,30.0,18.5,19.0,2264.0,2.5,1.0,0.0,0.0,1.0,2.0,2018-03-01,2,1,2018
musical_instruments,2018-02-01,44,39,36,204.90295454545455,23.832954545454548,3112.9772727272725,34.04545454545455,15.181818181818182,24.227272727272727,742.1363636363636,2.1136363636363638,51.0,42.0,42.0,45.666666666666664,53.0,2018-03-01,2,1,2018
office_furniture,2018-02-01,107,70,48,161.56906542056075,38.61635514018691,10990.457943925234,54.06542056074766,49.86915887850467,27.747663551401867,1175.3271028037384,1.439252336448598,142.0,48.0,101.0,99.0,200.0,2018-03-01,2,1,2018
party_supplies,2018-02-01,0,0,0,67.9,17.23,1250.0,35.0,25.0,25.0,320.0,1.0,2.0,2.0,3.0,1.3333333333333333,6.0,2018-03-01,2,1,2018
pc_gamer,2018-02-01,1,1,1,129.99,20.04,2839.0,19.0,16.0,18.0,621.0,4.0,0.0,0.0,0.0,0.3333333333333333,0.0,2018-03-01,2,1,2018
perfumery,2018-02-01,211,194,104,96.54976303317535,13.725071090047392,344.60663507109007,19.56872037914692,12.663507109004739,16.123222748815166,677.0331753554502,1.4028436018957346,223.0,233.0,304.0,222.33333333333334,198.0,2018-03-01,2,1,2018
pet_shop,2018-02-01,99,86,52,93.11353535353535,20.69252525252525,3324.5555555555557,35.27272727272727,21.404040404040405,29.252525252525253,884.5757575757576,3.01010101010101,89.0,72.0,97.0,86.66666666666667,122.0,2018-03-01,2,1,2018
portateis_cozinha_e_preparadores_de_alimentos,2018-02-01,0,0,0,,,,,,,,,0.0,0.0,0.0,0.0,0.0,2018-03-01,2,1,2018
security_and_services,2018-02-01,0,0,0,100.0,15.45,400.0,26.0,22.0,11.0,461.0,4.0,0.0,0.0,0.0,0.0,0.0,2018-03-01,2,1,2018
signaling_and_security,2018-02-01,15,10,9,47.71933333333333,18.125333333333334,2796.6666666666665,51.86666666666667,30.6,22.933333333333334,683.6,1.7333333333333334,8.0,2.0,5.0,8.333333333333334,9.0,2018-03-01,2,1,2018
small_appliances,2018-02-01,32,30,21,163.91125,20.861875,1944.78125,24.03125,24.53125,24.125,748.78125,2.375,53.0,27.0,28.0,37.333333333333336,35.0,2018-03-01,2,1,2018
small_appliances_home_oven_and_coffee,2018-02-01,5,5,2,604.98,37.748000000000005,7320.0,39.2,29.8,32.0,1145.0,6.6,1.0,0.0,0.0,2.0,7.0,2018-03-01,2,1,2018
sports_leisure,2018-02-01,637,571,373,117.01875981161695,18.533563579277864,1607.6059654631083,30.361067503924648,18.31397174254317,20.172684458398745,1215.0737833594976,2.086342229199372,642.0,484.0,597.0,587.6666666666666,732.0,2018-03-01,2,1,2018
stationery,2018-02-01,145,131,98,69.58986206896552,16.21862068965517,1863.441379310345,36.26896551724138,16.99310344827586,22.986206896551725,465.2758620689655,2.806896551724138,385.0,248.0,163.0,259.3333333333333,163.0,2018-03-01,2,1,2018
tablets_printing_image,2018-02-01,13,12,2,53.45923076923077,13.193846153846154,289.53846153846155,23.53846153846154,11.23076923076923,22.923076923076923,512.0,1.0,3.0,6.0,6.0,7.333333333333333,3.0,2018-03-01,2,1,2018
telephony,2018-02-01,354,328,177,38.622542372881355,13.625649717514124,256.7090395480226,17.84180790960452,6.367231638418079,13.081920903954803,684.7824858757062,2.9491525423728815,368.0,260.0,371.0,327.3333333333333,334.0,2018-03-01,2,1,2018
toys,2018-02-01,139,130,98,102.18237410071943,16.86251798561151,1680.388489208633,29.237410071942445,19.755395683453237,21.798561151079138,712.8057553956835,2.5755395683453237,161.0,436.0,485.0,245.33333333333334,225.0,2018-03-01,2,1,2018
unknown_category,2018-02-01,117,107,53,108.47837606837606,16.968205128205128,1120.7692307692307,22.358974358974358,11.735042735042734,17.324786324786324,,,193.0,137.0,118.0,149.0,133.0,2018-03-01,2,1,2018
watches_gifts,2018-02-01,324,304,155,187.4237962962963,18.129783950617284,557.7993827160494,22.175925925925927,9.75,15.148148148148149,816.358024691358,2.197530864197531,355.0,353.0,463.0,344.0,421.0,2018-03-01,2,1,2018
agro_industry_and_commerce,2018-03-01,26,24,12,198.5,18.40346153846154,2662.423076923077,25.692307692307693,23.26923076923077,18.384615384615383,869.8846153846154,4.076923076923077,26.0,18.0,11.0,23.333333333333332,12.0,2018-04-01,3,1,2018
air_conditioning,2018-03-01,24,23,15,104.48666666666666,21.472083333333334,3374.2916666666665,45.125,12.458333333333334,24.166666666666668,1327.7083333333333,2.4583333333333335,12.0,29.0,3.0,21.666666666666668,23.0,2018-04-01,3,1,2018
art,2018-03-01,7,7,6,65.92857142857143,17.165714285714284,1514.2857142857142,51.142857142857146,8.285714285714286,32.714285714285715,697.0,1.1428571428571428,12.0,19.0,3.0,12.666666666666666,26.0,2018-04-01,3,1,2018
arts_and_craftmanship,2018-03-01,0,0,0,129.9,15.66,1200.0,20.0,20.0,16.0,283.0,1.0,0.0,0.0,0.0,0.0,1.0,2018-04-01,3,1,2018
audio,2018-03-01,34,33,7,311.96147058823533,19.343529411764706,2239.323529411765,18.58823529411765,10.676470588235293,14.823529411764707,566.8235294117648,1.2058823529411764,15.0,26.0,17.0,25.0,31.0,2018-04-01,3,1,2018
auto,2018-03-01,336,317,249,131.19630952380953,23.46470238095238,2729.0416666666665,34.62797619047619,16.892857142857142,25.25297619047619,833.8630952380952,2.8095238095238093,315.0,267.0,263.0,306.0,348.0,2018-04-01,3,1,2018
baby,2018-03-01,215,208,121,189.8546511627907,23.313488372093023,4321.823255813953,34.77209302325581,21.613953488372093,30.865116279069767,986.8883720930232,2.4651162790697674,172.0,219.0,139.0,202.0,237.0,2018-04-01,3,1,2018
bed_bath_table,2018-03-01,777,652,424,87.24111969111969,18.606113256113257,1785.931788931789,36.18275418275418,11.644787644787645,29.765765765765767,470.7245817245817,1.4015444015444016,685.0,836.0,546.0,766.0,736.0,2018-04-01,3,1,2018
books_general_interest,2018-03-01,38,33,26,44.52473684210526,14.72815789473684,504.60526315789474,23.394736842105264,11.973684210526315,19.973684210526315,1265.5,1.3421052631578947,28.0,44.0,41.0,36.666666666666664,49.0,2018-04-01,3,1,2018
books_imported,2018-03-01,3,2,2,86.33333333333333,8.563333333333334,550.0,29.666666666666668,2.0,20.666666666666668,447.3333333333333,1.0,3.0,6.0,3.0,4.0,4.0,2018-04-01,3,1,2018
books_technical,2018-03-01,17,17,15,53.73352941176471,18.764705882352942,1014.7058823529412,38.411764705882355,8.588235294117647,17.529411764705884,1464.2941176470588,1.1176470588235294,26.0,17.0,4.0,20.0,23.0,2018-04-01,3,1,2018
cds_dvds_musicals,2018-03-01,0,0,0,65.0,9.94,550.0,35.0,15.0,25.0,117.0,2.0,0.0,0.0,1.0,0.0,1.0,2018-04-01,3,1,2018
christmas_supplies,2018-03-01,12,12,7,71.24583333333334,28.278333333333332,3062.5,40.083333333333336,10.666666666666666,35.75,855.1666666666666,2.0,24.0,10.0,16.0,15.333333333333334,12.0,2018-04-01,3,1,2018
cine_photo,2018-03-01,7,6,4,101.6842857142857,19.25,1600.0,49.285714285714285,14.0,18.857142857142858,952.5714285714286,3.5714285714285716,2.0,2.0,0.0,3.6666666666666665,5.0,2018-04-01,3,1,2018
computers,2018-03-01,0,0,0,622.8181818181819,72.32454545454546,13250.0,27.0,50.0,53.0,1109.3636363636363,1.0,0.0,11.0,23.0,3.6666666666666665,15.0,2018-04-01,3,1,2018
computers_accessories,2018-03-01,750,630,264,112.94452,19.648386666666667,1029.3746666666666,22.034666666666666,12.562666666666667,17.006666666666668,827.396,1.7053333333333334,971.0,688.0,284.0,803.0,526.0,2018-04-01,3,1,2018
consoles_games,2018-03-01,57,53,28,207.4775438596491,20.787543859649123,404.94736842105266,20.36842105263158,12.12280701754386,15.912280701754385,645.3157894736842,2.526315789473684,51.0,51.0,92.0,53.0,40.0,2018-04-01,3,1,2018
construction_tools_construction,2018-03-01,66,48,45,143.13,23.845454545454544,3214.151515151515,29.242424242424242,12.348484848484848,24.075757575757574,726.2575757575758,1.9848484848484849,68.0,48.0,27.0,60.666666666666664,90.0,2018-04-01,3,1,2018
construction_tools_lights,2018-03-01,13,12,5,195.1307692307692,46.26538461538462,8726.923076923076,45.38461538461539,30.153846153846153,32.92307692307692,788.7692307692307,2.3076923076923075,17.0,7.0,2.0,12.333333333333334,47.0,2018-04-01,3,1,2018
construction_tools_safety,2018-03-01,22,13,12,244.31227272727273,18.859545454545454,587.6363636363636,19.045454545454547,13.181818181818182,16.863636363636363,1187.9545454545455,2.1818181818181817,8.0,11.0,7.0,13.666666666666666,24.0,2018-04-01,3,1,2018
cool_stuff,2018-03-01,253,239,111,149.37249011857708,21.633992094861657,2532.276679841897,33.6798418972332,20.367588932806324,24.434782608695652,842.6758893280632,2.7865612648221343,180.0,296.0,248.0,243.0,206.0,2018-04-01,3,1,2018
costruction_tools_garden,2018-03-01,22,19,17,94.87409090909091,20.395,2170.3636363636365,26.818181818181817,15.909090909090908,24.681818181818183,1207.409090909091,3.227272727272727,20.0,24.0,6.0,22.0,18.0,2018-04-01,3,1,2018
costruction_tools_tools,2018-03-01,9,8,4,103.47777777777777,24.83,2322.222222222222,25.11111111111111,19.666666666666668,20.22222222222222,919.4444444444445,4.888888888888889,12.0,8.0,6.0,9.666666666666666,17.0,2018-04-01,3,1,2018
diapers_and_hygiene,2018-03-01,5,1,1,25.0,13.710000000000003,600.0,21.0,12.0,17.0,634.0,2.0,4.0,5.0,2.0,4.666666666666667,4.0,2018-04-01,3,1,2018
drinks,2018-03-01,21,20,7,45.84285714285714,14.562857142857142,367.85714285714283,23.095238095238095,21.666666666666668,20.80952380952381,874.0952380952381,2.4285714285714284,31.0,50.0,34.0,34.0,54.0,2018-04-01,3,1,2018
dvds_blu_ray,2018-03-01,2,2,1,24.9,19.955,150.0,20.0,2.0,14.0,529.0,1.0,1.0,2.0,1.0,1.6666666666666667,5.0,2018-04-01,3,1,2018
electronics,2018-03-01,254,237,93,48.79728346456693,16.924370078740157,598.5787401574803,23.326771653543307,11.354330708661417,16.69291338582677,541.6299212598425,1.578740157480315,331.0,348.0,209.0,311.0,212.0,2018-04-01,3,1,2018
fashio_female_clothing,2018-03-01,4,1,1,29.99,8.64,350.0,16.0,5.0,20.0,367.0,6.0,1.0,3.0,0.0,2.6666666666666665,5.0,2018-04-01,3,1,2018
fashion_bags_accessories,2018-03-01,137,129,97,73.69715328467153,17.72759124087591,264.2335766423358,18.8978102189781,7.518248175182482,16.722627737226276,461.51824817518246,3.802919708029197,107.0,125.0,134.0,123.0,102.0,2018-04-01,3,1,2018
fashion_childrens_clothes,2018-03-01,2,2,1,39.99,8.29,100.0,16.0,16.0,16.0,168.0,1.0,0.0,0.0,0.0,0.6666666666666666,0.0,2018-04-01,3,1,2018
fashion_male_clothing,2018-03-01,0,0,0,129.36333333333334,19.59,625.0,36.333333333333336,15.666666666666666,32.333333333333336,460.3333333333333,2.0,3.0,6.0,4.0,3.0,1.0,2018-04-01,3,1,2018
fashion_shoes,2018-03-01,11,11,10,95.73636363636363,21.224545454545453,872.7272727272727,25.636363636363637,19.272727272727273,22.90909090909091,369.27272727272725,5.363636363636363,11.0,9.0,13.0,10.333333333333334,11.0,2018-04-01,3,1,2018
fashion_sport,2018-03-01,1,1,1,89.9,7.49,100.0,16.0,12.0,12.0,511.0,2.0,0.0,2.0,1.0,1.0,1.0,2018-04-01,3,1,2018
fashion_underwear_beach,2018-03-01,5,5,5,57.879999999999995,15.802000000000001,260.0,34.4,3.6,15.8,755.8,1.2,7.0,8.0,13.0,6.666666666666667,6.0,2018-04-01,3,1,2018
fixed_telephony,2018-03-01,14,12,9,137.8992857142857,19.303571428571427,473.2142857142857,21.285714285714285,15.0,18.0,1596.7142857142858,3.5,11.0,10.0,5.0,11.666666666666666,11.0,2018-04-01,3,1,2018
flowers,2018-03-01,3,3,1,29.89,15.58,850.0,16.0,11.0,11.0,225.0,1.0,4.0,10.0,2.0,5.666666666666667,3.0,2018-04-01,3,1,2018
food,2018-03-01,35,33,8,44.568571428571424,14.534,516.2,16.885714285714286,12.571428571428571,14.085714285714285,922.3714285714286,1.0285714285714285,38.0,19.0,13.0,30.666666666666668,40.0,2018-04-01,3,1,2018
food_drink,2018-03-01,19,17,13,123.72473684210526,14.354210526315791,2123.684210526316,25.68421052631579,18.0,19.789473684210527,1422.3684210526317,1.8421052631578947,23.0,11.0,21.0,17.666666666666668,18.0,2018-04-01,3,1,2018
furniture_bedroom,2018-03-01,6,6,5,178.63333333333333,32.315,5791.666666666667,64.66666666666667,15.666666666666666,40.5,456.8333333333333,2.3333333333333335,7.0,5.0,1.0,6.0,7.0,2018-04-01,3,1,2018
furniture_decor,2018-03-01,583,430,266,88.02739279588336,22.819451114922813,2970.252144082333,39.64150943396226,21.58319039451115,26.751286449399657,807.1457975986278,2.358490566037736,422.0,595.0,378.0,533.3333333333334,586.0,2018-04-01,3,1,2018
furniture_living_room,2018-03-01,19,19,14,185.36157894736843,39.89105263157895,7173.684210526316,49.94736842105263,17.0,48.94736842105263,459.7368421052632,1.6842105263157894,26.0,22.0,20.0,22.333333333333332,33.0,2018-04-01,3,1,2018
furniture_mattress_and_upholstery,2018-03-01,4,4,1,110.0,36.2325,1700.0,70.0,10.0,100.0,866.0,1.0,5.0,9.0,8.0,6.0,0.0,2018-04-01,3,1,2018
garden_tools,2018-03-01,253,199,69,105.82561264822135,25.1997628458498,2614.2450592885375,32.77075098814229,18.770750988142293,28.217391304347824,637.5770750988142,2.2529644268774702,293.0,236.0,323.0,260.6666666666667,282.0,2018-04-01,3,1,2018
health_beauty,2018-03-01,656,605,287,128.79355182926827,19.12692073170732,908.3323170731708,22.70731707317073,13.481707317073171,17.972560975609756,1022.1310975609756,1.8064024390243902,650.0,619.0,460.0,641.6666666666666,685.0,2018-04-01,3,1,2018
home_appliances,2018-03-01,70,70,45,141.09414285714286,21.05242857142857,2208.5,35.2,16.9,24.257142857142856,399.15714285714284,1.9,48.0,27.0,16.0,48.333333333333336,104.0,2018-04-01,3,1,2018
home_appliances_2,2018-03-01,12,12,12,470.68333333333334,36.482499999999995,6313.583333333333,43.833333333333336,20.333333333333332,39.0,744.3333333333334,2.9166666666666665,21.0,13.0,8.0,15.333333333333334,23.0,2018-04-01,3,1,2018
home_comfort_2,2018-03-01,1,1,1,34.99,9.34,425.0,105.0,20.0,20.0,423.0,1.0,3.0,0.0,0.0,1.3333333333333333,1.0,2018-04-01,3,1,2018
home_confort,2018-03-01,21,21,10,120.11333333333334,25.63047619047619,3853.5714285714284,46.57142857142857,16.428571428571427,40.333333333333336,220.04761904761904,1.2857142857142858,21.0,18.0,14.0,20.0,18.0,2018-04-01,3,1,2018
home_construction,2018-03-01,43,33,21,122.10488372093023,24.93325581395349,4716.279069767442,38.395348837209305,30.674418604651162,25.86046511627907,697.6744186046511,3.511627906976744,38.0,40.0,38.0,40.333333333333336,75.0,2018-04-01,3,1,2018
housewares,2018-03-01,390,322,243,89.87723076923078,22.492461538461537,3646.2102564102565,33.784615384615385,24.67948717948718,25.705128205128204,674.4717948717948,2.235897435897436,391.0,351.0,288.0,377.3333333333333,462.0,2018-04-01,3,1,2018
industry_commerce_and_business,2018-03-01,29,26,11,100.77413793103447,23.633793103448276,7543.103448275862,20.586206896551722,90.13793103448276,28.96551724137931,1085.551724137931,2.7586206896551726,37.0,18.0,9.0,28.0,53.0,2018-04-01,3,1,2018
kitchen_dining_laundry_garden_furniture,2018-03-01,12,12,8,236.88833333333332,63.28,8258.333333333334,44.75,36.666666666666664,27.833333333333332,869.3333333333334,3.0833333333333335,19.0,21.0,20.0,17.333333333333332,19.0,2018-04-01,3,1,2018
la_cuisine,2018-03-01,1,1,1,389.0,37.7,12500.0,83.0,21.0,43.0,284.0,2.0,0.0,1.0,0.0,0.6666666666666666,2.0,2018-04-01,3,1,2018
luggage_accessories,2018-03-01,56,51,40,104.49589285714286,26.457857142857144,4465.142857142857,41.892857142857146,25.982142857142858,26.517857142857142,603.9821428571429,2.6785714285714284,45.0,126.0,46.0,75.66666666666667,57.0,2018-04-01,3,1,2018
market_place,2018-03-01,17,16,12,91.10235294117648,18.026470588235295,873.5294117647059,27.647058823529413,15.588235294117647,21.058823529411764,836.7058823529412,3.2941176470588234,28.0,14.0,14.0,19.666666666666668,15.0,2018-04-01,3,1,2018
music,2018-03-01,2,2,2,161.985,19.195,1200.0,44.0,11.5,18.5,1631.5,3.0,2.0,1.0,0.0,1.6666666666666667,5.0,2018-04-01,3,1,2018
musical_instruments,2018-03-01,53,49,39,168.51698113207547,23.098490566037736,2039.9056603773586,37.0188679245283,12.981132075471699,24.0,794.4150943396227,3.0,44.0,51.0,42.0,49.333333333333336,60.0,2018-04-01,3,1,2018
office_furniture,2018-03-01,200,149,80,154.3082,41.52225000000001,11582.475,55.915,50.175,30.695,1162.46,1.155,107.0,142.0,48.0,149.66666666666666,131.0,2018-04-01,3,1,2018
party_supplies,2018-03-01,6,5,4,152.31666666666666,26.064999999999998,5300.0,29.666666666666668,17.833333333333332,20.5,375.5,3.6666666666666665,0.0,2.0,2.0,2.6666666666666665,2.0,2018-04-01,3,1,2018
pc_gamer,2018-03-01,0,0,0,129.99,20.04,2839.0,19.0,16.0,18.0,621.0,4.0,1.0,0.0,0.0,0.3333333333333333,0.0,2018-04-01,3,1,2018
perfumery,2018-03-01,198,182,102,101.42363636363636,16.5089898989899,399.55555555555554,19.818181818181817,12.712121212121213,16.439393939393938,760.530303030303,1.4242424242424243,211.0,223.0,233.0,210.66666666666666,174.0,2018-04-01,3,1,2018
pet_shop,2018-03-01,122,108,71,109.8377868852459,21.860081967213112,4357.196721311476,38.10655737704918,20.42622950819672,29.0327868852459,838.8032786885246,2.7540983606557377,99.0,89.0,72.0,103.33333333333333,166.0,2018-04-01,3,1,2018
portateis_cozinha_e_preparadores_de_alimentos,2018-03-01,0,0,0,,,,,,,,,0.0,0.0,0.0,0.0,0.0,2018-04-01,3,1,2018
security_and_services,2018-03-01,0,0,0,100.0,15.45,400.0,26.0,22.0,11.0,461.0,4.0,0.0,0.0,0.0,0.0,0.0,2018-04-01,3,1,2018
signaling_and_security,2018-03-01,9,7,7,102.43333333333334,17.517777777777777,1927.7777777777778,33.22222222222222,21.555555555555557,20.88888888888889,1046.7777777777778,2.4444444444444446,15.0,8.0,2.0,10.666666666666666,36.0,2018-04-01,3,1,2018
small_appliances,2018-03-01,35,34,22,398.6337142857143,21.16942857142857,2900.285714285714,33.42857142857143,21.571428571428573,26.65714285714286,1501.1714285714286,2.7142857142857144,32.0,53.0,27.0,40.0,66.0,2018-04-01,3,1,2018
small_appliances_home_oven_and_coffee,2018-03-01,7,7,6,1127.2714285714285,47.082857142857144,6856.0,43.42857142857143,34.285714285714285,33.857142857142854,1794.4285714285713,5.285714285714286,5.0,1.0,0.0,4.333333333333333,13.0,2018-04-01,3,1,2018
sports_leisure,2018-03-01,732,645,440,111.55322404371586,19.58717213114754,1794.1311475409836,28.262295081967213,18.577868852459016,20.342896174863387,1125.2431693989072,2.0956284153005464,637.0,642.0,484.0,670.3333333333334,586.0,2018-04-01,3,1,2018
stationery,2018-03-01,163,145,112,79.71619631901841,17.636196319018403,1869.8711656441717,38.668711656441715,15.496932515337424,21.245398773006134,453.4355828220859,2.815950920245399,145.0,385.0,248.0,231.0,152.0,2018-04-01,3,1,2018
tablets_printing_image,2018-03-01,3,2,2,86.43,9.333333333333334,394.3333333333333,24.0,7.333333333333333,20.333333333333332,785.3333333333334,5.0,13.0,3.0,6.0,6.333333333333333,1.0,2018-04-01,3,1,2018
telephony,2018-03-01,334,320,160,74.13002994011975,15.813562874251495,249.55089820359282,17.643712574850298,6.086826347305389,12.865269461077844,760.8053892215569,3.182634730538922,354.0,368.0,260.0,352.0,279.0,2018-04-01,3,1,2018
toys,2018-03-01,225,215,138,101.41133333333333,18.50097777777778,1845.048888888889,32.28,18.54222222222222,22.862222222222222,544.3555555555556,2.546666666666667,139.0,161.0,436.0,175.0,202.0,2018-04-01,3,1,2018
unknown_category,2018-03-01,133,125,54,125.00165413533836,18.783909774436093,1313.796992481203,22.571428571428573,12.699248120300751,17.218045112781954,,,117.0,193.0,137.0,147.66666666666666,74.0,2018-04-01,3,1,2018
watches_gifts,2018-03-01,421,407,178,227.2237054631829,20.501377672209024,753.1401425178148,20.125890736342043,10.418052256532066,14.562945368171022,707.6912114014252,2.147268408551069,324.0,355.0,353.0,366.6666666666667,494.0,2018-04-01,3,1,2018
agro_industry_and_commerce,2018-04-01,12,12,10,375.05833333333334,23.58,4941.0,34.083333333333336,27.5,25.583333333333332,769.3333333333334,1.75,26.0,26.0,18.0,21.333333333333332,8.0,2018-05-01,4,2,2018
air_conditioning,2018-04-01,23,22,17,141.81695652173912,28.666521739130438,4213.173913043478,36.130434782608695,17.608695652173914,24.47826086956522,947.2608695652174,2.9565217391304346,24.0,12.0,29.0,19.666666666666668,14.0,2018-05-01,4,2,2018
art,2018-04-01,26,26,9,82.31846153846153,18.567692307692308,1405.7692307692307,47.26923076923077,8.0,37.26923076923077,1067.076923076923,1.4230769230769231,7.0,12.0,19.0,15.0,34.0,2018-05-01,4,2,2018
arts_and_craftmanship,2018-04-01,1,1,1,15.99,18.23,210.0,25.0,10.0,15.0,130.0,1.0,0.0,0.0,0.0,0.3333333333333333,1.0,2018-05-01,4,2,2018
audio,2018-04-01,31,30,10,227.26032258064515,16.98032258064516,993.0645161290323,20.580645161290324,10.0,16.161290322580644,668.0322580645161,1.4516129032258065,34.0,15.0,26.0,26.666666666666668,21.0,2018-05-01,4,2,2018
auto,2018-04-01,348,328,248,137.90060344827586,20.768793103448274,2227.0488505747126,31.96551724137931,15.399425287356323,23.626436781609197,977.1609195402299,2.795977011494253,336.0,315.0,267.0,333.0,308.0,2018-05-01,4,2,2018
baby,2018-04-01,237,215,144,199.16126582278483,28.010632911392406,5047.485232067511,36.51898734177215,23.843881856540083,31.69198312236287,928.4008438818565,2.2658227848101267,215.0,172.0,219.0,208.0,239.0,2018-05-01,4,2,2018
bed_bath_table,2018-04-01,736,600,440,96.98316576086957,19.274932065217392,1961.398097826087,36.24592391304348,11.804347826086957,30.683423913043477,472.36684782608694,1.5054347826086956,777.0,685.0,836.0,732.6666666666666,740.0,2018-05-01,4,2,2018
books_general_interest,2018-04-01,49,42,30,128.0512244897959,18.273673469387756,719.4897959183673,26.653061224489797,13.53061224489796,20.102040816326532,1056.0816326530612,1.9387755102040816,38.0,28.0,44.0,38.333333333333336,50.0,2018-05-01,4,2,2018
books_imported,2018-04-01,4,4,4,79.4975,8.594999999999999,537.5,30.25,2.25,21.5,327.75,1.0,3.0,3.0,6.0,3.3333333333333335,10.0,2018-05-01,4,2,2018
books_technical,2018-04-01,23,23,16,50.960869565217386,17.58086956521739,754.3478260869565,33.30434782608695,7.391304347826087,16.652173913043477,1176.7826086956522,1.1304347826086956,17.0,26.0,17.0,22.0,55.0,2018-05-01,4,2,2018
cds_dvds_musicals,2018-04-01,1,1,1,65.0,52.58,550.0,35.0,15.0,25.0,117.0,2.0,0.0,0.0,0.0,0.3333333333333333,0.0,2018-05-01,4,2,2018
christmas_supplies,2018-04-01,12,9,9,22.929166666666664,20.285833333333333,958.3333333333334,22.833333333333332,11.916666666666666,17.416666666666668,407.3333333333333,1.0833333333333333,12.0,24.0,10.0,16.0,6.0,2018-05-01,4,2,2018
cine_photo,2018-04-01,5,5,4,104.348,19.878,1360.0,37.6,11.2,22.0,801.0,2.2,7.0,2.0,2.0,4.666666666666667,17.0,2018-05-01,4,2,2018
computers,2018-04-01,15,13,4,918.328,53.11266666666667,8916.666666666666,32.666666666666664,34.53333333333333,45.333333333333336,2533.9333333333334,2.466666666666667,0.0,0.0,11.0,5.0,13.0,2018-05-01,4,2,2018
computers_accessories,2018-04-01,526,465,206,109.07015209125476,18.818916349809886,1215.1653992395438,21.5532319391635,12.458174904942966,16.950570342205324,885.1653992395437,1.6007604562737643,750.0,971.0,688.0,749.0,453.0,2018-05-01,4,2,2018
consoles_games,2018-04-01,40,37,23,137.77625,18.611,304.525,19.675,10.875,13.975,503.05,2.85,57.0,51.0,51.0,49.333333333333336,52.0,2018-05-01,4,2,2018
construction_tools_construction,2018-04-01,90,76,59,143.70922222222222,24.291222222222224,2710.1666666666665,26.044444444444444,18.622222222222224,19.4,956.6111111111111,2.811111111111111,66.0,68.0,48.0,74.66666666666667,125.0,2018-05-01,4,2,2018
construction_tools_lights,2018-04-01,47,37,13,105.58872340425532,18.40063829787234,2163.8297872340427,20.319148936170212,20.106382978723403,19.893617021276597,924.1702127659574,1.6170212765957446,13.0,17.0,7.0,25.666666666666668,38.0,2018-05-01,4,2,2018
construction_tools_safety,2018-04-01,24,23,16,120.30250000000001,22.529583333333335,686.6666666666666,19.833333333333332,15.208333333333334,17.166666666666668,1218.5,3.0416666666666665,22.0,8.0,11.0,18.0,22.0,2018-05-01,4,2,2018
cool_stuff,2018-04-01,206,194,96,170.02626213592234,24.18004854368932,3249.1116504854367,37.199029126213595,20.155339805825243,26.864077669902912,827.1601941747573,2.2427184466019416,253.0,180.0,296.0,213.0,175.0,2018-05-01,4,2,2018
costruction_tools_garden,2018-04-01,18,12,14,73.71055555555556,25.026666666666667,4540.5,28.77777777777778,17.166666666666668,17.833333333333332,1173.5555555555557,2.1666666666666665,22.0,20.0,24.0,20.0,16.0,2018-05-01,4,2,2018
costruction_tools_tools,2018-04-01,17,16,8,78.41117647058823,18.76058823529412,1382.764705882353,24.705882352941178,14.235294117647058,16.41176470588235,848.1764705882352,2.4705882352941178,9.0,12.0,8.0,12.666666666666666,5.0,2018-05-01,4,2,2018
diapers_and_hygiene,2018-04-01,4,4,4,37.25,12.8925,850.0,23.0,22.0,19.25,364.25,1.0,5.0,4.0,5.0,4.333333333333333,3.0,2018-05-01,4,2,2018
drinks,2018-04-01,54,29,17,92.89703703703705,16.625555555555554,1514.8148148148148,19.796296296296298,28.296296296296298,17.40740740740741,896.9629629629629,1.3888888888888888,21.0,31.0,50.0,35.333333333333336,47.0,2018-05-01,4,2,2018
dvds_blu_ray,2018-04-01,5,4,5,18.5,35.034000000000006,170.0,20.0,2.0,14.4,622.8,1.0,2.0,1.0,2.0,2.6666666666666665,7.0,2018-05-01,4,2,2018
electronics,2018-04-01,212,201,100,51.133160377358486,17.29872641509434,758.877358490566,23.797169811320753,10.693396226415095,16.471698113207548,532.1367924528302,1.6037735849056605,254.0,331.0,348.0,265.6666666666667,231.0,2018-05-01,4,2,2018
fashio_female_clothing,2018-04-01,5,1,1,34.99,8.64,350.0,16.0,5.0,20.0,367.0,6.0,4.0,1.0,3.0,3.3333333333333335,0.0,2018-05-01,4,2,2018
fashion_bags_accessories,2018-04-01,102,92,80,80.57696078431373,16.792549019607844,507.9901960784314,19.235294117647058,8.784313725490197,17.127450980392158,459.2450980392157,3.4411764705882355,137.0,107.0,125.0,115.33333333333333,110.0,2018-05-01,4,2,2018
fashion_childrens_clothes,2018-04-01,0,0,0,39.99,8.29,100.0,16.0,16.0,16.0,168.0,1.0,2.0,0.0,0.0,0.6666666666666666,0.0,2018-05-01,4,2,2018
fashion_male_clothing,2018-04-01,1,1,1,195.0,39.42,950.0,40.0,6.0,40.0,1026.0,2.0,0.0,3.0,6.0,1.3333333333333333,1.0,2018-05-01,4,2,2018
fashion_shoes,2018-04-01,11,11,11,130.79090909090908,25.388181818181817,1345.4545454545455,27.363636363636363,22.545454545454547,22.272727272727273,630.5454545454545,4.363636363636363,11.0,11.0,9.0,11.0,10.0,2018-05-01,4,2,2018
fashion_sport,2018-04-01,1,1,1,89.9,15.51,100.0,16.0,12.0,12.0,511.0,2.0,1.0,0.0,2.0,0.6666666666666666,0.0,2018-05-01,4,2,2018
fashion_underwear_beach,2018-04-01,6,6,6,59.9,13.463333333333333,241.66666666666666,39.833333333333336,5.0,16.833333333333332,537.5,1.1666666666666667,5.0,7.0,8.0,6.0,6.0,2018-05-01,4,2,2018
fixed_telephony,2018-04-01,11,10,8,174.72181818181818,18.703636363636363,490.8181818181818,22.727272727272727,12.0,17.181818181818183,1479.4545454545455,2.4545454545454546,14.0,11.0,10.0,12.0,16.0,2018-05-01,4,2,2018
flowers,2018-04-01,3,3,3,52.800000000000004,12.030000000000001,833.3333333333334,28.666666666666668,17.0,20.333333333333332,273.6666666666667,1.3333333333333333,3.0,4.0,10.0,3.3333333333333335,1.0,2018-05-01,4,2,2018
food,2018-04-01,40,36,8,41.63575,13.863999999999999,330.0,17.4,12.775,13.65,1358.7,1.35,35.0,38.0,19.0,37.666666666666664,44.0,2018-05-01,4,2,2018
food_drink,2018-04-01,18,16,12,33.614999999999995,15.553333333333333,683.3333333333334,21.666666666666668,13.222222222222221,15.722222222222221,1432.3333333333333,1.9444444444444444,19.0,23.0,11.0,20.0,25.0,2018-05-01,4,2,2018
furniture_bedroom,2018-04-01,7,6,5,185.9857142857143,44.395714285714284,9242.857142857143,81.14285714285714,39.714285714285715,23.428571428571427,533.8571428571429,2.142857142857143,6.0,7.0,5.0,6.666666666666667,6.0,2018-05-01,4,2,2018
furniture_decor,2018-04-01,586,458,295,95.93450511945393,19.708105802047783,2653.3037542662114,41.38737201365188,18.43344709897611,27.141638225255974,842.5119453924915,2.5972696245733786,583.0,422.0,595.0,530.3333333333334,597.0,2018-05-01,4,2,2018
furniture_living_room,2018-04-01,33,24,25,152.78272727272727,32.10636363636364,7117.727272727273,49.696969696969695,20.757575757575758,35.90909090909091,612.3636363636364,2.090909090909091,19.0,26.0,22.0,26.0,16.0,2018-05-01,4,2,2018
furniture_mattress_and_upholstery,2018-04-01,0,0,0,110.0,36.2325,1700.0,70.0,10.0,100.0,866.0,1.0,4.0,5.0,9.0,3.0,0.0,2018-05-01,4,2,2018
garden_tools,2018-04-01,282,232,99,122.43276595744682,19.28666666666667,2475.145390070922,30.595744680851062,19.645390070921987,26.18794326241135,696.5744680851063,2.5106382978723403,253.0,293.0,236.0,276.0,288.0,2018-05-01,4,2,2018
health_beauty,2018-04-01,685,619,320,132.93204379562044,19.42344525547445,1198.7576642335766,24.55766423357664,15.068613138686132,19.040875912408758,1160.2335766423357,2.016058394160584,656.0,650.0,619.0,663.6666666666666,751.0,2018-05-01,4,2,2018
home_appliances,2018-04-01,104,104,75,144.41951923076923,21.18817307692308,2446.875,33.38461538461539,14.711538461538462,23.625,614.8173076923077,2.0384615384615383,70.0,48.0,27.0,74.0,64.0,2018-05-01,4,2,2018
home_appliances_2,2018-04-01,23,23,16,901.8126086956521,52.928260869565214,10516.434782608696,47.65217391304348,26.0,37.608695652173914,741.7826086956521,2.0,12.0,21.0,13.0,18.666666666666668,23.0,2018-05-01,4,2,2018
home_comfort_2,2018-04-01,1,1,1,12.9,5.86,700.0,65.0,18.0,28.0,348.0,1.0,1.0,3.0,0.0,1.6666666666666667,0.0,2018-05-01,4,2,2018
home_confort,2018-04-01,18,15,8,107.74444444444445,18.603333333333335,2813.8888888888887,45.611111111111114,14.555555555555555,35.94444444444444,244.83333333333334,1.5555555555555556,21.0,21.0,18.0,20.0,21.0,2018-05-01,4,2,2018
home_construction,2018-04-01,75,58,37,122.72866666666665,19.262800000000002,2248.7733333333335,33.10666666666667,25.533333333333335,23.96,797.9866666666667,3.24,43.0,38.0,40.0,52.0,79.0,2018-05-01,4,2,2018
housewares,2018-04-01,462,411,298,96.02443722943723,21.843636363636364,4043.720779220779,35.31818181818182,24.614718614718615,27.465367965367964,700.8333333333334,2.3181818181818183,390.0,391.0,351.0,414.3333333333333,618.0,2018-05-01,4,2,2018
industry_commerce_and_business,2018-04-01,53,48,20,107.36999999999999,22.483207547169815,8392.943396226416,37.35849056603774,65.81132075471699,28.09433962264151,1257.5094339622642,3.1320754716981134,29.0,37.0,18.0,39.666666666666664,40.0,2018-05-01,4,2,2018
kitchen_dining_laundry_garden_furniture,2018-04-01,19,18,13,163.71421052631578,58.50368421052631,9750.263157894737,53.68421052631579,35.68421052631579,44.0,1014.1052631578947,3.736842105263158,12.0,19.0,21.0,16.666666666666668,13.0,2018-05-01,4,2,2018
la_cuisine,2018-04-01,2,1,1,140.0,27.06,2450.0,81.0,7.0,40.0,287.0,1.0,1.0,0.0,1.0,1.0,0.0,2018-05-01,4,2,2018
luggage_accessories,2018-04-01,57,53,36,152.28912280701755,27.922631578947367,5623.333333333333,39.719298245614034,26.649122807017545,33.473684210526315,704.0350877192982,2.43859649122807,56.0,45.0,126.0,52.666666666666664,49.0,2018-05-01,4,2,2018
market_place,2018-04-01,15,15,10,41.815333333333335,14.506666666666666,561.6666666666666,21.933333333333334,17.133333333333333,20.266666666666666,1177.5333333333333,2.466666666666667,17.0,28.0,14.0,20.0,14.0,2018-05-01,4,2,2018
music,2018-04-01,5,5,5,339.372,29.040000000000003,2870.0,39.6,13.6,22.2,971.6,2.4,2.0,2.0,1.0,3.0,5.0,2018-05-01,4,2,2018
musical_instruments,2018-04-01,60,57,41,322.9218333333334,30.017666666666667,3033.483333333333,37.53333333333333,16.45,26.8,908.6,2.8333333333333335,53.0,44.0,51.0,52.333333333333336,61.0,2018-05-01,4,2,2018
office_furniture,2018-04-01,131,86,58,152.65496183206108,47.62641221374045,11626.351145038168,53.954198473282446,50.36641221374046,31.610687022900763,1313.4274809160306,1.0763358778625953,200.0,107.0,142.0,146.0,104.0,2018-05-01,4,2,2018
party_supplies,2018-04-01,2,1,1,21.9,18.23,100.0,16.0,6.0,11.0,186.0,6.0,6.0,0.0,2.0,2.6666666666666665,4.0,2018-05-01,4,2,2018
pc_gamer,2018-04-01,0,0,0,129.99,20.04,2839.0,19.0,16.0,18.0,621.0,4.0,0.0,1.0,0.0,0.3333333333333333,0.0,2018-05-01,4,2,2018
perfumery,2018-04-01,174,159,106,100.17477011494253,15.292586206896551,418.4310344827586,20.436781609195403,12.229885057471265,16.310344827586206,778.4942528735633,1.5172413793103448,198.0,211.0,223.0,194.33333333333334,197.0,2018-05-01,4,2,2018
pet_shop,2018-04-01,166,150,109,110.1383734939759,21.043373493975903,3205.7951807228915,31.53614457831325,19.240963855421686,26.289156626506024,843.3795180722891,2.1987951807228914,122.0,99.0,89.0,129.0,136.0,2018-05-01,4,2,2018
portateis_cozinha_e_preparadores_de_alimentos,2018-04-01,0,0,0,,,,,,,,,0.0,0.0,0.0,0.0,2.0,2018-05-01,4,2,2018
security_and_services,2018-04-01,0,0,0,100.0,15.45,400.0,26.0,22.0,11.0,461.0,4.0,0.0,0.0,0.0,0.0,0.0,2018-05-01,4,2,2018
signaling_and_security,2018-04-01,36,22,20,61.73055555555555,20.249444444444446,1928.888888888889,34.80555555555556,28.555555555555557,20.083333333333332,572.4722222222222,1.8055555555555556,9.0,15.0,8.0,20.0,7.0,2018-05-01,4,2,2018
small_appliances,2018-04-01,66,60,40,182.90545454545455,18.281666666666666,1459.9848484848485,26.166666666666668,18.439393939393938,19.863636363636363,1066.1363636363637,2.227272727272727,35.0,32.0,53.0,44.333333333333336,48.0,2018-05-01,4,2,2018
small_appliances_home_oven_and_coffee,2018-04-01,13,13,6,1016.3069230769231,54.58692307692308,7334.615384615385,44.30769230769231,32.46153846153846,36.61538461538461,1724.3846153846155,5.538461538461538,7.0,5.0,1.0,8.333333333333334,9.0,2018-05-01,4,2,2018
sports_leisure,2018-04-01,586,520,367,112.27563139931742,19.153310580204778,1395.759385665529,29.155290102389078,16.196245733788395,20.55631399317406,1069.679180887372,2.5409556313993176,732.0,637.0,642.0,651.6666666666666,489.0,2018-05-01,4,2,2018
stationery,2018-04-01,152,128,84,74.1016447368421,16.81967105263158,1760.75,36.776315789473685,16.388157894736842,21.94078947368421,417.05263157894734,3.375,163.0,145.0,385.0,153.33333333333334,130.0,2018-05-01,4,2,2018
tablets_printing_image,2018-04-01,1,1,1,52.0,18.24,300.0,26.0,10.0,26.0,512.0,1.0,3.0,13.0,3.0,5.666666666666667,1.0,2018-05-01,4,2,2018
telephony,2018-04-01,279,245,152,58.46616487455197,14.708637992831541,250.02867383512546,17.78494623655914,7.222222222222222,13.197132616487455,612.0,2.96415770609319,334.0,354.0,368.0,322.3333333333333,250.0,2018-05-01,4,2,2018
toys,2018-04-01,202,193,127,114.55648514851485,21.249851485148515,2122.6435643564355,33.915841584158414,19.10891089108911,25.277227722772277,751.7178217821782,3.4603960396039604,225.0,139.0,161.0,188.66666666666666,218.0,2018-05-01,4,2,2018
unknown_category,2018-04-01,74,72,45,107.94459459459459,18.218243243243244,1549.3243243243244,24.04054054054054,14.837837837837839,20.094594594594593,,,133.0,117.0,193.0,108.0,42.0,2018-05-01,4,2,2018
watches_gifts,2018-04-01,494,462,188,179.39892712550608,15.113502024291497,498.96963562753035,19.47165991902834,9.712550607287449,14.791497975708502,683.1558704453441,2.425101214574899,421.0,324.0,355.0,413.0,625.0,2018-05-01,4,2,2018
agro_industry_and_commerce,2018-05-01,8,8,7,409.96875,19.18375,2116.625,28.75,20.75,19.5,575.375,1.75,12.0,26.0,26.0,15.333333333333334,10.0,2018-06-01,5,2,2018
air_conditioning,2018-05-01,14,13,8,132.2357142857143,27.146428571428572,5940.5,45.857142857142854,16.714285714285715,26.357142857142858,1363.0714285714287,3.5714285714285716,23.0,24.0,12.0,20.333333333333332,15.0,2018-06-01,5,2,2018
art,2018-05-01,34,33,10,73.29323529411764,15.585588235294116,1223.5294117647059,49.088235294117645,7.0,35.294117647058826,1037.5882352941176,2.0588235294117645,26.0,7.0,12.0,22.333333333333332,28.0,2018-06-01,5,2,2018
arts_and_craftmanship,2018-05-01,1,1,1,89.8,11.25,1025.0,21.0,9.0,21.0,604.0,1.0,1.0,0.0,0.0,0.6666666666666666,0.0,2018-06-01,5,2,2018
audio,2018-05-01,21,20,7,128.46095238095236,16.517142857142858,410.2857142857143,21.61904761904762,10.047619047619047,15.761904761904763,814.8095238095239,1.7142857142857142,31.0,34.0,15.0,28.666666666666668,20.0,2018-06-01,5,2,2018
auto,2018-05-01,308,295,227,132.63454545454547,23.468766233766235,2673.2337662337663,33.035714285714285,18.665584415584416,22.405844155844157,942.8051948051948,2.6818181818181817,348.0,336.0,315.0,330.6666666666667,295.0,2018-06-01,5,2,2018
baby,2018-05-01,239,218,143,139.1366108786611,22.170753138075316,3217.803347280335,34.18828451882845,19.594142259414227,27.317991631799163,907.7154811715482,2.1422594142259412,237.0,215.0,172.0,230.33333333333334,223.0,2018-06-01,5,2,2018
bed_bath_table,2018-05-01,740,600,392,96.30414864864866,18.077932432432434,2078.7364864864867,36.4,12.871621621621621,31.67027027027027,456.7837837837838,1.3986486486486487,736.0,777.0,685.0,751.0,764.0,2018-06-01,5,2,2018
books_general_interest,2018-05-01,50,48,35,118.5026,17.3746,606.5,26.42,12.1,19.94,1107.5,1.62,49.0,38.0,28.0,45.666666666666664,38.0,2018-06-01,5,2,2018
books_imported,2018-05-01,10,9,6,41.092,11.479,325.0,31.9,2.5,22.9,249.8,1.1,4.0,3.0,3.0,5.666666666666667,9.0,2018-06-01,5,2,2018
books_technical,2018-05-01,55,54,19,55.28236363636364,15.437454545454544,944.5454545454545,27.89090909090909,3.8727272727272726,20.01818181818182,1032.5636363636363,1.0727272727272728,23.0,17.0,26.0,31.666666666666668,26.0,2018-06-01,5,2,2018
cds_dvds_musicals,2018-05-01,0,0,0,65.0,52.58,550.0,35.0,15.0,25.0,117.0,2.0,1.0,0.0,0.0,0.3333333333333333,0.0,2018-06-01,5,2,2018
christmas_supplies,2018-05-01,6,6,5,87.42166666666667,24.701666666666668,3333.3333333333335,34.666666666666664,16.0,30.5,855.1666666666666,1.6666666666666667,12.0,12.0,24.0,10.0,7.0,2018-06-01,5,2,2018
cine_photo,2018-05-01,17,16,6,124.01705882352941,16.058235294117647,550.0,26.764705882352942,6.117647058823529,20.235294117647058,778.2352941176471,1.7058823529411764,5.0,7.0,2.0,9.666666666666666,13.0,2018-06-01,5,2,2018
computers,2018-05-01,13,6,4,669.2246153846154,35.494615384615386,11973.076923076924,50.30769230769231,48.30769230769231,27.153846153846153,1334.6153846153845,1.6153846153846154,15.0,0.0,0.0,9.333333333333334,13.0,2018-06-01,5,2,2018
computers_accessories,2018-05-01,453,399,184,111.77004415011038,18.580264900662254,928.364238410596,22.015452538631347,11.874172185430464,18.13907284768212,916.4083885209714,1.6975717439293598,526.0,750.0,971.0,576.3333333333334,401.0,2018-06-01,5,2,2018
consoles_games,2018-05-01,52,38,25,101.52442307692309,19.046153846153846,260.2307692307692,18.576923076923077,9.576923076923077,14.076923076923077,752.7692307692307,1.9038461538461537,40.0,57.0,51.0,49.666666666666664,43.0,2018-06-01,5,2,2018
construction_tools_construction,2018-05-01,125,89,74,165.9888,22.65392,3192.056,25.36,17.392,23.52,994.088,2.184,90.0,66.0,68.0,93.66666666666667,113.0,2018-06-01,5,2,2018
construction_tools_lights,2018-05-01,38,30,6,114.60026315789474,19.73421052631579,2681.5789473684213,21.36842105263158,19.894736842105264,21.263157894736842,978.2894736842105,3.0789473684210527,47.0,13.0,17.0,32.666666666666664,44.0,2018-06-01,5,2,2018
construction_tools_safety,2018-05-01,22,21,14,274.7731818181818,22.098636363636363,837.1363636363636,19.818181818181817,16.045454545454547,17.90909090909091,1739.0,2.5,24.0,22.0,8.0,22.666666666666668,16.0,2018-06-01,5,2,2018
cool_stuff,2018-05-01,175,168,66,171.13782857142857,22.169485714285713,2831.9657142857145,32.48571428571429,19.96,23.942857142857143,828.3314285714285,2.5714285714285716,206.0,253.0,180.0,211.33333333333334,103.0,2018-06-01,5,2,2018
costruction_tools_garden,2018-05-01,16,13,13,67.08,20.660625,1286.6875,22.875,13.75,17.1875,1251.1875,2.9375,18.0,22.0,20.0,18.666666666666668,11.0,2018-06-01,5,2,2018
costruction_tools_tools,2018-05-01,5,5,2,83.58,17.672,936.6,20.2,13.2,13.2,564.0,2.0,17.0,9.0,12.0,10.333333333333334,4.0,2018-06-01,5,2,2018
diapers_and_hygiene,2018-05-01,3,3,3,39.0,14.216666666666669,233.33333333333334,23.333333333333332,20.0,18.333333333333332,323.0,1.0,4.0,5.0,4.0,4.0,7.0,2018-06-01,5,2,2018
drinks,2018-05-01,47,33,19,53.31893617021277,16.145744680851063,777.4893617021277,21.21276595744681,21.425531914893618,17.70212765957447,975.1489361702128,1.553191489361702,54.0,21.0,31.0,40.666666666666664,33.0,2018-06-01,5,2,2018
dvds_blu_ray,2018-05-01,7,6,3,62.848571428571425,17.174285714285713,1278.5714285714287,25.428571428571427,4.0,16.571428571428573,789.2857142857143,2.7142857142857144,5.0,2.0,1.0,4.666666666666667,6.0,2018-06-01,5,2,2018
electronics,2018-05-01,231,219,110,70.02939393939394,17.02926406926407,705.3333333333334,23.134199134199132,11.333333333333334,16.593073593073594,626.7316017316017,1.9134199134199135,212.0,254.0,331.0,232.33333333333334,191.0,2018-06-01,5,2,2018
fashio_female_clothing,2018-05-01,0,0,0,34.99,8.64,350.0,16.0,5.0,20.0,367.0,6.0,5.0,4.0,1.0,3.0,0.0,2018-06-01,5,2,2018
fashion_bags_accessories,2018-05-01,110,104,74,104.4560909090909,15.161272727272728,450.3181818181818,19.12727272727273,9.281818181818181,16.681818181818183,382.8636363636364,3.8363636363636364,102.0,137.0,107.0,116.33333333333333,87.0,2018-06-01,5,2,2018
fashion_childrens_clothes,2018-05-01,0,0,0,39.99,8.29,100.0,16.0,16.0,16.0,168.0,1.0,0.0,2.0,0.0,0.6666666666666666,1.0,2018-06-01,5,2,2018
fashion_male_clothing,2018-05-01,1,1,1,129.99,19.88,1050.0,40.0,6.0,35.0,275.0,2.0,1.0,0.0,3.0,0.6666666666666666,7.0,2018-06-01,5,2,2018
fashion_shoes,2018-05-01,10,10,10,158.27,20.587,1485.0,32.1,19.8,25.6,613.9,3.8,11.0,11.0,11.0,10.666666666666666,10.0,2018-06-01,5,2,2018
fashion_sport,2018-05-01,0,0,0,89.9,15.51,100.0,16.0,12.0,12.0,511.0,2.0,1.0,1.0,0.0,0.6666666666666666,0.0,2018-06-01,5,2,2018
fashion_underwear_beach,2018-05-01,6,5,4,34.56666666666666,15.51,200.0,36.666666666666664,4.333333333333333,15.333333333333334,477.6666666666667,1.3333333333333333,6.0,5.0,7.0,5.666666666666667,7.0,2018-06-01,5,2,2018
fixed_telephony,2018-05-01,16,11,7,115.3875,16.730625,777.5625,25.0625,12.0,18.125,1227.5,2.4375,11.0,14.0,11.0,13.666666666666666,17.0,2018-06-01,5,2,2018
flowers,2018-05-01,1,1,1,16.4,19.32,800.0,16.0,16.0,16.0,489.0,1.0,3.0,3.0,4.0,2.3333333333333335,2.0,2018-06-01,5,2,2018
food,2018-05-01,44,36,9,35.06659090909091,12.194318181818181,285.4318181818182,17.204545454545453,12.818181818181818,13.340909090909092,1128.409090909091,1.0,40.0,35.0,38.0,39.666666666666664,24.0,2018-06-01,5,2,2018
food_drink,2018-05-01,25,15,13,49.577600000000004,17.412,1418.0,22.0,18.4,16.48,1221.16,2.4,18.0,19.0,23.0,20.666666666666668,11.0,2018-06-01,5,2,2018
furniture_bedroom,2018-05-01,6,5,5,247.49666666666667,55.321666666666665,9716.666666666666,73.33333333333333,28.0,32.0,701.6666666666666,2.3333333333333335,7.0,6.0,7.0,6.333333333333333,9.0,2018-06-01,5,2,2018
furniture_decor,2018-05-01,597,456,277,89.96055276381911,19.547202680067002,2743.63986599665,38.983249581239534,20.040201005025125,27.07537688442211,756.6984924623116,2.559463986599665,586.0,583.0,422.0,588.6666666666666,402.0,2018-06-01,5,2,2018
furniture_living_room,2018-05-01,16,13,13,170.0675,41.81375,8597.375,55.8125,21.0625,42.75,621.4375,1.6875,33.0,19.0,26.0,22.666666666666668,29.0,2018-06-01,5,2,2018
furniture_mattress_and_upholstery,2018-05-01,0,0,0,110.0,36.2325,1700.0,70.0,10.0,100.0,866.0,1.0,0.0,4.0,5.0,1.3333333333333333,0.0,2018-06-01,5,2,2018
garden_tools,2018-05-01,288,227,105,130.90552083333333,18.06489583333333,2083.5069444444443,30.5625,19.506944444444443,26.87847222222222,644.4618055555555,2.3645833333333335,282.0,253.0,293.0,274.3333333333333,184.0,2018-06-01,5,2,2018
health_beauty,2018-05-01,751,669,334,125.87800266311585,18.2782689747004,923.4860186418109,23.376830892143808,12.946737683089214,17.757656458055926,1096.9427430093208,1.540612516644474,685.0,656.0,650.0,697.3333333333334,875.0,2018-06-01,5,2,2018
home_appliances,2018-05-01,64,63,53,96.08859375,19.2303125,2224.21875,29.265625,14.53125,20.484375,487.03125,1.671875,104.0,70.0,48.0,79.33333333333333,65.0,2018-06-01,5,2,2018
home_appliances_2,2018-05-01,23,23,16,627.88,50.28652173913043,10074.217391304348,40.869565217391305,29.565217391304348,33.0,666.4782608695652,1.826086956521739,23.0,12.0,21.0,19.333333333333332,19.0,2018-06-01,5,2,2018
home_comfort_2,2018-05-01,0,0,0,12.9,5.86,700.0,65.0,18.0,28.0,348.0,1.0,1.0,1.0,3.0,0.6666666666666666,2.0,2018-06-01,5,2,2018
home_confort,2018-05-01,21,18,8,128.9857142857143,18.886666666666667,3529.7619047619046,48.76190476190476,13.095238095238095,38.333333333333336,207.23809523809524,1.4761904761904763,18.0,21.0,21.0,20.0,16.0,2018-06-01,5,2,2018
home_construction,2018-05-01,79,63,47,128.54784810126583,16.46518987341772,3043.8607594936707,23.772151898734176,24.78481012658228,21.481012658227847,729.6582278481013,3.5443037974683542,75.0,43.0,38.0,65.66666666666667,71.0,2018-06-01,5,2,2018
housewares,2018-05-01,618,492,333,101.65788025889968,21.83886731391586,3445.428802588997,32.66504854368932,25.59546925566343,25.385113268608414,805.3042071197411,2.8640776699029127,462.0,390.0,391.0,490.0,577.0,2018-06-01,5,2,2018
industry_commerce_and_business,2018-05-01,40,34,17,94.52475,26.87375,4823.75,32.2,59.2,27.8,1473.55,3.2,53.0,29.0,37.0,40.666666666666664,26.0,2018-06-01,5,2,2018
kitchen_dining_laundry_garden_furniture,2018-05-01,13,10,7,177.69923076923078,42.39923076923076,12234.615384615385,58.07692307692308,29.0,42.84615384615385,925.0,3.3846153846153846,19.0,12.0,19.0,14.666666666666666,29.0,2018-06-01,5,2,2018
la_cuisine,2018-05-01,0,0,0,140.0,27.06,2450.0,81.0,7.0,40.0,287.0,1.0,2.0,1.0,0.0,1.0,0.0,2018-06-01,5,2,2018
luggage_accessories,2018-05-01,49,44,35,135.07061224489797,33.20469387755102,5975.510204081633,38.02040816326531,36.244897959183675,33.93877551020408,807.3673469387755,2.979591836734694,57.0,56.0,45.0,54.0,36.0,2018-06-01,5,2,2018
market_place,2018-05-01,14,13,10,68.38928571428572,16.38142857142857,969.6428571428571,21.857142857142858,27.714285714285715,24.0,788.0,3.5714285714285716,15.0,17.0,28.0,15.333333333333334,7.0,2018-06-01,5,2,2018
music,2018-05-01,5,5,4,145.8,19.68,5070.0,25.2,21.2,16.2,1982.2,2.6,5.0,2.0,2.0,4.0,3.0,2018-06-01,5,2,2018
musical_instruments,2018-05-01,61,59,40,307.4929508196721,29.17983606557377,2574.688524590164,34.32786885245902,16.229508196721312,23.59016393442623,973.9016393442623,3.3934426229508197,60.0,53.0,44.0,58.0,47.0,2018-06-01,5,2,2018
office_furniture,2018-05-01,104,82,44,200.34490384615384,41.292692307692306,11913.76923076923,52.90384615384615,46.81730769230769,32.24038461538461,1257.6153846153845,1.4038461538461537,131.0,200.0,107.0,145.0,76.0,2018-06-01,5,2,2018
party_supplies,2018-05-01,4,3,3,25.174999999999997,17.435,212.5,16.0,8.75,11.75,610.75,3.75,2.0,6.0,0.0,4.0,2.0,2018-06-01,5,2,2018
pc_gamer,2018-05-01,0,0,0,129.99,20.04,2839.0,19.0,16.0,18.0,621.0,4.0,0.0,0.0,1.0,0.0,0.0,2018-06-01,5,2,2018
perfumery,2018-05-01,197,179,109,124.2776649746193,15.908832487309644,591.5228426395939,20.903553299492387,13.137055837563452,16.685279187817258,573.7969543147208,1.4416243654822336,174.0,198.0,211.0,189.66666666666666,186.0,2018-06-01,5,2,2018
pet_shop,2018-05-01,136,127,83,86.09161764705883,17.467720588235295,2400.801470588235,32.654411764705884,15.279411764705882,29.419117647058822,892.6617647058823,2.2941176470588234,166.0,122.0,99.0,141.33333333333334,178.0,2018-06-01,5,2,2018
portateis_cozinha_e_preparadores_de_alimentos,2018-05-01,2,2,1,979.0,44.205,7350.0,40.0,30.0,23.0,1372.0,5.0,0.0,0.0,0.0,0.6666666666666666,0.0,2018-06-01,5,2,2018
security_and_services,2018-05-01,0,0,0,100.0,15.45,400.0,26.0,22.0,11.0,461.0,4.0,0.0,0.0,0.0,0.0,0.0,2018-06-01,5,2,2018
signaling_and_security,2018-05-01,7,6,5,97.64285714285714,25.641428571428573,4228.571428571428,21.857142857142858,25.0,20.857142857142858,814.1428571428571,3.7142857142857144,36.0,9.0,15.0,17.333333333333332,27.0,2018-06-01,5,2,2018
small_appliances,2018-05-01,48,39,30,221.270625,18.465416666666666,1244.3958333333333,25.1875,19.666666666666668,21.166666666666668,1044.0833333333333,2.7291666666666665,66.0,35.0,32.0,49.666666666666664,49.0,2018-06-01,5,2,2018
small_appliances_home_oven_and_coffee,2018-05-01,9,9,4,1129.0666666666666,34.77111111111111,6183.333333333333,49.888888888888886,32.77777777777778,42.111111111111114,2652.0,6.0,13.0,7.0,5.0,9.666666666666666,3.0,2018-06-01,5,2,2018
sports_leisure,2018-05-01,489,449,313,121.0836809815951,18.76073619631902,1500.4948875255623,29.104294478527606,16.33128834355828,19.27402862985685,1031.437627811861,2.3680981595092025,586.0,732.0,637.0,602.3333333333334,419.0,2018-06-01,5,2,2018
stationery,2018-05-01,130,124,92,99.4106923076923,18.837846153846154,2100.1692307692306,31.646153846153847,18.484615384615385,23.16923076923077,426.9846153846154,3.0384615384615383,152.0,163.0,145.0,148.33333333333334,167.0,2018-06-01,5,2,2018
tablets_printing_image,2018-05-01,1,1,1,49.9,8.29,300.0,26.0,10.0,26.0,512.0,1.0,1.0,3.0,13.0,1.6666666666666667,1.0,2018-06-01,5,2,2018
telephony,2018-05-01,250,237,122,75.77712,16.626720000000002,231.66,17.724,6.952,13.056,747.476,3.024,279.0,334.0,354.0,287.6666666666667,216.0,2018-06-01,5,2,2018
toys,2018-05-01,218,211,141,144.67160550458715,21.177155963302752,2470.8440366972477,32.0,19.96788990825688,25.160550458715598,649.059633027523,2.876146788990826,202.0,225.0,139.0,215.0,190.0,2018-06-01,5,2,2018
unknown_category,2018-05-01,42,37,29,73.73904761904762,21.072142857142858,1829.2380952380952,30.80952380952381,17.30952380952381,22.30952380952381,,,74.0,133.0,117.0,83.0,23.0,2018-06-01,5,2,2018
watches_gifts,2018-05-01,625,585,222,190.983968,13.779872,675.3296,19.8624,10.0304,14.824,720.9056,2.3632,494.0,421.0,324.0,513.3333333333334,477.0,2018-06-01,5,2,2018
agro_industry_and_commerce,2018-06-01,10,10,8,351.58000000000004,32.725,4715.0,32.9,23.1,27.3,1378.8,2.9,8.0,12.0,26.0,10.0,27.0,2018-07-01,6,2,2018
air_conditioning,2018-06-01,15,9,8,237.86,35.00266666666666,6640.133333333333,67.8,14.866666666666667,31.933333333333334,1890.4666666666667,3.2666666666666666,14.0,23.0,24.0,17.333333333333332,17.0,2018-07-01,6,2,2018
art,2018-06-01,28,28,10,89.29071428571429,18.537142857142857,1382.142857142857,49.035714285714285,9.357142857142858,37.857142857142854,1078.0714285714287,1.6071428571428572,34.0,26.0,7.0,29.333333333333332,21.0,2018-07-01,6,2,2018
arts_and_craftmanship,2018-06-01,0,0,0,89.8,11.25,1025.0,21.0,9.0,21.0,604.0,1.0,1.0,1.0,0.0,0.6666666666666666,11.0,2018-07-01,6,2,2018
audio,2018-06-01,20,19,6,91.53450000000001,19.884999999999998,372.05,24.3,8.9,17.9,538.7,1.8,21.0,31.0,34.0,24.0,22.0,2018-07-01,6,2,2018
auto,2018-06-01,295,268,218,152.41555932203391,23.4324406779661,1838.742372881356,28.966101694915253,15.596610169491525,21.2,978.335593220339,2.5898305084745763,308.0,348.0,336.0,317.0,341.0,2018-07-01,6,2,2018
baby,2018-06-01,223,205,129,136.99695067264574,28.02556053811659,3327.7174887892374,33.93273542600897,19.937219730941703,25.228699551569505,904.6816143497758,2.304932735426009,239.0,237.0,215.0,233.0,214.0,2018-07-01,6,2,2018
bed_bath_table,2018-06-01,764,649,469,92.74486910994764,21.22705497382199,2104.1596858638745,34.02748691099477,13.75130890052356,29.662303664921467,487.1282722513089,1.3979057591623036,740.0,736.0,777.0,746.6666666666666,617.0,2018-07-01,6,2,2018
books_general_interest,2018-06-01,38,32,28,86.1971052631579,15.884473684210526,554.2894736842105,27.94736842105263,10.578947368421053,21.710526315789473,990.3421052631579,1.8157894736842106,50.0,49.0,38.0,45.666666666666664,25.0,2018-07-01,6,2,2018
books_imported,2018-06-01,9,9,3,52.01888888888889,15.332222222222223,733.3333333333334,33.0,2.4444444444444446,22.88888888888889,564.5555555555555,1.0,10.0,4.0,3.0,7.666666666666667,7.0,2018-07-01,6,2,2018
books_technical,2018-06-01,26,26,17,67.20884615384615,16.813846153846153,1044.2307692307693,27.115384615384617,10.576923076923077,17.53846153846154,1588.9615384615386,1.0384615384615385,55.0,23.0,17.0,34.666666666666664,26.0,2018-07-01,6,2,2018
cds_dvds_musicals,2018-06-01,0,0,0,65.0,52.58,550.0,35.0,15.0,25.0,117.0,2.0,0.0,1.0,0.0,0.3333333333333333,0.0,2018-07-01,6,2,2018
christmas_supplies,2018-06-01,7,6,6,43.74142857142857,24.360000000000003,635.7142857142857,25.714285714285715,25.571428571428573,17.285714285714285,430.14285714285717,4.285714285714286,6.0,12.0,12.0,8.333333333333334,8.0,2018-07-01,6,2,2018
cine_photo,2018-06-01,13,9,7,33.526923076923076,13.346923076923078,174.3846153846154,17.53846153846154,8.538461538461538,15.0,418.0,1.1538461538461537,17.0,5.0,7.0,11.666666666666666,7.0,2018-07-01,6,2,2018
computers,2018-06-01,13,8,7,1009.7692307692307,56.99,11384.615384615385,48.92307692307692,39.30769230769231,34.23076923076923,2090.153846153846,1.6923076923076923,13.0,15.0,0.0,13.666666666666666,8.0,2018-07-01,6,2,2018
computers_accessories,2018-06-01,401,352,178,104.2552867830424,21.762468827930174,928.0997506234414,22.346633416458854,11.46134663341646,18.271820448877804,883.3067331670823,1.7955112219451372,453.0,526.0,750.0,460.0,418.0,2018-07-01,6,2,2018
consoles_games,2018-06-01,43,41,26,160.53511627906977,17.186511627906977,274.6046511627907,19.930232558139537,8.767441860465116,16.093023255813954,859.6046511627907,1.5813953488372092,52.0,40.0,57.0,45.0,49.0,2018-07-01,6,2,2018
construction_tools_construction,2018-06-01,113,108,72,203.07716814159292,21.45778761061947,1818.8761061946902,23.424778761061948,16.141592920353983,20.309734513274336,1107.4336283185842,2.079646017699115,125.0,90.0,66.0,109.33333333333333,115.0,2018-07-01,6,2,2018
construction_tools_lights,2018-06-01,44,35,10,104.1684090909091,21.708636363636362,1889.7727272727273,22.0,18.818181818181817,20.795454545454547,1098.159090909091,4.0227272727272725,38.0,47.0,13.0,43.0,55.0,2018-07-01,6,2,2018
construction_tools_safety,2018-06-01,16,16,12,160.335625,25.469375,899.75,23.0,15.0,21.25,1343.0625,2.75,22.0,24.0,22.0,20.666666666666668,15.0,2018-07-01,6,2,2018
cool_stuff,2018-06-01,103,100,60,187.53757281553396,26.30747572815534,2713.8349514563106,32.77669902912621,18.58252427184466,24.45631067961165,825.8446601941747,2.4174757281553396,175.0,206.0,253.0,161.33333333333334,115.0,2018-07-01,6,2,2018
costruction_tools_garden,2018-06-01,11,11,8,72.67636363636365,24.378181818181815,2073.818181818182,26.09090909090909,18.272727272727273,20.636363636363637,1098.6363636363637,2.090909090909091,16.0,18.0,22.0,15.0,22.0,2018-07-01,6,2,2018
costruction_tools_tools,2018-06-01,4,4,2,131.75,24.2025,1844.75,22.25,16.75,16.0,609.5,3.5,5.0,17.0,9.0,8.666666666666666,12.0,2018-07-01,6,2,2018
diapers_and_hygiene,2018-06-01,7,7,3,45.857142857142854,15.242857142857142,721.4285714285714,19.428571428571427,20.285714285714285,18.285714285714285,242.71428571428572,1.0,3.0,4.0,5.0,4.666666666666667,3.0,2018-07-01,6,2,2018
drinks,2018-06-01,33,30,14,47.486969696969695,14.737272727272726,1031.878787878788,22.181818181818183,19.303030303030305,18.333333333333332,1157.6060606060605,2.272727272727273,47.0,54.0,21.0,44.666666666666664,16.0,2018-07-01,6,2,2018
dvds_blu_ray,2018-06-01,6,5,5,63.81333333333333,20.358333333333334,404.1666666666667,21.5,8.666666666666666,14.5,825.8333333333334,1.0,7.0,5.0,2.0,6.0,1.0,2018-07-01,6,2,2018
electronics,2018-06-01,191,174,103,50.59984293193717,17.180680628272253,705.3664921465969,25.089005235602095,10.151832460732985,16.905759162303664,608.2984293193717,1.9109947643979057,231.0,212.0,254.0,211.33333333333334,151.0,2018-07-01,6,2,2018
fashio_female_clothing,2018-06-01,0,0,0,34.99,8.64,350.0,16.0,5.0,20.0,367.0,6.0,0.0,5.0,4.0,1.6666666666666667,0.0,2018-07-01,6,2,2018
fashion_bags_accessories,2018-06-01,87,82,54,90.45919540229885,17.45298850574713,334.5977011494253,18.896551724137932,7.793103448275862,16.597701149425287,391.58620689655174,4.022988505747127,110.0,102.0,137.0,99.66666666666667,74.0,2018-07-01,6,2,2018
fashion_childrens_clothes,2018-06-01,1,1,1,89.99,7.49,300.0,30.0,20.0,20.0,327.0,3.0,0.0,0.0,2.0,0.3333333333333333,0.0,2018-07-01,6,2,2018
fashion_male_clothing,2018-06-01,7,6,5,63.971428571428575,15.232857142857142,685.7142857142857,29.428571428571427,11.714285714285714,27.857142857142858,404.57142857142856,1.4285714285714286,1.0,1.0,0.0,3.0,5.0,2018-07-01,6,2,2018
fashion_shoes,2018-06-01,10,10,10,123.05799999999999,21.96,1095.0,26.3,21.2,25.2,409.8,3.7,10.0,11.0,11.0,10.333333333333334,5.0,2018-07-01,6,2,2018
fashion_sport,2018-06-01,0,0,0,89.9,15.51,100.0,16.0,12.0,12.0,511.0,2.0,0.0,1.0,1.0,0.3333333333333333,0.0,2018-07-01,6,2,2018
fashion_underwear_beach,2018-06-01,7,3,3,18.47142857142857,15.351428571428572,157.14285714285714,29.714285714285715,4.714285714285714,17.714285714285715,339.57142857142856,1.7142857142857142,6.0,6.0,5.0,6.333333333333333,2.0,2018-07-01,6,2,2018
fixed_telephony,2018-06-01,17,15,11,122.37176470588236,20.129411764705882,588.9411764705883,20.941176470588236,10.941176470588236,18.11764705882353,1100.0,2.0,16.0,11.0,14.0,14.666666666666666,11.0,2018-07-01,6,2,2018
flowers,2018-06-01,2,1,1,54.0,16.35,800.0,30.0,15.0,20.0,145.0,1.0,1.0,3.0,3.0,2.0,2.0,2018-07-01,6,2,2018
food,2018-06-01,24,24,11,57.1325,13.433749999999998,539.9583333333334,20.208333333333332,13.666666666666666,16.375,893.0,1.4166666666666667,44.0,40.0,35.0,36.0,64.0,2018-07-01,6,2,2018
food_drink,2018-06-01,11,9,7,26.713636363636365,19.905454545454546,651.4545454545455,16.90909090909091,11.636363636363637,13.909090909090908,695.9090909090909,1.5454545454545454,25.0,18.0,19.0,18.0,17.0,2018-07-01,6,2,2018
furniture_bedroom,2018-06-01,9,8,5,173.3322222222222,42.425555555555555,11005.555555555555,55.0,22.444444444444443,35.77777777777778,408.1111111111111,2.4444444444444446,6.0,7.0,6.0,7.333333333333333,10.0,2018-07-01,6,2,2018
furniture_decor,2018-06-01,402,316,239,104.5826368159204,25.556343283582088,2894.194029850746,36.67910447761194,20.27860696517413,27.36318407960199,735.6318407960199,2.0970149253731343,597.0,586.0,583.0,528.3333333333334,436.0,2018-07-01,6,2,2018
furniture_living_room,2018-06-01,29,27,20,122.12482758620689,34.07,6881.0344827586205,56.93103448275862,14.586206896551724,41.172413793103445,538.6896551724138,2.206896551724138,16.0,33.0,19.0,26.0,54.0,2018-07-01,6,2,2018
furniture_mattress_and_upholstery,2018-06-01,0,0,0,110.0,36.2325,1700.0,70.0,10.0,100.0,866.0,1.0,0.0,0.0,4.0,0.0,1.0,2018-07-01,6,2,2018
garden_tools,2018-06-01,184,148,78,97.54739130434783,27.776358695652174,2595.353260869565,28.47826086956522,17.619565217391305,24.744565217391305,853.8152173913044,2.527173913043478,288.0,282.0,253.0,251.33333333333334,177.0,2018-07-01,6,2,2018
health_beauty,2018-06-01,875,790,396,121.99510857142857,19.59286857142857,889.3062857142858,22.318857142857144,12.97257142857143,17.502857142857142,1094.2834285714287,1.681142857142857,751.0,685.0,656.0,770.3333333333334,770.0,2018-07-01,6,2,2018
home_appliances,2018-06-01,65,65,51,89.69815384615384,20.182,1340.8307692307692,31.246153846153845,13.2,19.53846153846154,690.9538461538461,2.046153846153846,64.0,104.0,70.0,77.66666666666667,78.0,2018-07-01,6,2,2018
home_appliances_2,2018-06-01,19,18,14,437.5115789473684,42.095789473684206,6937.9473684210525,42.578947368421055,28.63157894736842,30.36842105263158,543.1578947368421,2.0526315789473686,23.0,23.0,12.0,21.666666666666668,23.0,2018-07-01,6,2,2018
home_comfort_2,2018-06-01,2,1,1,12.9,12.79,700.0,65.0,18.0,28.0,348.0,1.0,0.0,1.0,1.0,1.0,3.0,2018-07-01,6,2,2018
home_confort,2018-06-01,16,16,13,149.15562500000001,19.715625,3051.5625,41.375,18.125,39.125,296.6875,2.125,21.0,18.0,21.0,18.333333333333332,23.0,2018-07-01,6,2,2018
home_construction,2018-06-01,71,60,42,128.09281690140844,25.9456338028169,2885.9154929577467,23.788732394366196,27.253521126760564,22.47887323943662,869.6619718309859,4.47887323943662,79.0,75.0,43.0,75.0,60.0,2018-07-01,6,2,2018
housewares,2018-06-01,577,464,356,96.90227036395147,23.423535528596187,3059.84575389948,31.7105719237435,22.873483535528596,24.240901213171576,702.2443674176776,2.383015597920277,618.0,462.0,390.0,552.3333333333334,564.0,2018-07-01,6,2,2018
industry_commerce_and_business,2018-06-01,26,21,12,100.38076923076923,35.53923076923077,6306.7307692307695,32.53846153846154,65.76923076923077,26.923076923076923,1424.6153846153845,2.4615384615384617,40.0,53.0,29.0,39.666666666666664,14.0,2018-07-01,6,2,2018
kitchen_dining_laundry_garden_furniture,2018-06-01,29,21,15,122.0148275862069,34.372068965517244,8665.241379310344,46.206896551724135,31.689655172413794,38.06896551724138,913.9310344827586,3.586206896551724,13.0,19.0,12.0,20.333333333333332,22.0,2018-07-01,6,2,2018
la_cuisine,2018-06-01,0,0,0,140.0,27.06,2450.0,81.0,7.0,40.0,287.0,1.0,0.0,2.0,1.0,0.6666666666666666,0.0,2018-07-01,6,2,2018
luggage_accessories,2018-06-01,36,36,26,140.85777777777778,29.66222222222222,3199.9166666666665,34.916666666666664,26.833333333333332,33.888888888888886,733.3055555555555,2.388888888888889,49.0,57.0,56.0,47.333333333333336,54.0,2018-07-01,6,2,2018
market_place,2018-06-01,7,7,5,79.49428571428572,17.475714285714286,789.2857142857143,23.857142857142858,9.428571428571429,17.142857142857142,932.4285714285714,2.7142857142857144,14.0,15.0,17.0,12.0,4.0,2018-07-01,6,2,2018
music,2018-06-01,3,3,3,36.36,20.16,355.0,19.333333333333332,10.333333333333334,16.666666666666668,532.6666666666666,2.3333333333333335,5.0,5.0,2.0,4.333333333333333,3.0,2018-07-01,6,2,2018
musical_instruments,2018-06-01,47,46,36,344.21106382978724,38.14553191489362,4225.170212765957,38.93617021276596,16.04255319148936,33.02127659574468,1077.0851063829787,3.574468085106383,61.0,60.0,53.0,56.0,36.0,2018-07-01,6,2,2018
office_furniture,2018-06-01,76,59,42,159.5471052631579,49.820263157894736,10981.118421052632,54.55263157894737,46.671052631578945,30.644736842105264,1232.25,1.236842105263158,104.0,131.0,200.0,103.66666666666667,80.0,2018-07-01,6,2,2018
party_supplies,2018-06-01,2,2,2,42.400000000000006,13.79,800.0,25.5,18.0,18.0,337.0,1.0,4.0,2.0,6.0,2.6666666666666665,2.0,2018-07-01,6,2,2018
pc_gamer,2018-06-01,0,0,0,129.99,20.04,2839.0,19.0,16.0,18.0,621.0,4.0,0.0,0.0,0.0,0.0,2.0,2018-07-01,6,2,2018
perfumery,2018-06-01,186,166,104,144.96736559139785,19.52059139784946,643.3225806451613,20.053763440860216,14.005376344086022,17.091397849462364,652.2903225806451,1.5053763440860215,197.0,174.0,198.0,185.66666666666666,199.0,2018-07-01,6,2,2018
pet_shop,2018-06-01,178,151,113,109.5043820224719,22.076348314606744,2760.629213483146,31.584269662921347,17.54494382022472,26.39325842696629,1048.752808988764,2.0730337078651684,136.0,166.0,122.0,160.0,158.0,2018-07-01,6,2,2018
portateis_cozinha_e_preparadores_de_alimentos,2018-06-01,0,0,0,979.0,44.205,7350.0,40.0,30.0,23.0,1372.0,5.0,2.0,0.0,0.0,0.6666666666666666,8.0,2018-07-01,6,2,2018
security_and_services,2018-06-01,0,0,0,100.0,15.45,400.0,26.0,22.0,11.0,461.0,4.0,0.0,0.0,0.0,0.0,0.0,2018-07-01,6,2,2018
signaling_and_security,2018-06-01,27,18,18,217.1548148148148,39.910370370370366,5299.37037037037,33.888888888888886,31.444444444444443,20.703703703703702,846.0,2.2962962962962963,7.0,36.0,9.0,23.333333333333332,29.0,2018-07-01,6,2,2018
small_appliances,2018-06-01,49,43,25,314.93122448979597,22.845714285714287,2138.7755102040815,27.102040816326532,20.551020408163264,23.428571428571427,1173.4897959183672,2.4081632653061225,48.0,66.0,35.0,54.333333333333336,42.0,2018-07-01,6,2,2018
small_appliances_home_oven_and_coffee,2018-06-01,3,3,2,1166.3333333333333,57.71,8516.666666666666,43.333333333333336,25.333333333333332,36.666666666666664,1833.3333333333333,7.666666666666667,9.0,13.0,7.0,8.333333333333334,15.0,2018-07-01,6,2,2018
sports_leisure,2018-06-01,419,371,271,107.19811455847255,21.127589498806685,1492.5942720763724,30.62052505966587,16.5035799522673,19.465393794749403,945.291169451074,2.260143198090692,489.0,586.0,732.0,498.0,460.0,2018-07-01,6,2,2018
stationery,2018-06-01,167,145,106,77.00047904191617,18.963892215568865,1612.251497005988,31.766467065868262,15.916167664670658,21.952095808383234,427.6646706586826,2.8802395209580838,130.0,152.0,163.0,149.66666666666666,190.0,2018-07-01,6,2,2018
tablets_printing_image,2018-06-01,1,1,1,50.0,22.85,283.0,22.0,12.0,21.0,512.0,1.0,1.0,1.0,3.0,1.0,0.0,2018-07-01,6,2,2018
telephony,2018-06-01,216,202,116,104.95305555555557,17.211944444444445,260.56944444444446,17.546296296296298,6.8657407407407405,12.86111111111111,765.4629629629629,3.314814814814815,250.0,279.0,334.0,248.33333333333334,221.0,2018-07-01,6,2,2018
toys,2018-06-01,190,176,146,111.02605263157895,21.381894736842106,1622.721052631579,30.742105263157896,17.405263157894737,24.74736842105263,613.3052631578947,2.4789473684210526,218.0,202.0,225.0,203.33333333333334,154.0,2018-07-01,6,2,2018
unknown_category,2018-06-01,23,22,19,103.78826086956522,18.198695652173914,1322.304347826087,26.08695652173913,15.826086956521738,21.91304347826087,,,42.0,74.0,133.0,46.333333333333336,47.0,2018-07-01,6,2,2018
watches_gifts,2018-06-01,477,444,201,178.25486373165617,18.56083857442348,531.9811320754717,20.163522012578618,8.245283018867925,15.649895178197065,715.5618448637316,2.5345911949685536,625.0,494.0,421.0,532.0,521.0,2018-07-01,6,2,2018
agro_industry_and_commerce,2018-07-01,27,26,22,247.03037037037035,31.50037037037037,4110.074074074074,33.25925925925926,25.48148148148148,22.48148148148148,953.925925925926,2.111111111111111,10.0,8.0,12.0,15.0,18.0,2018-08-01,7,3,2018
air_conditioning,2018-07-01,17,15,14,156.34470588235294,28.21117647058824,5062.235294117647,37.0,22.705882352941178,26.941176470588236,1032.0,2.8823529411764706,15.0,14.0,23.0,15.333333333333334,21.0,2018-08-01,7,3,2018
art,2018-07-01,21,21,4,87.77142857142856,20.12047619047619,1509.5238095238096,58.95238095238095,6.0476190476190474,45.19047619047619,1142.4761904761904,1.2857142857142858,28.0,34.0,26.0,27.666666666666668,18.0,2018-08-01,7,3,2018
arts_and_craftmanship,2018-07-01,11,10,9,59.50636363636364,13.639090909090909,1358.3636363636363,30.818181818181817,12.272727272727273,21.454545454545453,872.0909090909091,4.363636363636363,0.0,1.0,1.0,4.0,9.0,2018-08-01,7,3,2018
audio,2018-07-01,22,21,8,93.75636363636363,15.743636363636364,323.09090909090907,21.545454545454547,7.818181818181818,15.681818181818182,565.1818181818181,1.6363636363636365,20.0,21.0,31.0,21.0,26.0,2018-08-01,7,3,2018
auto,2018-07-01,341,324,247,127.46859237536657,21.397565982404693,1293.1378299120236,27.788856304985337,14.325513196480939,20.809384164222873,990.5131964809384,2.8592375366568916,295.0,308.0,348.0,314.6666666666667,370.0,2018-08-01,7,3,2018
baby,2018-07-01,214,206,150,102.02859813084112,23.64752336448598,1941.5046728971963,32.794392523364486,16.47196261682243,24.44859813084112,878.2196261682243,2.2009345794392523,223.0,239.0,237.0,225.33333333333334,212.0,2018-08-01,7,3,2018
bed_bath_table,2018-07-01,617,511,372,88.1770340356564,21.790729335494326,1889.3160453808753,33.63695299837926,12.781199351701783,30.06645056726094,481.5510534846029,1.3630470016207454,764.0,740.0,736.0,707.0,655.0,2018-08-01,7,3,2018
books_general_interest,2018-07-01,25,25,19,163.09799999999998,16.7484,617.84,22.76,13.0,18.56,563.44,1.84,38.0,50.0,49.0,37.666666666666664,36.0,2018-08-01,7,3,2018
books_imported,2018-07-01,7,5,7,51.11285714285714,15.178571428571429,450.0,31.714285714285715,2.7142857142857144,24.0,520.7142857142857,1.0,9.0,10.0,4.0,8.666666666666666,1.0,2018-08-01,7,3,2018
books_technical,2018-07-01,26,26,16,76.72807692307693,17.93307692307692,1165.3846153846155,27.384615384615383,3.923076923076923,19.46153846153846,1182.7692307692307,1.0,26.0,55.0,23.0,35.666666666666664,29.0,2018-08-01,7,3,2018
cds_dvds_musicals,2018-07-01,0,0,0,65.0,52.58,550.0,35.0,15.0,25.0,117.0,2.0,0.0,0.0,1.0,0.0,0.0,2018-08-01,7,3,2018
christmas_supplies,2018-07-01,8,8,7,63.695,19.0125,1287.5,26.0,13.625,22.0,382.0,2.625,7.0,6.0,12.0,7.0,10.0,2018-08-01,7,3,2018
cine_photo,2018-07-01,7,7,7,168.36285714285714,16.15285714285714,603.5714285714286,31.714285714285715,10.285714285714286,12.857142857142858,1347.7142857142858,2.4285714285714284,13.0,17.0,5.0,12.333333333333334,9.0,2018-08-01,7,3,2018
computers,2018-07-01,8,8,6,1404.875,88.56,11782.5,37.25,41.0,44.25,1576.375,1.5,13.0,13.0,15.0,11.333333333333334,12.0,2018-08-01,7,3,2018
computers_accessories,2018-07-01,418,381,193,98.23758373205742,20.191100478468897,700.1315789473684,23.406698564593302,10.126794258373206,18.327751196172247,816.799043062201,1.8564593301435406,401.0,453.0,526.0,424.0,415.0,2018-08-01,7,3,2018
consoles_games,2018-07-01,49,49,30,173.85938775510206,20.816938775510202,407.7551020408163,20.163265306122447,12.83673469387755,17.040816326530614,1081.1632653061224,2.0816326530612246,43.0,52.0,40.0,48.0,59.0,2018-08-01,7,3,2018
construction_tools_construction,2018-07-01,115,98,78,132.4997391304348,20.456347826086958,1643.878260869565,26.82608695652174,13.678260869565218,21.06086956521739,1032.6260869565217,2.347826086956522,113.0,125.0,90.0,117.66666666666667,162.0,2018-08-01,7,3,2018
construction_tools_lights,2018-07-01,55,40,27,131.8110909090909,25.123454545454546,3421.818181818182,29.145454545454545,22.70909090909091,25.2,836.1818181818181,2.0,44.0,38.0,47.0,45.666666666666664,62.0,2018-08-01,7,3,2018
construction_tools_safety,2018-07-01,15,15,10,125.93,16.93,441.26666666666665,22.6,12.066666666666666,17.133333333333333,1902.6666666666667,2.466666666666667,16.0,22.0,24.0,17.666666666666668,25.0,2018-08-01,7,3,2018
cool_stuff,2018-07-01,115,113,61,183.93052173913043,28.291913043478264,2904.278260869565,32.99130434782609,18.321739130434782,24.278260869565216,768.6608695652174,2.347826086956522,103.0,175.0,206.0,131.0,119.0,2018-08-01,7,3,2018
costruction_tools_garden,2018-07-01,22,19,18,87.39363636363636,27.155909090909088,2761.8636363636365,29.59090909090909,19.136363636363637,20.272727272727273,1501.1363636363637,2.409090909090909,11.0,16.0,18.0,16.333333333333332,23.0,2018-08-01,7,3,2018
costruction_tools_tools,2018-07-01,12,10,9,458.43333333333334,23.1875,1580.4166666666667,24.916666666666668,19.166666666666668,16.166666666666668,865.6666666666666,3.25,4.0,5.0,17.0,7.0,14.0,2018-08-01,7,3,2018
diapers_and_hygiene,2018-07-01,3,3,2,40.333333333333336,25.63,250.0,20.0,20.0,20.0,323.0,1.0,7.0,3.0,4.0,4.333333333333333,3.0,2018-08-01,7,3,2018
drinks,2018-07-01,16,16,13,78.760625,17.394375,1322.375,23.5625,21.0,19.5625,1268.75,2.25,33.0,47.0,54.0,32.0,27.0,2018-08-01,7,3,2018
dvds_blu_ray,2018-07-01,1,1,1,83.99,12.89,2150.0,30.0,5.0,20.0,957.0,4.0,6.0,7.0,5.0,4.666666666666667,1.0,2018-08-01,7,3,2018
electronics,2018-07-01,151,142,93,61.39701986754967,16.37841059602649,635.7682119205298,22.0,11.629139072847682,16.821192052980134,645.7880794701987,1.8543046357615893,191.0,231.0,212.0,191.0,119.0,2018-08-01,7,3,2018
fashio_female_clothing,2018-07-01,0,0,0,34.99,8.64,350.0,16.0,5.0,20.0,367.0,6.0,0.0,0.0,5.0,0.0,3.0,2018-08-01,7,3,2018
fashion_bags_accessories,2018-07-01,74,74,51,82.04148648648648,16.227027027027027,316.8918918918919,18.472972972972972,8.702702702702704,16.486486486486488,341.6216216216216,4.081081081081081,87.0,110.0,102.0,90.33333333333333,126.0,2018-08-01,7,3,2018
fashion_childrens_clothes,2018-07-01,0,0,0,89.99,7.49,300.0,30.0,20.0,20.0,327.0,3.0,1.0,0.0,0.0,0.3333333333333333,0.0,2018-08-01,7,3,2018
fashion_male_clothing,2018-07-01,5,5,4,41.739999999999995,17.395999999999997,570.0,22.4,14.4,21.6,320.4,1.2,7.0,1.0,1.0,4.333333333333333,3.0,2018-08-01,7,3,2018
fashion_shoes,2018-07-01,5,5,5,164.038,33.05,1400.0,30.0,27.2,22.2,723.6,4.0,10.0,10.0,11.0,8.333333333333334,3.0,2018-08-01,7,3,2018
fashion_sport,2018-07-01,0,0,0,89.9,15.51,100.0,16.0,12.0,12.0,511.0,2.0,0.0,0.0,1.0,0.0,1.0,2018-08-01,7,3,2018
fashion_underwear_beach,2018-07-01,2,2,2,54.9,15.765,175.0,42.0,4.0,14.0,601.5,1.0,7.0,6.0,6.0,5.0,1.0,2018-08-01,7,3,2018
fixed_telephony,2018-07-01,11,8,8,847.2172727272726,30.79909090909091,1375.4545454545455,24.09090909090909,15.0,20.363636363636363,984.9090909090909,1.9090909090909092,17.0,16.0,11.0,14.666666666666666,10.0,2018-08-01,7,3,2018
flowers,2018-07-01,2,2,2,23.994999999999997,17.685000000000002,375.0,16.0,18.0,13.5,977.5,2.0,2.0,1.0,3.0,1.6666666666666667,0.0,2018-08-01,7,3,2018
food,2018-07-01,64,59,24,52.78390625,15.98828125,564.75,18.90625,14.03125,15.390625,1126.5625,1.625,24.0,44.0,40.0,44.0,115.0,2018-08-01,7,3,2018
food_drink,2018-07-01,17,14,10,45.807647058823534,20.166470588235292,2116.176470588235,22.941176470588236,17.176470588235293,16.176470588235293,1097.1176470588234,3.0588235294117645,11.0,25.0,18.0,17.666666666666668,21.0,2018-08-01,7,3,2018
furniture_bedroom,2018-07-01,10,7,5,138.69,45.187,12242.5,60.8,31.4,33.1,360.3,1.9,9.0,6.0,7.0,8.333333333333334,12.0,2018-08-01,7,3,2018
furniture_decor,2018-07-01,436,343,260,104.1137385321101,26.60355504587156,2751.7362385321103,39.95183486238532,20.14908256880734,26.745412844036696,797.5137614678899,1.9977064220183487,402.0,597.0,586.0,478.3333333333333,430.0,2018-08-01,7,3,2018
furniture_living_room,2018-07-01,54,49,23,124.19703703703702,37.843333333333334,8168.518518518518,56.01851851851852,16.444444444444443,41.27777777777778,558.6851851851852,1.8518518518518519,29.0,16.0,33.0,33.0,40.0,2018-08-01,7,3,2018
furniture_mattress_and_upholstery,2018-07-01,1,1,1,129.9,11.93,18250.0,25.0,25.0,25.0,348.0,1.0,0.0,0.0,0.0,0.3333333333333333,0.0,2018-08-01,7,3,2018
garden_tools,2018-07-01,177,152,82,144.8580790960452,27.74350282485876,2836.593220338983,29.333333333333332,19.203389830508474,26.463276836158194,903.3841807909605,2.440677966101695,184.0,288.0,282.0,216.33333333333334,136.0,2018-08-01,7,3,2018
health_beauty,2018-07-01,770,699,387,134.44703896103897,21.689376623376624,929.4818181818182,22.73896103896104,13.507792207792209,17.612987012987013,1060.0194805194806,1.6415584415584417,875.0,751.0,685.0,798.6666666666666,835.0,2018-08-01,7,3,2018
home_appliances,2018-07-01,78,78,58,66.32089743589744,15.79653846153846,1105.525641025641,27.346153846153847,12.525641025641026,18.141025641025642,470.3205128205128,1.7307692307692308,65.0,64.0,104.0,69.0,63.0,2018-08-01,7,3,2018
home_appliances_2,2018-07-01,23,22,17,547.7095652173913,51.08043478260869,7317.173913043478,43.08695652173913,22.608695652173914,31.82608695652174,952.3913043478261,2.6956521739130435,19.0,23.0,23.0,21.666666666666668,14.0,2018-08-01,7,3,2018
home_comfort_2,2018-07-01,3,2,1,12.9,15.58,700.0,65.0,18.0,28.0,348.0,1.0,2.0,0.0,1.0,1.6666666666666667,0.0,2018-08-01,7,3,2018
home_confort,2018-07-01,23,23,11,126.36869565217391,24.39217391304348,2831.521739130435,45.0,17.652173913043477,38.608695652173914,419.1304347826087,1.7826086956521738,16.0,21.0,18.0,20.0,16.0,2018-08-01,7,3,2018
home_construction,2018-07-01,60,57,31,111.67083333333333,24.989333333333335,1969.5833333333333,24.766666666666666,24.733333333333334,20.683333333333334,775.0333333333333,4.683333333333334,71.0,79.0,75.0,70.0,48.0,2018-08-01,7,3,2018
housewares,2018-07-01,564,462,360,110.96329787234043,25.46363475177305,2932.7393617021276,32.1241134751773,23.156028368794328,24.55496453900709,731.1914893617021,2.367021276595745,577.0,618.0,462.0,586.3333333333334,616.0,2018-08-01,7,3,2018
industry_commerce_and_business,2018-07-01,14,13,9,335.515,64.04928571428572,7573.214285714285,36.57142857142857,59.642857142857146,26.714285714285715,1108.4285714285713,2.5714285714285716,26.0,40.0,53.0,26.666666666666668,10.0,2018-08-01,7,3,2018
kitchen_dining_laundry_garden_furniture,2018-07-01,22,20,14,169.86136363636362,35.94227272727273,7715.909090909091,34.36363636363637,30.681818181818183,37.77272727272727,1022.0909090909091,3.1818181818181817,29.0,13.0,19.0,21.333333333333332,20.0,2018-08-01,7,3,2018
la_cuisine,2018-07-01,0,0,0,140.0,27.06,2450.0,81.0,7.0,40.0,287.0,1.0,0.0,0.0,2.0,0.0,0.0,2018-08-01,7,3,2018
luggage_accessories,2018-07-01,54,53,39,107.80962962962964,25.395740740740738,1863.7037037037037,30.925925925925927,26.444444444444443,25.462962962962962,718.2037037037037,3.3333333333333335,36.0,49.0,57.0,46.333333333333336,64.0,2018-08-01,7,3,2018
market_place,2018-07-01,4,4,3,46.695,22.64,2200.0,29.5,24.0,25.75,898.25,2.75,7.0,14.0,15.0,8.333333333333334,8.0,2018-08-01,7,3,2018
music,2018-07-01,3,3,3,283.09999999999997,14.659999999999998,300.0,20.0,10.0,17.0,1066.0,2.3333333333333335,3.0,5.0,5.0,3.6666666666666665,6.0,2018-08-01,7,3,2018
musical_instruments,2018-07-01,36,32,26,218.66472222222222,39.931666666666665,3559.3333333333335,39.80555555555556,17.805555555555557,26.27777777777778,836.0,3.138888888888889,47.0,61.0,60.0,48.0,41.0,2018-08-01,7,3,2018
office_furniture,2018-07-01,80,62,50,165.316,43.843125,11440.4375,53.4375,44.0125,30.2375,1152.3125,1.4125,76.0,104.0,131.0,86.66666666666667,30.0,2018-08-01,7,3,2018
party_supplies,2018-07-01,2,2,2,28.75,13.43,850.0,28.5,6.5,27.5,450.5,1.5,2.0,4.0,2.0,2.6666666666666665,14.0,2018-08-01,7,3,2018
pc_gamer,2018-07-01,2,1,1,219.0,9.69,650.0,16.0,22.0,20.0,1532.0,3.0,0.0,0.0,0.0,0.6666666666666666,1.0,2018-08-01,7,3,2018
perfumery,2018-07-01,199,168,126,103.74859296482413,15.98316582914573,479.8040201005025,19.90452261306533,12.06532663316583,16.502512562814072,691.608040201005,1.3517587939698492,186.0,197.0,174.0,194.0,218.0,2018-08-01,7,3,2018
pet_shop,2018-07-01,158,138,102,122.42943037974683,23.1396835443038,2699.4240506329115,33.29113924050633,17.367088607594937,26.17721518987342,1029.6518987341772,2.367088607594937,178.0,136.0,166.0,157.33333333333334,198.0,2018-08-01,7,3,2018
portateis_cozinha_e_preparadores_de_alimentos,2018-07-01,8,7,5,21.50375,13.00625,987.5,23.75,26.625,22.75,302.625,1.125,0.0,2.0,0.0,3.3333333333333335,4.0,2018-08-01,7,3,2018
security_and_services,2018-07-01,0,0,0,100.0,15.45,400.0,26.0,22.0,11.0,461.0,4.0,0.0,0.0,0.0,0.0,0.0,2018-08-01,7,3,2018
signaling_and_security,2018-07-01,29,19,18,130.52379310344827,81.06896551724138,6081.448275862069,28.482758620689655,36.206896551724135,22.103448275862068,985.6896551724138,2.586206896551724,27.0,7.0,36.0,21.0,22.0,2018-08-01,7,3,2018
small_appliances,2018-07-01,42,35,29,194.31785714285715,24.29190476190476,1903.9285714285713,26.142857142857142,21.976190476190474,21.333333333333332,1152.9761904761904,1.880952380952381,49.0,48.0,66.0,46.333333333333336,23.0,2018-08-01,7,3,2018
small_appliances_home_oven_and_coffee,2018-07-01,15,14,10,313.3113333333333,31.446,3851.6666666666665,34.4,23.4,26.8,703.2,3.066666666666667,3.0,9.0,13.0,9.0,17.0,2018-08-01,7,3,2018
sports_leisure,2018-07-01,460,410,302,117.42584782608695,22.44913043478261,1569.7260869565218,30.034782608695654,16.347826086956523,19.92391304347826,908.8434782608696,2.376086956521739,419.0,489.0,586.0,456.0,471.0,2018-08-01,7,3,2018
stationery,2018-07-01,190,168,134,90.61678947368421,22.285473684210526,2364.136842105263,31.594736842105263,19.221052631578946,23.01578947368421,510.81052631578945,2.763157894736842,167.0,130.0,152.0,162.33333333333334,169.0,2018-08-01,7,3,2018
tablets_printing_image,2018-07-01,0,0,0,50.0,22.85,283.0,22.0,12.0,21.0,512.0,1.0,1.0,1.0,1.0,0.6666666666666666,0.0,2018-08-01,7,3,2018
telephony,2018-07-01,221,202,127,119.87638009049773,17.985565610859727,312.841628959276,19.547511312217196,8.484162895927602,14.226244343891402,883.2714932126697,3.009049773755656,216.0,250.0,279.0,229.0,271.0,2018-08-01,7,3,2018
toys,2018-07-01,154,148,124,110.53246753246754,21.680779220779222,1992.2662337662337,32.37662337662338,17.98051948051948,23.694805194805195,659.0714285714286,2.779220779220779,190.0,218.0,202.0,187.33333333333334,165.0,2018-08-01,7,3,2018
unknown_category,2018-07-01,47,42,33,98.12765957446808,22.420851063829787,1850.0,28.680851063829788,13.063829787234043,24.0,,,23.0,42.0,74.0,37.333333333333336,31.0,2018-08-01,7,3,2018
watches_gifts,2018-07-01,521,507,203,182.6579462571977,18.690422264875238,355.6218809980806,17.990403071017276,8.257197696737045,15.358925143953934,581.2226487523992,2.923224568138196,477.0,625.0,494.0,541.0,411.0,2018-08-01,7,3,2018
