Customer ID,Age,Gender,Item Purchased,Category,Purchase Amount (USD),Location,Size,Color,Season,Review Rating,Subscription Status,Payment Method,Shipping Type,Discount Applied,Promo Code Used,Previous Purchases,Preferred Payment Method,Frequency of Purchases,product_sales_amount_usd,annual_purchase_frequency,log_previous_purchases,customer_activity_score,is_subscriber,has_discount,used_promo_code,discount_promo_interaction,item_purchase_frequency_train,category_purchase_frequency_train,item_mean_review_rating_train,category_mean_review_rating_train
620,19,Male,Backpack,Accessories,34,Nebraska,M,Charcoal,Summer,4.6,Yes,Debit Card,Store Pickup,Yes,Yes,1,Debit Card,Every 3 Months,34,4.0,0.6931471805599453,2.772588722239781,1.0,1.0,1.0,1.0,0.03553113553113553,0.310989010989011,3.693814432989691,3.745465253239105
2405,28,Male,Shorts,Clothing,33,West Virginia,L,Cyan,Winter,3.1,No,Venmo,2-Day Shipping,No,No,23,Credit Card,Bi-Weekly,33,26.0,3.1780538303479458,82.62939958904659,0.0,0.0,0.0,0.0,0.04212454212454213,0.4564102564102564,3.6730434782608694,3.726725521669342
123,40,Male,Backpack,Accessories,40,Washington,L,Brown,Spring,4.8,Yes,Credit Card,2-Day Shipping,Yes,Yes,44,Cash,Fortnightly,40,26.0,3.8066624897703196,98.9732247340283,1.0,1.0,1.0,1.0,0.03553113553113553,0.310989010989011,3.693814432989691,3.745465253239105
2403,45,Male,Scarf,Accessories,89,Utah,M,Brown,Winter,3.8,No,PayPal,Free Shipping,No,No,31,Cash,Weekly,89,52.0,3.4657359027997265,180.21826694558578,0.0,0.0,0.0,0.0,0.03772893772893773,0.310989010989011,3.721359223300971,3.745465253239105
1144,68,Male,Boots,Footwear,23,Nevada,L,Teal,Winter,4.4,No,Cash,Standard,Yes,Yes,43,PayPal,Quarterly,23,4.0,3.784189633918261,15.136758535673044,0.0,1.0,1.0,1.0,0.036996336996337,0.14908424908424908,3.8237623762376236,3.7808353808353807
2600,63,Male,Jewelry,Accessories,99,Vermont,M,Gold,Winter,3.4,No,Credit Card,Express,No,No,48,Credit Card,Monthly,99,12.0,3.8918202981106265,46.701843577327516,0.0,0.0,0.0,0.0,0.04212454212454213,0.310989010989011,3.744347826086957,3.745465253239105
2594,36,Male,Pants,Clothing,36,Colorado,S,Indigo,Fall,4.7,No,Debit Card,Store Pickup,No,No,9,Bank Transfer,Every 3 Months,36,4.0,2.302585092994046,9.210340371976184,0.0,0.0,0.0,0.0,0.04652014652014652,0.4564102564102564,3.729133858267717,3.726725521669342
624,19,Male,Shoes,Footwear,70,Nevada,M,White,Fall,4.7,Yes,Bank Transfer,Standard,Yes,Yes,48,PayPal,Bi-Weekly,70,26.0,3.8918202981106265,101.18732775087629,1.0,1.0,1.0,1.0,0.036996336996337,0.14908424908424908,3.7099009900990096,3.7808353808353807
2265,51,Male,Hat,Accessories,92,North Dakota,M,Turquoise,Summer,3.9,No,Bank Transfer,2-Day Shipping,No,No,50,PayPal,Monthly,92,12.0,3.9318256327243257,47.18190759269191,0.0,0.0,0.0,0.0,0.038461538461538464,0.310989010989011,3.7695238095238097,3.745465253239105
1589,48,Male,Belt,Accessories,24,Vermont,L,Cyan,Winter,3.2,No,Cash,Next Day Air,Yes,Yes,3,Venmo,Monthly,24,12.0,1.3862943611198906,16.635532333438686,0.0,1.0,1.0,1.0,0.04395604395604396,0.310989010989011,3.73,3.745465253239105
1291,67,Male,Skirt,Clothing,35,Maryland,M,Indigo,Spring,3.4,No,Cash,Free Shipping,Yes,Yes,3,PayPal,Annually,35,1.0,1.3862943611198906,1.3862943611198906,0.0,1.0,1.0,1.0,0.041758241758241756,0.4564102564102564,3.816666666666667,3.726725521669342
3416,38,Female,Blouse,Clothing,68,New York,M,Gold,Fall,3.0,No,Credit Card,2-Day Shipping,No,No,15,Bank Transfer,Annually,68,1.0,2.772588722239781,2.772588722239781,0.0,0.0,0.0,0.0,0.047619047619047616,0.4564102564102564,3.733076923076923,3.726725521669342
136,43,Male,Sandals,Footwear,81,Kansas,M,Purple,Fall,4.1,Yes,PayPal,Express,Yes,Yes,12,PayPal,Quarterly,81,4.0,2.5649493574615367,10.259797429846147,1.0,1.0,1.0,1.0,0.03882783882783883,0.14908424908424908,3.8367924528301884,3.7808353808353807
193,46,Male,Shoes,Footwear,29,Nebraska,L,Turquoise,Summer,2.9,Yes,Venmo,Express,Yes,Yes,12,PayPal,Bi-Weekly,29,26.0,2.5649493574615367,66.68868329399996,1.0,1.0,1.0,1.0,0.036996336996337,0.14908424908424908,3.7099009900990096,3.7808353808353807
3748,26,Female,Sweater,Clothing,53,Rhode Island,L,Olive,Spring,4.3,No,Credit Card,Store Pickup,No,No,32,Bank Transfer,Bi-Weekly,53,26.0,3.4965075614664802,90.90919659812849,0.0,0.0,0.0,0.0,0.04468864468864469,0.4564102564102564,3.7147540983606557,3.726725521669342
467,38,Male,Jeans,Clothing,24,Vermont,L,Turquoise,Winter,4.6,Yes,Credit Card,Free Shipping,Yes,Yes,25,PayPal,Weekly,24,52.0,3.258096538021482,169.42101997711708,1.0,1.0,1.0,1.0,0.03406593406593406,0.4564102564102564,3.6,3.726725521669342
2247,49,Male,Jacket,Outerwear,96,Hawaii,M,Cyan,Fall,4.3,No,Cash,Store Pickup,No,No,39,PayPal,Every 3 Months,96,4.0,3.6888794541139363,14.755517816455745,0.0,0.0,0.0,0.0,0.04249084249084249,0.08351648351648351,3.752586206896552,3.7504385964912283
3617,42,Female,Hoodie,Clothing,23,Wisconsin,L,Purple,Winter,3.3,No,Cash,Store Pickup,No,No,33,Debit Card,Fortnightly,23,26.0,3.5263605246161616,91.6853736400202,0.0,0.0,0.0,0.0,0.03882783882783883,0.4564102564102564,3.776415094339623,3.726725521669342
1108,69,Male,Sneakers,Footwear,62,Texas,M,Peach,Fall,2.8,No,Venmo,Store Pickup,Yes,Yes,26,Bank Transfer,Weekly,62,52.0,3.295836866004329,171.38351703222511,0.0,1.0,1.0,1.0,0.03626373626373627,0.14908424908424908,3.749494949494949,3.7808353808353807
3876,63,Female,Hat,Accessories,51,New Hampshire,M,Pink,Winter,3.3,No,Venmo,2-Day Shipping,No,No,21,Credit Card,Annually,51,1.0,3.091042453358316,3.091042453358316,0.0,0.0,0.0,0.0,0.038461538461538464,0.310989010989011,3.7695238095238097,3.745465253239105
793,34,Male,Sneakers,Footwear,45,New Jersey,M,Violet,Spring,4.2,Yes,Venmo,Next Day Air,Yes,Yes,45,Venmo,Weekly,45,52.0,3.828641396489095,199.08935261743295,1.0,1.0,1.0,1.0,0.03626373626373627,0.14908424908424908,3.749494949494949,3.7808353808353807
1610,33,Male,Shirt,Clothing,93,Nevada,S,Brown,Fall,4.1,No,Credit Card,Standard,Yes,Yes,3,Venmo,Monthly,93,12.0,1.3862943611198906,16.635532333438686,0.0,1.0,1.0,1.0,0.04322344322344322,0.4564102564102564,3.669491525423729,3.726725521669342
3080,48,Female,Belt,Accessories,31,Wyoming,M,Maroon,Fall,4.0,No,Credit Card,Store Pickup,No,No,4,Bank Transfer,Annually,31,1.0,1.6094379124341003,1.6094379124341003,0.0,0.0,0.0,0.0,0.04395604395604396,0.310989010989011,3.73,3.745465253239105
1339,56,Male,Handbag,Accessories,51,Alabama,S,Yellow,Winter,2.6,No,Bank Transfer,Standard,Yes,Yes,43,PayPal,Fortnightly,51,26.0,3.784189633918261,98.38893048187478,0.0,1.0,1.0,1.0,0.03882783882783883,0.310989010989011,3.7216981132075473,3.745465253239105
2579,54,Male,Sunglasses,Accessories,48,Vermont,M,Purple,Fall,3.9,No,Bank Transfer,Free Shipping,No,No,3,Cash,Quarterly,48,4.0,1.3862943611198906,5.545177444479562,0.0,0.0,0.0,0.0,0.0380952380952381,0.310989010989011,3.7211538461538463,3.745465253239105
3717,57,Female,Shirt,Clothing,53,Vermont,M,Charcoal,Fall,3.4,No,Bank Transfer,Next Day Air,No,No,42,Debit Card,Every 3 Months,53,4.0,3.7612001156935624,15.04480046277425,0.0,0.0,0.0,0.0,0.04322344322344322,0.4564102564102564,3.669491525423729,3.726725521669342
1413,25,Male,Shorts,Clothing,100,Michigan,M,Charcoal,Summer,2.6,No,Debit Card,2-Day Shipping,Yes,Yes,43,Venmo,Annually,100,1.0,3.784189633918261,3.784189633918261,0.0,1.0,1.0,1.0,0.04212454212454213,0.4564102564102564,3.6730434782608694,3.726725521669342
2951,22,Female,Jeans,Clothing,91,Iowa,S,Maroon,Winter,4.1,No,Bank Transfer,2-Day Shipping,No,No,44,Debit Card,Every 3 Months,91,4.0,3.8066624897703196,15.226649959081278,0.0,0.0,0.0,0.0,0.03406593406593406,0.4564102564102564,3.6,3.726725521669342
511,21,Male,Shirt,Clothing,87,West Virginia,M,Teal,Fall,3.9,Yes,Credit Card,2-Day Shipping,Yes,Yes,22,Venmo,Annually,87,1.0,3.1354942159291497,3.1354942159291497,1.0,1.0,1.0,1.0,0.04322344322344322,0.4564102564102564,3.669491525423729,3.726725521669342
3621,60,Female,Sandals,Footwear,82,Louisiana,M,Turquoise,Summer,2.9,No,Credit Card,Express,No,No,28,Credit Card,Fortnightly,82,26.0,3.367295829986474,87.54969157964833,0.0,0.0,0.0,0.0,0.03882783882783883,0.14908424908424908,3.8367924528301884,3.7808353808353807
2534,66,Male,Jewelry,Accessories,46,Pennsylvania,S,Blue,Summer,3.1,No,Venmo,Standard,No,No,49,Cash,Bi-Weekly,46,26.0,3.912023005428146,101.71259814113179,0.0,0.0,0.0,0.0,0.04212454212454213,0.310989010989011,3.744347826086957,3.745465253239105
1177,36,Male,Dress,Clothing,83,Oregon,M,Red,Winter,4.6,No,Credit Card,Free Shipping,Yes,Yes,39,PayPal,Quarterly,83,4.0,3.6888794541139363,14.755517816455745,0.0,1.0,1.0,1.0,0.044322344322344324,0.4564102564102564,3.7479338842975207,3.726725521669342
1114,28,Male,Sunglasses,Accessories,80,Maryland,M,Purple,Summer,4.8,No,Cash,Next Day Air,Yes,Yes,11,PayPal,Bi-Weekly,80,26.0,2.4849066497880004,64.60757289448802,0.0,1.0,1.0,1.0,0.0380952380952381,0.310989010989011,3.7211538461538463,3.745465253239105
1272,70,Male,Jewelry,Accessories,57,Kentucky,S,Gray,Spring,4.3,No,Cash,Store Pickup,Yes,Yes,42,PayPal,Annually,57,1.0,3.7612001156935624,3.7612001156935624,0.0,1.0,1.0,1.0,0.04212454212454213,0.310989010989011,3.744347826086957,3.745465253239105
2437,52,Male,T-shirt,Clothing,24,Connecticut,M,Yellow,Fall,2.7,No,Credit Card,Store Pickup,No,No,38,Credit Card,Quarterly,24,4.0,3.6635616461296463,14.654246584518585,0.0,0.0,0.0,0.0,0.034432234432234435,0.4564102564102564,3.8138297872340425,3.726725521669342
482,46,Male,Hat,Accessories,88,Wisconsin,L,Peach,Fall,3.2,Yes,PayPal,2-Day Shipping,Yes,Yes,10,PayPal,Fortnightly,88,26.0,2.3978952727983707,62.34527709275764,1.0,1.0,1.0,1.0,0.038461538461538464,0.310989010989011,3.7695238095238097,3.745465253239105
2947,38,Female,Pants,Clothing,77,Hawaii,L,Purple,Spring,2.8,No,Credit Card,Free Shipping,No,No,29,Bank Transfer,Quarterly,77,4.0,3.4011973816621555,13.604789526648622,0.0,0.0,0.0,0.0,0.04652014652014652,0.4564102564102564,3.729133858267717,3.726725521669342
3844,64,Female,Hat,Accessories,71,Georgia,L,Silver,Winter,4.0,No,Venmo,Free Shipping,No,No,48,Venmo,Every 3 Months,71,4.0,3.8918202981106265,15.567281192442506,0.0,0.0,0.0,0.0,0.038461538461538464,0.310989010989011,3.7695238095238097,3.745465253239105
2964,52,Female,Boots,Footwear,97,Maine,M,Brown,Spring,3.6,No,Debit Card,Free Shipping,No,No,28,Credit Card,Weekly,97,52.0,3.367295829986474,175.09938315929665,0.0,0.0,0.0,0.0,0.036996336996337,0.14908424908424908,3.8237623762376236,3.7808353808353807
1219,55,Male,Boots,Footwear,79,Pennsylvania,M,Cyan,Spring,3.1,No,Venmo,Store Pickup,Yes,Yes,43,Cash,Every 3 Months,79,4.0,3.784189633918261,15.136758535673044,0.0,1.0,1.0,1.0,0.036996336996337,0.14908424908424908,3.8237623762376236,3.7808353808353807
2497,67,Male,Scarf,Accessories,79,Illinois,S,Yellow,Summer,3.2,No,Bank Transfer,Store Pickup,No,No,37,Credit Card,Weekly,79,52.0,3.6375861597263857,189.15448030577204,0.0,0.0,0.0,0.0,0.03772893772893773,0.310989010989011,3.721359223300971,3.745465253239105
1158,37,Male,Belt,Accessories,66,Maryland,M,Charcoal,Fall,4.4,No,Credit Card,Standard,Yes,Yes,11,Cash,Quarterly,66,4.0,2.4849066497880004,9.939626599152001,0.0,1.0,1.0,1.0,0.04395604395604396,0.310989010989011,3.73,3.745465253239105
3655,21,Female,Jewelry,Accessories,98,Arkansas,M,Green,Winter,3.3,No,Debit Card,Next Day Air,No,No,10,Credit Card,Annually,98,1.0,2.3978952727983707,2.3978952727983707,0.0,0.0,0.0,0.0,0.04212454212454213,0.310989010989011,3.744347826086957,3.745465253239105
3294,19,Female,Coat,Outerwear,91,West Virginia,M,Gold,Spring,3.5,No,Bank Transfer,2-Day Shipping,No,No,47,Credit Card,Fortnightly,91,26.0,3.871201010907891,100.65122628360517,0.0,0.0,0.0,0.0,0.041025641025641026,0.08351648351648351,3.748214285714286,3.7504385964912283
1618,43,Male,Blouse,Clothing,64,Wisconsin,M,Peach,Winter,4.3,No,PayPal,Standard,Yes,Yes,50,Credit Card,Fortnightly,64,26.0,3.9318256327243257,102.22746645083247,0.0,1.0,1.0,1.0,0.047619047619047616,0.4564102564102564,3.733076923076923,3.726725521669342
1772,46,Male,Shirt,Clothing,82,Indiana,XL,Turquoise,Fall,4.7,No,Credit Card,Store Pickup,No,No,9,Credit Card,Annually,82,1.0,2.302585092994046,2.302585092994046,0.0,0.0,0.0,0.0,0.04322344322344322,0.4564102564102564,3.669491525423729,3.726725521669342
2204,53,Male,Dress,Clothing,79,Rhode Island,M,Indigo,Winter,3.1,No,Venmo,Free Shipping,No,No,32,Cash,Quarterly,79,4.0,3.4965075614664802,13.986030245865921,0.0,0.0,0.0,0.0,0.044322344322344324,0.4564102564102564,3.7479338842975207,3.726725521669342
2302,37,Male,Pants,Clothing,20,Maine,L,Turquoise,Winter,2.9,No,Debit Card,Next Day Air,No,No,21,Debit Card,Annually,20,1.0,3.091042453358316,3.091042453358316,0.0,0.0,0.0,0.0,0.04652014652014652,0.4564102564102564,3.729133858267717,3.726725521669342
622,51,Male,Sunglasses,Accessories,27,Kansas,S,Red,Fall,4.4,Yes,Debit Card,Store Pickup,Yes,Yes,45,Credit Card,Weekly,27,52.0,3.828641396489095,199.08935261743295,1.0,1.0,1.0,1.0,0.0380952380952381,0.310989010989011,3.7211538461538463,3.745465253239105
3657,35,Female,Jacket,Outerwear,67,North Dakota,XL,Cyan,Spring,3.7,No,Debit Card,2-Day Shipping,No,No,18,Credit Card,Monthly,67,12.0,2.9444389791664403,35.33326774999728,0.0,0.0,0.0,0.0,0.04249084249084249,0.08351648351648351,3.752586206896552,3.7504385964912283
2057,55,Male,Backpack,Accessories,46,Minnesota,L,Blue,Spring,4.4,No,Cash,2-Day Shipping,No,No,29,PayPal,Monthly,46,12.0,3.4011973816621555,40.814368579945864,0.0,0.0,0.0,0.0,0.03553113553113553,0.310989010989011,3.693814432989691,3.745465253239105
1111,28,Male,Hoodie,Clothing,61,Texas,L,Cyan,Fall,3.0,No,Debit Card,Standard,Yes,Yes,31,Cash,Bi-Weekly,61,26.0,3.4657359027997265,90.10913347279289,0.0,1.0,1.0,1.0,0.03882783882783883,0.4564102564102564,3.776415094339623,3.726725521669342
2241,57,Male,Sandals,Footwear,71,California,L,Green,Winter,4.3,No,Credit Card,Next Day Air,No,No,18,Debit Card,Every 3 Months,71,4.0,2.9444389791664403,11.777755916665761,0.0,0.0,0.0,0.0,0.03882783882783883,0.14908424908424908,3.8367924528301884,3.7808353808353807
2447,38,Male,Shirt,Clothing,65,Alaska,L,Peach,Spring,2.9,No,Cash,2-Day Shipping,No,No,7,Credit Card,Monthly,65,12.0,2.0794415416798357,24.953298500158027,0.0,0.0,0.0,0.0,0.04322344322344322,0.4564102564102564,3.669491525423729,3.726725521669342
1712,21,Male,T-shirt,Clothing,93,North Carolina,M,Lavender,Spring,4.7,No,Debit Card,Express,No,No,19,Credit Card,Monthly,93,12.0,2.995732273553991,35.94878728264789,0.0,0.0,0.0,0.0,0.034432234432234435,0.4564102564102564,3.8138297872340425,3.726725521669342
1633,35,Male,Gloves,Accessories,28,Oregon,S,White,Summer,4.7,No,PayPal,2-Day Shipping,Yes,Yes,50,Debit Card,Every 3 Months,28,4.0,3.9318256327243257,15.727302530897303,0.0,1.0,1.0,1.0,0.03626373626373627,0.310989010989011,3.8666666666666667,3.745465253239105
3172,68,Female,Jewelry,Accessories,26,Tennessee,M,Maroon,Spring,3.1,No,Credit Card,Express,No,No,26,Bank Transfer,Bi-Weekly,26,26.0,3.295836866004329,85.69175851611256,0.0,0.0,0.0,0.0,0.04212454212454213,0.310989010989011,3.744347826086957,3.745465253239105
3778,43,Female,Shorts,Clothing,65,Utah,M,Maroon,Fall,4.3,No,Debit Card,Express,No,No,9,Cash,Weekly,65,52.0,2.302585092994046,119.73442483569039,0.0,0.0,0.0,0.0,0.04212454212454213,0.4564102564102564,3.6730434782608694,3.726725521669342
1964,52,Male,Shorts,Clothing,30,Michigan,L,Pink,Spring,3.9,No,Bank Transfer,Standard,No,No,11,Credit Card,Weekly,30,52.0,2.4849066497880004,129.21514578897603,0.0,0.0,0.0,0.0,0.04212454212454213,0.4564102564102564,3.6730434782608694,3.726725521669342
2293,43,Male,T-shirt,Clothing,34,Vermont,S,Beige,Spring,3.8,No,Debit Card,Next Day Air,No,No,31,Debit Card,Monthly,34,12.0,3.4657359027997265,41.58883083359672,0.0,0.0,0.0,0.0,0.034432234432234435,0.4564102564102564,3.8138297872340425,3.726725521669342
661,50,Male,Coat,Outerwear,79,Montana,M,Olive,Fall,5.0,Yes,Debit Card,2-Day Shipping,Yes,Yes,39,Credit Card,Quarterly,79,4.0,3.6888794541139363,14.755517816455745,1.0,1.0,1.0,1.0,0.041025641025641026,0.08351648351648351,3.748214285714286,3.7504385964912283
1959,39,Male,Shorts,Clothing,67,Nevada,M,Gray,Winter,2.7,No,Cash,Store Pickup,No,No,47,Cash,Quarterly,67,4.0,3.871201010907891,15.484804043631565,0.0,0.0,0.0,0.0,0.04212454212454213,0.4564102564102564,3.6730434782608694,3.726725521669342
864,49,Male,Sneakers,Footwear,41,Vermont,M,Cyan,Summer,3.9,Yes,PayPal,Standard,Yes,Yes,42,PayPal,Fortnightly,41,26.0,3.7612001156935624,97.79120300803262,1.0,1.0,1.0,1.0,0.03626373626373627,0.14908424908424908,3.749494949494949,3.7808353808353807
187,39,Male,Backpack,Accessories,56,Minnesota,S,Lavender,Summer,2.9,Yes,Debit Card,Standard,Yes,Yes,31,Debit Card,Annually,56,1.0,3.4657359027997265,3.4657359027997265,1.0,1.0,1.0,1.0,0.03553113553113553,0.310989010989011,3.693814432989691,3.745465253239105
3356,40,Female,Blouse,Clothing,28,Delaware,M,Peach,Spring,2.6,No,Debit Card,Store Pickup,No,No,3,Bank Transfer,Bi-Weekly,28,26.0,1.3862943611198906,36.04365338911715,0.0,0.0,0.0,0.0,0.047619047619047616,0.4564102564102564,3.733076923076923,3.726725521669342
2283,18,Male,Sneakers,Footwear,97,Idaho,S,Red,Fall,4.2,No,Debit Card,2-Day Shipping,No,No,8,Credit Card,Annually,97,1.0,2.1972245773362196,2.1972245773362196,0.0,0.0,0.0,0.0,0.03626373626373627,0.14908424908424908,3.749494949494949,3.7808353808353807
2030,25,Male,Scarf,Accessories,23,Montana,M,Pink,Spring,4.6,No,Bank Transfer,Next Day Air,No,No,40,PayPal,Quarterly,23,4.0,3.713572066704308,14.854288266817232,0.0,0.0,0.0,0.0,0.03772893772893773,0.310989010989011,3.721359223300971,3.745465253239105
3299,65,Female,Jacket,Outerwear,73,New Mexico,M,Brown,Fall,3.5,No,PayPal,Express,No,No,6,Bank Transfer,Every 3 Months,73,4.0,1.9459101490553132,7.783640596221253,0.0,0.0,0.0,0.0,0.04249084249084249,0.08351648351648351,3.752586206896552,3.7504385964912283
213,67,Male,Handbag,Accessories,84,Virginia,L,Blue,Fall,4.2,Yes,Venmo,Express,Yes,Yes,7,Debit Card,Annually,84,1.0,2.0794415416798357,2.0794415416798357,1.0,1.0,1.0,1.0,0.03882783882783883,0.310989010989011,3.7216981132075473,3.745465253239105
243,55,Male,Coat,Outerwear,85,New York,L,Gray,Summer,4.3,Yes,Credit Card,Store Pickup,Yes,Yes,40,Debit Card,Every 3 Months,85,4.0,3.713572066704308,14.854288266817232,1.0,1.0,1.0,1.0,0.041025641025641026,0.08351648351648351,3.748214285714286,3.7504385964912283
1599,47,Male,Jewelry,Accessories,85,California,M,Teal,Fall,4.1,No,Credit Card,Express,Yes,Yes,21,Venmo,Bi-Weekly,85,26.0,3.091042453358316,80.36710378731621,0.0,1.0,1.0,1.0,0.04212454212454213,0.310989010989011,3.744347826086957,3.745465253239105
176,53,Male,Coat,Outerwear,86,Oklahoma,L,Violet,Fall,2.8,Yes,Debit Card,Next Day Air,Yes,Yes,2,Bank Transfer,Annually,86,1.0,1.0986122886681098,1.0986122886681098,1.0,1.0,1.0,1.0,0.041025641025641026,0.08351648351648351,3.748214285714286,3.7504385964912283
3040,59,Female,Blouse,Clothing,48,Alabama,L,Blue,Spring,3.2,No,Bank Transfer,Next Day Air,No,No,31,PayPal,Bi-Weekly,48,26.0,3.4657359027997265,90.10913347279289,0.0,0.0,0.0,0.0,0.047619047619047616,0.4564102564102564,3.733076923076923,3.726725521669342
1263,29,Male,Boots,Footwear,62,Tennessee,L,Brown,Winter,4.8,No,Debit Card,Store Pickup,Yes,Yes,44,Venmo,Monthly,62,12.0,3.8066624897703196,45.679949877243835,0.0,1.0,1.0,1.0,0.036996336996337,0.14908424908424908,3.8237623762376236,3.7808353808353807
1156,67,Male,T-shirt,Clothing,53,Tennessee,S,Red,Fall,2.6,No,Debit Card,Express,Yes,Yes,47,PayPal,Quarterly,53,4.0,3.871201010907891,15.484804043631565,0.0,1.0,1.0,1.0,0.034432234432234435,0.4564102564102564,3.8138297872340425,3.726725521669342
1861,18,Male,T-shirt,Clothing,64,Kansas,M,Silver,Summer,4.8,No,Credit Card,Next Day Air,No,No,4,Credit Card,Monthly,64,12.0,1.6094379124341003,19.313254949209202,0.0,0.0,0.0,0.0,0.034432234432234435,0.4564102564102564,3.8138297872340425,3.726725521669342
1237,42,Male,Hat,Accessories,68,New Mexico,M,White,Summer,4.4,No,PayPal,Store Pickup,Yes,Yes,35,Debit Card,Every 3 Months,68,4.0,3.58351893845611,14.33407575382444,0.0,1.0,1.0,1.0,0.038461538461538464,0.310989010989011,3.7695238095238097,3.745465253239105
2915,45,Female,Sweater,Clothing,72,Pennsylvania,M,Yellow,Fall,3.8,No,PayPal,Express,No,No,1,Debit Card,Bi-Weekly,72,26.0,0.6931471805599453,18.021826694558577,0.0,0.0,0.0,0.0,0.04468864468864469,0.4564102564102564,3.7147540983606557,3.726725521669342
2144,53,Male,Sandals,Footwear,66,Arkansas,L,Red,Fall,3.8,No,Debit Card,Next Day Air,No,No,48,Venmo,Bi-Weekly,66,26.0,3.8918202981106265,101.18732775087629,0.0,0.0,0.0,0.0,0.03882783882783883,0.14908424908424908,3.8367924528301884,3.7808353808353807
592,47,Male,Backpack,Accessories,37,Kentucky,L,Olive,Fall,4.2,Yes,Credit Card,Store Pickup,Yes,Yes,6,Debit Card,Bi-Weekly,37,26.0,1.9459101490553132,50.593663875438146,1.0,1.0,1.0,1.0,0.03553113553113553,0.310989010989011,3.693814432989691,3.745465253239105
2087,65,Male,Dress,Clothing,89,North Dakota,L,Beige,Summer,4.7,No,Credit Card,2-Day Shipping,No,No,36,Cash,Every 3 Months,89,4.0,3.6109179126442243,14.443671650576897,0.0,0.0,0.0,0.0,0.044322344322344324,0.4564102564102564,3.7479338842975207,3.726725521669342
678,60,Male,Socks,Clothing,62,Washington,S,Turquoise,Summer,2.7,Yes,PayPal,Express,Yes,Yes,41,PayPal,Annually,62,1.0,3.7376696182833684,3.7376696182833684,1.0,1.0,1.0,1.0,0.03882783882783883,0.4564102564102564,3.7150943396226417,3.726725521669342
69,57,Male,Handbag,Accessories,46,Utah,L,Silver,Summer,3.9,Yes,Credit Card,Next Day Air,Yes,Yes,21,Cash,Every 3 Months,46,4.0,3.091042453358316,12.364169813433264,1.0,1.0,1.0,1.0,0.03882783882783883,0.310989010989011,3.7216981132075473,3.745465253239105
3469,36,Female,Sunglasses,Accessories,89,Ohio,S,Indigo,Winter,3.5,No,Credit Card,Standard,No,No,36,Debit Card,Quarterly,89,4.0,3.6109179126442243,14.443671650576897,0.0,0.0,0.0,0.0,0.0380952380952381,0.310989010989011,3.7211538461538463,3.745465253239105
1669,66,Male,Blouse,Clothing,33,Utah,L,Charcoal,Summer,4.0,No,Credit Card,Standard,Yes,Yes,28,Debit Card,Fortnightly,33,26.0,3.367295829986474,87.54969157964833,0.0,1.0,1.0,1.0,0.047619047619047616,0.4564102564102564,3.733076923076923,3.726725521669342
1101,50,Male,Pants,Clothing,28,Nevada,L,Gold,Spring,4.4,No,Debit Card,Express,Yes,Yes,2,Credit Card,Weekly,28,52.0,1.0986122886681098,57.12783901074171,0.0,1.0,1.0,1.0,0.04652014652014652,0.4564102564102564,3.729133858267717,3.726725521669342
3360,43,Female,Sunglasses,Accessories,74,New Hampshire,L,Red,Fall,3.9,No,Credit Card,Next Day Air,No,No,29,Debit Card,Monthly,74,12.0,3.4011973816621555,40.814368579945864,0.0,0.0,0.0,0.0,0.0380952380952381,0.310989010989011,3.7211538461538463,3.745465253239105
530,32,Male,Shorts,Clothing,84,California,M,Orange,Fall,3.7,Yes,Cash,Standard,Yes,Yes,6,Credit Card,Monthly,84,12.0,1.9459101490553132,23.350921788663758,1.0,1.0,1.0,1.0,0.04212454212454213,0.4564102564102564,3.6730434782608694,3.726725521669342
1512,34,Male,Dress,Clothing,91,Georgia,M,Violet,Winter,3.6,No,Credit Card,Express,Yes,Yes,48,Credit Card,Weekly,91,52.0,3.8918202981106265,202.37465550175258,0.0,1.0,1.0,1.0,0.044322344322344324,0.4564102564102564,3.7479338842975207,3.726725521669342
2777,46,Female,Scarf,Accessories,62,Wyoming,L,Green,Fall,2.9,No,Debit Card,Free Shipping,No,No,6,Bank Transfer,Annually,62,1.0,1.9459101490553132,1.9459101490553132,0.0,0.0,0.0,0.0,0.03772893772893773,0.310989010989011,3.721359223300971,3.745465253239105
51,49,Male,Blouse,Clothing,28,Maryland,M,Red,Spring,3.7,Yes,Cash,Store Pickup,Yes,Yes,39,Debit Card,Bi-Weekly,28,26.0,3.6888794541139363,95.91086580696235,1.0,1.0,1.0,1.0,0.047619047619047616,0.4564102564102564,3.733076923076923,3.726725521669342
1621,25,Male,Hat,Accessories,47,Virginia,M,Charcoal,Winter,3.1,No,Bank Transfer,2-Day Shipping,Yes,Yes,27,PayPal,Every 3 Months,47,4.0,3.332204510175204,13.328818040700815,0.0,1.0,1.0,1.0,0.038461538461538464,0.310989010989011,3.7695238095238097,3.745465253239105
2195,61,Male,Socks,Clothing,29,Kentucky,M,Silver,Summer,3.5,No,Debit Card,Standard,No,No,48,Bank Transfer,Quarterly,29,4.0,3.8918202981106265,15.567281192442506,0.0,0.0,0.0,0.0,0.03882783882783883,0.4564102564102564,3.7150943396226417,3.726725521669342
2160,18,Male,Shirt,Clothing,58,Louisiana,M,Peach,Fall,3.0,No,PayPal,Free Shipping,No,No,34,Cash,Annually,58,1.0,3.5553480614894135,3.5553480614894135,0.0,0.0,0.0,0.0,0.04322344322344322,0.4564102564102564,3.669491525423729,3.726725521669342
2567,35,Male,Handbag,Accessories,38,Missouri,S,Yellow,Fall,3.3,No,Credit Card,Standard,No,No,43,PayPal,Quarterly,38,4.0,3.784189633918261,15.136758535673044,0.0,0.0,0.0,0.0,0.03882783882783883,0.310989010989011,3.7216981132075473,3.745465253239105
1175,42,Male,Backpack,Accessories,31,Michigan,M,Black,Winter,4.3,No,Cash,Express,Yes,Yes,19,Bank Transfer,Bi-Weekly,31,26.0,2.995732273553991,77.88903911240376,0.0,1.0,1.0,1.0,0.03553113553113553,0.310989010989011,3.693814432989691,3.745465253239105
2340,25,Male,Shirt,Clothing,65,Illinois,L,Maroon,Spring,3.4,No,Cash,Next Day Air,No,No,24,Bank Transfer,Quarterly,65,4.0,3.2188758248682006,12.875503299472802,0.0,0.0,0.0,0.0,0.04322344322344322,0.4564102564102564,3.669491525423729,3.726725521669342
3321,66,Female,Blouse,Clothing,44,Illinois,XL,Silver,Fall,4.2,No,Cash,2-Day Shipping,No,No,45,Cash,Every 3 Months,44,4.0,3.828641396489095,15.31456558595638,0.0,0.0,0.0,0.0,0.047619047619047616,0.4564102564102564,3.733076923076923,3.726725521669342
179,61,Male,Skirt,Clothing,43,Idaho,L,Lavender,Fall,4.3,Yes,Debit Card,2-Day Shipping,Yes,Yes,21,PayPal,Quarterly,43,4.0,3.091042453358316,12.364169813433264,1.0,1.0,1.0,1.0,0.041758241758241756,0.4564102564102564,3.816666666666667,3.726725521669342
2342,56,Male,Jacket,Outerwear,31,Connecticut,L,Teal,Summer,4.5,No,Cash,Express,No,No,22,Venmo,Every 3 Months,31,4.0,3.1354942159291497,12.541976863716599,0.0,0.0,0.0,0.0,0.04249084249084249,0.08351648351648351,3.752586206896552,3.7504385964912283
2726,64,Female,Backpack,Accessories,99,Mississippi,S,Violet,Summer,2.7,No,Bank Transfer,Free Shipping,No,No,4,Debit Card,Annually,99,1.0,1.6094379124341003,1.6094379124341003,0.0,0.0,0.0,0.0,0.03553113553113553,0.310989010989011,3.693814432989691,3.745465253239105
3504,31,Female,Shirt,Clothing,96,Nebraska,M,Pink,Spring,3.9,No,Cash,Free Shipping,No,No,39,Cash,Weekly,96,52.0,3.6888794541139363,191.8217316139247,0.0,0.0,0.0,0.0,0.04322344322344322,0.4564102564102564,3.669491525423729,3.726725521669342
425,66,Male,Sweater,Clothing,23,Illinois,M,Gold,Winter,4.3,Yes,Credit Card,Standard,Yes,Yes,42,PayPal,Fortnightly,23,26.0,3.7612001156935624,97.79120300803262,1.0,1.0,1.0,1.0,0.04468864468864469,0.4564102564102564,3.7147540983606557,3.726725521669342
885,67,Male,Skirt,Clothing,91,Hawaii,L,Yellow,Winter,4.1,Yes,Venmo,Express,Yes,Yes,34,Bank Transfer,Weekly,91,52.0,3.5553480614894135,184.8780991974495,1.0,1.0,1.0,1.0,0.041758241758241756,0.4564102564102564,3.816666666666667,3.726725521669342
2173,28,Male,Skirt,Clothing,89,Rhode Island,S,Lavender,Fall,2.8,No,Bank Transfer,Store Pickup,No,No,6,PayPal,Fortnightly,89,26.0,1.9459101490553132,50.593663875438146,0.0,0.0,0.0,0.0,0.041758241758241756,0.4564102564102564,3.816666666666667,3.726725521669342
2175,42,Male,Backpack,Accessories,49,Colorado,S,Olive,Spring,2.9,No,Cash,Store Pickup,No,No,1,Cash,Annually,49,1.0,0.6931471805599453,0.6931471805599453,0.0,0.0,0.0,0.0,0.03553113553113553,0.310989010989011,3.693814432989691,3.745465253239105
333,19,Male,Shirt,Clothing,86,New York,M,Maroon,Winter,2.8,Yes,Cash,2-Day Shipping,Yes,Yes,5,Credit Card,Monthly,86,12.0,1.791759469228055,21.50111363073666,1.0,1.0,1.0,1.0,0.04322344322344322,0.4564102564102564,3.669491525423729,3.726725521669342
1824,62,Male,Socks,Clothing,50,Louisiana,L,Pink,Fall,4.7,No,Cash,Free Shipping,No,No,40,Bank Transfer,Bi-Weekly,50,26.0,3.713572066704308,96.552873734312,0.0,0.0,0.0,0.0,0.03882783882783883,0.4564102564102564,3.7150943396226417,3.726725521669342
3024,50,Female,Backpack,Accessories,31,Indiana,M,Brown,Summer,2.9,No,PayPal,Express,No,No,4,PayPal,Quarterly,31,4.0,1.6094379124341003,6.437751649736401,0.0,0.0,0.0,0.0,0.03553113553113553,0.310989010989011,3.693814432989691,3.745465253239105
3025,67,Female,Blouse,Clothing,82,Idaho,S,White,Spring,4.0,No,Credit Card,Free Shipping,No,No,47,Credit Card,Every 3 Months,82,4.0,3.871201010907891,15.484804043631565,0.0,0.0,0.0,0.0,0.047619047619047616,0.4564102564102564,3.733076923076923,3.726725521669342
2297,46,Male,Gloves,Accessories,88,Washington,M,Green,Fall,2.5,No,PayPal,Next Day Air,No,No,50,Venmo,Every 3 Months,88,4.0,3.9318256327243257,15.727302530897303,0.0,0.0,0.0,0.0,0.03626373626373627,0.310989010989011,3.8666666666666667,3.745465253239105
499,43,Male,Boots,Footwear,78,Iowa,M,Lavender,Spring,3.6,Yes,PayPal,Free Shipping,Yes,Yes,27,Bank Transfer,Monthly,78,12.0,3.332204510175204,39.986454122102444,1.0,1.0,1.0,1.0,0.036996336996337,0.14908424908424908,3.8237623762376236,3.7808353808353807
890,59,Male,Belt,Accessories,84,Arizona,S,Olive,Fall,2.8,Yes,Venmo,Free Shipping,Yes,Yes,50,Venmo,Weekly,84,52.0,3.9318256327243257,204.45493290166493,1.0,1.0,1.0,1.0,0.04395604395604396,0.310989010989011,3.73,3.745465253239105
1054,59,Male,Blouse,Clothing,70,Kansas,M,Blue,Spring,3.3,No,Cash,2-Day Shipping,Yes,Yes,10,Debit Card,Bi-Weekly,70,26.0,2.3978952727983707,62.34527709275764,0.0,1.0,1.0,1.0,0.047619047619047616,0.4564102564102564,3.733076923076923,3.726725521669342
2284,44,Male,Handbag,Accessories,45,Ohio,S,Black,Winter,4.1,No,Cash,Free Shipping,No,No,34,Credit Card,Fortnightly,45,26.0,3.5553480614894135,92.43904959872475,0.0,0.0,0.0,0.0,0.03882783882783883,0.310989010989011,3.7216981132075473,3.745465253239105
2363,27,Male,Jeans,Clothing,41,Virginia,M,Brown,Fall,2.7,No,Venmo,Standard,No,No,24,Credit Card,Monthly,41,12.0,3.2188758248682006,38.626509898418405,0.0,0.0,0.0,0.0,0.03406593406593406,0.4564102564102564,3.6,3.726725521669342
2886,29,Female,Backpack,Accessories,82,Nevada,M,Yellow,Summer,3.5,No,Bank Transfer,Next Day Air,No,No,14,Credit Card,Bi-Weekly,82,26.0,2.70805020110221,70.40930522865746,0.0,0.0,0.0,0.0,0.03553113553113553,0.310989010989011,3.693814432989691,3.745465253239105
1689,28,Male,Handbag,Accessories,26,Mississippi,S,Peach,Winter,3.0,No,Credit Card,Next Day Air,No,No,13,Venmo,Fortnightly,26,26.0,2.6390573296152584,68.61549056999672,0.0,0.0,0.0,0.0,0.03882783882783883,0.310989010989011,3.7216981132075473,3.745465253239105
2335,49,Male,Boots,Footwear,79,Kansas,L,Green,Summer,4.2,No,Credit Card,Standard,No,No,7,Credit Card,Monthly,79,12.0,2.0794415416798357,24.953298500158027,0.0,0.0,0.0,0.0,0.036996336996337,0.14908424908424908,3.8237623762376236,3.7808353808353807
3840,66,Female,Sandals,Footwear,29,Connecticut,M,Peach,Spring,3.9,No,PayPal,Free Shipping,No,No,14,Venmo,Quarterly,29,4.0,2.70805020110221,10.83220080440884,0.0,0.0,0.0,0.0,0.03882783882783883,0.14908424908424908,3.8367924528301884,3.7808353808353807
471,50,Male,Dress,Clothing,63,Minnesota,L,Teal,Summer,4.6,Yes,Cash,Express,Yes,Yes,6,Cash,Every 3 Months,63,4.0,1.9459101490553132,7.783640596221253,1.0,1.0,1.0,1.0,0.044322344322344324,0.4564102564102564,3.7479338842975207,3.726725521669342
3556,25,Female,Blouse,Clothing,23,Delaware,L,Silver,Spring,4.6,No,PayPal,Next Day Air,No,No,45,Cash,Quarterly,23,4.0,3.828641396489095,15.31456558595638,0.0,0.0,0.0,0.0,0.047619047619047616,0.4564102564102564,3.733076923076923,3.726725521669342
780,60,Male,Dress,Clothing,94,Utah,M,Blue,Spring,4.6,Yes,Credit Card,Express,Yes,Yes,38,Cash,Annually,94,1.0,3.6635616461296463,3.6635616461296463,1.0,1.0,1.0,1.0,0.044322344322344324,0.4564102564102564,3.7479338842975207,3.726725521669342
3319,45,Female,Jacket,Outerwear,46,North Dakota,M,Olive,Summer,3.9,No,Venmo,Free Shipping,No,No,15,PayPal,Monthly,46,12.0,2.772588722239781,33.27106466687737,0.0,0.0,0.0,0.0,0.04249084249084249,0.08351648351648351,3.752586206896552,3.7504385964912283
2634,51,Male,Sunglasses,Accessories,90,Alaska,M,Purple,Fall,4.7,No,PayPal,Next Day Air,No,No,32,Credit Card,Fortnightly,90,26.0,3.4965075614664802,90.90919659812849,0.0,0.0,0.0,0.0,0.0380952380952381,0.310989010989011,3.7211538461538463,3.745465253239105
813,64,Male,Boots,Footwear,56,Alaska,M,Olive,Summer,3.2,Yes,PayPal,Standard,Yes,Yes,32,Credit Card,Weekly,56,52.0,3.4965075614664802,181.81839319625698,1.0,1.0,1.0,1.0,0.036996336996337,0.14908424908424908,3.8237623762376236,3.7808353808353807
3332,55,Female,Sunglasses,Accessories,58,California,M,Pink,Summer,3.5,No,Debit Card,Free Shipping,No,No,39,PayPal,Quarterly,58,4.0,3.6888794541139363,14.755517816455745,0.0,0.0,0.0,0.0,0.0380952380952381,0.310989010989011,3.7211538461538463,3.745465253239105
2786,53,Female,Blouse,Clothing,80,Louisiana,S,Green,Summer,2.9,No,Credit Card,Next Day Air,No,No,13,Bank Transfer,Monthly,80,12.0,2.6390573296152584,31.6686879553831,0.0,0.0,0.0,0.0,0.047619047619047616,0.4564102564102564,3.733076923076923,3.726725521669342
2628,66,Male,Shirt,Clothing,26,Missouri,L,Silver,Fall,3.6,No,PayPal,Next Day Air,No,No,40,Bank Transfer,Quarterly,26,4.0,3.713572066704308,14.854288266817232,0.0,0.0,0.0,0.0,0.04322344322344322,0.4564102564102564,3.669491525423729,3.726725521669342
1954,25,Male,Skirt,Clothing,33,Colorado,XL,Green,Spring,4.8,No,Cash,Standard,No,No,3,PayPal,Fortnightly,33,26.0,1.3862943611198906,36.04365338911715,0.0,0.0,0.0,0.0,0.041758241758241756,0.4564102564102564,3.816666666666667,3.726725521669342
2720,69,Female,Hoodie,Clothing,82,Louisiana,S,Peach,Fall,4.2,No,Venmo,Free Shipping,No,No,4,Bank Transfer,Monthly,82,12.0,1.6094379124341003,19.313254949209202,0.0,0.0,0.0,0.0,0.03882783882783883,0.4564102564102564,3.776415094339623,3.726725521669342
452,66,Male,Jewelry,Accessories,31,Virginia,M,Pink,Summer,4.3,Yes,Cash,Express,Yes,Yes,26,Credit Card,Fortnightly,31,26.0,3.295836866004329,85.69175851611256,1.0,1.0,1.0,1.0,0.04212454212454213,0.310989010989011,3.744347826086957,3.745465253239105
3426,38,Female,Hat,Accessories,54,Michigan,M,Blue,Summer,4.3,No,Bank Transfer,Next Day Air,No,No,3,Debit Card,Bi-Weekly,54,26.0,1.3862943611198906,36.04365338911715,0.0,0.0,0.0,0.0,0.038461538461538464,0.310989010989011,3.7695238095238097,3.745465253239105
3344,24,Female,Shorts,Clothing,31,Kentucky,XL,Green,Winter,3.6,No,Bank Transfer,2-Day Shipping,No,No,6,Cash,Bi-Weekly,31,26.0,1.9459101490553132,50.593663875438146,0.0,0.0,0.0,0.0,0.04212454212454213,0.4564102564102564,3.6730434782608694,3.726725521669342
49,42,Male,Shirt,Clothing,55,Nevada,M,Orange,Summer,2.7,Yes,Debit Card,Store Pickup,Yes,Yes,38,Cash,Monthly,55,12.0,3.6635616461296463,43.96273975355575,1.0,1.0,1.0,1.0,0.04322344322344322,0.4564102564102564,3.669491525423729,3.726725521669342
1161,37,Male,Scarf,Accessories,42,North Dakota,S,Blue,Summer,3.2,No,Cash,Next Day Air,Yes,Yes,9,Venmo,Bi-Weekly,42,26.0,2.302585092994046,59.867212417845195,0.0,1.0,1.0,1.0,0.03772893772893773,0.310989010989011,3.721359223300971,3.745465253239105
2985,45,Female,Gloves,Accessories,32,Texas,L,Red,Spring,4.3,No,PayPal,2-Day Shipping,No,No,36,Debit Card,Bi-Weekly,32,26.0,3.6109179126442243,93.88386572874984,0.0,0.0,0.0,0.0,0.03626373626373627,0.310989010989011,3.8666666666666667,3.745465253239105
3666,28,Female,Socks,Clothing,77,North Carolina,M,Peach,Fall,3.4,No,Credit Card,Next Day Air,No,No,11,Credit Card,Quarterly,77,4.0,2.4849066497880004,9.939626599152001,0.0,0.0,0.0,0.0,0.03882783882783883,0.4564102564102564,3.7150943396226417,3.726725521669342
1538,68,Male,Shoes,Footwear,89,Alaska,L,Black,Spring,3.2,No,Bank Transfer,Next Day Air,Yes,Yes,50,Venmo,Annually,89,1.0,3.9318256327243257,3.9318256327243257,0.0,1.0,1.0,1.0,0.036996336996337,0.14908424908424908,3.7099009900990096,3.7808353808353807
1855,25,Male,Sweater,Clothing,61,Kentucky,M,Teal,Spring,3.8,No,Credit Card,Express,No,No,49,Credit Card,Annually,61,1.0,3.912023005428146,3.912023005428146,0.0,0.0,0.0,0.0,0.04468864468864469,0.4564102564102564,3.7147540983606557,3.726725521669342
1927,66,Male,Backpack,Accessories,93,New Mexico,M,Silver,Spring,3.0,No,Venmo,Express,No,No,6,PayPal,Annually,93,1.0,1.9459101490553132,1.9459101490553132,0.0,0.0,0.0,0.0,0.03553113553113553,0.310989010989011,3.693814432989691,3.745465253239105
2091,51,Male,Socks,Clothing,71,Massachusetts,S,Teal,Winter,3.4,No,Debit Card,Free Shipping,No,No,21,Debit Card,Monthly,71,12.0,3.091042453358316,37.09250944029979,0.0,0.0,0.0,0.0,0.03882783882783883,0.4564102564102564,3.7150943396226417,3.726725521669342
3108,65,Female,Blouse,Clothing,31,Hawaii,L,Gray,Winter,4.6,No,Debit Card,Standard,No,No,18,Credit Card,Bi-Weekly,31,26.0,2.9444389791664403,76.55541345832745,0.0,0.0,0.0,0.0,0.047619047619047616,0.4564102564102564,3.733076923076923,3.726725521669342
2369,29,Male,Sunglasses,Accessories,38,New Jersey,M,Lavender,Summer,3.3,No,Credit Card,Standard,No,No,6,Debit Card,Every 3 Months,38,4.0,1.9459101490553132,7.783640596221253,0.0,0.0,0.0,0.0,0.0380952380952381,0.310989010989011,3.7211538461538463,3.745465253239105
1377,57,Male,Sandals,Footwear,65,New Jersey,L,Pink,Spring,5.0,No,Cash,Free Shipping,Yes,Yes,24,PayPal,Annually,65,1.0,3.2188758248682006,3.2188758248682006,0.0,1.0,1.0,1.0,0.03882783882783883,0.14908424908424908,3.8367924528301884,3.7808353808353807
2006,18,Male,Sandals,Footwear,82,Tennessee,M,Cyan,Winter,3.4,No,PayPal,Store Pickup,No,No,30,PayPal,Fortnightly,82,26.0,3.4339872044851463,89.2836673166138,0.0,0.0,0.0,0.0,0.03882783882783883,0.14908424908424908,3.8367924528301884,3.7808353808353807
1391,25,Male,Hat,Accessories,38,Arkansas,M,Maroon,Summer,4.3,No,Venmo,Standard,Yes,Yes,42,Debit Card,Weekly,38,52.0,3.7612001156935624,195.58240601606525,0.0,1.0,1.0,1.0,0.038461538461538464,0.310989010989011,3.7695238095238097,3.745465253239105
2580,65,Male,Blouse,Clothing,20,Minnesota,M,Purple,Summer,3.7,No,Venmo,Express,No,No,40,Venmo,Weekly,20,52.0,3.713572066704308,193.105747468624,0.0,0.0,0.0,0.0,0.047619047619047616,0.4564102564102564,3.733076923076923,3.726725521669342
669,49,Male,T-shirt,Clothing,85,Hawaii,S,Turquoise,Fall,2.9,Yes,Credit Card,Express,Yes,Yes,35,Bank Transfer,Monthly,85,12.0,3.58351893845611,43.00222726147332,1.0,1.0,1.0,1.0,0.034432234432234435,0.4564102564102564,3.8138297872340425,3.726725521669342
3538,57,Female,Handbag,Accessories,92,Georgia,M,Gray,Spring,3.5,No,Venmo,Standard,No,No,40,Credit Card,Every 3 Months,92,4.0,3.713572066704308,14.854288266817232,0.0,0.0,0.0,0.0,0.03882783882783883,0.310989010989011,3.7216981132075473,3.745465253239105
3465,36,Female,Coat,Outerwear,59,Utah,S,Peach,Winter,2.7,No,Debit Card,Next Day Air,No,No,12,PayPal,Annually,59,1.0,2.5649493574615367,2.5649493574615367,0.0,0.0,0.0,0.0,0.041025641025641026,0.08351648351648351,3.748214285714286,3.7504385964912283
1252,56,Male,Shorts,Clothing,86,Indiana,XL,Orange,Spring,5.0,No,Debit Card,Next Day Air,Yes,Yes,43,Credit Card,Monthly,86,12.0,3.784189633918261,45.41027560701913,0.0,1.0,1.0,1.0,0.04212454212454213,0.4564102564102564,3.6730434782608694,3.726725521669342
1034,19,Male,Pants,Clothing,52,Montana,S,Silver,Spring,4.6,Yes,Credit Card,Free Shipping,Yes,Yes,41,Bank Transfer,Quarterly,52,4.0,3.7376696182833684,14.950678473133474,1.0,1.0,1.0,1.0,0.04652014652014652,0.4564102564102564,3.729133858267717,3.726725521669342
1070,38,Male,Skirt,Clothing,81,Maryland,XL,White,Fall,4.3,No,Credit Card,Next Day Air,Yes,Yes,33,Venmo,Every 3 Months,81,4.0,3.5263605246161616,14.105442098464646,0.0,1.0,1.0,1.0,0.041758241758241756,0.4564102564102564,3.816666666666667,3.726725521669342
2908,19,Female,Sunglasses,Accessories,82,Maryland,XL,Lavender,Summer,3.7,No,Cash,Next Day Air,No,No,50,PayPal,Bi-Weekly,82,26.0,3.9318256327243257,102.22746645083247,0.0,0.0,0.0,0.0,0.0380952380952381,0.310989010989011,3.7211538461538463,3.745465253239105
2223,32,Male,Pants,Clothing,66,Georgia,M,Teal,Summer,4.4,No,PayPal,Store Pickup,No,No,30,Credit Card,Weekly,66,52.0,3.4339872044851463,178.5673346332276,0.0,0.0,0.0,0.0,0.04652014652014652,0.4564102564102564,3.729133858267717,3.726725521669342
2090,37,Male,Jacket,Outerwear,57,Maryland,L,Gold,Spring,3.6,No,Cash,Free Shipping,No,No,41,Credit Card,Every 3 Months,57,4.0,3.7376696182833684,14.950678473133474,0.0,0.0,0.0,0.0,0.04249084249084249,0.08351648351648351,3.752586206896552,3.7504385964912283
3120,63,Female,Sandals,Footwear,79,Louisiana,XL,Silver,Winter,4.7,No,Cash,2-Day Shipping,No,No,21,Credit Card,Every 3 Months,79,4.0,3.091042453358316,12.364169813433264,0.0,0.0,0.0,0.0,0.03882783882783883,0.14908424908424908,3.8367924528301884,3.7808353808353807
798,42,Male,Coat,Outerwear,82,Maryland,M,Violet,Fall,4.0,Yes,Cash,2-Day Shipping,Yes,Yes,38,Debit Card,Weekly,82,52.0,3.6635616461296463,190.5052055987416,1.0,1.0,1.0,1.0,0.041025641025641026,0.08351648351648351,3.748214285714286,3.7504385964912283
3385,39,Female,Hoodie,Clothing,24,Minnesota,L,Maroon,Summer,3.8,No,Credit Card,Free Shipping,No,No,9,Venmo,Quarterly,24,4.0,2.302585092994046,9.210340371976184,0.0,0.0,0.0,0.0,0.03882783882783883,0.4564102564102564,3.776415094339623,3.726725521669342
769,64,Male,Backpack,Accessories,95,Illinois,XL,Red,Spring,2.6,Yes,PayPal,Express,Yes,Yes,45,Venmo,Weekly,95,52.0,3.828641396489095,199.08935261743295,1.0,1.0,1.0,1.0,0.03553113553113553,0.310989010989011,3.693814432989691,3.745465253239105
1656,37,Male,Sweater,Clothing,81,Arizona,L,Gold,Spring,3.2,No,Venmo,Next Day Air,Yes,Yes,4,PayPal,Monthly,81,12.0,1.6094379124341003,19.313254949209202,0.0,1.0,1.0,1.0,0.04468864468864469,0.4564102564102564,3.7147540983606557,3.726725521669342
3276,43,Female,Pants,Clothing,88,Alabama,XL,Green,Summer,2.6,No,Venmo,2-Day Shipping,No,No,2,Debit Card,Weekly,88,52.0,1.0986122886681098,57.12783901074171,0.0,0.0,0.0,0.0,0.04652014652014652,0.4564102564102564,3.729133858267717,3.726725521669342
501,36,Male,T-shirt,Clothing,31,Washington,L,Purple,Fall,4.8,Yes,Bank Transfer,Next Day Air,Yes,Yes,35,Venmo,Every 3 Months,31,4.0,3.58351893845611,14.33407575382444,1.0,1.0,1.0,1.0,0.034432234432234435,0.4564102564102564,3.8138297872340425,3.726725521669342
2760,68,Female,Shoes,Footwear,59,Washington,M,Turquoise,Summer,3.9,No,Credit Card,Free Shipping,No,No,42,Cash,Every 3 Months,59,4.0,3.7612001156935624,15.04480046277425,0.0,0.0,0.0,0.0,0.036996336996337,0.14908424908424908,3.7099009900990096,3.7808353808353807
836,35,Male,Boots,Footwear,26,Maryland,L,Indigo,Summer,2.5,Yes,Debit Card,Next Day Air,Yes,Yes,21,Debit Card,Weekly,26,52.0,3.091042453358316,160.73420757463242,1.0,1.0,1.0,1.0,0.036996336996337,0.14908424908424908,3.8237623762376236,3.7808353808353807
2730,31,Female,Gloves,Accessories,71,Montana,S,Violet,Summer,4.1,No,Debit Card,Free Shipping,No,No,32,Credit Card,Monthly,71,12.0,3.4965075614664802,41.958090737597765,0.0,0.0,0.0,0.0,0.03626373626373627,0.310989010989011,3.8666666666666667,3.745465253239105
493,50,Male,Shirt,Clothing,62,Michigan,M,Black,Fall,3.9,Yes,PayPal,Standard,Yes,Yes,11,Debit Card,Weekly,62,52.0,2.4849066497880004,129.21514578897603,1.0,1.0,1.0,1.0,0.04322344322344322,0.4564102564102564,3.669491525423729,3.726725521669342
911,49,Male,Hoodie,Clothing,25,South Carolina,S,Pink,Spring,3.4,Yes,Bank Transfer,Express,Yes,Yes,22,Credit Card,Monthly,25,12.0,3.1354942159291497,37.625930591149796,1.0,1.0,1.0,1.0,0.03882783882783883,0.4564102564102564,3.776415094339623,3.726725521669342
1530,20,Male,Backpack,Accessories,63,Georgia,M,Lavender,Winter,3.1,No,Venmo,Free Shipping,Yes,Yes,48,Credit Card,Bi-Weekly,63,26.0,3.8918202981106265,101.18732775087629,0.0,1.0,1.0,1.0,0.03553113553113553,0.310989010989011,3.693814432989691,3.745465253239105
3194,63,Female,Gloves,Accessories,99,Virginia,L,Teal,Winter,4.0,No,PayPal,Express,No,No,35,Credit Card,Fortnightly,99,26.0,3.58351893845611,93.17149239985886,0.0,0.0,0.0,0.0,0.03626373626373627,0.310989010989011,3.8666666666666667,3.745465253239105
3358,41,Female,Hoodie,Clothing,67,Arkansas,M,Pink,Winter,3.5,No,Venmo,Free Shipping,No,No,37,Credit Card,Monthly,67,12.0,3.6375861597263857,43.65103391671663,0.0,0.0,0.0,0.0,0.03882783882783883,0.4564102564102564,3.776415094339623,3.726725521669342
3817,29,Female,Coat,Outerwear,86,Maryland,S,Silver,Summer,4.3,No,Debit Card,Store Pickup,No,No,45,Credit Card,Fortnightly,86,26.0,3.828641396489095,99.54467630871648,0.0,0.0,0.0,0.0,0.041025641025641026,0.08351648351648351,3.748214285714286,3.7504385964912283
1169,68,Male,Scarf,Accessories,91,Mississippi,L,Violet,Summer,3.6,No,PayPal,Standard,Yes,Yes,37,Debit Card,Fortnightly,91,26.0,3.6375861597263857,94.57724015288602,0.0,1.0,1.0,1.0,0.03772893772893773,0.310989010989011,3.721359223300971,3.745465253239105
2387,19,Male,Socks,Clothing,33,Illinois,L,Blue,Summer,2.9,No,Credit Card,Standard,No,No,14,Venmo,Monthly,33,12.0,2.70805020110221,32.49660241322652,0.0,0.0,0.0,0.0,0.03882783882783883,0.4564102564102564,3.7150943396226417,3.726725521669342
2926,54,Female,Sweater,Clothing,91,Illinois,M,Maroon,Spring,2.8,No,Cash,Store Pickup,No,No,43,Credit Card,Every 3 Months,91,4.0,3.784189633918261,15.136758535673044,0.0,0.0,0.0,0.0,0.04468864468864469,0.4564102564102564,3.7147540983606557,3.726725521669342
2439,32,Male,Jeans,Clothing,20,Delaware,S,Cyan,Winter,3.4,No,Cash,Express,No,No,30,Venmo,Weekly,20,52.0,3.4339872044851463,178.5673346332276,0.0,0.0,0.0,0.0,0.03406593406593406,0.4564102564102564,3.6,3.726725521669342
2050,68,Male,Boots,Footwear,24,Rhode Island,L,Blue,Fall,2.7,No,Debit Card,Standard,No,No,15,Venmo,Annually,24,1.0,2.772588722239781,2.772588722239781,0.0,0.0,0.0,0.0,0.036996336996337,0.14908424908424908,3.8237623762376236,3.7808353808353807
3309,55,Female,Jeans,Clothing,70,Utah,M,Pink,Fall,2.6,No,Venmo,Express,No,No,29,Cash,Monthly,70,12.0,3.4011973816621555,40.814368579945864,0.0,0.0,0.0,0.0,0.03406593406593406,0.4564102564102564,3.6,3.726725521669342
3577,29,Female,Boots,Footwear,24,Maine,L,Yellow,Spring,3.0,No,Cash,Express,No,No,12,Venmo,Bi-Weekly,24,26.0,2.5649493574615367,66.68868329399996,0.0,0.0,0.0,0.0,0.036996336996337,0.14908424908424908,3.8237623762376236,3.7808353808353807
593,60,Male,Boots,Footwear,29,North Dakota,M,Brown,Fall,3.2,Yes,Venmo,Free Shipping,Yes,Yes,42,Venmo,Every 3 Months,29,4.0,3.7612001156935624,15.04480046277425,1.0,1.0,1.0,1.0,0.036996336996337,0.14908424908424908,3.8237623762376236,3.7808353808353807
2620,68,Male,Pants,Clothing,40,Connecticut,L,Indigo,Winter,3.9,No,Credit Card,Free Shipping,No,No,47,Credit Card,Weekly,40,52.0,3.871201010907891,201.30245256721034,0.0,0.0,0.0,0.0,0.04652014652014652,0.4564102564102564,3.729133858267717,3.726725521669342
1520,50,Male,Sunglasses,Accessories,73,Texas,L,Cyan,Fall,4.9,No,Venmo,Next Day Air,Yes,Yes,40,PayPal,Weekly,73,52.0,3.713572066704308,193.105747468624,0.0,1.0,1.0,1.0,0.0380952380952381,0.310989010989011,3.7211538461538463,3.745465253239105
3330,34,Female,Backpack,Accessories,54,New Jersey,M,Gray,Winter,3.8,No,Debit Card,Express,No,No,1,Debit Card,Bi-Weekly,54,26.0,0.6931471805599453,18.021826694558577,0.0,0.0,0.0,0.0,0.03553113553113553,0.310989010989011,3.693814432989691,3.745465253239105
3078,60,Female,Sweater,Clothing,88,Illinois,S,Red,Spring,3.0,No,Venmo,Store Pickup,No,No,33,Debit Card,Bi-Weekly,88,26.0,3.5263605246161616,91.6853736400202,0.0,0.0,0.0,0.0,0.04468864468864469,0.4564102564102564,3.7147540983606557,3.726725521669342
1418,62,Male,Shorts,Clothing,25,Montana,S,Brown,Spring,4.6,No,Cash,Standard,Yes,Yes,21,Debit Card,Fortnightly,25,26.0,3.091042453358316,80.36710378731621,0.0,1.0,1.0,1.0,0.04212454212454213,0.4564102564102564,3.6730434782608694,3.726725521669342
1713,65,Male,T-shirt,Clothing,87,Illinois,S,Beige,Fall,3.8,No,Debit Card,2-Day Shipping,No,No,9,Cash,Fortnightly,87,26.0,2.302585092994046,59.867212417845195,0.0,0.0,0.0,0.0,0.034432234432234435,0.4564102564102564,3.8138297872340425,3.726725521669342
79,50,Male,Skirt,Clothing,91,Nebraska,M,Maroon,Spring,4.7,Yes,Venmo,Free Shipping,Yes,Yes,50,Venmo,Fortnightly,91,26.0,3.9318256327243257,102.22746645083247,1.0,1.0,1.0,1.0,0.041758241758241756,0.4564102564102564,3.816666666666667,3.726725521669342
2512,54,Male,Backpack,Accessories,33,Idaho,M,Cyan,Summer,2.7,No,Debit Card,Store Pickup,No,No,1,PayPal,Quarterly,33,4.0,0.6931471805599453,2.772588722239781,0.0,0.0,0.0,0.0,0.03553113553113553,0.310989010989011,3.693814432989691,3.745465253239105
3278,59,Female,Skirt,Clothing,86,Texas,M,Blue,Spring,4.9,No,Cash,Store Pickup,No,No,3,Credit Card,Monthly,86,12.0,1.3862943611198906,16.635532333438686,0.0,0.0,0.0,0.0,0.041758241758241756,0.4564102564102564,3.816666666666667,3.726725521669342
2584,69,Male,Jeans,Clothing,93,Oklahoma,M,Lavender,Fall,2.5,No,Bank Transfer,Next Day Air,No,No,9,Cash,Weekly,93,52.0,2.302585092994046,119.73442483569039,0.0,0.0,0.0,0.0,0.03406593406593406,0.4564102564102564,3.6,3.726725521669342
101,62,Male,Sunglasses,Accessories,98,South Dakota,M,Maroon,Fall,2.7,Yes,PayPal,Express,Yes,Yes,31,Cash,Fortnightly,98,26.0,3.4657359027997265,90.10913347279289,1.0,1.0,1.0,1.0,0.0380952380952381,0.310989010989011,3.7211538461538463,3.745465253239105
322,41,Male,Sneakers,Footwear,36,Vermont,L,Orange,Summer,4.7,Yes,Credit Card,Free Shipping,Yes,Yes,48,Debit Card,Quarterly,36,4.0,3.8918202981106265,15.567281192442506,1.0,1.0,1.0,1.0,0.03626373626373627,0.14908424908424908,3.749494949494949,3.7808353808353807
455,37,Male,Jacket,Outerwear,97,New Jersey,S,Gold,Summer,3.2,Yes,Debit Card,Next Day Air,Yes,Yes,14,Cash,Bi-Weekly,97,26.0,2.70805020110221,70.40930522865746,1.0,1.0,1.0,1.0,0.04249084249084249,0.08351648351648351,3.752586206896552,3.7504385964912283
1699,25,Male,Belt,Accessories,41,Iowa,XL,Turquoise,Winter,4.8,No,Credit Card,Standard,No,No,46,Bank Transfer,Quarterly,41,4.0,3.8501476017100584,15.400590406840234,0.0,0.0,0.0,0.0,0.04395604395604396,0.310989010989011,3.73,3.745465253239105
1777,56,Male,Jacket,Outerwear,64,Arizona,L,Cyan,Summer,3.4,No,Bank Transfer,Free Shipping,No,No,10,Venmo,Every 3 Months,64,4.0,2.3978952727983707,9.591581091193483,0.0,0.0,0.0,0.0,0.04249084249084249,0.08351648351648351,3.752586206896552,3.7504385964912283
2286,34,Male,Belt,Accessories,100,Michigan,L,Pink,Summer,4.6,No,Cash,2-Day Shipping,No,No,38,PayPal,Every 3 Months,100,4.0,3.6635616461296463,14.654246584518585,0.0,0.0,0.0,0.0,0.04395604395604396,0.310989010989011,3.73,3.745465253239105
3153,49,Female,Belt,Accessories,90,North Carolina,M,Red,Fall,3.1,No,Venmo,Store Pickup,No,No,17,PayPal,Monthly,90,12.0,2.8903717578961645,34.68446109475397,0.0,0.0,0.0,0.0,0.04395604395604396,0.310989010989011,3.73,3.745465253239105
3592,48,Female,Jacket,Outerwear,89,South Dakota,M,Gold,Winter,3.2,No,Cash,2-Day Shipping,No,No,38,Bank Transfer,Quarterly,89,4.0,3.6635616461296463,14.654246584518585,0.0,0.0,0.0,0.0,0.04249084249084249,0.08351648351648351,3.752586206896552,3.7504385964912283
2392,42,Male,Shirt,Clothing,74,Michigan,M,Black,Winter,4.6,No,PayPal,Next Day Air,No,No,31,Bank Transfer,Quarterly,74,4.0,3.4657359027997265,13.862943611198906,0.0,0.0,0.0,0.0,0.04322344322344322,0.4564102564102564,3.669491525423729,3.726725521669342
1860,54,Male,Belt,Accessories,26,New Jersey,L,Beige,Summer,3.7,No,Credit Card,Store Pickup,No,No,29,Debit Card,Fortnightly,26,26.0,3.4011973816621555,88.43113192321604,0.0,0.0,0.0,0.0,0.04395604395604396,0.310989010989011,3.73,3.745465253239105
3174,69,Female,Skirt,Clothing,46,Washington,L,Teal,Summer,4.9,No,Cash,Next Day Air,No,No,32,PayPal,Fortnightly,46,26.0,3.4965075614664802,90.90919659812849,0.0,0.0,0.0,0.0,0.041758241758241756,0.4564102564102564,3.816666666666667,3.726725521669342
3632,48,Female,Hat,Accessories,50,New Jersey,M,Peach,Fall,2.9,No,Debit Card,Store Pickup,No,No,26,Credit Card,Monthly,50,12.0,3.295836866004329,39.55004239205195,0.0,0.0,0.0,0.0,0.038461538461538464,0.310989010989011,3.7695238095238097,3.745465253239105
855,21,Male,Pants,Clothing,44,California,L,Blue,Spring,4.3,Yes,Bank Transfer,Free Shipping,Yes,Yes,22,Venmo,Monthly,44,12.0,3.1354942159291497,37.625930591149796,1.0,1.0,1.0,1.0,0.04652014652014652,0.4564102564102564,3.729133858267717,3.726725521669342
1831,50,Male,Sunglasses,Accessories,80,Kansas,M,Blue,Winter,4.8,No,Credit Card,Express,No,No,7,Venmo,Annually,80,1.0,2.0794415416798357,2.0794415416798357,0.0,0.0,0.0,0.0,0.0380952380952381,0.310989010989011,3.7211538461538463,3.745465253239105
3797,40,Female,Shorts,Clothing,81,Utah,M,Lavender,Fall,3.2,No,Credit Card,Free Shipping,No,No,47,Bank Transfer,Quarterly,81,4.0,3.871201010907891,15.484804043631565,0.0,0.0,0.0,0.0,0.04212454212454213,0.4564102564102564,3.6730434782608694,3.726725521669342
1429,20,Male,Blouse,Clothing,97,North Dakota,S,Green,Summer,4.9,No,Debit Card,Express,Yes,Yes,42,PayPal,Quarterly,97,4.0,3.7612001156935624,15.04480046277425,0.0,1.0,1.0,1.0,0.047619047619047616,0.4564102564102564,3.733076923076923,3.726725521669342
1408,56,Male,Handbag,Accessories,61,Nevada,XL,Charcoal,Spring,4.5,No,Cash,Express,Yes,Yes,11,Credit Card,Annually,61,1.0,2.4849066497880004,2.4849066497880004,0.0,1.0,1.0,1.0,0.03882783882783883,0.310989010989011,3.7216981132075473,3.745465253239105
3434,62,Female,Socks,Clothing,93,Alaska,M,Yellow,Spring,4.5,No,Cash,Free Shipping,No,No,28,PayPal,Annually,93,1.0,3.367295829986474,3.367295829986474,0.0,0.0,0.0,0.0,0.03882783882783883,0.4564102564102564,3.7150943396226417,3.726725521669342
2502,49,Male,Shorts,Clothing,94,West Virginia,M,Violet,Fall,4.6,No,Cash,Free Shipping,No,No,30,Venmo,Bi-Weekly,94,26.0,3.4339872044851463,89.2836673166138,0.0,0.0,0.0,0.0,0.04212454212454213,0.4564102564102564,3.6730434782608694,3.726725521669342
232,28,Male,Blouse,Clothing,26,Tennessee,M,Blue,Spring,3.1,Yes,Bank Transfer,2-Day Shipping,Yes,Yes,18,Debit Card,Every 3 Months,26,4.0,2.9444389791664403,11.777755916665761,1.0,1.0,1.0,1.0,0.047619047619047616,0.4564102564102564,3.733076923076923,3.726725521669342
3180,57,Female,Shorts,Clothing,88,Idaho,M,Olive,Spring,4.3,No,Debit Card,Free Shipping,No,No,12,Debit Card,Bi-Weekly,88,26.0,2.5649493574615367,66.68868329399996,0.0,0.0,0.0,0.0,0.04212454212454213,0.4564102564102564,3.6730434782608694,3.726725521669342
1437,35,Male,Sneakers,Footwear,83,Minnesota,M,Gray,Winter,3.7,No,Venmo,Free Shipping,Yes,Yes,23,PayPal,Fortnightly,83,26.0,3.1780538303479458,82.62939958904659,0.0,1.0,1.0,1.0,0.03626373626373627,0.14908424908424908,3.749494949494949,3.7808353808353807
976,58,Male,Sweater,Clothing,40,Washington,M,Olive,Summer,3.8,Yes,Bank Transfer,2-Day Shipping,Yes,Yes,2,Bank Transfer,Weekly,40,52.0,1.0986122886681098,57.12783901074171,1.0,1.0,1.0,1.0,0.04468864468864469,0.4564102564102564,3.7147540983606557,3.726725521669342
3347,30,Female,Jeans,Clothing,99,Oklahoma,M,Black,Summer,3.4,No,PayPal,Express,No,No,30,Venmo,Quarterly,99,4.0,3.4339872044851463,13.735948817940585,0.0,0.0,0.0,0.0,0.03406593406593406,0.4564102564102564,3.6,3.726725521669342
1071,50,Male,Jewelry,Accessories,75,North Carolina,M,Magenta,Summer,3.3,No,Venmo,Free Shipping,Yes,Yes,50,Debit Card,Weekly,75,52.0,3.9318256327243257,204.45493290166493,0.0,1.0,1.0,1.0,0.04212454212454213,0.310989010989011,3.744347826086957,3.745465253239105
2771,50,Female,Boots,Footwear,44,Nebraska,S,Blue,Fall,3.3,No,PayPal,Express,No,No,22,Bank Transfer,Quarterly,44,4.0,3.1354942159291497,12.541976863716599,0.0,0.0,0.0,0.0,0.036996336996337,0.14908424908424908,3.8237623762376236,3.7808353808353807
523,65,Male,Gloves,Accessories,88,Minnesota,M,Blue,Spring,2.5,Yes,PayPal,Store Pickup,Yes,Yes,37,Cash,Quarterly,88,4.0,3.6375861597263857,14.550344638905543,1.0,1.0,1.0,1.0,0.03626373626373627,0.310989010989011,3.8666666666666667,3.745465253239105
3144,68,Female,Hoodie,Clothing,22,Arizona,M,Purple,Summer,2.9,No,Debit Card,Store Pickup,No,No,26,Cash,Quarterly,22,4.0,3.295836866004329,13.183347464017316,0.0,0.0,0.0,0.0,0.03882783882783883,0.4564102564102564,3.776415094339623,3.726725521669342
2516,37,Male,Blouse,Clothing,92,Kansas,M,Magenta,Summer,4.2,No,Bank Transfer,2-Day Shipping,No,No,41,Cash,Monthly,92,12.0,3.7376696182833684,44.85203541940042,0.0,0.0,0.0,0.0,0.047619047619047616,0.4564102564102564,3.733076923076923,3.726725521669342
3326,29,Female,Sandals,Footwear,97,Alaska,M,Maroon,Fall,3.7,No,Debit Card,2-Day Shipping,No,No,16,Venmo,Monthly,97,12.0,2.833213344056216,33.9985601286746,0.0,0.0,0.0,0.0,0.03882783882783883,0.14908424908424908,3.8367924528301884,3.7808353808353807
861,26,Male,Shoes,Footwear,87,South Carolina,M,Maroon,Spring,4.1,Yes,Debit Card,Standard,Yes,Yes,3,Cash,Monthly,87,12.0,1.3862943611198906,16.635532333438686,1.0,1.0,1.0,1.0,0.036996336996337,0.14908424908424908,3.7099009900990096,3.7808353808353807
1430,24,Male,Skirt,Clothing,38,Maryland,L,Gold,Fall,4.7,No,Venmo,Standard,Yes,Yes,6,Credit Card,Every 3 Months,38,4.0,1.9459101490553132,7.783640596221253,0.0,1.0,1.0,1.0,0.041758241758241756,0.4564102564102564,3.816666666666667,3.726725521669342
2597,63,Male,Shirt,Clothing,78,Louisiana,L,Black,Spring,3.0,No,Venmo,Next Day Air,No,No,35,Credit Card,Monthly,78,12.0,3.58351893845611,43.00222726147332,0.0,0.0,0.0,0.0,0.04322344322344322,0.4564102564102564,3.669491525423729,3.726725521669342
3893,35,Female,Jewelry,Accessories,86,Michigan,L,Indigo,Summer,3.5,No,Bank Transfer,Standard,No,No,5,PayPal,Fortnightly,86,26.0,1.791759469228055,46.58574619992943,0.0,0.0,0.0,0.0,0.04212454212454213,0.310989010989011,3.744347826086957,3.745465253239105
32,33,Male,Dress,Clothing,79,West Virginia,L,Brown,Winter,4.7,Yes,Venmo,Store Pickup,Yes,Yes,45,Venmo,Monthly,79,12.0,3.828641396489095,45.94369675786914,1.0,1.0,1.0,1.0,0.044322344322344324,0.4564102564102564,3.7479338842975207,3.726725521669342
684,33,Male,Sandals,Footwear,36,Michigan,S,Violet,Winter,2.7,Yes,Venmo,Free Shipping,Yes,Yes,3,Bank Transfer,Monthly,36,12.0,1.3862943611198906,16.635532333438686,1.0,1.0,1.0,1.0,0.03882783882783883,0.14908424908424908,3.8367924528301884,3.7808353808353807
1717,69,Male,Blouse,Clothing,47,Connecticut,M,Cyan,Winter,4.7,No,Venmo,Standard,No,No,30,Cash,Every 3 Months,47,4.0,3.4339872044851463,13.735948817940585,0.0,0.0,0.0,0.0,0.047619047619047616,0.4564102564102564,3.733076923076923,3.726725521669342
3646,38,Female,Backpack,Accessories,90,Colorado,L,Silver,Summer,3.4,No,Credit Card,Free Shipping,No,No,31,Credit Card,Every 3 Months,90,4.0,3.4657359027997265,13.862943611198906,0.0,0.0,0.0,0.0,0.03553113553113553,0.310989010989011,3.693814432989691,3.745465253239105
3008,23,Female,Sunglasses,Accessories,60,New York,L,Lavender,Winter,3.0,No,Debit Card,Next Day Air,No,No,31,Venmo,Weekly,60,52.0,3.4657359027997265,180.21826694558578,0.0,0.0,0.0,0.0,0.0380952380952381,0.310989010989011,3.7211538461538463,3.745465253239105
3169,31,Female,Jeans,Clothing,24,Montana,M,Orange,Spring,2.9,No,Bank Transfer,2-Day Shipping,No,No,14,PayPal,Fortnightly,24,26.0,2.70805020110221,70.40930522865746,0.0,0.0,0.0,0.0,0.03406593406593406,0.4564102564102564,3.6,3.726725521669342
282,38,Male,Belt,Accessories,61,Oklahoma,XL,Charcoal,Spring,2.5,Yes,Bank Transfer,Standard,Yes,Yes,22,Debit Card,Bi-Weekly,61,26.0,3.1354942159291497,81.52284961415789,1.0,1.0,1.0,1.0,0.04395604395604396,0.310989010989011,3.73,3.745465253239105
1865,19,Male,Backpack,Accessories,72,Wyoming,S,Cyan,Fall,3.2,No,Bank Transfer,2-Day Shipping,No,No,21,Venmo,Quarterly,72,4.0,3.091042453358316,12.364169813433264,0.0,0.0,0.0,0.0,0.03553113553113553,0.310989010989011,3.693814432989691,3.745465253239105
3457,42,Female,Hoodie,Clothing,53,Texas,M,Red,Fall,4.6,No,Bank Transfer,Express,No,No,21,Venmo,Monthly,53,12.0,3.091042453358316,37.09250944029979,0.0,0.0,0.0,0.0,0.03882783882783883,0.4564102564102564,3.776415094339623,3.726725521669342
2614,58,Male,Gloves,Accessories,88,South Dakota,M,Gold,Fall,2.9,No,Cash,Express,No,No,14,Bank Transfer,Monthly,88,12.0,2.70805020110221,32.49660241322652,0.0,0.0,0.0,0.0,0.03626373626373627,0.310989010989011,3.8666666666666667,3.745465253239105
182,32,Male,Pants,Clothing,61,Massachusetts,M,Beige,Summer,4.7,Yes,Venmo,Next Day Air,Yes,Yes,4,Bank Transfer,Weekly,61,52.0,1.6094379124341003,83.69077144657321,1.0,1.0,1.0,1.0,0.04652014652014652,0.4564102564102564,3.729133858267717,3.726725521669342
3315,55,Female,Socks,Clothing,94,Kansas,M,Violet,Spring,3.3,No,PayPal,Standard,No,No,8,Credit Card,Quarterly,94,4.0,2.1972245773362196,8.788898309344878,0.0,0.0,0.0,0.0,0.03882783882783883,0.4564102564102564,3.7150943396226417,3.726725521669342
2473,24,Male,Shirt,Clothing,73,Utah,M,Peach,Summer,4.1,No,Bank Transfer,Standard,No,No,31,Credit Card,Annually,73,1.0,3.4657359027997265,3.4657359027997265,0.0,0.0,0.0,0.0,0.04322344322344322,0.4564102564102564,3.669491525423729,3.726725521669342
3775,57,Female,Gloves,Accessories,83,Alaska,S,Cyan,Winter,3.9,No,Venmo,Standard,No,No,48,PayPal,Fortnightly,83,26.0,3.8918202981106265,101.18732775087629,0.0,0.0,0.0,0.0,0.03626373626373627,0.310989010989011,3.8666666666666667,3.745465253239105
1967,67,Male,Jacket,Outerwear,95,Indiana,XL,Purple,Winter,3.7,No,Venmo,Express,No,No,5,Credit Card,Fortnightly,95,26.0,1.791759469228055,46.58574619992943,0.0,0.0,0.0,0.0,0.04249084249084249,0.08351648351648351,3.752586206896552,3.7504385964912283
2296,50,Male,Hat,Accessories,22,Connecticut,L,Beige,Spring,2.9,No,Credit Card,2-Day Shipping,No,No,45,PayPal,Quarterly,22,4.0,3.828641396489095,15.31456558595638,0.0,0.0,0.0,0.0,0.038461538461538464,0.310989010989011,3.7695238095238097,3.745465253239105
1644,38,Male,Scarf,Accessories,77,Ohio,L,Pink,Summer,3.9,No,PayPal,2-Day Shipping,Yes,Yes,6,PayPal,Monthly,77,12.0,1.9459101490553132,23.350921788663758,0.0,1.0,1.0,1.0,0.03772893772893773,0.310989010989011,3.721359223300971,3.745465253239105
1333,66,Male,Hoodie,Clothing,60,Alaska,S,Gold,Spring,4.3,No,Bank Transfer,Store Pickup,Yes,Yes,16,Bank Transfer,Quarterly,60,4.0,2.833213344056216,11.332853376224865,0.0,1.0,1.0,1.0,0.03882783882783883,0.4564102564102564,3.776415094339623,3.726725521669342
1892,69,Male,Jewelry,Accessories,74,New Hampshire,M,Gray,Summer,2.6,No,Venmo,Next Day Air,No,No,48,Debit Card,Quarterly,74,4.0,3.8918202981106265,15.567281192442506,0.0,0.0,0.0,0.0,0.04212454212454213,0.310989010989011,3.744347826086957,3.745465253239105
3050,40,Female,Handbag,Accessories,60,Utah,L,Red,Summer,3.0,No,Debit Card,Next Day Air,No,No,41,Bank Transfer,Bi-Weekly,60,26.0,3.7376696182833684,97.17941007536758,0.0,0.0,0.0,0.0,0.03882783882783883,0.310989010989011,3.7216981132075473,3.745465253239105
175,41,Male,Shoes,Footwear,35,Vermont,L,Brown,Winter,3.5,Yes,Venmo,Express,Yes,Yes,37,Venmo,Annually,35,1.0,3.6375861597263857,3.6375861597263857,1.0,1.0,1.0,1.0,0.036996336996337,0.14908424908424908,3.7099009900990096,3.7808353808353807
2921,33,Female,Sunglasses,Accessories,72,Texas,XL,Brown,Spring,4.9,No,Venmo,Free Shipping,No,No,3,Debit Card,Bi-Weekly,72,26.0,1.3862943611198906,36.04365338911715,0.0,0.0,0.0,0.0,0.0380952380952381,0.310989010989011,3.7211538461538463,3.745465253239105
1920,34,Male,Backpack,Accessories,56,Virginia,M,Olive,Summer,3.1,No,Credit Card,Express,No,No,20,PayPal,Bi-Weekly,56,26.0,3.044522437723423,79.157583380809,0.0,0.0,0.0,0.0,0.03553113553113553,0.310989010989011,3.693814432989691,3.745465253239105
1944,32,Male,Socks,Clothing,53,Wisconsin,L,Violet,Summer,3.8,No,Debit Card,Next Day Air,No,No,45,Cash,Annually,53,1.0,3.828641396489095,3.828641396489095,0.0,0.0,0.0,0.0,0.03882783882783883,0.4564102564102564,3.7150943396226417,3.726725521669342
1006,43,Male,Backpack,Accessories,94,New York,M,Gold,Winter,3.9,Yes,Credit Card,Store Pickup,Yes,Yes,5,Debit Card,Bi-Weekly,94,26.0,1.791759469228055,46.58574619992943,1.0,1.0,1.0,1.0,0.03553113553113553,0.310989010989011,3.693814432989691,3.745465253239105
454,54,Male,Jewelry,Accessories,56,Nebraska,XL,Peach,Winter,2.8,Yes,Cash,Next Day Air,Yes,Yes,22,Credit Card,Weekly,56,52.0,3.1354942159291497,163.04569922831578,1.0,1.0,1.0,1.0,0.04212454212454213,0.310989010989011,3.744347826086957,3.745465253239105
2762,31,Female,Sneakers,Footwear,82,Michigan,M,Purple,Fall,3.4,No,Venmo,Next Day Air,No,No,3,Credit Card,Every 3 Months,82,4.0,1.3862943611198906,5.545177444479562,0.0,0.0,0.0,0.0,0.03626373626373627,0.14908424908424908,3.749494949494949,3.7808353808353807
3755,46,Female,Shoes,Footwear,41,Nebraska,M,Turquoise,Summer,4.4,No,PayPal,Express,No,No,10,Cash,Every 3 Months,41,4.0,2.3978952727983707,9.591581091193483,0.0,0.0,0.0,0.0,0.036996336996337,0.14908424908424908,3.7099009900990096,3.7808353808353807
3298,67,Female,Belt,Accessories,82,West Virginia,M,Violet,Fall,4.1,No,Credit Card,Free Shipping,No,No,47,PayPal,Monthly,82,12.0,3.871201010907891,46.454412130894696,0.0,0.0,0.0,0.0,0.04395604395604396,0.310989010989011,3.73,3.745465253239105
3082,64,Female,Sneakers,Footwear,44,Vermont,L,Pink,Winter,4.9,No,Debit Card,Next Day Air,No,No,11,Credit Card,Weekly,44,52.0,2.4849066497880004,129.21514578897603,0.0,0.0,0.0,0.0,0.03626373626373627,0.14908424908424908,3.749494949494949,3.7808353808353807
673,59,Male,Socks,Clothing,53,Washington,M,Peach,Winter,3.3,Yes,Cash,2-Day Shipping,Yes,Yes,29,Cash,Quarterly,53,4.0,3.4011973816621555,13.604789526648622,1.0,1.0,1.0,1.0,0.03882783882783883,0.4564102564102564,3.7150943396226417,3.726725521669342
2955,33,Female,T-shirt,Clothing,28,South Dakota,M,Indigo,Winter,3.9,No,PayPal,Express,No,No,15,Credit Card,Annually,28,1.0,2.772588722239781,2.772588722239781,0.0,0.0,0.0,0.0,0.034432234432234435,0.4564102564102564,3.8138297872340425,3.726725521669342
2651,20,Male,Socks,Clothing,35,Oregon,L,Maroon,Summer,4.2,No,PayPal,Standard,No,No,46,Credit Card,Every 3 Months,35,4.0,3.8501476017100584,15.400590406840234,0.0,0.0,0.0,0.0,0.03882783882783883,0.4564102564102564,3.7150943396226417,3.726725521669342
1751,31,Male,Sunglasses,Accessories,85,Missouri,M,White,Fall,3.1,No,Credit Card,Express,No,No,38,Venmo,Every 3 Months,85,4.0,3.6635616461296463,14.654246584518585,0.0,0.0,0.0,0.0,0.0380952380952381,0.310989010989011,3.7211538461538463,3.745465253239105
3335,66,Female,Shirt,Clothing,23,California,M,Beige,Summer,3.4,No,Bank Transfer,Free Shipping,No,No,21,Credit Card,Annually,23,1.0,3.091042453358316,3.091042453358316,0.0,0.0,0.0,0.0,0.04322344322344322,0.4564102564102564,3.669491525423729,3.726725521669342
1660,53,Male,Gloves,Accessories,37,Utah,M,Black,Fall,3.9,No,Bank Transfer,Next Day Air,Yes,Yes,44,Venmo,Annually,37,1.0,3.8066624897703196,3.8066624897703196,0.0,1.0,1.0,1.0,0.03626373626373627,0.310989010989011,3.8666666666666667,3.745465253239105
1032,22,Male,Sandals,Footwear,50,Tennessee,M,Teal,Spring,3.4,Yes,Cash,Free Shipping,Yes,Yes,32,Cash,Quarterly,50,4.0,3.4965075614664802,13.986030245865921,1.0,1.0,1.0,1.0,0.03882783882783883,0.14908424908424908,3.8367924528301884,3.7808353808353807
3523,27,Female,Pants,Clothing,85,New Jersey,M,Yellow,Spring,3.2,No,Bank Transfer,Store Pickup,No,No,13,Cash,Quarterly,85,4.0,2.6390573296152584,10.556229318461034,0.0,0.0,0.0,0.0,0.04652014652014652,0.4564102564102564,3.729133858267717,3.726725521669342
1671,22,Male,Pants,Clothing,73,Utah,L,Cyan,Fall,3.6,No,Venmo,Free Shipping,Yes,Yes,20,Cash,Weekly,73,52.0,3.044522437723423,158.315166761618,0.0,1.0,1.0,1.0,0.04652014652014652,0.4564102564102564,3.729133858267717,3.726725521669342
109,70,Male,Socks,Clothing,79,Montana,L,Purple,Spring,3.4,Yes,Bank Transfer,Next Day Air,Yes,Yes,32,Bank Transfer,Bi-Weekly,79,26.0,3.4965075614664802,90.90919659812849,1.0,1.0,1.0,1.0,0.03882783882783883,0.4564102564102564,3.7150943396226417,3.726725521669342
1442,34,Male,Pants,Clothing,25,Nebraska,S,Turquoise,Summer,3.4,No,Debit Card,Free Shipping,Yes,Yes,3,Venmo,Every 3 Months,25,4.0,1.3862943611198906,5.545177444479562,0.0,1.0,1.0,1.0,0.04652014652014652,0.4564102564102564,3.729133858267717,3.726725521669342
3570,35,Female,Sandals,Footwear,94,Alaska,M,Olive,Fall,3.3,No,Credit Card,Express,No,No,9,Bank Transfer,Fortnightly,94,26.0,2.302585092994046,59.867212417845195,0.0,0.0,0.0,0.0,0.03882783882783883,0.14908424908424908,3.8367924528301884,3.7808353808353807
2449,54,Male,Hat,Accessories,25,Tennessee,S,Violet,Fall,3.0,No,Bank Transfer,Free Shipping,No,No,38,PayPal,Bi-Weekly,25,26.0,3.6635616461296463,95.2526027993708,0.0,0.0,0.0,0.0,0.038461538461538464,0.310989010989011,3.7695238095238097,3.745465253239105
3353,55,Female,Belt,Accessories,96,Washington,M,Teal,Summer,2.9,No,Credit Card,Next Day Air,No,No,7,Bank Transfer,Bi-Weekly,96,26.0,2.0794415416798357,54.06548008367573,0.0,0.0,0.0,0.0,0.04395604395604396,0.310989010989011,3.73,3.745465253239105
2655,23,Female,Coat,Outerwear,70,Idaho,S,Pink,Fall,4.1,No,Debit Card,Next Day Air,No,No,4,PayPal,Annually,70,1.0,1.6094379124341003,1.6094379124341003,0.0,0.0,0.0,0.0,0.041025641025641026,0.08351648351648351,3.748214285714286,3.7504385964912283
9,26,Male,Coat,Outerwear,97,West Virginia,L,Silver,Summer,2.6,Yes,Venmo,Express,Yes,Yes,8,Venmo,Annually,97,1.0,2.1972245773362196,2.1972245773362196,1.0,1.0,1.0,1.0,0.041025641025641026,0.08351648351648351,3.748214285714286,3.7504385964912283
1284,69,Male,Shirt,Clothing,94,Oregon,M,Violet,Winter,3.9,No,Credit Card,2-Day Shipping,Yes,Yes,23,Debit Card,Every 3 Months,94,4.0,3.1780538303479458,12.712215321391783,0.0,1.0,1.0,1.0,0.04322344322344322,0.4564102564102564,3.669491525423729,3.726725521669342
2333,36,Male,Scarf,Accessories,53,South Carolina,XL,Olive,Fall,2.6,No,Credit Card,Store Pickup,No,No,10,Venmo,Monthly,53,12.0,2.3978952727983707,28.774743273580448,0.0,0.0,0.0,0.0,0.03772893772893773,0.310989010989011,3.721359223300971,3.745465253239105
1607,55,Male,T-shirt,Clothing,21,Kansas,S,White,Spring,4.3,No,Debit Card,Standard,Yes,Yes,4,PayPal,Fortnightly,21,26.0,1.6094379124341003,41.845385723286604,0.0,1.0,1.0,1.0,0.034432234432234435,0.4564102564102564,3.8138297872340425,3.726725521669342
618,50,Male,Backpack,Accessories,57,Colorado,M,Maroon,Fall,2.6,Yes,Debit Card,Standard,Yes,Yes,2,Bank Transfer,Quarterly,57,4.0,1.0986122886681098,4.394449154672439,1.0,1.0,1.0,1.0,0.03553113553113553,0.310989010989011,3.693814432989691,3.745465253239105
3573,23,Female,Shorts,Clothing,28,Rhode Island,M,Black,Spring,5.0,No,Bank Transfer,Standard,No,No,25,Credit Card,Monthly,28,12.0,3.258096538021482,39.09715845625779,0.0,0.0,0.0,0.0,0.04212454212454213,0.4564102564102564,3.6730434782608694,3.726725521669342
234,19,Male,Sweater,Clothing,83,Arizona,XL,Yellow,Fall,4.5,Yes,PayPal,Next Day Air,Yes,Yes,27,Bank Transfer,Every 3 Months,83,4.0,3.332204510175204,13.328818040700815,1.0,1.0,1.0,1.0,0.04468864468864469,0.4564102564102564,3.7147540983606557,3.726725521669342
1326,28,Male,Backpack,Accessories,73,Oregon,L,Gold,Summer,3.5,No,Venmo,Express,Yes,Yes,1,Cash,Monthly,73,12.0,0.6931471805599453,8.317766166719343,0.0,1.0,1.0,1.0,0.03553113553113553,0.310989010989011,3.693814432989691,3.745465253239105
629,69,Male,Sweater,Clothing,85,Massachusetts,M,White,Fall,3.7,Yes,Venmo,2-Day Shipping,Yes,Yes,29,Credit Card,Monthly,85,12.0,3.4011973816621555,40.814368579945864,1.0,1.0,1.0,1.0,0.04468864468864469,0.4564102564102564,3.7147540983606557,3.726725521669342
639,53,Male,Sandals,Footwear,20,Maryland,S,Blue,Summer,2.7,Yes,Venmo,Express,Yes,Yes,41,PayPal,Monthly,20,12.0,3.7376696182833684,44.85203541940042,1.0,1.0,1.0,1.0,0.03882783882783883,0.14908424908424908,3.8367924528301884,3.7808353808353807
133,30,Male,Backpack,Accessories,58,New Mexico,M,Orange,Fall,4.7,Yes,Bank Transfer,2-Day Shipping,Yes,Yes,42,PayPal,Weekly,58,52.0,3.7612001156935624,195.58240601606525,1.0,1.0,1.0,1.0,0.03553113553113553,0.310989010989011,3.693814432989691,3.745465253239105
71,22,Male,Belt,Accessories,29,Alabama,M,Magenta,Fall,4.2,Yes,Credit Card,Express,Yes,Yes,32,Debit Card,Every 3 Months,29,4.0,3.4965075614664802,13.986030245865921,1.0,1.0,1.0,1.0,0.04395604395604396,0.310989010989011,3.73,3.745465253239105
304,20,Male,Sandals,Footwear,60,Oregon,M,Turquoise,Summer,3.3,Yes,Cash,Next Day Air,Yes,Yes,49,Venmo,Weekly,60,52.0,3.912023005428146,203.42519628226358,1.0,1.0,1.0,1.0,0.03882783882783883,0.14908424908424908,3.8367924528301884,3.7808353808353807
3798,68,Female,Sunglasses,Accessories,44,California,M,Gray,Summer,2.5,No,Venmo,Next Day Air,No,No,20,Cash,Quarterly,44,4.0,3.044522437723423,12.178089750893692,0.0,0.0,0.0,0.0,0.0380952380952381,0.310989010989011,3.7211538461538463,3.745465253239105
1616,64,Male,Jewelry,Accessories,62,New York,M,Indigo,Fall,3.2,No,PayPal,Standard,Yes,Yes,45,Cash,Bi-Weekly,62,26.0,3.828641396489095,99.54467630871648,0.0,1.0,1.0,1.0,0.04212454212454213,0.310989010989011,3.744347826086957,3.745465253239105
18,53,Male,Dress,Clothing,38,Mississippi,XL,Lavender,Winter,4.7,Yes,Debit Card,2-Day Shipping,Yes,Yes,36,Venmo,Quarterly,38,4.0,3.6109179126442243,14.443671650576897,1.0,1.0,1.0,1.0,0.044322344322344324,0.4564102564102564,3.7479338842975207,3.726725521669342
1306,31,Male,Pants,Clothing,56,Mississippi,XL,Peach,Spring,4.5,No,Venmo,Express,Yes,Yes,2,PayPal,Every 3 Months,56,4.0,1.0986122886681098,4.394449154672439,0.0,1.0,1.0,1.0,0.04652014652014652,0.4564102564102564,3.729133858267717,3.726725521669342
2235,35,Male,Boots,Footwear,66,New Hampshire,S,Yellow,Winter,4.0,No,Cash,Express,No,No,26,Cash,Weekly,66,52.0,3.295836866004329,171.38351703222511,0.0,0.0,0.0,0.0,0.036996336996337,0.14908424908424908,3.8237623762376236,3.7808353808353807
1558,27,Male,Backpack,Accessories,34,South Dakota,L,Magenta,Fall,3.5,No,PayPal,Next Day Air,Yes,Yes,34,PayPal,Quarterly,34,4.0,3.5553480614894135,14.221392245957654,0.0,1.0,1.0,1.0,0.03553113553113553,0.310989010989011,3.693814432989691,3.745465253239105
2443,53,Male,Blouse,Clothing,95,Wyoming,L,Violet,Winter,4.7,No,PayPal,Free Shipping,No,No,50,Debit Card,Bi-Weekly,95,26.0,3.9318256327243257,102.22746645083247,0.0,0.0,0.0,0.0,0.047619047619047616,0.4564102564102564,3.733076923076923,3.726725521669342
783,28,Male,Hoodie,Clothing,57,Hawaii,M,Green,Summer,4.5,Yes,PayPal,Standard,Yes,Yes,15,Cash,Weekly,57,52.0,2.772588722239781,144.1746135564686,1.0,1.0,1.0,1.0,0.03882783882783883,0.4564102564102564,3.776415094339623,3.726725521669342
3099,66,Female,Pants,Clothing,64,New Mexico,L,Cyan,Summer,3.3,No,Bank Transfer,Next Day Air,No,No,50,Bank Transfer,Quarterly,64,4.0,3.9318256327243257,15.727302530897303,0.0,0.0,0.0,0.0,0.04652014652014652,0.4564102564102564,3.729133858267717,3.726725521669342
2942,38,Female,Skirt,Clothing,86,Pennsylvania,L,Purple,Spring,3.7,No,Bank Transfer,Free Shipping,No,No,27,PayPal,Monthly,86,12.0,3.332204510175204,39.986454122102444,0.0,0.0,0.0,0.0,0.041758241758241756,0.4564102564102564,3.816666666666667,3.726725521669342
2880,62,Female,Blouse,Clothing,57,North Dakota,XL,Turquoise,Winter,4.9,No,Credit Card,Free Shipping,No,No,31,Venmo,Annually,57,1.0,3.4657359027997265,3.4657359027997265,0.0,0.0,0.0,0.0,0.047619047619047616,0.4564102564102564,3.733076923076923,3.726725521669342
2913,48,Female,Shoes,Footwear,37,Oregon,M,Yellow,Winter,4.0,No,Cash,Standard,No,No,27,Cash,Bi-Weekly,37,26.0,3.332204510175204,86.63731726455529,0.0,0.0,0.0,0.0,0.036996336996337,0.14908424908424908,3.7099009900990096,3.7808353808353807
3471,19,Female,Coat,Outerwear,69,West Virginia,S,Olive,Summer,4.5,No,Cash,Free Shipping,No,No,31,Cash,Bi-Weekly,69,26.0,3.4657359027997265,90.10913347279289,0.0,0.0,0.0,0.0,0.041025641025641026,0.08351648351648351,3.748214285714286,3.7504385964912283
558,18,Male,Shirt,Clothing,60,Alaska,M,White,Spring,2.9,Yes,PayPal,Free Shipping,Yes,Yes,31,Debit Card,Weekly,60,52.0,3.4657359027997265,180.21826694558578,1.0,1.0,1.0,1.0,0.04322344322344322,0.4564102564102564,3.669491525423729,3.726725521669342
1049,30,Male,Socks,Clothing,77,Maine,L,Yellow,Fall,2.7,Yes,Cash,Standard,Yes,Yes,19,Venmo,Fortnightly,77,26.0,2.995732273553991,77.88903911240376,1.0,1.0,1.0,1.0,0.03882783882783883,0.4564102564102564,3.7150943396226417,3.726725521669342
1117,67,Male,Backpack,Accessories,96,Hawaii,M,Charcoal,Winter,4.2,No,Venmo,Express,Yes,Yes,39,PayPal,Fortnightly,96,26.0,3.6888794541139363,95.91086580696235,0.0,1.0,1.0,1.0,0.03553113553113553,0.310989010989011,3.693814432989691,3.745465253239105
2094,21,Male,Dress,Clothing,91,Washington,M,Maroon,Spring,4.2,No,Venmo,Store Pickup,No,No,4,Debit Card,Annually,91,1.0,1.6094379124341003,1.6094379124341003,0.0,0.0,0.0,0.0,0.044322344322344324,0.4564102564102564,3.7479338842975207,3.726725521669342
3818,66,Female,Scarf,Accessories,91,Missouri,M,Magenta,Fall,2.6,No,Debit Card,Express,No,No,40,PayPal,Annually,91,1.0,3.713572066704308,3.713572066704308,0.0,0.0,0.0,0.0,0.03772893772893773,0.310989010989011,3.721359223300971,3.745465253239105
2292,28,Male,Coat,Outerwear,30,Ohio,M,Indigo,Spring,5.0,No,PayPal,2-Day Shipping,No,No,13,Credit Card,Quarterly,30,4.0,2.6390573296152584,10.556229318461034,0.0,0.0,0.0,0.0,0.041025641025641026,0.08351648351648351,3.748214285714286,3.7504385964912283
3879,60,Female,Hat,Accessories,42,South Carolina,M,Pink,Summer,3.4,No,Venmo,2-Day Shipping,No,No,24,Credit Card,Annually,42,1.0,3.2188758248682006,3.2188758248682006,0.0,0.0,0.0,0.0,0.038461538461538464,0.310989010989011,3.7695238095238097,3.745465253239105
1817,26,Male,Hat,Accessories,79,Virginia,M,Purple,Summer,4.0,No,Venmo,Express,No,No,4,Cash,Weekly,79,52.0,1.6094379124341003,83.69077144657321,0.0,0.0,0.0,0.0,0.038461538461538464,0.310989010989011,3.7695238095238097,3.745465253239105
434,49,Male,Skirt,Clothing,92,Alabama,M,Orange,Fall,3.2,Yes,Bank Transfer,Store Pickup,Yes,Yes,23,Credit Card,Fortnightly,92,26.0,3.1780538303479458,82.62939958904659,1.0,1.0,1.0,1.0,0.041758241758241756,0.4564102564102564,3.816666666666667,3.726725521669342
713,42,Male,Blouse,Clothing,81,New Hampshire,XL,Black,Summer,3.8,Yes,Credit Card,Next Day Air,Yes,Yes,36,Bank Transfer,Quarterly,81,4.0,3.6109179126442243,14.443671650576897,1.0,1.0,1.0,1.0,0.047619047619047616,0.4564102564102564,3.733076923076923,3.726725521669342
2835,39,Female,Jacket,Outerwear,43,Texas,M,Indigo,Fall,2.9,No,Credit Card,2-Day Shipping,No,No,17,Credit Card,Weekly,43,52.0,2.8903717578961645,150.29933141060056,0.0,0.0,0.0,0.0,0.04249084249084249,0.08351648351648351,3.752586206896552,3.7504385964912283
2843,28,Female,Coat,Outerwear,100,Arizona,L,Green,Fall,4.3,No,Cash,Standard,No,No,48,Debit Card,Quarterly,100,4.0,3.8918202981106265,15.567281192442506,0.0,0.0,0.0,0.0,0.041025641025641026,0.08351648351648351,3.748214285714286,3.7504385964912283
1176,35,Male,Belt,Accessories,81,New Jersey,M,Beige,Spring,4.1,No,Credit Card,Store Pickup,Yes,Yes,26,PayPal,Quarterly,81,4.0,3.295836866004329,13.183347464017316,0.0,1.0,1.0,1.0,0.04395604395604396,0.310989010989011,3.73,3.745465253239105
2881,19,Female,Skirt,Clothing,61,Florida,L,Beige,Winter,4.8,No,Debit Card,Store Pickup,No,No,43,PayPal,Quarterly,61,4.0,3.784189633918261,15.136758535673044,0.0,0.0,0.0,0.0,0.041758241758241756,0.4564102564102564,3.816666666666667,3.726725521669342
2728,40,Female,Shirt,Clothing,87,Colorado,L,Charcoal,Winter,3.7,No,Debit Card,2-Day Shipping,No,No,47,Credit Card,Fortnightly,87,26.0,3.871201010907891,100.65122628360517,0.0,0.0,0.0,0.0,0.04322344322344322,0.4564102564102564,3.669491525423729,3.726725521669342
2806,18,Female,Sunglasses,Accessories,97,Nevada,S,Black,Fall,4.3,No,Cash,Standard,No,No,48,Cash,Quarterly,97,4.0,3.8918202981106265,15.567281192442506,0.0,0.0,0.0,0.0,0.0380952380952381,0.310989010989011,3.7211538461538463,3.745465253239105
877,41,Male,Belt,Accessories,51,Nebraska,L,Gray,Summer,3.8,Yes,Venmo,2-Day Shipping,Yes,Yes,1,Debit Card,Weekly,51,52.0,0.6931471805599453,36.04365338911715,1.0,1.0,1.0,1.0,0.04395604395604396,0.310989010989011,3.73,3.745465253239105
1446,64,Male,Belt,Accessories,51,Arkansas,M,Gold,Fall,3.1,No,Venmo,2-Day Shipping,Yes,Yes,24,Credit Card,Annually,51,1.0,3.2188758248682006,3.2188758248682006,0.0,1.0,1.0,1.0,0.04395604395604396,0.310989010989011,3.73,3.745465253239105
1136,65,Male,Skirt,Clothing,90,Massachusetts,L,Peach,Winter,3.6,No,PayPal,2-Day Shipping,Yes,Yes,32,Bank Transfer,Quarterly,90,4.0,3.4965075614664802,13.986030245865921,0.0,1.0,1.0,1.0,0.041758241758241756,0.4564102564102564,3.816666666666667,3.726725521669342
221,39,Male,Sneakers,Footwear,57,Arizona,S,Indigo,Spring,3.7,Yes,Debit Card,Express,Yes,Yes,48,Debit Card,Fortnightly,57,26.0,3.8918202981106265,101.18732775087629,1.0,1.0,1.0,1.0,0.03626373626373627,0.14908424908424908,3.749494949494949,3.7808353808353807
117,55,Male,Shoes,Footwear,86,Virginia,S,Blue,Spring,3.4,Yes,PayPal,Free Shipping,Yes,Yes,12,Venmo,Annually,86,1.0,2.5649493574615367,2.5649493574615367,1.0,1.0,1.0,1.0,0.036996336996337,0.14908424908424908,3.7099009900990096,3.7808353808353807
1518,57,Male,Gloves,Accessories,41,New Hampshire,M,Violet,Spring,3.4,No,PayPal,Standard,Yes,Yes,12,Cash,Quarterly,41,4.0,2.5649493574615367,10.259797429846147,0.0,1.0,1.0,1.0,0.03626373626373627,0.310989010989011,3.8666666666666667,3.745465253239105
2945,50,Female,Sneakers,Footwear,95,New York,XL,Cyan,Summer,3.9,No,Cash,Free Shipping,No,No,4,Venmo,Every 3 Months,95,4.0,1.6094379124341003,6.437751649736401,0.0,0.0,0.0,0.0,0.03626373626373627,0.14908424908424908,3.749494949494949,3.7808353808353807
3516,19,Female,Dress,Clothing,80,South Dakota,XL,Charcoal,Winter,4.0,No,PayPal,Next Day Air,No,No,16,Debit Card,Bi-Weekly,80,26.0,2.833213344056216,73.66354694546162,0.0,0.0,0.0,0.0,0.044322344322344324,0.4564102564102564,3.7479338842975207,3.726725521669342
2574,54,Male,T-shirt,Clothing,90,New Mexico,M,Red,Summer,4.4,No,Bank Transfer,Store Pickup,No,No,1,Bank Transfer,Annually,90,1.0,0.6931471805599453,0.6931471805599453,0.0,0.0,0.0,0.0,0.034432234432234435,0.4564102564102564,3.8138297872340425,3.726725521669342
3513,36,Female,Shirt,Clothing,46,Kentucky,M,White,Fall,3.4,No,Bank Transfer,Free Shipping,No,No,31,Debit Card,Quarterly,46,4.0,3.4657359027997265,13.862943611198906,0.0,0.0,0.0,0.0,0.04322344322344322,0.4564102564102564,3.669491525423729,3.726725521669342
2280,53,Male,Sneakers,Footwear,67,West Virginia,L,Indigo,Spring,2.9,No,Bank Transfer,Free Shipping,No,No,35,Bank Transfer,Quarterly,67,4.0,3.58351893845611,14.33407575382444,0.0,0.0,0.0,0.0,0.03626373626373627,0.14908424908424908,3.749494949494949,3.7808353808353807
2406,69,Male,Jeans,Clothing,97,California,XL,Silver,Fall,5.0,No,Venmo,Standard,No,No,5,Debit Card,Quarterly,97,4.0,1.791759469228055,7.16703787691222,0.0,0.0,0.0,0.0,0.03406593406593406,0.4564102564102564,3.6,3.726725521669342
344,27,Male,Sandals,Footwear,39,Nebraska,M,Purple,Summer,4.4,Yes,Cash,Next Day Air,Yes,Yes,26,Venmo,Monthly,39,12.0,3.295836866004329,39.55004239205195,1.0,1.0,1.0,1.0,0.03882783882783883,0.14908424908424908,3.8367924528301884,3.7808353808353807
3575,29,Female,Socks,Clothing,70,New York,M,Cyan,Fall,4.9,No,Cash,Express,No,No,39,Bank Transfer,Quarterly,70,4.0,3.6888794541139363,14.755517816455745,0.0,0.0,0.0,0.0,0.03882783882783883,0.4564102564102564,3.7150943396226417,3.726725521669342
1638,35,Male,Dress,Clothing,21,Massachusetts,M,Peach,Spring,3.5,No,Bank Transfer,Next Day Air,Yes,Yes,32,Venmo,Fortnightly,21,26.0,3.4965075614664802,90.90919659812849,0.0,1.0,1.0,1.0,0.044322344322344324,0.4564102564102564,3.7479338842975207,3.726725521669342
2722,19,Female,Sandals,Footwear,70,Minnesota,S,Teal,Spring,4.9,No,Cash,Free Shipping,No,No,17,PayPal,Fortnightly,70,26.0,2.8903717578961645,75.14966570530028,0.0,0.0,0.0,0.0,0.03882783882783883,0.14908424908424908,3.8367924528301884,3.7808353808353807
2950,25,Female,Jewelry,Accessories,93,Iowa,M,Peach,Spring,3.8,No,Credit Card,Store Pickup,No,No,15,PayPal,Annually,93,1.0,2.772588722239781,2.772588722239781,0.0,0.0,0.0,0.0,0.04212454212454213,0.310989010989011,3.744347826086957,3.745465253239105
3134,58,Female,T-shirt,Clothing,68,Arkansas,M,Orange,Spring,4.1,No,Credit Card,Next Day Air,No,No,29,Cash,Bi-Weekly,68,26.0,3.4011973816621555,88.43113192321604,0.0,0.0,0.0,0.0,0.034432234432234435,0.4564102564102564,3.8138297872340425,3.726725521669342
1882,58,Male,Blouse,Clothing,41,New Jersey,M,Red,Winter,4.3,No,Bank Transfer,Standard,No,No,13,Cash,Bi-Weekly,41,26.0,2.6390573296152584,68.61549056999672,0.0,0.0,0.0,0.0,0.047619047619047616,0.4564102564102564,3.733076923076923,3.726725521669342
1544,56,Male,Jeans,Clothing,89,Wisconsin,M,Indigo,Fall,4.0,No,Bank Transfer,Standard,Yes,Yes,24,Venmo,Annually,89,1.0,3.2188758248682006,3.2188758248682006,0.0,1.0,1.0,1.0,0.03406593406593406,0.4564102564102564,3.6,3.726725521669342
1223,58,Male,Jeans,Clothing,69,Indiana,L,Magenta,Fall,3.4,No,Bank Transfer,Store Pickup,Yes,Yes,27,Bank Transfer,Annually,69,1.0,3.332204510175204,3.332204510175204,0.0,1.0,1.0,1.0,0.03406593406593406,0.4564102564102564,3.6,3.726725521669342
2215,50,Male,Belt,Accessories,100,Idaho,L,Gold,Fall,4.1,No,Cash,Standard,No,No,20,Debit Card,Weekly,100,52.0,3.044522437723423,158.315166761618,0.0,0.0,0.0,0.0,0.04395604395604396,0.310989010989011,3.73,3.745465253239105
3427,47,Female,Socks,Clothing,35,Oregon,XL,Magenta,Fall,4.8,No,PayPal,2-Day Shipping,No,No,31,Credit Card,Annually,35,1.0,3.4657359027997265,3.4657359027997265,0.0,0.0,0.0,0.0,0.03882783882783883,0.4564102564102564,3.7150943396226417,3.726725521669342
353,27,Male,Jeans,Clothing,71,Texas,XL,Yellow,Fall,4.9,Yes,Venmo,Next Day Air,Yes,Yes,12,Cash,Every 3 Months,71,4.0,2.5649493574615367,10.259797429846147,1.0,1.0,1.0,1.0,0.03406593406593406,0.4564102564102564,3.6,3.726725521669342
1045,39,Male,Jeans,Clothing,30,Oregon,L,Teal,Summer,4.4,Yes,Credit Card,Next Day Air,Yes,Yes,17,Bank Transfer,Every 3 Months,30,4.0,2.8903717578961645,11.561487031584658,1.0,1.0,1.0,1.0,0.03406593406593406,0.4564102564102564,3.6,3.726725521669342
957,29,Male,Shirt,Clothing,99,Mississippi,XL,Cyan,Spring,2.9,Yes,Venmo,2-Day Shipping,Yes,Yes,42,Debit Card,Quarterly,99,4.0,3.7612001156935624,15.04480046277425,1.0,1.0,1.0,1.0,0.04322344322344322,0.4564102564102564,3.669491525423729,3.726725521669342
2940,32,Female,Sweater,Clothing,46,Kentucky,M,Beige,Winter,4.3,No,PayPal,Express,No,No,34,Venmo,Weekly,46,52.0,3.5553480614894135,184.8780991974495,0.0,0.0,0.0,0.0,0.04468864468864469,0.4564102564102564,3.7147540983606557,3.726725521669342
3220,57,Female,Coat,Outerwear,40,Kansas,L,White,Summer,3.5,No,Bank Transfer,2-Day Shipping,No,No,39,Credit Card,Weekly,40,52.0,3.6888794541139363,191.8217316139247,0.0,0.0,0.0,0.0,0.041025641025641026,0.08351648351648351,3.748214285714286,3.7504385964912283
3880,26,Female,Skirt,Clothing,63,Florida,L,Maroon,Winter,4.1,No,Cash,Free Shipping,No,No,6,Debit Card,Quarterly,63,4.0,1.9459101490553132,7.783640596221253,0.0,0.0,0.0,0.0,0.041758241758241756,0.4564102564102564,3.816666666666667,3.726725521669342
2873,63,Female,Jewelry,Accessories,48,Connecticut,L,Olive,Fall,2.6,No,Venmo,Next Day Air,No,No,5,Cash,Annually,48,1.0,1.791759469228055,1.791759469228055,0.0,0.0,0.0,0.0,0.04212454212454213,0.310989010989011,3.744347826086957,3.745465253239105
1813,50,Male,Boots,Footwear,63,Nevada,S,Blue,Summer,4.9,No,Venmo,Express,No,No,18,PayPal,Bi-Weekly,63,26.0,2.9444389791664403,76.55541345832745,0.0,0.0,0.0,0.0,0.036996336996337,0.14908424908424908,3.8237623762376236,3.7808353808353807
3314,55,Female,Hat,Accessories,30,Kansas,XL,Black,Fall,3.9,No,Cash,Express,No,No,45,Credit Card,Monthly,30,12.0,3.828641396489095,45.94369675786914,0.0,0.0,0.0,0.0,0.038461538461538464,0.310989010989011,3.7695238095238097,3.745465253239105
725,37,Male,T-shirt,Clothing,79,New Hampshire,XL,Green,Fall,4.7,Yes,Cash,Store Pickup,Yes,Yes,36,Venmo,Every 3 Months,79,4.0,3.6109179126442243,14.443671650576897,1.0,1.0,1.0,1.0,0.034432234432234435,0.4564102564102564,3.8138297872340425,3.726725521669342
2548,47,Male,Jacket,Outerwear,97,Mississippi,M,Beige,Summer,3.2,No,Bank Transfer,2-Day Shipping,No,No,16,Cash,Weekly,97,52.0,2.833213344056216,147.32709389092324,0.0,0.0,0.0,0.0,0.04249084249084249,0.08351648351648351,3.752586206896552,3.7504385964912283
724,35,Male,Jewelry,Accessories,53,Missouri,L,Cyan,Fall,3.5,Yes,Cash,Express,Yes,Yes,43,PayPal,Monthly,53,12.0,3.784189633918261,45.41027560701913,1.0,1.0,1.0,1.0,0.04212454212454213,0.310989010989011,3.744347826086957,3.745465253239105
891,52,Male,Gloves,Accessories,51,New York,S,Purple,Spring,4.3,Yes,Credit Card,2-Day Shipping,Yes,Yes,47,Credit Card,Monthly,51,12.0,3.871201010907891,46.454412130894696,1.0,1.0,1.0,1.0,0.03626373626373627,0.310989010989011,3.8666666666666667,3.745465253239105
3154,56,Female,Socks,Clothing,88,Alabama,L,Red,Fall,3.1,No,Bank Transfer,Next Day Air,No,No,46,Venmo,Fortnightly,88,26.0,3.8501476017100584,100.10383764446152,0.0,0.0,0.0,0.0,0.03882783882783883,0.4564102564102564,3.7150943396226417,3.726725521669342
3175,45,Female,Pants,Clothing,52,Oklahoma,L,Orange,Winter,3.8,No,PayPal,Store Pickup,No,No,35,PayPal,Monthly,52,12.0,3.58351893845611,43.00222726147332,0.0,0.0,0.0,0.0,0.04652014652014652,0.4564102564102564,3.729133858267717,3.726725521669342
3386,62,Female,Jewelry,Accessories,83,Rhode Island,M,Olive,Winter,2.8,No,PayPal,Standard,No,No,16,Credit Card,Every 3 Months,83,4.0,2.833213344056216,11.332853376224865,0.0,0.0,0.0,0.0,0.04212454212454213,0.310989010989011,3.744347826086957,3.745465253239105
430,42,Male,Sandals,Footwear,94,Washington,M,Gold,Winter,4.1,Yes,Venmo,2-Day Shipping,Yes,Yes,21,Cash,Fortnightly,94,26.0,3.091042453358316,80.36710378731621,1.0,1.0,1.0,1.0,0.03882783882783883,0.14908424908424908,3.8367924528301884,3.7808353808353807
311,56,Male,Pants,Clothing,85,Montana,M,Charcoal,Winter,4.6,Yes,Debit Card,Standard,Yes,Yes,50,Cash,Fortnightly,85,26.0,3.9318256327243257,102.22746645083247,1.0,1.0,1.0,1.0,0.04652014652014652,0.4564102564102564,3.729133858267717,3.726725521669342
1719,54,Male,T-shirt,Clothing,96,Maryland,L,Pink,Winter,3.4,No,Cash,2-Day Shipping,No,No,14,PayPal,Every 3 Months,96,4.0,2.70805020110221,10.83220080440884,0.0,0.0,0.0,0.0,0.034432234432234435,0.4564102564102564,3.8138297872340425,3.726725521669342
3029,62,Female,Dress,Clothing,100,California,L,Charcoal,Summer,3.0,No,PayPal,Free Shipping,No,No,7,PayPal,Every 3 Months,100,4.0,2.0794415416798357,8.317766166719343,0.0,0.0,0.0,0.0,0.044322344322344324,0.4564102564102564,3.7479338842975207,3.726725521669342
3867,58,Female,Hat,Accessories,32,Alaska,M,Beige,Winter,3.3,No,Venmo,2-Day Shipping,No,No,33,Credit Card,Fortnightly,32,26.0,3.5263605246161616,91.6853736400202,0.0,0.0,0.0,0.0,0.038461538461538464,0.310989010989011,3.7695238095238097,3.745465253239105
664,59,Male,Dress,Clothing,83,Alaska,M,Charcoal,Fall,4.7,Yes,Cash,Express,Yes,Yes,23,Credit Card,Monthly,83,12.0,3.1780538303479458,38.13664596417535,1.0,1.0,1.0,1.0,0.044322344322344324,0.4564102564102564,3.7479338842975207,3.726725521669342
29,54,Male,Handbag,Accessories,94,North Carolina,M,Gray,Fall,4.4,Yes,Debit Card,Free Shipping,Yes,Yes,41,PayPal,Every 3 Months,94,4.0,3.7376696182833684,14.950678473133474,1.0,1.0,1.0,1.0,0.03882783882783883,0.310989010989011,3.7216981132075473,3.745465253239105
1692,64,Male,Shoes,Footwear,61,Connecticut,L,Blue,Summer,3.5,No,Credit Card,Next Day Air,No,No,4,Cash,Annually,61,1.0,1.6094379124341003,1.6094379124341003,0.0,0.0,0.0,0.0,0.036996336996337,0.14908424908424908,3.7099009900990096,3.7808353808353807
378,63,Male,Scarf,Accessories,32,Maine,M,Silver,Spring,4.1,Yes,Debit Card,Standard,Yes,Yes,39,Credit Card,Every 3 Months,32,4.0,3.6888794541139363,14.755517816455745,1.0,1.0,1.0,1.0,0.03772893772893773,0.310989010989011,3.721359223300971,3.745465253239105
2480,37,Male,Dress,Clothing,98,Kansas,S,Olive,Fall,4.2,No,Venmo,Standard,No,No,26,Credit Card,Every 3 Months,98,4.0,3.295836866004329,13.183347464017316,0.0,0.0,0.0,0.0,0.044322344322344324,0.4564102564102564,3.7479338842975207,3.726725521669342
1213,32,Male,Shoes,Footwear,74,Pennsylvania,M,Yellow,Summer,2.5,No,Venmo,Free Shipping,Yes,Yes,18,Credit Card,Weekly,74,52.0,2.9444389791664403,153.1108269166549,0.0,1.0,1.0,1.0,0.036996336996337,0.14908424908424908,3.7099009900990096,3.7808353808353807
2524,43,Male,Handbag,Accessories,24,New Jersey,S,Cyan,Spring,3.4,No,Cash,Express,No,No,21,Bank Transfer,Annually,24,1.0,3.091042453358316,3.091042453358316,0.0,0.0,0.0,0.0,0.03882783882783883,0.310989010989011,3.7216981132075473,3.745465253239105
1129,56,Male,Gloves,Accessories,30,New York,L,Charcoal,Winter,4.7,No,PayPal,Next Day Air,Yes,Yes,35,Debit Card,Monthly,30,12.0,3.58351893845611,43.00222726147332,0.0,1.0,1.0,1.0,0.03626373626373627,0.310989010989011,3.8666666666666667,3.745465253239105
513,19,Male,Gloves,Accessories,49,New York,L,Peach,Winter,3.3,Yes,Credit Card,Next Day Air,Yes,Yes,2,Bank Transfer,Monthly,49,12.0,1.0986122886681098,13.183347464017316,1.0,1.0,1.0,1.0,0.03626373626373627,0.310989010989011,3.8666666666666667,3.745465253239105
2916,26,Female,Shirt,Clothing,30,Oregon,M,Cyan,Fall,4.5,No,Credit Card,Express,No,No,39,Debit Card,Bi-Weekly,30,26.0,3.6888794541139363,95.91086580696235,0.0,0.0,0.0,0.0,0.04322344322344322,0.4564102564102564,3.669491525423729,3.726725521669342
2217,41,Male,Pants,Clothing,36,Vermont,XL,Silver,Winter,4.0,No,Credit Card,Store Pickup,No,No,15,Venmo,Bi-Weekly,36,26.0,2.772588722239781,72.0873067782343,0.0,0.0,0.0,0.0,0.04652014652014652,0.4564102564102564,3.729133858267717,3.726725521669342
445,48,Male,Dress,Clothing,20,California,M,Red,Summer,4.3,Yes,Debit Card,Store Pickup,Yes,Yes,31,Debit Card,Annually,20,1.0,3.4657359027997265,3.4657359027997265,1.0,1.0,1.0,1.0,0.044322344322344324,0.4564102564102564,3.7479338842975207,3.726725521669342
2504,69,Male,Boots,Footwear,77,Ohio,M,Violet,Summer,2.5,No,PayPal,Store Pickup,No,No,5,Debit Card,Bi-Weekly,77,26.0,1.791759469228055,46.58574619992943,0.0,0.0,0.0,0.0,0.036996336996337,0.14908424908424908,3.8237623762376236,3.7808353808353807
3679,56,Female,Shirt,Clothing,45,Texas,S,Beige,Fall,3.5,No,Debit Card,Standard,No,No,29,Bank Transfer,Fortnightly,45,26.0,3.4011973816621555,88.43113192321604,0.0,0.0,0.0,0.0,0.04322344322344322,0.4564102564102564,3.669491525423729,3.726725521669342
3763,65,Female,Shorts,Clothing,94,New York,L,Green,Fall,2.9,No,Venmo,Store Pickup,No,No,13,PayPal,Annually,94,1.0,2.6390573296152584,2.6390573296152584,0.0,0.0,0.0,0.0,0.04212454212454213,0.4564102564102564,3.6730434782608694,3.726725521669342
231,66,Male,Scarf,Accessories,88,Utah,L,Olive,Fall,4.1,Yes,Venmo,Standard,Yes,Yes,43,Credit Card,Annually,88,1.0,3.784189633918261,3.784189633918261,1.0,1.0,1.0,1.0,0.03772893772893773,0.310989010989011,3.721359223300971,3.745465253239105
2430,57,Male,Sneakers,Footwear,57,Virginia,XL,Maroon,Summer,4.4,No,PayPal,Standard,No,No,47,Credit Card,Fortnightly,57,26.0,3.871201010907891,100.65122628360517,0.0,0.0,0.0,0.0,0.03626373626373627,0.14908424908424908,3.749494949494949,3.7808353808353807
2963,57,Female,Pants,Clothing,40,California,L,Pink,Fall,4.0,No,PayPal,Express,No,No,42,Credit Card,Every 3 Months,40,4.0,3.7612001156935624,15.04480046277425,0.0,0.0,0.0,0.0,0.04652014652014652,0.4564102564102564,3.729133858267717,3.726725521669342
1340,36,Male,Belt,Accessories,56,Indiana,L,Olive,Winter,5.0,No,PayPal,Next Day Air,Yes,Yes,5,Bank Transfer,Every 3 Months,56,4.0,1.791759469228055,7.16703787691222,0.0,1.0,1.0,1.0,0.04395604395604396,0.310989010989011,3.73,3.745465253239105
215,24,Male,Jacket,Outerwear,50,Hawaii,L,Blue,Summer,4.2,Yes,Cash,Next Day Air,Yes,Yes,41,Cash,Every 3 Months,50,4.0,3.7376696182833684,14.950678473133474,1.0,1.0,1.0,1.0,0.04249084249084249,0.08351648351648351,3.752586206896552,3.7504385964912283
850,23,Male,Jeans,Clothing,61,Missouri,S,Charcoal,Spring,4.3,Yes,Debit Card,Express,Yes,Yes,24,PayPal,Quarterly,61,4.0,3.2188758248682006,12.875503299472802,1.0,1.0,1.0,1.0,0.03406593406593406,0.4564102564102564,3.6,3.726725521669342
1850,30,Male,Skirt,Clothing,40,New Mexico,M,Maroon,Winter,4.5,No,Credit Card,Store Pickup,No,No,35,Bank Transfer,Monthly,40,12.0,3.58351893845611,43.00222726147332,0.0,0.0,0.0,0.0,0.041758241758241756,0.4564102564102564,3.816666666666667,3.726725521669342
2115,37,Male,Shirt,Clothing,51,Vermont,M,Magenta,Winter,2.9,No,Credit Card,Standard,No,No,12,Debit Card,Annually,51,1.0,2.5649493574615367,2.5649493574615367,0.0,0.0,0.0,0.0,0.04322344322344322,0.4564102564102564,3.669491525423729,3.726725521669342
1636,68,Male,Sunglasses,Accessories,24,North Carolina,L,Violet,Summer,3.2,No,Cash,Standard,Yes,Yes,40,Cash,Annually,24,1.0,3.713572066704308,3.713572066704308,0.0,1.0,1.0,1.0,0.0380952380952381,0.310989010989011,3.7211538461538463,3.745465253239105
2586,57,Male,Sunglasses,Accessories,37,Wisconsin,L,Maroon,Fall,4.4,No,Venmo,Free Shipping,No,No,19,Debit Card,Weekly,37,52.0,2.995732273553991,155.77807822480753,0.0,0.0,0.0,0.0,0.0380952380952381,0.310989010989011,3.7211538461538463,3.745465253239105
2495,42,Male,Shoes,Footwear,27,Oklahoma,S,Peach,Winter,2.6,No,PayPal,Store Pickup,No,No,26,Debit Card,Annually,27,1.0,3.295836866004329,3.295836866004329,0.0,0.0,0.0,0.0,0.036996336996337,0.14908424908424908,3.7099009900990096,3.7808353808353807
3603,58,Female,Skirt,Clothing,36,Wyoming,S,Magenta,Summer,3.3,No,Bank Transfer,Store Pickup,No,No,40,Debit Card,Quarterly,36,4.0,3.713572066704308,14.854288266817232,0.0,0.0,0.0,0.0,0.041758241758241756,0.4564102564102564,3.816666666666667,3.726725521669342
1731,23,Male,Shirt,Clothing,22,Alabama,S,Silver,Fall,4.2,No,Cash,Free Shipping,No,No,26,Credit Card,Weekly,22,52.0,3.295836866004329,171.38351703222511,0.0,0.0,0.0,0.0,0.04322344322344322,0.4564102564102564,3.669491525423729,3.726725521669342
3830,69,Female,Pants,Clothing,32,Washington,M,Indigo,Spring,2.9,No,Credit Card,Free Shipping,No,No,32,Debit Card,Fortnightly,32,26.0,3.4965075614664802,90.90919659812849,0.0,0.0,0.0,0.0,0.04652014652014652,0.4564102564102564,3.729133858267717,3.726725521669342
1012,43,Male,Backpack,Accessories,25,Montana,L,Indigo,Spring,2.9,Yes,PayPal,Next Day Air,Yes,Yes,32,Debit Card,Fortnightly,25,26.0,3.4965075614664802,90.90919659812849,1.0,1.0,1.0,1.0,0.03553113553113553,0.310989010989011,3.693814432989691,3.745465253239105
1495,43,Male,T-shirt,Clothing,76,Montana,M,Gray,Spring,3.0,No,Bank Transfer,Next Day Air,Yes,Yes,23,Bank Transfer,Fortnightly,76,26.0,3.1780538303479458,82.62939958904659,0.0,1.0,1.0,1.0,0.034432234432234435,0.4564102564102564,3.8138297872340425,3.726725521669342
555,56,Male,Sneakers,Footwear,47,Minnesota,M,Red,Summer,3.0,Yes,PayPal,Express,Yes,Yes,34,Bank Transfer,Weekly,47,52.0,3.5553480614894135,184.8780991974495,1.0,1.0,1.0,1.0,0.03626373626373627,0.14908424908424908,3.749494949494949,3.7808353808353807
2914,43,Female,Coat,Outerwear,83,Wyoming,L,Cyan,Winter,3.5,No,Debit Card,Express,No,No,12,Cash,Every 3 Months,83,4.0,2.5649493574615367,10.259797429846147,0.0,0.0,0.0,0.0,0.041025641025641026,0.08351648351648351,3.748214285714286,3.7504385964912283
401,39,Male,Boots,Footwear,66,Utah,M,Green,Winter,4.8,Yes,Venmo,Free Shipping,Yes,Yes,14,PayPal,Fortnightly,66,26.0,2.70805020110221,70.40930522865746,1.0,1.0,1.0,1.0,0.036996336996337,0.14908424908424908,3.8237623762376236,3.7808353808353807
3582,26,Female,Dress,Clothing,95,Georgia,M,Orange,Fall,4.9,No,Venmo,Next Day Air,No,No,50,Credit Card,Weekly,95,52.0,3.9318256327243257,204.45493290166493,0.0,0.0,0.0,0.0,0.044322344322344324,0.4564102564102564,3.7479338842975207,3.726725521669342
1072,61,Male,Hat,Accessories,81,Pennsylvania,M,Beige,Summer,2.6,No,Cash,Express,Yes,Yes,46,Credit Card,Monthly,81,12.0,3.8501476017100584,46.2017712205207,0.0,1.0,1.0,1.0,0.038461538461538464,0.310989010989011,3.7695238095238097,3.745465253239105
2830,56,Female,Jewelry,Accessories,67,Arizona,XL,Teal,Fall,3.4,No,PayPal,Next Day Air,No,No,47,Cash,Weekly,67,52.0,3.871201010907891,201.30245256721034,0.0,0.0,0.0,0.0,0.04212454212454213,0.310989010989011,3.744347826086957,3.745465253239105
744,21,Male,Sunglasses,Accessories,84,North Carolina,L,Gray,Fall,4.9,Yes,PayPal,Free Shipping,Yes,Yes,36,Cash,Weekly,84,52.0,3.6109179126442243,187.76773145749968,1.0,1.0,1.0,1.0,0.0380952380952381,0.310989010989011,3.7211538461538463,3.745465253239105
2622,48,Male,Shoes,Footwear,46,Maine,M,Beige,Winter,3.0,No,PayPal,Express,No,No,21,Bank Transfer,Annually,46,1.0,3.091042453358316,3.091042453358316,0.0,0.0,0.0,0.0,0.036996336996337,0.14908424908424908,3.7099009900990096,3.7808353808353807
2206,46,Male,Sweater,Clothing,68,North Dakota,XL,Red,Fall,2.7,No,PayPal,Express,No,No,27,PayPal,Weekly,68,52.0,3.332204510175204,173.27463452911059,0.0,0.0,0.0,0.0,0.04468864468864469,0.4564102564102564,3.7147540983606557,3.726725521669342
410,35,Male,Shorts,Clothing,51,Minnesota,M,Brown,Winter,3.3,Yes,Debit Card,2-Day Shipping,Yes,Yes,32,Bank Transfer,Monthly,51,12.0,3.4965075614664802,41.958090737597765,1.0,1.0,1.0,1.0,0.04212454212454213,0.4564102564102564,3.6730434782608694,3.726725521669342
3290,31,Female,Backpack,Accessories,50,Montana,M,Maroon,Summer,4.0,No,Venmo,2-Day Shipping,No,No,16,Venmo,Every 3 Months,50,4.0,2.833213344056216,11.332853376224865,0.0,0.0,0.0,0.0,0.03553113553113553,0.310989010989011,3.693814432989691,3.745465253239105
1145,41,Male,Jeans,Clothing,54,South Carolina,S,Indigo,Fall,4.4,No,PayPal,2-Day Shipping,Yes,Yes,25,Bank Transfer,Fortnightly,54,26.0,3.258096538021482,84.71050998855854,0.0,1.0,1.0,1.0,0.03406593406593406,0.4564102564102564,3.6,3.726725521669342
1748,61,Male,Coat,Outerwear,23,New Hampshire,M,Yellow,Winter,2.9,No,Cash,Express,No,No,41,Venmo,Quarterly,23,4.0,3.7376696182833684,14.950678473133474,0.0,0.0,0.0,0.0,0.041025641025641026,0.08351648351648351,3.748214285714286,3.7504385964912283
3352,43,Female,Shirt,Clothing,49,New Hampshire,L,Cyan,Spring,4.2,No,Cash,2-Day Shipping,No,No,18,Bank Transfer,Fortnightly,49,26.0,2.9444389791664403,76.55541345832745,0.0,0.0,0.0,0.0,0.04322344322344322,0.4564102564102564,3.669491525423729,3.726725521669342
1863,59,Male,Gloves,Accessories,36,New Hampshire,M,Turquoise,Winter,4.6,No,Debit Card,Express,No,No,10,PayPal,Fortnightly,36,26.0,2.3978952727983707,62.34527709275764,0.0,0.0,0.0,0.0,0.03626373626373627,0.310989010989011,3.8666666666666667,3.745465253239105
323,41,Male,Belt,Accessories,95,Tennessee,S,Cyan,Winter,3.0,Yes,Credit Card,Standard,Yes,Yes,47,Credit Card,Monthly,95,12.0,3.871201010907891,46.454412130894696,1.0,1.0,1.0,1.0,0.04395604395604396,0.310989010989011,3.73,3.745465253239105
1227,53,Male,Sandals,Footwear,91,Ohio,S,Cyan,Fall,3.4,No,PayPal,Store Pickup,Yes,Yes,18,Venmo,Bi-Weekly,91,26.0,2.9444389791664403,76.55541345832745,0.0,1.0,1.0,1.0,0.03882783882783883,0.14908424908424908,3.8367924528301884,3.7808353808353807
2429,65,Male,T-shirt,Clothing,38,Idaho,M,Violet,Spring,4.4,No,PayPal,Next Day Air,No,No,34,Debit Card,Annually,38,1.0,3.5553480614894135,3.5553480614894135,0.0,0.0,0.0,0.0,0.034432234432234435,0.4564102564102564,3.8138297872340425,3.726725521669342
2322,50,Male,Sandals,Footwear,31,Colorado,M,Beige,Winter,3.0,No,PayPal,Next Day Air,No,No,27,Debit Card,Fortnightly,31,26.0,3.332204510175204,86.63731726455529,0.0,0.0,0.0,0.0,0.03882783882783883,0.14908424908424908,3.8367924528301884,3.7808353808353807
2224,30,Male,Sandals,Footwear,65,Kansas,M,Gray,Fall,4.7,No,Credit Card,Next Day Air,No,No,5,PayPal,Quarterly,65,4.0,1.791759469228055,7.16703787691222,0.0,0.0,0.0,0.0,0.03882783882783883,0.14908424908424908,3.8367924528301884,3.7808353808353807
2244,56,Male,Shirt,Clothing,21,Massachusetts,M,Teal,Winter,3.7,No,Cash,2-Day Shipping,No,No,13,Debit Card,Annually,21,1.0,2.6390573296152584,2.6390573296152584,0.0,0.0,0.0,0.0,0.04322344322344322,0.4564102564102564,3.669491525423729,3.726725521669342
1820,51,Male,Socks,Clothing,86,Nevada,S,Peach,Spring,4.5,No,Cash,Next Day Air,No,No,50,Cash,Quarterly,86,4.0,3.9318256327243257,15.727302530897303,0.0,0.0,0.0,0.0,0.03882783882783883,0.4564102564102564,3.7150943396226417,3.726725521669342
3297,20,Female,Blouse,Clothing,23,Alaska,M,Green,Spring,4.2,No,PayPal,Next Day Air,No,No,47,Venmo,Quarterly,23,4.0,3.871201010907891,15.484804043631565,0.0,0.0,0.0,0.0,0.047619047619047616,0.4564102564102564,3.733076923076923,3.726725521669342
1035,68,Male,Socks,Clothing,29,Maryland,M,Olive,Fall,4.2,Yes,Venmo,Next Day Air,Yes,Yes,44,Bank Transfer,Weekly,29,52.0,3.8066624897703196,197.9464494680566,1.0,1.0,1.0,1.0,0.03882783882783883,0.4564102564102564,3.7150943396226417,3.726725521669342
1125,42,Male,Sweater,Clothing,20,Iowa,M,Orange,Spring,4.9,No,Debit Card,Express,Yes,Yes,40,Cash,Quarterly,20,4.0,3.713572066704308,14.854288266817232,0.0,1.0,1.0,1.0,0.04468864468864469,0.4564102564102564,3.7147540983606557,3.726725521669342
2101,68,Male,Sweater,Clothing,31,Michigan,M,Silver,Spring,4.4,No,PayPal,Free Shipping,No,No,36,Cash,Fortnightly,31,26.0,3.6109179126442243,93.88386572874984,0.0,0.0,0.0,0.0,0.04468864468864469,0.4564102564102564,3.7147540983606557,3.726725521669342
3800,60,Female,Jacket,Outerwear,26,Oklahoma,L,Violet,Winter,2.6,No,PayPal,Store Pickup,No,No,13,Credit Card,Monthly,26,12.0,2.6390573296152584,31.6686879553831,0.0,0.0,0.0,0.0,0.04249084249084249,0.08351648351648351,3.752586206896552,3.7504385964912283
2023,59,Male,Jewelry,Accessories,38,Alabama,S,Black,Winter,4.0,No,Bank Transfer,Store Pickup,No,No,16,Cash,Bi-Weekly,38,26.0,2.833213344056216,73.66354694546162,0.0,0.0,0.0,0.0,0.04212454212454213,0.310989010989011,3.744347826086957,3.745465253239105
3135,35,Female,Boots,Footwear,66,Kentucky,L,Gray,Spring,4.4,No,Venmo,Store Pickup,No,No,47,Bank Transfer,Weekly,66,52.0,3.871201010907891,201.30245256721034,0.0,0.0,0.0,0.0,0.036996336996337,0.14908424908424908,3.8237623762376236,3.7808353808353807
2106,65,Male,Gloves,Accessories,35,South Carolina,M,Silver,Spring,4.5,No,Credit Card,Free Shipping,No,No,38,Venmo,Bi-Weekly,35,26.0,3.6635616461296463,95.2526027993708,0.0,0.0,0.0,0.0,0.03626373626373627,0.310989010989011,3.8666666666666667,3.745465253239105
2946,32,Female,Belt,Accessories,49,Delaware,M,Charcoal,Summer,4.8,No,Venmo,Free Shipping,No,No,1,Credit Card,Every 3 Months,49,4.0,0.6931471805599453,2.772588722239781,0.0,0.0,0.0,0.0,0.04395604395604396,0.310989010989011,3.73,3.745465253239105
1373,64,Male,Blouse,Clothing,61,Michigan,M,Gray,Fall,4.0,No,Credit Card,2-Day Shipping,Yes,Yes,44,PayPal,Bi-Weekly,61,26.0,3.8066624897703196,98.9732247340283,0.0,1.0,1.0,1.0,0.047619047619047616,0.4564102564102564,3.733076923076923,3.726725521669342
1313,66,Male,T-shirt,Clothing,79,Missouri,M,Violet,Winter,3.0,No,Venmo,Store Pickup,Yes,Yes,19,Bank Transfer,Monthly,79,12.0,2.995732273553991,35.94878728264789,0.0,1.0,1.0,1.0,0.034432234432234435,0.4564102564102564,3.8138297872340425,3.726725521669342
2525,60,Male,Coat,Outerwear,59,Kansas,M,Purple,Spring,3.7,No,Venmo,Express,No,No,23,Credit Card,Quarterly,59,4.0,3.1780538303479458,12.712215321391783,0.0,0.0,0.0,0.0,0.041025641025641026,0.08351648351648351,3.748214285714286,3.7504385964912283
178,21,Male,Hoodie,Clothing,42,Kansas,L,Magenta,Fall,3.7,Yes,Debit Card,Next Day Air,Yes,Yes,47,Bank Transfer,Monthly,42,12.0,3.871201010907891,46.454412130894696,1.0,1.0,1.0,1.0,0.03882783882783883,0.4564102564102564,3.776415094339623,3.726725521669342
2647,33,Male,T-shirt,Clothing,56,New Mexico,S,Lavender,Summer,3.9,No,Cash,Next Day Air,No,No,4,Debit Card,Every 3 Months,56,4.0,1.6094379124341003,6.437751649736401,0.0,0.0,0.0,0.0,0.034432234432234435,0.4564102564102564,3.8138297872340425,3.726725521669342
2775,56,Female,Boots,Footwear,40,Oklahoma,L,Yellow,Fall,4.1,No,Bank Transfer,Standard,No,No,42,Credit Card,Quarterly,40,4.0,3.7612001156935624,15.04480046277425,0.0,0.0,0.0,0.0,0.036996336996337,0.14908424908424908,3.8237623762376236,3.7808353808353807
1278,19,Male,Blouse,Clothing,97,Rhode Island,L,Green,Spring,5.0,No,Debit Card,Express,Yes,Yes,5,Venmo,Quarterly,97,4.0,1.791759469228055,7.16703787691222,0.0,1.0,1.0,1.0,0.047619047619047616,0.4564102564102564,3.733076923076923,3.726725521669342
608,47,Male,Hoodie,Clothing,23,Indiana,L,Purple,Fall,2.8,Yes,PayPal,Next Day Air,Yes,Yes,44,Cash,Monthly,23,12.0,3.8066624897703196,45.679949877243835,1.0,1.0,1.0,1.0,0.03882783882783883,0.4564102564102564,3.776415094339623,3.726725521669342
2285,32,Male,Blouse,Clothing,63,Iowa,XL,Black,Fall,4.1,No,Cash,Express,No,No,20,Venmo,Annually,63,1.0,3.044522437723423,3.044522437723423,0.0,0.0,0.0,0.0,0.047619047619047616,0.4564102564102564,3.733076923076923,3.726725521669342
775,42,Male,Hat,Accessories,46,Nevada,M,Yellow,Summer,3.5,Yes,Credit Card,Standard,Yes,Yes,11,Credit Card,Quarterly,46,4.0,2.4849066497880004,9.939626599152001,1.0,1.0,1.0,1.0,0.038461538461538464,0.310989010989011,3.7695238095238097,3.745465253239105
1896,31,Male,Jeans,Clothing,61,Washington,L,Indigo,Fall,4.5,No,Debit Card,Express,No,No,3,Debit Card,Monthly,61,12.0,1.3862943611198906,16.635532333438686,0.0,0.0,0.0,0.0,0.03406593406593406,0.4564102564102564,3.6,3.726725521669342
994,51,Male,Sandals,Footwear,90,Iowa,M,Peach,Winter,4.4,Yes,Cash,Store Pickup,Yes,Yes,25,Cash,Weekly,90,52.0,3.258096538021482,169.42101997711708,1.0,1.0,1.0,1.0,0.03882783882783883,0.14908424908424908,3.8367924528301884,3.7808353808353807
250,53,Male,Handbag,Accessories,47,Alaska,S,Teal,Fall,4.2,Yes,Cash,Standard,Yes,Yes,18,Credit Card,Annually,47,1.0,2.9444389791664403,2.9444389791664403,1.0,1.0,1.0,1.0,0.03882783882783883,0.310989010989011,3.7216981132075473,3.745465253239105
382,66,Male,Jewelry,Accessories,25,Maine,L,Lavender,Winter,3.4,Yes,Debit Card,Store Pickup,Yes,Yes,3,Credit Card,Every 3 Months,25,4.0,1.3862943611198906,5.545177444479562,1.0,1.0,1.0,1.0,0.04212454212454213,0.310989010989011,3.744347826086957,3.745465253239105
1303,23,Male,Sneakers,Footwear,25,Idaho,M,Gold,Fall,2.9,No,Bank Transfer,Next Day Air,Yes,Yes,37,Credit Card,Monthly,25,12.0,3.6375861597263857,43.65103391671663,0.0,1.0,1.0,1.0,0.03626373626373627,0.14908424908424908,3.749494949494949,3.7808353808353807
171,52,Male,Shirt,Clothing,25,Wyoming,M,Maroon,Fall,2.6,Yes,Venmo,Store Pickup,Yes,Yes,46,Venmo,Bi-Weekly,25,26.0,3.8501476017100584,100.10383764446152,1.0,1.0,1.0,1.0,0.04322344322344322,0.4564102564102564,3.669491525423729,3.726725521669342
3368,44,Female,T-shirt,Clothing,48,Tennessee,M,Blue,Summer,3.1,No,Credit Card,Store Pickup,No,No,6,Venmo,Fortnightly,48,26.0,1.9459101490553132,50.593663875438146,0.0,0.0,0.0,0.0,0.034432234432234435,0.4564102564102564,3.8138297872340425,3.726725521669342
3048,21,Female,Sneakers,Footwear,74,Vermont,M,Violet,Fall,4.1,No,Cash,2-Day Shipping,No,No,3,PayPal,Bi-Weekly,74,26.0,1.3862943611198906,36.04365338911715,0.0,0.0,0.0,0.0,0.03626373626373627,0.14908424908424908,3.749494949494949,3.7808353808353807
3493,48,Female,Gloves,Accessories,65,South Dakota,M,Turquoise,Fall,4.6,No,PayPal,Standard,No,No,48,Bank Transfer,Annually,65,1.0,3.8918202981106265,3.8918202981106265,0.0,0.0,0.0,0.0,0.03626373626373627,0.310989010989011,3.8666666666666667,3.745465253239105
2116,44,Male,Scarf,Accessories,85,Rhode Island,M,Violet,Winter,3.4,No,Credit Card,Store Pickup,No,No,16,Bank Transfer,Bi-Weekly,85,26.0,2.833213344056216,73.66354694546162,0.0,0.0,0.0,0.0,0.03772893772893773,0.310989010989011,3.721359223300971,3.745465253239105
2303,36,Male,Belt,Accessories,39,Montana,L,Pink,Summer,3.6,No,Cash,Store Pickup,No,No,38,Venmo,Monthly,39,12.0,3.6635616461296463,43.96273975355575,0.0,0.0,0.0,0.0,0.04395604395604396,0.310989010989011,3.73,3.745465253239105
126,49,Male,Shorts,Clothing,54,California,M,Indigo,Winter,3.6,Yes,Cash,Next Day Air,Yes,Yes,45,Venmo,Every 3 Months,54,4.0,3.828641396489095,15.31456558595638,1.0,1.0,1.0,1.0,0.04212454212454213,0.4564102564102564,3.6730434782608694,3.726725521669342
3092,68,Female,Dress,Clothing,81,Nevada,L,Orange,Winter,3.4,No,Bank Transfer,2-Day Shipping,No,No,46,Credit Card,Annually,81,1.0,3.8501476017100584,3.8501476017100584,0.0,0.0,0.0,0.0,0.044322344322344324,0.4564102564102564,3.7479338842975207,3.726725521669342
3492,22,Female,Pants,Clothing,28,Maine,M,Orange,Winter,4.3,No,Bank Transfer,Express,No,No,15,Cash,Monthly,28,12.0,2.772588722239781,33.27106466687737,0.0,0.0,0.0,0.0,0.04652014652014652,0.4564102564102564,3.729133858267717,3.726725521669342
531,48,Male,Coat,Outerwear,37,Montana,XL,Magenta,Winter,3.2,Yes,Venmo,Store Pickup,Yes,Yes,25,Credit Card,Bi-Weekly,37,26.0,3.258096538021482,84.71050998855854,1.0,1.0,1.0,1.0,0.041025641025641026,0.08351648351648351,3.748214285714286,3.7504385964912283
2882,38,Female,Backpack,Accessories,90,Texas,M,Cyan,Winter,4.2,No,Credit Card,Free Shipping,No,No,6,Bank Transfer,Annually,90,1.0,1.9459101490553132,1.9459101490553132,0.0,0.0,0.0,0.0,0.03553113553113553,0.310989010989011,3.693814432989691,3.745465253239105
1917,26,Male,Hoodie,Clothing,50,Connecticut,S,Beige,Winter,3.0,No,PayPal,Next Day Air,No,No,3,Debit Card,Bi-Weekly,50,26.0,1.3862943611198906,36.04365338911715,0.0,0.0,0.0,0.0,0.03882783882783883,0.4564102564102564,3.776415094339623,3.726725521669342
83,19,Male,Pants,Clothing,28,Georgia,S,Olive,Spring,4.0,Yes,Bank Transfer,2-Day Shipping,Yes,Yes,21,Credit Card,Every 3 Months,28,4.0,3.091042453358316,12.364169813433264,1.0,1.0,1.0,1.0,0.04652014652014652,0.4564102564102564,3.729133858267717,3.726725521669342
1646,53,Male,Scarf,Accessories,36,Ohio,L,Green,Summer,2.8,No,Bank Transfer,Standard,Yes,Yes,36,Venmo,Every 3 Months,36,4.0,3.6109179126442243,14.443671650576897,0.0,1.0,1.0,1.0,0.03772893772893773,0.310989010989011,3.721359223300971,3.745465253239105
3701,28,Female,Handbag,Accessories,84,North Dakota,XL,Charcoal,Summer,3.4,No,Credit Card,Store Pickup,No,No,2,Bank Transfer,Every 3 Months,84,4.0,1.0986122886681098,4.394449154672439,0.0,0.0,0.0,0.0,0.03882783882783883,0.310989010989011,3.7216981132075473,3.745465253239105
3675,35,Female,Handbag,Accessories,65,Washington,M,Blue,Winter,2.7,No,Venmo,2-Day Shipping,No,No,41,Venmo,Fortnightly,65,26.0,3.7376696182833684,97.17941007536758,0.0,0.0,0.0,0.0,0.03882783882783883,0.310989010989011,3.7216981132075473,3.745465253239105
1133,50,Male,Hoodie,Clothing,98,North Carolina,S,Teal,Spring,4.3,No,PayPal,Store Pickup,Yes,Yes,25,Cash,Fortnightly,98,26.0,3.258096538021482,84.71050998855854,0.0,1.0,1.0,1.0,0.03882783882783883,0.4564102564102564,3.776415094339623,3.726725521669342
78,22,Male,Dress,Clothing,53,Delaware,L,Gold,Summer,3.3,Yes,Debit Card,Next Day Air,Yes,Yes,36,Debit Card,Fortnightly,53,26.0,3.6109179126442243,93.88386572874984,1.0,1.0,1.0,1.0,0.044322344322344324,0.4564102564102564,3.7479338842975207,3.726725521669342
3397,29,Female,Pants,Clothing,37,Tennessee,XL,Black,Winter,5.0,No,PayPal,Next Day Air,No,No,5,PayPal,Quarterly,37,4.0,1.791759469228055,7.16703787691222,0.0,0.0,0.0,0.0,0.04652014652014652,0.4564102564102564,3.729133858267717,3.726725521669342
3273,58,Female,Shoes,Footwear,99,Texas,M,Lavender,Winter,3.1,No,Bank Transfer,Next Day Air,No,No,34,PayPal,Quarterly,99,4.0,3.5553480614894135,14.221392245957654,0.0,0.0,0.0,0.0,0.036996336996337,0.14908424908424908,3.7099009900990096,3.7808353808353807
2644,49,Male,Gloves,Accessories,41,Maryland,S,Silver,Spring,2.9,No,Credit Card,Next Day Air,No,No,37,Cash,Monthly,41,12.0,3.6375861597263857,43.65103391671663,0.0,0.0,0.0,0.0,0.03626373626373627,0.310989010989011,3.8666666666666667,3.745465253239105
17,25,Male,Sunglasses,Accessories,36,Alabama,S,Gray,Spring,4.1,Yes,Venmo,Next Day Air,Yes,Yes,44,Debit Card,Bi-Weekly,36,26.0,3.8066624897703196,98.9732247340283,1.0,1.0,1.0,1.0,0.0380952380952381,0.310989010989011,3.7211538461538463,3.745465253239105
1469,42,Male,Gloves,Accessories,39,Arkansas,S,Silver,Fall,3.9,No,Bank Transfer,Express,Yes,Yes,46,Cash,Fortnightly,39,26.0,3.8501476017100584,100.10383764446152,0.0,1.0,1.0,1.0,0.03626373626373627,0.310989010989011,3.8666666666666667,3.745465253239105
3802,26,Female,Blouse,Clothing,84,Kentucky,M,Peach,Spring,5.0,No,PayPal,Store Pickup,No,No,36,PayPal,Fortnightly,84,26.0,3.6109179126442243,93.88386572874984,0.0,0.0,0.0,0.0,0.047619047619047616,0.4564102564102564,3.733076923076923,3.726725521669342
773,18,Male,Jeans,Clothing,22,Illinois,L,Teal,Fall,3.6,Yes,Cash,Free Shipping,Yes,Yes,40,Debit Card,Bi-Weekly,22,26.0,3.713572066704308,96.552873734312,1.0,1.0,1.0,1.0,0.03406593406593406,0.4564102564102564,3.6,3.726725521669342
714,37,Male,Hoodie,Clothing,90,Oregon,M,Lavender,Summer,2.6,Yes,Bank Transfer,Express,Yes,Yes,39,Bank Transfer,Bi-Weekly,90,26.0,3.6888794541139363,95.91086580696235,1.0,1.0,1.0,1.0,0.03882783882783883,0.4564102564102564,3.776415094339623,3.726725521669342
694,46,Male,Shorts,Clothing,52,Vermont,L,Turquoise,Spring,3.1,Yes,Credit Card,Free Shipping,Yes,Yes,30,Cash,Every 3 Months,52,4.0,3.4339872044851463,13.735948817940585,1.0,1.0,1.0,1.0,0.04212454212454213,0.4564102564102564,3.6730434782608694,3.726725521669342
2798,63,Female,Jewelry,Accessories,42,Oklahoma,M,Green,Winter,3.5,No,PayPal,Express,No,No,10,Venmo,Every 3 Months,42,4.0,2.3978952727983707,9.591581091193483,0.0,0.0,0.0,0.0,0.04212454212454213,0.310989010989011,3.744347826086957,3.745465253239105
1164,26,Male,Pants,Clothing,56,Tennessee,L,White,Summer,3.0,No,Credit Card,2-Day Shipping,Yes,Yes,24,Debit Card,Monthly,56,12.0,3.2188758248682006,38.626509898418405,0.0,1.0,1.0,1.0,0.04652014652014652,0.4564102564102564,3.729133858267717,3.726725521669342
2325,59,Male,Coat,Outerwear,28,Oregon,L,Brown,Winter,3.5,No,Debit Card,Free Shipping,No,No,19,Debit Card,Annually,28,1.0,2.995732273553991,2.995732273553991,0.0,0.0,0.0,0.0,0.041025641025641026,0.08351648351648351,3.748214285714286,3.7504385964912283
2229,54,Male,Gloves,Accessories,50,Kansas,M,Green,Fall,3.7,No,Debit Card,Free Shipping,No,No,5,Credit Card,Weekly,50,52.0,1.791759469228055,93.17149239985886,0.0,0.0,0.0,0.0,0.03626373626373627,0.310989010989011,3.8666666666666667,3.745465253239105
1491,66,Male,Sneakers,Footwear,52,Louisiana,L,Olive,Spring,4.9,No,Venmo,Express,Yes,Yes,15,Venmo,Bi-Weekly,52,26.0,2.772588722239781,72.0873067782343,0.0,1.0,1.0,1.0,0.03626373626373627,0.14908424908424908,3.749494949494949,3.7808353808353807
1697,31,Male,Sunglasses,Accessories,69,West Virginia,S,Turquoise,Spring,4.0,No,Bank Transfer,Free Shipping,No,No,7,Credit Card,Bi-Weekly,69,26.0,2.0794415416798357,54.06548008367573,0.0,0.0,0.0,0.0,0.0380952380952381,0.310989010989011,3.7211538461538463,3.745465253239105
1687,22,Male,Gloves,Accessories,75,Illinois,L,Red,Fall,4.2,No,Credit Card,Store Pickup,No,No,25,Cash,Annually,75,1.0,3.258096538021482,3.258096538021482,0.0,0.0,0.0,0.0,0.03626373626373627,0.310989010989011,3.8666666666666667,3.745465253239105
1386,41,Male,Jewelry,Accessories,64,Mississippi,M,Indigo,Fall,2.6,No,Debit Card,Store Pickup,Yes,Yes,1,Bank Transfer,Bi-Weekly,64,26.0,0.6931471805599453,18.021826694558577,0.0,1.0,1.0,1.0,0.04212454212454213,0.310989010989011,3.744347826086957,3.745465253239105
2619,70,Male,Handbag,Accessories,77,Louisiana,L,Brown,Fall,4.1,No,Credit Card,Express,No,No,12,Venmo,Monthly,77,12.0,2.5649493574615367,30.779392289538443,0.0,0.0,0.0,0.0,0.03882783882783883,0.310989010989011,3.7216981132075473,3.745465253239105
1104,35,Male,Hoodie,Clothing,23,Tennessee,S,Charcoal,Spring,4.3,No,Debit Card,Free Shipping,Yes,Yes,8,Debit Card,Bi-Weekly,23,26.0,2.1972245773362196,57.12783901074171,0.0,1.0,1.0,1.0,0.03882783882783883,0.4564102564102564,3.776415094339623,3.726725521669342
366,55,Male,Gloves,Accessories,88,West Virginia,XL,Gray,Summer,3.7,Yes,PayPal,Standard,Yes,Yes,50,PayPal,Quarterly,88,4.0,3.9318256327243257,15.727302530897303,1.0,1.0,1.0,1.0,0.03626373626373627,0.310989010989011,3.8666666666666667,3.745465253239105
710,49,Male,Jacket,Outerwear,79,Massachusetts,L,Charcoal,Summer,4.6,Yes,Debit Card,Standard,Yes,Yes,23,Debit Card,Monthly,79,12.0,3.1780538303479458,38.13664596417535,1.0,1.0,1.0,1.0,0.04249084249084249,0.08351648351648351,3.752586206896552,3.7504385964912283
914,37,Male,Sneakers,Footwear,47,Utah,M,Yellow,Fall,2.6,Yes,Bank Transfer,Next Day Air,Yes,Yes,29,Cash,Every 3 Months,47,4.0,3.4011973816621555,13.604789526648622,1.0,1.0,1.0,1.0,0.03626373626373627,0.14908424908424908,3.749494949494949,3.7808353808353807
1652,59,Male,Coat,Outerwear,80,Texas,M,Blue,Winter,3.9,No,Bank Transfer,Standard,Yes,Yes,42,Debit Card,Monthly,80,12.0,3.7612001156935624,45.13440138832275,0.0,1.0,1.0,1.0,0.041025641025641026,0.08351648351648351,3.748214285714286,3.7504385964912283
2181,41,Male,Coat,Outerwear,37,Connecticut,M,Yellow,Summer,4.1,No,Debit Card,Store Pickup,No,No,43,Cash,Quarterly,37,4.0,3.784189633918261,15.136758535673044,0.0,0.0,0.0,0.0,0.041025641025641026,0.08351648351648351,3.748214285714286,3.7504385964912283
1664,43,Male,Shirt,Clothing,22,Maine,XL,Gold,Summer,3.5,No,Cash,Standard,Yes,Yes,1,Cash,Bi-Weekly,22,26.0,0.6931471805599453,18.021826694558577,0.0,1.0,1.0,1.0,0.04322344322344322,0.4564102564102564,3.669491525423729,3.726725521669342
2165,42,Male,Sandals,Footwear,20,Iowa,S,Olive,Winter,4.8,No,Venmo,Next Day Air,No,No,46,PayPal,Bi-Weekly,20,26.0,3.8501476017100584,100.10383764446152,0.0,0.0,0.0,0.0,0.03882783882783883,0.14908424908424908,3.8367924528301884,3.7808353808353807
1142,39,Male,Gloves,Accessories,33,Ohio,S,Silver,Winter,4.7,No,Debit Card,Next Day Air,Yes,Yes,23,PayPal,Fortnightly,33,26.0,3.1780538303479458,82.62939958904659,0.0,1.0,1.0,1.0,0.03626373626373627,0.310989010989011,3.8666666666666667,3.745465253239105
1084,35,Male,Backpack,Accessories,97,Washington,L,Teal,Summer,3.3,No,Credit Card,Store Pickup,Yes,Yes,43,Cash,Weekly,97,52.0,3.784189633918261,196.77786096374956,0.0,1.0,1.0,1.0,0.03553113553113553,0.310989010989011,3.693814432989691,3.745465253239105
2025,62,Male,Socks,Clothing,23,Arkansas,L,Silver,Fall,3.7,No,Bank Transfer,Express,No,No,39,PayPal,Weekly,23,52.0,3.6888794541139363,191.8217316139247,0.0,0.0,0.0,0.0,0.03882783882783883,0.4564102564102564,3.7150943396226417,3.726725521669342
3418,54,Female,Coat,Outerwear,35,Massachusetts,M,Blue,Summer,2.9,No,PayPal,2-Day Shipping,No,No,22,Debit Card,Fortnightly,35,26.0,3.1354942159291497,81.52284961415789,0.0,0.0,0.0,0.0,0.041025641025641026,0.08351648351648351,3.748214285714286,3.7504385964912283
131,44,Male,Scarf,Accessories,39,Kentucky,L,Violet,Fall,3.7,Yes,Credit Card,Next Day Air,Yes,Yes,13,PayPal,Fortnightly,39,26.0,2.6390573296152584,68.61549056999672,1.0,1.0,1.0,1.0,0.03772893772893773,0.310989010989011,3.721359223300971,3.745465253239105
294,69,Male,Handbag,Accessories,39,Connecticut,M,White,Spring,2.7,Yes,PayPal,Express,Yes,Yes,33,PayPal,Annually,39,1.0,3.5263605246161616,3.5263605246161616,1.0,1.0,1.0,1.0,0.03882783882783883,0.310989010989011,3.7216981132075473,3.745465253239105
2533,55,Male,Socks,Clothing,86,Nebraska,S,Charcoal,Summer,2.6,No,PayPal,Next Day Air,No,No,4,Debit Card,Weekly,86,52.0,1.6094379124341003,83.69077144657321,0.0,0.0,0.0,0.0,0.03882783882783883,0.4564102564102564,3.7150943396226417,3.726725521669342
3131,52,Female,Pants,Clothing,20,Vermont,M,Yellow,Summer,4.5,No,PayPal,Store Pickup,No,No,34,Venmo,Every 3 Months,20,4.0,3.5553480614894135,14.221392245957654,0.0,0.0,0.0,0.0,0.04652014652014652,0.4564102564102564,3.729133858267717,3.726725521669342
3258,44,Female,Shirt,Clothing,98,Minnesota,M,Brown,Fall,3.3,No,PayPal,Express,No,No,39,Venmo,Every 3 Months,98,4.0,3.6888794541139363,14.755517816455745,0.0,0.0,0.0,0.0,0.04322344322344322,0.4564102564102564,3.669491525423729,3.726725521669342
1105,35,Male,Hat,Accessories,28,Delaware,M,Beige,Fall,3.1,No,Bank Transfer,Express,Yes,Yes,8,Bank Transfer,Quarterly,28,4.0,2.1972245773362196,8.788898309344878,0.0,1.0,1.0,1.0,0.038461538461538464,0.310989010989011,3.7695238095238097,3.745465253239105
3101,50,Female,Hat,Accessories,85,Vermont,L,Purple,Winter,3.9,No,Venmo,Express,No,No,3,Bank Transfer,Weekly,85,52.0,1.3862943611198906,72.0873067782343,0.0,0.0,0.0,0.0,0.038461538461538464,0.310989010989011,3.7695238095238097,3.745465253239105
1744,23,Male,Skirt,Clothing,72,Missouri,XL,Brown,Winter,3.3,No,Debit Card,Standard,No,No,3,Bank Transfer,Weekly,72,52.0,1.3862943611198906,72.0873067782343,0.0,0.0,0.0,0.0,0.041758241758241756,0.4564102564102564,3.816666666666667,3.726725521669342
2464,60,Male,Blouse,Clothing,21,Mississippi,XL,Indigo,Summer,3.3,No,Bank Transfer,Standard,No,No,25,Cash,Bi-Weekly,21,26.0,3.258096538021482,84.71050998855854,0.0,0.0,0.0,0.0,0.047619047619047616,0.4564102564102564,3.733076923076923,3.726725521669342
2676,24,Female,Shorts,Clothing,38,Virginia,M,Peach,Winter,3.4,No,Cash,Free Shipping,No,No,38,Cash,Bi-Weekly,38,26.0,3.6635616461296463,95.2526027993708,0.0,0.0,0.0,0.0,0.04212454212454213,0.4564102564102564,3.6730434782608694,3.726725521669342
1294,23,Male,Sweater,Clothing,74,Florida,XL,Yellow,Fall,4.1,No,Bank Transfer,Standard,Yes,Yes,30,Debit Card,Annually,74,1.0,3.4339872044851463,3.4339872044851463,0.0,1.0,1.0,1.0,0.04468864468864469,0.4564102564102564,3.7147540983606557,3.726725521669342
3560,18,Female,Shorts,Clothing,25,Utah,M,Beige,Fall,3.0,No,Debit Card,Next Day Air,No,No,13,Venmo,Every 3 Months,25,4.0,2.6390573296152584,10.556229318461034,0.0,0.0,0.0,0.0,0.04212454212454213,0.4564102564102564,3.6730434782608694,3.726725521669342
626,49,Male,Jewelry,Accessories,79,Delaware,M,Red,Fall,4.0,Yes,Venmo,Next Day Air,Yes,Yes,1,Venmo,Weekly,79,52.0,0.6931471805599453,36.04365338911715,1.0,1.0,1.0,1.0,0.04212454212454213,0.310989010989011,3.744347826086957,3.745465253239105
2496,40,Male,Backpack,Accessories,37,Nebraska,XL,Orange,Spring,3.1,No,Bank Transfer,Free Shipping,No,No,34,Credit Card,Every 3 Months,37,4.0,3.5553480614894135,14.221392245957654,0.0,0.0,0.0,0.0,0.03553113553113553,0.310989010989011,3.693814432989691,3.745465253239105
1068,18,Male,Dress,Clothing,43,Pennsylvania,S,Peach,Summer,2.7,No,Venmo,2-Day Shipping,Yes,Yes,22,PayPal,Quarterly,43,4.0,3.1354942159291497,12.541976863716599,0.0,1.0,1.0,1.0,0.044322344322344324,0.4564102564102564,3.7479338842975207,3.726725521669342
1979,45,Male,Sunglasses,Accessories,78,Massachusetts,L,Magenta,Spring,3.8,No,Cash,Store Pickup,No,No,1,Cash,Quarterly,78,4.0,0.6931471805599453,2.772588722239781,0.0,0.0,0.0,0.0,0.0380952380952381,0.310989010989011,3.7211538461538463,3.745465253239105
2793,54,Female,Shorts,Clothing,44,Kentucky,L,Violet,Winter,3.2,No,Debit Card,Express,No,No,11,Credit Card,Weekly,44,52.0,2.4849066497880004,129.21514578897603,0.0,0.0,0.0,0.0,0.04212454212454213,0.4564102564102564,3.6730434782608694,3.726725521669342
1667,51,Male,Skirt,Clothing,64,Arkansas,M,Blue,Summer,3.1,No,Cash,Store Pickup,Yes,Yes,47,PayPal,Annually,64,1.0,3.871201010907891,3.871201010907891,0.0,1.0,1.0,1.0,0.041758241758241756,0.4564102564102564,3.816666666666667,3.726725521669342
2642,25,Male,Sunglasses,Accessories,60,Vermont,XL,Olive,Winter,2.7,No,Debit Card,Next Day Air,No,No,20,Bank Transfer,Every 3 Months,60,4.0,3.044522437723423,12.178089750893692,0.0,0.0,0.0,0.0,0.0380952380952381,0.310989010989011,3.7211538461538463,3.745465253239105
1146,31,Male,Sneakers,Footwear,89,Nevada,L,Pink,Summer,3.0,No,Venmo,Express,Yes,Yes,30,Cash,Every 3 Months,89,4.0,3.4339872044851463,13.735948817940585,0.0,1.0,1.0,1.0,0.03626373626373627,0.14908424908424908,3.749494949494949,3.7808353808353807
130,24,Male,Dress,Clothing,67,Pennsylvania,XL,Olive,Summer,4.2,Yes,Cash,2-Day Shipping,Yes,Yes,49,PayPal,Bi-Weekly,67,26.0,3.912023005428146,101.71259814113179,1.0,1.0,1.0,1.0,0.044322344322344324,0.4564102564102564,3.7479338842975207,3.726725521669342
515,64,Male,Skirt,Clothing,62,Indiana,S,Olive,Winter,4.3,Yes,Debit Card,Standard,Yes,Yes,47,PayPal,Quarterly,62,4.0,3.871201010907891,15.484804043631565,1.0,1.0,1.0,1.0,0.041758241758241756,0.4564102564102564,3.816666666666667,3.726725521669342
3790,56,Female,Shirt,Clothing,75,North Dakota,M,Magenta,Summer,3.8,No,Debit Card,Express,No,No,18,Bank Transfer,Every 3 Months,75,4.0,2.9444389791664403,11.777755916665761,0.0,0.0,0.0,0.0,0.04322344322344322,0.4564102564102564,3.669491525423729,3.726725521669342
1356,59,Male,Shorts,Clothing,91,Florida,M,Blue,Summer,3.0,No,Venmo,2-Day Shipping,Yes,Yes,50,PayPal,Bi-Weekly,91,26.0,3.9318256327243257,102.22746645083247,0.0,1.0,1.0,1.0,0.04212454212454213,0.4564102564102564,3.6730434782608694,3.726725521669342
148,63,Male,Shoes,Footwear,64,Idaho,M,Purple,Summer,3.5,Yes,Bank Transfer,2-Day Shipping,Yes,Yes,31,Bank Transfer,Fortnightly,64,26.0,3.4657359027997265,90.10913347279289,1.0,1.0,1.0,1.0,0.036996336996337,0.14908424908424908,3.7099009900990096,3.7808353808353807
2288,66,Male,Blouse,Clothing,45,Nebraska,L,Green,Summer,3.0,No,PayPal,Store Pickup,No,No,6,Debit Card,Annually,45,1.0,1.9459101490553132,1.9459101490553132,0.0,0.0,0.0,0.0,0.047619047619047616,0.4564102564102564,3.733076923076923,3.726725521669342
1076,57,Male,Sunglasses,Accessories,50,Missouri,L,Indigo,Summer,4.9,No,Debit Card,Next Day Air,Yes,Yes,32,Debit Card,Bi-Weekly,50,26.0,3.4965075614664802,90.90919659812849,0.0,1.0,1.0,1.0,0.0380952380952381,0.310989010989011,3.7211538461538463,3.745465253239105
1497,63,Male,T-shirt,Clothing,98,Idaho,M,Purple,Winter,5.0,No,Credit Card,Standard,Yes,Yes,9,Venmo,Bi-Weekly,98,26.0,2.302585092994046,59.867212417845195,0.0,1.0,1.0,1.0,0.034432234432234435,0.4564102564102564,3.8138297872340425,3.726725521669342
2361,49,Male,Handbag,Accessories,80,New York,L,Silver,Fall,4.7,No,Debit Card,2-Day Shipping,No,No,27,Venmo,Every 3 Months,80,4.0,3.332204510175204,13.328818040700815,0.0,0.0,0.0,0.0,0.03882783882783883,0.310989010989011,3.7216981132075473,3.745465253239105
2176,68,Male,Dress,Clothing,50,Nebraska,M,Silver,Spring,3.3,No,Bank Transfer,Free Shipping,No,No,48,Credit Card,Fortnightly,50,26.0,3.8918202981106265,101.18732775087629,0.0,0.0,0.0,0.0,0.044322344322344324,0.4564102564102564,3.7479338842975207,3.726725521669342
2161,45,Male,Blouse,Clothing,92,West Virginia,L,Charcoal,Winter,3.3,No,Bank Transfer,Express,No,No,21,PayPal,Annually,92,1.0,3.091042453358316,3.091042453358316,0.0,0.0,0.0,0.0,0.047619047619047616,0.4564102564102564,3.733076923076923,3.726725521669342
1434,70,Male,Hoodie,Clothing,60,Minnesota,L,Yellow,Winter,3.2,No,Venmo,Next Day Air,Yes,Yes,45,Debit Card,Weekly,60,52.0,3.828641396489095,199.08935261743295,0.0,1.0,1.0,1.0,0.03882783882783883,0.4564102564102564,3.776415094339623,3.726725521669342
2984,60,Female,Pants,Clothing,44,West Virginia,M,Charcoal,Winter,2.8,No,Venmo,2-Day Shipping,No,No,1,Credit Card,Quarterly,44,4.0,0.6931471805599453,2.772588722239781,0.0,0.0,0.0,0.0,0.04652014652014652,0.4564102564102564,3.729133858267717,3.726725521669342
698,61,Male,Scarf,Accessories,63,North Dakota,XL,Brown,Summer,4.6,Yes,Bank Transfer,Free Shipping,Yes,Yes,40,Debit Card,Quarterly,63,4.0,3.713572066704308,14.854288266817232,1.0,1.0,1.0,1.0,0.03772893772893773,0.310989010989011,3.721359223300971,3.745465253239105
1899,59,Male,Pants,Clothing,97,Texas,L,Magenta,Fall,3.5,No,PayPal,Next Day Air,No,No,25,Venmo,Monthly,97,12.0,3.258096538021482,39.09715845625779,0.0,0.0,0.0,0.0,0.04652014652014652,0.4564102564102564,3.729133858267717,3.726725521669342
1358,24,Male,Backpack,Accessories,66,Texas,S,Red,Summer,3.5,No,Venmo,Next Day Air,Yes,Yes,20,Cash,Quarterly,66,4.0,3.044522437723423,12.178089750893692,0.0,1.0,1.0,1.0,0.03553113553113553,0.310989010989011,3.693814432989691,3.745465253239105
2024,46,Male,Socks,Clothing,68,Idaho,S,Teal,Winter,4.1,No,Bank Transfer,Store Pickup,No,No,28,Cash,Bi-Weekly,68,26.0,3.367295829986474,87.54969157964833,0.0,0.0,0.0,0.0,0.03882783882783883,0.4564102564102564,3.7150943396226417,3.726725521669342
1786,47,Male,Gloves,Accessories,29,Iowa,S,Peach,Fall,4.1,No,Bank Transfer,Next Day Air,No,No,22,Venmo,Monthly,29,12.0,3.1354942159291497,37.625930591149796,0.0,0.0,0.0,0.0,0.03626373626373627,0.310989010989011,3.8666666666666667,3.745465253239105
2537,51,Male,Belt,Accessories,39,Oklahoma,L,Gray,Spring,4.9,No,Bank Transfer,Express,No,No,45,PayPal,Every 3 Months,39,4.0,3.828641396489095,15.31456558595638,0.0,0.0,0.0,0.0,0.04395604395604396,0.310989010989011,3.73,3.745465253239105
1056,70,Male,Jacket,Outerwear,27,Massachusetts,M,Orange,Spring,3.3,No,PayPal,Next Day Air,Yes,Yes,24,Debit Card,Annually,27,1.0,3.2188758248682006,3.2188758248682006,0.0,1.0,1.0,1.0,0.04249084249084249,0.08351648351648351,3.752586206896552,3.7504385964912283
403,31,Male,Backpack,Accessories,78,California,L,Cyan,Fall,3.0,Yes,PayPal,Express,Yes,Yes,26,PayPal,Monthly,78,12.0,3.295836866004329,39.55004239205195,1.0,1.0,1.0,1.0,0.03553113553113553,0.310989010989011,3.693814432989691,3.745465253239105
1845,60,Male,Shorts,Clothing,26,South Dakota,M,Purple,Spring,2.7,No,Venmo,2-Day Shipping,No,No,31,Credit Card,Annually,26,1.0,3.4657359027997265,3.4657359027997265,0.0,0.0,0.0,0.0,0.04212454212454213,0.4564102564102564,3.6730434782608694,3.726725521669342
3583,23,Female,Shorts,Clothing,41,California,S,Beige,Summer,3.4,No,Cash,2-Day Shipping,No,No,15,PayPal,Annually,41,1.0,2.772588722239781,2.772588722239781,0.0,0.0,0.0,0.0,0.04212454212454213,0.4564102564102564,3.6730434782608694,3.726725521669342
3858,42,Female,Hat,Accessories,21,Texas,S,Yellow,Summer,3.1,No,Debit Card,Store Pickup,No,No,29,Credit Card,Every 3 Months,21,4.0,3.4011973816621555,13.604789526648622,0.0,0.0,0.0,0.0,0.038461538461538464,0.310989010989011,3.7695238095238097,3.745465253239105
3438,22,Female,Jacket,Outerwear,62,Oklahoma,S,Green,Winter,3.5,No,Venmo,2-Day Shipping,No,No,50,PayPal,Annually,62,1.0,3.9318256327243257,3.9318256327243257,0.0,0.0,0.0,0.0,0.04249084249084249,0.08351648351648351,3.752586206896552,3.7504385964912283
159,25,Male,Shirt,Clothing,73,Connecticut,XL,Teal,Fall,4.1,Yes,Bank Transfer,Standard,Yes,Yes,50,Bank Transfer,Monthly,73,12.0,3.9318256327243257,47.18190759269191,1.0,1.0,1.0,1.0,0.04322344322344322,0.4564102564102564,3.669491525423729,3.726725521669342
81,19,Male,Sandals,Footwear,72,New York,XL,Blue,Summer,3.3,Yes,Credit Card,Store Pickup,Yes,Yes,24,Credit Card,Every 3 Months,72,4.0,3.2188758248682006,12.875503299472802,1.0,1.0,1.0,1.0,0.03882783882783883,0.14908424908424908,3.8367924528301884,3.7808353808353807
3895,66,Female,Skirt,Clothing,78,Connecticut,L,White,Spring,3.9,No,Cash,2-Day Shipping,No,No,44,Credit Card,Every 3 Months,78,4.0,3.8066624897703196,15.226649959081278,0.0,0.0,0.0,0.0,0.041758241758241756,0.4564102564102564,3.816666666666667,3.726725521669342
2196,58,Male,Jeans,Clothing,62,New York,M,Brown,Fall,3.7,No,Credit Card,Next Day Air,No,No,2,Cash,Monthly,62,12.0,1.0986122886681098,13.183347464017316,0.0,0.0,0.0,0.0,0.03406593406593406,0.4564102564102564,3.6,3.726725521669342
3888,40,Female,Shirt,Clothing,34,Kansas,M,Charcoal,Spring,2.7,No,PayPal,Express,No,No,1,Credit Card,Quarterly,34,4.0,0.6931471805599453,2.772588722239781,0.0,0.0,0.0,0.0,0.04322344322344322,0.4564102564102564,3.669491525423729,3.726725521669342
3039,56,Female,Jewelry,Accessories,39,Georgia,M,Brown,Summer,4.2,No,Bank Transfer,Free Shipping,No,No,36,Debit Card,Annually,39,1.0,3.6109179126442243,3.6109179126442243,0.0,0.0,0.0,0.0,0.04212454212454213,0.310989010989011,3.744347826086957,3.745465253239105
3122,63,Female,Hoodie,Clothing,38,Louisiana,L,Black,Fall,2.6,No,Credit Card,Standard,No,No,16,Venmo,Weekly,38,52.0,2.833213344056216,147.32709389092324,0.0,0.0,0.0,0.0,0.03882783882783883,0.4564102564102564,3.776415094339623,3.726725521669342
2126,57,Male,Coat,Outerwear,87,New Hampshire,M,Beige,Fall,4.8,No,Credit Card,Store Pickup,No,No,31,PayPal,Quarterly,87,4.0,3.4657359027997265,13.862943611198906,0.0,0.0,0.0,0.0,0.041025641025641026,0.08351648351648351,3.748214285714286,3.7504385964912283
770,52,Male,Socks,Clothing,100,Delaware,M,Silver,Spring,4.3,Yes,Credit Card,Store Pickup,Yes,Yes,8,PayPal,Monthly,100,12.0,2.1972245773362196,26.366694928034633,1.0,1.0,1.0,1.0,0.03882783882783883,0.4564102564102564,3.7150943396226417,3.726725521669342
224,20,Male,Pants,Clothing,41,Wyoming,M,Turquoise,Spring,4.8,Yes,Venmo,Free Shipping,Yes,Yes,34,PayPal,Annually,41,1.0,3.5553480614894135,3.5553480614894135,1.0,1.0,1.0,1.0,0.04652014652014652,0.4564102564102564,3.729133858267717,3.726725521669342
537,44,Male,Jacket,Outerwear,84,Illinois,S,Maroon,Fall,4.4,Yes,Debit Card,Store Pickup,Yes,Yes,16,Debit Card,Every 3 Months,84,4.0,2.833213344056216,11.332853376224865,1.0,1.0,1.0,1.0,0.04249084249084249,0.08351648351648351,3.752586206896552,3.7504385964912283
1065,34,Male,Hat,Accessories,28,Wyoming,M,Violet,Spring,3.5,No,Debit Card,Express,Yes,Yes,42,Credit Card,Every 3 Months,28,4.0,3.7612001156935624,15.04480046277425,0.0,1.0,1.0,1.0,0.038461538461538464,0.310989010989011,3.7695238095238097,3.745465253239105
615,68,Male,Jewelry,Accessories,85,Idaho,M,Lavender,Winter,4.0,Yes,Cash,Standard,Yes,Yes,21,Credit Card,Bi-Weekly,85,26.0,3.091042453358316,80.36710378731621,1.0,1.0,1.0,1.0,0.04212454212454213,0.310989010989011,3.744347826086957,3.745465253239105
2991,69,Female,Shirt,Clothing,91,Illinois,M,Teal,Fall,4.2,No,Venmo,Free Shipping,No,No,24,Venmo,Monthly,91,12.0,3.2188758248682006,38.626509898418405,0.0,0.0,0.0,0.0,0.04322344322344322,0.4564102564102564,3.669491525423729,3.726725521669342
3555,39,Female,Dress,Clothing,55,Louisiana,M,Indigo,Spring,5.0,No,Bank Transfer,Free Shipping,No,No,5,Credit Card,Fortnightly,55,26.0,1.791759469228055,46.58574619992943,0.0,0.0,0.0,0.0,0.044322344322344324,0.4564102564102564,3.7479338842975207,3.726725521669342
3462,51,Female,Shoes,Footwear,23,Wyoming,S,Maroon,Spring,4.4,No,Venmo,Standard,No,No,47,Cash,Quarterly,23,4.0,3.871201010907891,15.484804043631565,0.0,0.0,0.0,0.0,0.036996336996337,0.14908424908424908,3.7099009900990096,3.7808353808353807
2892,47,Female,T-shirt,Clothing,73,Ohio,XL,Black,Winter,2.5,No,Venmo,Free Shipping,No,No,10,PayPal,Monthly,73,12.0,2.3978952727983707,28.774743273580448,0.0,0.0,0.0,0.0,0.034432234432234435,0.4564102564102564,3.8138297872340425,3.726725521669342
721,33,Male,Jewelry,Accessories,62,New Mexico,L,Orange,Fall,3.4,Yes,Bank Transfer,Free Shipping,Yes,Yes,19,Debit Card,Weekly,62,52.0,2.995732273553991,155.77807822480753,1.0,1.0,1.0,1.0,0.04212454212454213,0.310989010989011,3.744347826086957,3.745465253239105
3835,43,Female,Hoodie,Clothing,59,Tennessee,M,Magenta,Winter,4.1,No,Debit Card,2-Day Shipping,No,No,17,Cash,Quarterly,59,4.0,2.8903717578961645,11.561487031584658,0.0,0.0,0.0,0.0,0.03882783882783883,0.4564102564102564,3.776415094339623,3.726725521669342
1983,41,Male,Sunglasses,Accessories,77,Kansas,M,Turquoise,Summer,2.7,No,PayPal,2-Day Shipping,No,No,32,PayPal,Monthly,77,12.0,3.4965075614664802,41.958090737597765,0.0,0.0,0.0,0.0,0.0380952380952381,0.310989010989011,3.7211538461538463,3.745465253239105
2588,55,Male,Scarf,Accessories,29,Connecticut,M,Purple,Winter,3.7,No,PayPal,Express,No,No,29,PayPal,Every 3 Months,29,4.0,3.4011973816621555,13.604789526648622,0.0,0.0,0.0,0.0,0.03772893772893773,0.310989010989011,3.721359223300971,3.745465253239105
498,43,Male,Sneakers,Footwear,39,Oklahoma,S,Silver,Winter,4.6,Yes,Bank Transfer,Free Shipping,Yes,Yes,31,Cash,Weekly,39,52.0,3.4657359027997265,180.21826694558578,1.0,1.0,1.0,1.0,0.03626373626373627,0.14908424908424908,3.749494949494949,3.7808353808353807
1809,67,Male,Jacket,Outerwear,71,Tennessee,M,Lavender,Spring,4.3,No,Credit Card,Next Day Air,No,No,7,Debit Card,Monthly,71,12.0,2.0794415416798357,24.953298500158027,0.0,0.0,0.0,0.0,0.04249084249084249,0.08351648351648351,3.752586206896552,3.7504385964912283
3229,37,Female,Jewelry,Accessories,95,Connecticut,M,Yellow,Spring,4.6,No,Credit Card,2-Day Shipping,No,No,27,PayPal,Annually,95,1.0,3.332204510175204,3.332204510175204,0.0,0.0,0.0,0.0,0.04212454212454213,0.310989010989011,3.744347826086957,3.745465253239105
152,28,Male,Sunglasses,Accessories,47,North Dakota,L,Turquoise,Fall,4.5,Yes,Debit Card,Next Day Air,Yes,Yes,3,Venmo,Annually,47,1.0,1.3862943611198906,1.3862943611198906,1.0,1.0,1.0,1.0,0.0380952380952381,0.310989010989011,3.7211538461538463,3.745465253239105
3437,57,Female,Belt,Accessories,83,Nebraska,L,Peach,Winter,2.8,No,Venmo,2-Day Shipping,No,No,41,Bank Transfer,Monthly,83,12.0,3.7376696182833684,44.85203541940042,0.0,0.0,0.0,0.0,0.04395604395604396,0.310989010989011,3.73,3.745465253239105
2179,21,Male,Jewelry,Accessories,98,Florida,M,Gold,Summer,4.7,No,Debit Card,Standard,No,No,32,Venmo,Annually,98,1.0,3.4965075614664802,3.4965075614664802,0.0,0.0,0.0,0.0,0.04212454212454213,0.310989010989011,3.744347826086957,3.745465253239105
1490,24,Male,Jewelry,Accessories,26,Missouri,XL,Magenta,Summer,4.1,No,PayPal,Next Day Air,Yes,Yes,42,Venmo,Quarterly,26,4.0,3.7612001156935624,15.04480046277425,0.0,1.0,1.0,1.0,0.04212454212454213,0.310989010989011,3.744347826086957,3.745465253239105
1702,69,Male,Handbag,Accessories,41,Mississippi,XL,Blue,Winter,3.8,No,PayPal,Next Day Air,No,No,44,Debit Card,Every 3 Months,41,4.0,3.8066624897703196,15.226649959081278,0.0,0.0,0.0,0.0,0.03882783882783883,0.310989010989011,3.7216981132075473,3.745465253239105
2704,56,Female,Scarf,Accessories,42,Tennessee,XL,Olive,Winter,4.4,No,Bank Transfer,Free Shipping,No,No,34,PayPal,Weekly,42,52.0,3.5553480614894135,184.8780991974495,0.0,0.0,0.0,0.0,0.03772893772893773,0.310989010989011,3.721359223300971,3.745465253239105
2346,28,Male,T-shirt,Clothing,32,New York,S,Orange,Winter,3.3,No,Bank Transfer,Express,No,No,23,Bank Transfer,Every 3 Months,32,4.0,3.1780538303479458,12.712215321391783,0.0,0.0,0.0,0.0,0.034432234432234435,0.4564102564102564,3.8138297872340425,3.726725521669342
568,21,Male,Blouse,Clothing,50,New Hampshire,S,Red,Winter,3.0,Yes,Venmo,Next Day Air,Yes,Yes,24,Venmo,Fortnightly,50,26.0,3.2188758248682006,83.69077144657321,1.0,1.0,1.0,1.0,0.047619047619047616,0.4564102564102564,3.733076923076923,3.726725521669342
1119,49,Male,Belt,Accessories,65,Indiana,M,Purple,Summer,4.9,No,Debit Card,Standard,Yes,Yes,11,PayPal,Every 3 Months,65,4.0,2.4849066497880004,9.939626599152001,0.0,1.0,1.0,1.0,0.04395604395604396,0.310989010989011,3.73,3.745465253239105
867,67,Male,Sunglasses,Accessories,69,New Mexico,M,Lavender,Summer,2.7,Yes,Credit Card,Free Shipping,Yes,Yes,11,PayPal,Bi-Weekly,69,26.0,2.4849066497880004,64.60757289448802,1.0,1.0,1.0,1.0,0.0380952380952381,0.310989010989011,3.7211538461538463,3.745465253239105
1053,60,Male,Shoes,Footwear,36,Virginia,XL,Pink,Fall,3.0,Yes,Venmo,2-Day Shipping,Yes,Yes,1,Credit Card,Fortnightly,36,26.0,0.6931471805599453,18.021826694558577,1.0,1.0,1.0,1.0,0.036996336996337,0.14908424908424908,3.7099009900990096,3.7808353808353807
2054,19,Male,Sunglasses,Accessories,60,Wyoming,S,Purple,Spring,4.5,No,Bank Transfer,2-Day Shipping,No,No,16,Credit Card,Fortnightly,60,26.0,2.833213344056216,73.66354694546162,0.0,0.0,0.0,0.0,0.0380952380952381,0.310989010989011,3.7211538461538463,3.745465253239105
3247,70,Female,Sneakers,Footwear,98,Michigan,M,Magenta,Summer,2.9,No,Venmo,Store Pickup,No,No,37,Cash,Monthly,98,12.0,3.6375861597263857,43.65103391671663,0.0,0.0,0.0,0.0,0.03626373626373627,0.14908424908424908,3.749494949494949,3.7808353808353807
2260,60,Male,Jeans,Clothing,96,Florida,XL,Beige,Spring,3.3,No,Venmo,Free Shipping,No,No,24,Cash,Annually,96,1.0,3.2188758248682006,3.2188758248682006,0.0,0.0,0.0,0.0,0.03406593406593406,0.4564102564102564,3.6,3.726725521669342
1895,42,Male,Hoodie,Clothing,90,Arizona,M,Purple,Fall,2.5,No,Credit Card,Free Shipping,No,No,48,Debit Card,Bi-Weekly,90,26.0,3.8918202981106265,101.18732775087629,0.0,0.0,0.0,0.0,0.03882783882783883,0.4564102564102564,3.776415094339623,3.726725521669342
874,51,Male,Boots,Footwear,77,Mississippi,M,Pink,Summer,4.2,Yes,PayPal,Free Shipping,Yes,Yes,24,Venmo,Quarterly,77,4.0,3.2188758248682006,12.875503299472802,1.0,1.0,1.0,1.0,0.036996336996337,0.14908424908424908,3.8237623762376236,3.7808353808353807
3002,29,Female,Coat,Outerwear,29,Montana,L,Charcoal,Summer,4.7,No,Credit Card,Express,No,No,28,Credit Card,Quarterly,29,4.0,3.367295829986474,13.469183319945897,0.0,0.0,0.0,0.0,0.041025641025641026,0.08351648351648351,3.748214285714286,3.7504385964912283
1102,30,Male,Gloves,Accessories,76,Delaware,XL,Silver,Fall,3.0,No,Cash,Free Shipping,Yes,Yes,39,Cash,Fortnightly,76,26.0,3.6888794541139363,95.91086580696235,0.0,1.0,1.0,1.0,0.03626373626373627,0.310989010989011,3.8666666666666667,3.745465253239105
2705,52,Female,Dress,Clothing,54,Tennessee,L,Beige,Spring,3.4,No,Credit Card,Next Day Air,No,No,35,Debit Card,Weekly,54,52.0,3.58351893845611,186.34298479971773,0.0,0.0,0.0,0.0,0.044322344322344324,0.4564102564102564,3.7479338842975207,3.726725521669342
1827,45,Male,T-shirt,Clothing,60,Indiana,M,Turquoise,Winter,4.2,No,PayPal,Express,No,No,44,Debit Card,Annually,60,1.0,3.8066624897703196,3.8066624897703196,0.0,0.0,0.0,0.0,0.034432234432234435,0.4564102564102564,3.8138297872340425,3.726725521669342
496,33,Male,Handbag,Accessories,36,Michigan,XL,Cyan,Fall,3.3,Yes,Credit Card,Free Shipping,Yes,Yes,6,Debit Card,Fortnightly,36,26.0,1.9459101490553132,50.593663875438146,1.0,1.0,1.0,1.0,0.03882783882783883,0.310989010989011,3.7216981132075473,3.745465253239105
886,41,Male,Dress,Clothing,99,Ohio,L,Purple,Fall,4.4,Yes,Credit Card,Free Shipping,Yes,Yes,49,Debit Card,Every 3 Months,99,4.0,3.912023005428146,15.648092021712584,1.0,1.0,1.0,1.0,0.044322344322344324,0.4564102564102564,3.7479338842975207,3.726725521669342
2890,64,Female,Sunglasses,Accessories,43,Minnesota,M,Charcoal,Fall,3.3,No,Credit Card,Store Pickup,No,No,21,Venmo,Annually,43,1.0,3.091042453358316,3.091042453358316,0.0,0.0,0.0,0.0,0.0380952380952381,0.310989010989011,3.7211538461538463,3.745465253239105
2263,53,Male,Backpack,Accessories,22,Arizona,M,Green,Winter,3.1,No,Venmo,2-Day Shipping,No,No,50,PayPal,Monthly,22,12.0,3.9318256327243257,47.18190759269191,0.0,0.0,0.0,0.0,0.03553113553113553,0.310989010989011,3.693814432989691,3.745465253239105
1728,49,Male,Blouse,Clothing,53,Virginia,S,Violet,Spring,4.0,No,Credit Card,Express,No,No,19,PayPal,Monthly,53,12.0,2.995732273553991,35.94878728264789,0.0,0.0,0.0,0.0,0.047619047619047616,0.4564102564102564,3.733076923076923,3.726725521669342
3328,47,Female,Shorts,Clothing,64,Connecticut,M,Black,Spring,4.1,No,Bank Transfer,Express,No,No,2,Debit Card,Quarterly,64,4.0,1.0986122886681098,4.394449154672439,0.0,0.0,0.0,0.0,0.04212454212454213,0.4564102564102564,3.6730434782608694,3.726725521669342
2070,36,Male,T-shirt,Clothing,82,Texas,M,Indigo,Fall,3.4,No,Cash,Free Shipping,No,No,3,Debit Card,Quarterly,82,4.0,1.3862943611198906,5.545177444479562,0.0,0.0,0.0,0.0,0.034432234432234435,0.4564102564102564,3.8138297872340425,3.726725521669342
3072,23,Female,Sweater,Clothing,41,New Hampshire,L,Turquoise,Spring,3.4,No,Debit Card,Next Day Air,No,No,6,PayPal,Monthly,41,12.0,1.9459101490553132,23.350921788663758,0.0,0.0,0.0,0.0,0.04468864468864469,0.4564102564102564,3.7147540983606557,3.726725521669342
462,18,Male,Boots,Footwear,93,Ohio,M,Yellow,Winter,3.9,Yes,Cash,Express,Yes,Yes,20,Venmo,Weekly,93,52.0,3.044522437723423,158.315166761618,1.0,1.0,1.0,1.0,0.036996336996337,0.14908424908424908,3.8237623762376236,3.7808353808353807
419,18,Male,Sweater,Clothing,73,Illinois,L,Purple,Spring,3.0,Yes,Cash,Standard,Yes,Yes,27,Venmo,Bi-Weekly,73,26.0,3.332204510175204,86.63731726455529,1.0,1.0,1.0,1.0,0.04468864468864469,0.4564102564102564,3.7147540983606557,3.726725521669342
436,51,Male,Coat,Outerwear,28,Montana,XL,Olive,Winter,3.6,Yes,PayPal,Next Day Air,Yes,Yes,42,Bank Transfer,Monthly,28,12.0,3.7612001156935624,45.13440138832275,1.0,1.0,1.0,1.0,0.041025641025641026,0.08351648351648351,3.748214285714286,3.7504385964912283
1402,23,Male,Sandals,Footwear,59,Indiana,M,Blue,Fall,3.5,No,Cash,2-Day Shipping,Yes,Yes,1,PayPal,Weekly,59,52.0,0.6931471805599453,36.04365338911715,0.0,1.0,1.0,1.0,0.03882783882783883,0.14908424908424908,3.8367924528301884,3.7808353808353807
442,43,Male,Hoodie,Clothing,81,Florida,M,Maroon,Winter,4.2,Yes,Bank Transfer,Standard,Yes,Yes,32,Credit Card,Annually,81,1.0,3.4965075614664802,3.4965075614664802,1.0,1.0,1.0,1.0,0.03882783882783883,0.4564102564102564,3.776415094339623,3.726725521669342
3005,45,Female,Skirt,Clothing,79,Arizona,M,Lavender,Winter,3.7,No,Venmo,Store Pickup,No,No,23,Venmo,Fortnightly,79,26.0,3.1780538303479458,82.62939958904659,0.0,0.0,0.0,0.0,0.041758241758241756,0.4564102564102564,3.816666666666667,3.726725521669342
1678,65,Male,Jeans,Clothing,35,Oregon,L,Silver,Summer,3.3,No,PayPal,Next Day Air,No,No,41,Debit Card,Weekly,35,52.0,3.7376696182833684,194.35882015073517,0.0,0.0,0.0,0.0,0.03406593406593406,0.4564102564102564,3.6,3.726725521669342
942,39,Male,Handbag,Accessories,35,Illinois,L,Black,Winter,4.5,Yes,Bank Transfer,2-Day Shipping,Yes,Yes,38,PayPal,Every 3 Months,35,4.0,3.6635616461296463,14.654246584518585,1.0,1.0,1.0,1.0,0.03882783882783883,0.310989010989011,3.7216981132075473,3.745465253239105
3816,32,Female,Hat,Accessories,44,Maine,M,Brown,Fall,4.3,No,Venmo,Express,No,No,12,Venmo,Fortnightly,44,26.0,2.5649493574615367,66.68868329399996,0.0,0.0,0.0,0.0,0.038461538461538464,0.310989010989011,3.7695238095238097,3.745465253239105
2323,39,Male,Coat,Outerwear,84,Connecticut,S,Lavender,Spring,4.5,No,Cash,Store Pickup,No,No,21,Venmo,Fortnightly,84,26.0,3.091042453358316,80.36710378731621,0.0,0.0,0.0,0.0,0.041025641025641026,0.08351648351648351,3.748214285714286,3.7504385964912283
1249,62,Male,Hat,Accessories,37,Wisconsin,XL,Red,Winter,3.0,No,Credit Card,Free Shipping,Yes,Yes,8,Credit Card,Annually,37,1.0,2.1972245773362196,2.1972245773362196,0.0,1.0,1.0,1.0,0.038461538461538464,0.310989010989011,3.7695238095238097,3.745465253239105
2766,64,Female,Gloves,Accessories,70,Colorado,M,Purple,Summer,4.3,No,Cash,2-Day Shipping,No,No,24,Credit Card,Quarterly,70,4.0,3.2188758248682006,12.875503299472802,0.0,0.0,0.0,0.0,0.03626373626373627,0.310989010989011,3.8666666666666667,3.745465253239105
2069,70,Male,Jewelry,Accessories,81,Vermont,XL,Black,Summer,3.9,No,Credit Card,Store Pickup,No,No,44,Venmo,Monthly,81,12.0,3.8066624897703196,45.679949877243835,0.0,0.0,0.0,0.0,0.04212454212454213,0.310989010989011,3.744347826086957,3.745465253239105
286,29,Male,Handbag,Accessories,39,Kentucky,XL,Yellow,Summer,4.8,Yes,Credit Card,Express,Yes,Yes,3,Debit Card,Bi-Weekly,39,26.0,1.3862943611198906,36.04365338911715,1.0,1.0,1.0,1.0,0.03882783882783883,0.310989010989011,3.7216981132075473,3.745465253239105
3667,67,Female,Jewelry,Accessories,50,Alabama,M,Olive,Winter,3.0,No,Credit Card,2-Day Shipping,No,No,47,Cash,Every 3 Months,50,4.0,3.871201010907891,15.484804043631565,0.0,0.0,0.0,0.0,0.04212454212454213,0.310989010989011,3.744347826086957,3.745465253239105
1619,63,Male,Sandals,Footwear,72,Michigan,L,Purple,Summer,5.0,No,Venmo,Standard,Yes,Yes,39,Debit Card,Quarterly,72,4.0,3.6888794541139363,14.755517816455745,0.0,1.0,1.0,1.0,0.03882783882783883,0.14908424908424908,3.8367924528301884,3.7808353808353807
2416,21,Male,Coat,Outerwear,34,Hawaii,XL,Lavender,Fall,4.3,No,Cash,Standard,No,No,30,Bank Transfer,Weekly,34,52.0,3.4339872044851463,178.5673346332276,0.0,0.0,0.0,0.0,0.041025641025641026,0.08351648351648351,3.748214285714286,3.7504385964912283
2394,58,Male,Socks,Clothing,97,Louisiana,M,Brown,Winter,5.0,No,Debit Card,2-Day Shipping,No,No,38,PayPal,Every 3 Months,97,4.0,3.6635616461296463,14.654246584518585,0.0,0.0,0.0,0.0,0.03882783882783883,0.4564102564102564,3.7150943396226417,3.726725521669342
373,24,Male,Sweater,Clothing,85,Pennsylvania,L,Orange,Summer,3.7,Yes,Credit Card,Standard,Yes,Yes,7,Debit Card,Weekly,85,52.0,2.0794415416798357,108.13096016735146,1.0,1.0,1.0,1.0,0.04468864468864469,0.4564102564102564,3.7147540983606557,3.726725521669342
693,35,Male,Sunglasses,Accessories,95,North Dakota,M,Cyan,Spring,4.0,Yes,Venmo,2-Day Shipping,Yes,Yes,40,Debit Card,Every 3 Months,95,4.0,3.713572066704308,14.854288266817232,1.0,1.0,1.0,1.0,0.0380952380952381,0.310989010989011,3.7211538461538463,3.745465253239105
423,47,Male,Pants,Clothing,59,Minnesota,M,Purple,Fall,3.1,Yes,Bank Transfer,Store Pickup,Yes,Yes,32,Debit Card,Annually,59,1.0,3.4965075614664802,3.4965075614664802,1.0,1.0,1.0,1.0,0.04652014652014652,0.4564102564102564,3.729133858267717,3.726725521669342
2839,51,Female,Jacket,Outerwear,50,Maine,M,Blue,Fall,3.7,No,Venmo,Free Shipping,No,No,2,Bank Transfer,Weekly,50,52.0,1.0986122886681098,57.12783901074171,0.0,0.0,0.0,0.0,0.04249084249084249,0.08351648351648351,3.752586206896552,3.7504385964912283
5,45,Male,Blouse,Clothing,49,Oregon,M,Turquoise,Spring,2.7,Yes,Cash,Free Shipping,Yes,Yes,31,PayPal,Annually,49,1.0,3.4657359027997265,3.4657359027997265,1.0,1.0,1.0,1.0,0.047619047619047616,0.4564102564102564,3.733076923076923,3.726725521669342
2414,69,Male,Shorts,Clothing,95,Pennsylvania,XL,Violet,Fall,2.7,No,Bank Transfer,2-Day Shipping,No,No,30,Bank Transfer,Weekly,95,52.0,3.4339872044851463,178.5673346332276,0.0,0.0,0.0,0.0,0.04212454212454213,0.4564102564102564,3.6730434782608694,3.726725521669342
217,43,Male,Shorts,Clothing,61,Massachusetts,L,Yellow,Spring,3.7,Yes,Cash,Free Shipping,Yes,Yes,21,Venmo,Weekly,61,52.0,3.091042453358316,160.73420757463242,1.0,1.0,1.0,1.0,0.04212454212454213,0.4564102564102564,3.6730434782608694,3.726725521669342
2419,22,Male,Pants,Clothing,69,Michigan,S,Indigo,Fall,4.0,No,Bank Transfer,Next Day Air,No,No,47,Cash,Every 3 Months,69,4.0,3.871201010907891,15.484804043631565,0.0,0.0,0.0,0.0,0.04652014652014652,0.4564102564102564,3.729133858267717,3.726725521669342
2343,20,Male,Skirt,Clothing,89,Tennessee,M,Olive,Fall,4.9,No,Credit Card,Standard,No,No,16,Debit Card,Fortnightly,89,26.0,2.833213344056216,73.66354694546162,0.0,0.0,0.0,0.0,0.041758241758241756,0.4564102564102564,3.816666666666667,3.726725521669342
3240,33,Female,Sunglasses,Accessories,32,Colorado,M,Charcoal,Fall,2.7,No,Credit Card,2-Day Shipping,No,No,30,Cash,Monthly,32,12.0,3.4339872044851463,41.20784645382176,0.0,0.0,0.0,0.0,0.0380952380952381,0.310989010989011,3.7211538461538463,3.745465253239105
192,64,Male,Hat,Accessories,76,Utah,M,Gray,Fall,3.9,Yes,Credit Card,Free Shipping,Yes,Yes,29,Cash,Every 3 Months,76,4.0,3.4011973816621555,13.604789526648622,1.0,1.0,1.0,1.0,0.038461538461538464,0.310989010989011,3.7695238095238097,3.745465253239105
1504,50,Male,Jacket,Outerwear,30,Michigan,M,Maroon,Fall,3.9,No,Cash,2-Day Shipping,Yes,Yes,46,Cash,Quarterly,30,4.0,3.8501476017100584,15.400590406840234,0.0,1.0,1.0,1.0,0.04249084249084249,0.08351648351648351,3.752586206896552,3.7504385964912283
3694,66,Female,Blouse,Clothing,46,South Dakota,M,Violet,Summer,4.7,No,Debit Card,2-Day Shipping,No,No,10,Venmo,Weekly,46,52.0,2.3978952727983707,124.69055418551528,0.0,0.0,0.0,0.0,0.047619047619047616,0.4564102564102564,3.733076923076923,3.726725521669342
31,57,Male,Jewelry,Accessories,31,North Carolina,L,Black,Winter,4.7,Yes,Bank Transfer,Standard,Yes,Yes,16,Credit Card,Monthly,31,12.0,2.833213344056216,33.9985601286746,1.0,1.0,1.0,1.0,0.04212454212454213,0.310989010989011,3.744347826086957,3.745465253239105
1324,58,Male,Shorts,Clothing,62,New York,M,Yellow,Spring,4.6,No,Cash,Standard,Yes,Yes,15,Debit Card,Every 3 Months,62,4.0,2.772588722239781,11.090354888959125,0.0,1.0,1.0,1.0,0.04212454212454213,0.4564102564102564,3.6730434782608694,3.726725521669342
1027,49,Male,Handbag,Accessories,95,Virginia,L,Turquoise,Winter,3.0,Yes,Venmo,Express,Yes,Yes,39,PayPal,Bi-Weekly,95,26.0,3.6888794541139363,95.91086580696235,1.0,1.0,1.0,1.0,0.03882783882783883,0.310989010989011,3.7216981132075473,3.745465253239105
2136,34,Male,Sunglasses,Accessories,94,California,S,Yellow,Winter,4.6,No,Credit Card,Next Day Air,No,No,1,Debit Card,Every 3 Months,94,4.0,0.6931471805599453,2.772588722239781,0.0,0.0,0.0,0.0,0.0380952380952381,0.310989010989011,3.7211538461538463,3.745465253239105
1708,25,Male,Shorts,Clothing,81,Nevada,L,Maroon,Fall,4.9,No,Credit Card,2-Day Shipping,No,No,25,Cash,Bi-Weekly,81,26.0,3.258096538021482,84.71050998855854,0.0,0.0,0.0,0.0,0.04212454212454213,0.4564102564102564,3.6730434782608694,3.726725521669342
3037,50,Female,Hoodie,Clothing,58,Vermont,S,Violet,Spring,4.3,No,PayPal,Next Day Air,No,No,7,Venmo,Fortnightly,58,26.0,2.0794415416798357,54.06548008367573,0.0,0.0,0.0,0.0,0.03882783882783883,0.4564102564102564,3.776415094339623,3.726725521669342
961,18,Male,Jewelry,Accessories,48,Louisiana,XL,Indigo,Spring,4.4,Yes,Debit Card,Standard,Yes,Yes,20,Venmo,Quarterly,48,4.0,3.044522437723423,12.178089750893692,1.0,1.0,1.0,1.0,0.04212454212454213,0.310989010989011,3.744347826086957,3.745465253239105
2591,57,Male,Gloves,Accessories,66,California,M,Turquoise,Summer,5.0,No,PayPal,Free Shipping,No,No,35,Venmo,Annually,66,1.0,3.58351893845611,3.58351893845611,0.0,0.0,0.0,0.0,0.03626373626373627,0.310989010989011,3.8666666666666667,3.745465253239105
1406,33,Male,Socks,Clothing,100,New Hampshire,M,Peach,Winter,2.7,No,Cash,Store Pickup,Yes,Yes,39,Credit Card,Monthly,100,12.0,3.6888794541139363,44.26655344936724,0.0,1.0,1.0,1.0,0.03882783882783883,0.4564102564102564,3.7150943396226417,3.726725521669342
681,58,Male,Sneakers,Footwear,25,Tennessee,M,Magenta,Spring,4.2,Yes,Venmo,Express,Yes,Yes,3,PayPal,Annually,25,1.0,1.3862943611198906,1.3862943611198906,1.0,1.0,1.0,1.0,0.03626373626373627,0.14908424908424908,3.749494949494949,3.7808353808353807
2903,27,Female,Boots,Footwear,32,North Carolina,S,Orange,Spring,4.6,No,Debit Card,Standard,No,No,19,PayPal,Bi-Weekly,32,26.0,2.995732273553991,77.88903911240376,0.0,0.0,0.0,0.0,0.036996336996337,0.14908424908424908,3.8237623762376236,3.7808353808353807
1986,23,Male,Gloves,Accessories,97,Tennessee,M,Gold,Spring,3.9,No,Cash,2-Day Shipping,No,No,6,Credit Card,Fortnightly,97,26.0,1.9459101490553132,50.593663875438146,0.0,0.0,0.0,0.0,0.03626373626373627,0.310989010989011,3.8666666666666667,3.745465253239105
2654,67,Female,Blouse,Clothing,36,Wisconsin,L,Lavender,Fall,4.8,No,Credit Card,Express,No,No,24,Venmo,Every 3 Months,36,4.0,3.2188758248682006,12.875503299472802,0.0,0.0,0.0,0.0,0.047619047619047616,0.4564102564102564,3.733076923076923,3.726725521669342
579,69,Male,Sandals,Footwear,90,Maine,M,Purple,Fall,4.6,Yes,Debit Card,Next Day Air,Yes,Yes,22,Credit Card,Fortnightly,90,26.0,3.1354942159291497,81.52284961415789,1.0,1.0,1.0,1.0,0.03882783882783883,0.14908424908424908,3.8367924528301884,3.7808353808353807
1419,18,Male,Shirt,Clothing,75,Alabama,M,Violet,Summer,4.1,No,Bank Transfer,2-Day Shipping,Yes,Yes,23,Venmo,Every 3 Months,75,4.0,3.1780538303479458,12.712215321391783,0.0,1.0,1.0,1.0,0.04322344322344322,0.4564102564102564,3.669491525423729,3.726725521669342
1840,32,Male,Shirt,Clothing,78,Mississippi,XL,Purple,Winter,3.7,No,Venmo,Store Pickup,No,No,32,Cash,Annually,78,1.0,3.4965075614664802,3.4965075614664802,0.0,0.0,0.0,0.0,0.04322344322344322,0.4564102564102564,3.669491525423729,3.726725521669342
930,59,Male,Boots,Footwear,94,Nebraska,M,White,Fall,4.5,Yes,Venmo,2-Day Shipping,Yes,Yes,26,Debit Card,Fortnightly,94,26.0,3.295836866004329,85.69175851611256,1.0,1.0,1.0,1.0,0.036996336996337,0.14908424908424908,3.8237623762376236,3.7808353808353807
3674,32,Female,Socks,Clothing,28,Rhode Island,M,Pink,Summer,4.2,No,Debit Card,2-Day Shipping,No,No,31,Bank Transfer,Fortnightly,28,26.0,3.4657359027997265,90.10913347279289,0.0,0.0,0.0,0.0,0.03882783882783883,0.4564102564102564,3.7150943396226417,3.726725521669342
3419,53,Female,Jacket,Outerwear,30,South Carolina,M,Beige,Summer,2.8,No,Cash,Free Shipping,No,No,35,Debit Card,Annually,30,1.0,3.58351893845611,3.58351893845611,0.0,0.0,0.0,0.0,0.04249084249084249,0.08351648351648351,3.752586206896552,3.7504385964912283
919,65,Male,Shorts,Clothing,42,North Carolina,M,Orange,Spring,4.3,Yes,Cash,2-Day Shipping,Yes,Yes,11,Cash,Fortnightly,42,26.0,2.4849066497880004,64.60757289448802,1.0,1.0,1.0,1.0,0.04212454212454213,0.4564102564102564,3.6730434782608694,3.726725521669342
613,67,Male,Hat,Accessories,43,New Hampshire,L,Lavender,Fall,4.6,Yes,PayPal,Express,Yes,Yes,33,Credit Card,Quarterly,43,4.0,3.5263605246161616,14.105442098464646,1.0,1.0,1.0,1.0,0.038461538461538464,0.310989010989011,3.7695238095238097,3.745465253239105
2612,33,Male,Jacket,Outerwear,99,Michigan,L,Maroon,Fall,4.2,No,Cash,2-Day Shipping,No,No,4,Cash,Fortnightly,99,26.0,1.6094379124341003,41.845385723286604,0.0,0.0,0.0,0.0,0.04249084249084249,0.08351648351648351,3.752586206896552,3.7504385964912283
2746,28,Female,Boots,Footwear,98,Michigan,M,Magenta,Summer,4.1,No,Bank Transfer,Standard,No,No,44,PayPal,Bi-Weekly,98,26.0,3.8066624897703196,98.9732247340283,0.0,0.0,0.0,0.0,0.036996336996337,0.14908424908424908,3.8237623762376236,3.7808353808353807
2,19,Male,Sweater,Clothing,64,Maine,L,Maroon,Winter,3.1,Yes,Bank Transfer,Express,Yes,Yes,2,Cash,Fortnightly,64,26.0,1.0986122886681098,28.563919505370855,1.0,1.0,1.0,1.0,0.04468864468864469,0.4564102564102564,3.7147540983606557,3.726725521669342
1412,48,Male,Skirt,Clothing,24,Louisiana,L,Green,Summer,2.8,No,PayPal,Store Pickup,Yes,Yes,13,Venmo,Quarterly,24,4.0,2.6390573296152584,10.556229318461034,0.0,1.0,1.0,1.0,0.041758241758241756,0.4564102564102564,3.816666666666667,3.726725521669342
2626,30,Male,Skirt,Clothing,51,Colorado,L,Cyan,Summer,2.7,No,Bank Transfer,Standard,No,No,31,Credit Card,Weekly,51,52.0,3.4657359027997265,180.21826694558578,0.0,0.0,0.0,0.0,0.041758241758241756,0.4564102564102564,3.816666666666667,3.726725521669342
1770,32,Male,Socks,Clothing,75,Alaska,L,Brown,Winter,4.3,No,Credit Card,Free Shipping,No,No,45,Cash,Monthly,75,12.0,3.828641396489095,45.94369675786914,0.0,0.0,0.0,0.0,0.03882783882783883,0.4564102564102564,3.7150943396226417,3.726725521669342
784,63,Male,T-shirt,Clothing,65,Louisiana,L,Purple,Winter,4.5,Yes,Debit Card,Next Day Air,Yes,Yes,38,PayPal,Fortnightly,65,26.0,3.6635616461296463,95.2526027993708,1.0,1.0,1.0,1.0,0.034432234432234435,0.4564102564102564,3.8138297872340425,3.726725521669342
2627,50,Male,Jacket,Outerwear,46,Rhode Island,XL,Silver,Fall,4.2,No,Bank Transfer,Express,No,No,30,Credit Card,Every 3 Months,46,4.0,3.4339872044851463,13.735948817940585,0.0,0.0,0.0,0.0,0.04249084249084249,0.08351648351648351,3.752586206896552,3.7504385964912283
2877,65,Female,Hoodie,Clothing,84,New Mexico,M,Charcoal,Spring,3.4,No,Credit Card,2-Day Shipping,No,No,5,Bank Transfer,Fortnightly,84,26.0,1.791759469228055,46.58574619992943,0.0,0.0,0.0,0.0,0.03882783882783883,0.4564102564102564,3.776415094339623,3.726725521669342
3075,26,Female,Boots,Footwear,55,Massachusetts,L,Maroon,Winter,4.2,No,Bank Transfer,Next Day Air,No,No,34,Debit Card,Fortnightly,55,26.0,3.5553480614894135,92.43904959872475,0.0,0.0,0.0,0.0,0.036996336996337,0.14908424908424908,3.8237623762376236,3.7808353808353807
3382,57,Female,Hat,Accessories,66,Minnesota,L,Turquoise,Winter,4.7,No,Bank Transfer,Standard,No,No,27,Credit Card,Quarterly,66,4.0,3.332204510175204,13.328818040700815,0.0,0.0,0.0,0.0,0.038461538461538464,0.310989010989011,3.7695238095238097,3.745465253239105
3365,50,Female,Scarf,Accessories,33,Oregon,M,Peach,Fall,3.2,No,Cash,Standard,No,No,7,Credit Card,Monthly,33,12.0,2.0794415416798357,24.953298500158027,0.0,0.0,0.0,0.0,0.03772893772893773,0.310989010989011,3.721359223300971,3.745465253239105
3203,65,Female,Scarf,Accessories,37,Wisconsin,L,Green,Fall,4.5,No,Bank Transfer,Standard,No,No,38,Venmo,Annually,37,1.0,3.6635616461296463,3.6635616461296463,0.0,0.0,0.0,0.0,0.03772893772893773,0.310989010989011,3.721359223300971,3.745465253239105
1153,62,Male,Handbag,Accessories,49,Connecticut,M,Gold,Fall,4.0,No,Cash,Standard,Yes,Yes,8,PayPal,Every 3 Months,49,4.0,2.1972245773362196,8.788898309344878,0.0,1.0,1.0,1.0,0.03882783882783883,0.310989010989011,3.7216981132075473,3.745465253239105
3853,65,Female,Hat,Accessories,79,Mississippi,M,Peach,Fall,4.0,No,Credit Card,2-Day Shipping,No,No,19,PayPal,Weekly,79,52.0,2.995732273553991,155.77807822480753,0.0,0.0,0.0,0.0,0.038461538461538464,0.310989010989011,3.7695238095238097,3.745465253239105
3490,48,Female,Dress,Clothing,26,Idaho,L,Black,Summer,4.6,No,Bank Transfer,2-Day Shipping,No,No,32,PayPal,Every 3 Months,26,4.0,3.4965075614664802,13.986030245865921,0.0,0.0,0.0,0.0,0.044322344322344324,0.4564102564102564,3.7479338842975207,3.726725521669342
186,46,Male,T-shirt,Clothing,32,Wisconsin,XL,Silver,Summer,4.5,Yes,Bank Transfer,Store Pickup,Yes,Yes,34,Bank Transfer,Fortnightly,32,26.0,3.5553480614894135,92.43904959872475,1.0,1.0,1.0,1.0,0.034432234432234435,0.4564102564102564,3.8138297872340425,3.726725521669342
2564,69,Male,Backpack,Accessories,81,Massachusetts,XL,Gray,Winter,4.5,No,PayPal,Standard,No,No,1,Venmo,Every 3 Months,81,4.0,0.6931471805599453,2.772588722239781,0.0,0.0,0.0,0.0,0.03553113553113553,0.310989010989011,3.693814432989691,3.745465253239105
2669,59,Female,Coat,Outerwear,75,Texas,M,Black,Summer,4.8,No,Venmo,Next Day Air,No,No,9,PayPal,Quarterly,75,4.0,2.302585092994046,9.210340371976184,0.0,0.0,0.0,0.0,0.041025641025641026,0.08351648351648351,3.748214285714286,3.7504385964912283
3399,54,Female,Jeans,Clothing,60,Montana,L,Pink,Winter,3.8,No,Cash,Standard,No,No,44,Cash,Fortnightly,60,26.0,3.8066624897703196,98.9732247340283,0.0,0.0,0.0,0.0,0.03406593406593406,0.4564102564102564,3.6,3.726725521669342
2664,46,Female,Sneakers,Footwear,52,Wisconsin,L,Silver,Fall,2.9,No,Credit Card,Free Shipping,No,No,23,Bank Transfer,Annually,52,1.0,3.1780538303479458,3.1780538303479458,0.0,0.0,0.0,0.0,0.03626373626373627,0.14908424908424908,3.749494949494949,3.7808353808353807
3647,69,Female,Jewelry,Accessories,68,Nevada,M,Maroon,Spring,5.0,No,Credit Card,2-Day Shipping,No,No,39,Debit Card,Fortnightly,68,26.0,3.6888794541139363,95.91086580696235,0.0,0.0,0.0,0.0,0.04212454212454213,0.310989010989011,3.744347826086957,3.745465253239105
3638,32,Female,Boots,Footwear,66,Utah,L,Yellow,Winter,3.6,No,PayPal,Express,No,No,32,Credit Card,Fortnightly,66,26.0,3.4965075614664802,90.90919659812849,0.0,0.0,0.0,0.0,0.036996336996337,0.14908424908424908,3.8237623762376236,3.7808353808353807
2267,20,Male,Dress,Clothing,44,Missouri,M,Yellow,Fall,4.3,No,Bank Transfer,Store Pickup,No,No,32,Debit Card,Weekly,44,52.0,3.4965075614664802,181.81839319625698,0.0,0.0,0.0,0.0,0.044322344322344324,0.4564102564102564,3.7479338842975207,3.726725521669342
992,20,Male,Shorts,Clothing,97,Wisconsin,XL,White,Spring,2.7,Yes,Debit Card,Standard,Yes,Yes,40,Bank Transfer,Bi-Weekly,97,26.0,3.713572066704308,96.552873734312,1.0,1.0,1.0,1.0,0.04212454212454213,0.4564102564102564,3.6730434782608694,3.726725521669342
2132,19,Male,Shorts,Clothing,52,Montana,M,Red,Fall,3.6,No,Credit Card,Express,No,No,9,Bank Transfer,Fortnightly,52,26.0,2.302585092994046,59.867212417845195,0.0,0.0,0.0,0.0,0.04212454212454213,0.4564102564102564,3.6730434782608694,3.726725521669342
3207,36,Female,Boots,Footwear,52,California,M,Brown,Winter,3.0,No,Debit Card,Free Shipping,No,No,49,PayPal,Monthly,52,12.0,3.912023005428146,46.94427606513775,0.0,0.0,0.0,0.0,0.036996336996337,0.14908424908424908,3.8237623762376236,3.7808353808353807
1231,25,Male,Hat,Accessories,80,Illinois,L,Brown,Spring,4.6,No,Debit Card,Standard,Yes,Yes,49,Venmo,Monthly,80,12.0,3.912023005428146,46.94427606513775,0.0,1.0,1.0,1.0,0.038461538461538464,0.310989010989011,3.7695238095238097,3.745465253239105
397,46,Male,Dress,Clothing,88,South Carolina,S,Black,Fall,3.9,Yes,Bank Transfer,Standard,Yes,Yes,24,Bank Transfer,Annually,88,1.0,3.2188758248682006,3.2188758248682006,1.0,1.0,1.0,1.0,0.044322344322344324,0.4564102564102564,3.7479338842975207,3.726725521669342
3230,54,Female,Pants,Clothing,67,Connecticut,M,Teal,Fall,2.7,No,Debit Card,Express,No,No,24,Cash,Monthly,67,12.0,3.2188758248682006,38.626509898418405,0.0,0.0,0.0,0.0,0.04652014652014652,0.4564102564102564,3.729133858267717,3.726725521669342
872,47,Male,Handbag,Accessories,42,Hawaii,M,Charcoal,Spring,2.6,Yes,Bank Transfer,Next Day Air,Yes,Yes,45,Debit Card,Quarterly,42,4.0,3.828641396489095,15.31456558595638,1.0,1.0,1.0,1.0,0.03882783882783883,0.310989010989011,3.7216981132075473,3.745465253239105
1784,42,Male,Handbag,Accessories,49,Ohio,L,Lavender,Winter,3.3,No,Cash,Free Shipping,No,No,30,Credit Card,Monthly,49,12.0,3.4339872044851463,41.20784645382176,0.0,0.0,0.0,0.0,0.03882783882783883,0.310989010989011,3.7216981132075473,3.745465253239105
1334,29,Male,Pants,Clothing,69,Idaho,M,Lavender,Winter,2.7,No,Cash,Next Day Air,Yes,Yes,9,Bank Transfer,Quarterly,69,4.0,2.302585092994046,9.210340371976184,0.0,1.0,1.0,1.0,0.04652014652014652,0.4564102564102564,3.729133858267717,3.726725521669342
3664,65,Female,Backpack,Accessories,59,Florida,M,Green,Summer,4.4,No,Cash,Express,No,No,49,Credit Card,Weekly,59,52.0,3.912023005428146,203.42519628226358,0.0,0.0,0.0,0.0,0.03553113553113553,0.310989010989011,3.693814432989691,3.745465253239105
1543,59,Male,Blouse,Clothing,44,Hawaii,M,Maroon,Winter,3.5,No,Venmo,Next Day Air,Yes,Yes,43,PayPal,Weekly,44,52.0,3.784189633918261,196.77786096374956,0.0,1.0,1.0,1.0,0.047619047619047616,0.4564102564102564,3.733076923076923,3.726725521669342
1651,60,Male,Scarf,Accessories,36,Arkansas,M,Silver,Winter,3.4,No,Venmo,Next Day Air,Yes,Yes,46,Credit Card,Fortnightly,36,26.0,3.8501476017100584,100.10383764446152,0.0,1.0,1.0,1.0,0.03772893772893773,0.310989010989011,3.721359223300971,3.745465253239105
3536,68,Female,Shorts,Clothing,51,Mississippi,M,Red,Summer,5.0,No,Bank Transfer,Express,No,No,20,Debit Card,Monthly,51,12.0,3.044522437723423,36.53426925268108,0.0,0.0,0.0,0.0,0.04212454212454213,0.4564102564102564,3.6730434782608694,3.726725521669342
720,63,Male,Shorts,Clothing,22,Mississippi,L,Turquoise,Summer,3.3,Yes,Venmo,Next Day Air,Yes,Yes,42,Venmo,Bi-Weekly,22,26.0,3.7612001156935624,97.79120300803262,1.0,1.0,1.0,1.0,0.04212454212454213,0.4564102564102564,3.6730434782608694,3.726725521669342
453,45,Male,Pants,Clothing,45,Missouri,M,Violet,Summer,3.3,Yes,Debit Card,Express,Yes,Yes,39,PayPal,Fortnightly,45,26.0,3.6888794541139363,95.91086580696235,1.0,1.0,1.0,1.0,0.04652014652014652,0.4564102564102564,3.729133858267717,3.726725521669342
405,35,Male,T-shirt,Clothing,93,Delaware,M,Indigo,Spring,4.8,Yes,Credit Card,Store Pickup,Yes,Yes,11,Credit Card,Monthly,93,12.0,2.4849066497880004,29.818879797456006,1.0,1.0,1.0,1.0,0.034432234432234435,0.4564102564102564,3.8138297872340425,3.726725521669342
1700,20,Male,Sweater,Clothing,67,North Dakota,L,Teal,Spring,4.0,No,Bank Transfer,Free Shipping,No,No,34,Debit Card,Annually,67,1.0,3.5553480614894135,3.5553480614894135,0.0,0.0,0.0,0.0,0.04468864468864469,0.4564102564102564,3.7147540983606557,3.726725521669342
787,70,Male,Hat,Accessories,21,Indiana,S,Teal,Winter,4.8,Yes,Credit Card,Express,Yes,Yes,16,Bank Transfer,Every 3 Months,21,4.0,2.833213344056216,11.332853376224865,1.0,1.0,1.0,1.0,0.038461538461538464,0.310989010989011,3.7695238095238097,3.745465253239105
48,55,Male,Jewelry,Accessories,54,Montana,M,Charcoal,Winter,4.5,Yes,Debit Card,Free Shipping,Yes,Yes,36,Cash,Weekly,54,52.0,3.6109179126442243,187.76773145749968,1.0,1.0,1.0,1.0,0.04212454212454213,0.310989010989011,3.744347826086957,3.745465253239105
582,32,Male,Sweater,Clothing,100,Iowa,XL,Charcoal,Winter,2.7,Yes,Credit Card,Store Pickup,Yes,Yes,12,Bank Transfer,Every 3 Months,100,4.0,2.5649493574615367,10.259797429846147,1.0,1.0,1.0,1.0,0.04468864468864469,0.4564102564102564,3.7147540983606557,3.726725521669342
2035,61,Male,Shorts,Clothing,30,Alabama,M,Peach,Spring,2.9,No,Credit Card,Store Pickup,No,No,27,PayPal,Monthly,30,12.0,3.332204510175204,39.986454122102444,0.0,0.0,0.0,0.0,0.04212454212454213,0.4564102564102564,3.6730434782608694,3.726725521669342
3054,32,Female,Shoes,Footwear,91,Maine,L,Brown,Winter,3.2,No,Credit Card,Next Day Air,No,No,22,Bank Transfer,Monthly,91,12.0,3.1354942159291497,37.625930591149796,0.0,0.0,0.0,0.0,0.036996336996337,0.14908424908424908,3.7099009900990096,3.7808353808353807
2709,57,Female,Dress,Clothing,94,Alabama,M,Teal,Summer,3.3,No,Debit Card,Store Pickup,No,No,44,Debit Card,Weekly,94,52.0,3.8066624897703196,197.9464494680566,0.0,0.0,0.0,0.0,0.044322344322344324,0.4564102564102564,3.7479338842975207,3.726725521669342
3252,25,Female,Coat,Outerwear,20,Nevada,M,Gold,Winter,3.7,No,Debit Card,Standard,No,No,39,Venmo,Quarterly,20,4.0,3.6888794541139363,14.755517816455745,0.0,0.0,0.0,0.0,0.041025641025641026,0.08351648351648351,3.748214285714286,3.7504385964912283
46,50,Male,Socks,Clothing,21,Tennessee,XL,Indigo,Fall,2.9,Yes,Venmo,2-Day Shipping,Yes,Yes,25,PayPal,Annually,21,1.0,3.258096538021482,3.258096538021482,1.0,1.0,1.0,1.0,0.03882783882783883,0.4564102564102564,3.7150943396226417,3.726725521669342
2979,53,Female,Shorts,Clothing,56,Idaho,S,Cyan,Spring,3.9,No,Credit Card,Free Shipping,No,No,49,Bank Transfer,Fortnightly,56,26.0,3.912023005428146,101.71259814113179,0.0,0.0,0.0,0.0,0.04212454212454213,0.4564102564102564,3.6730434782608694,3.726725521669342
85,52,Male,Coat,Outerwear,32,Arizona,S,Peach,Spring,4.4,Yes,Cash,Standard,Yes,Yes,42,Bank Transfer,Every 3 Months,32,4.0,3.7612001156935624,15.04480046277425,1.0,1.0,1.0,1.0,0.041025641025641026,0.08351648351648351,3.748214285714286,3.7504385964912283
2683,59,Female,Sneakers,Footwear,65,North Carolina,L,Maroon,Winter,3.9,No,Venmo,2-Day Shipping,No,No,5,Venmo,Every 3 Months,65,4.0,1.791759469228055,7.16703787691222,0.0,0.0,0.0,0.0,0.03626373626373627,0.14908424908424908,3.749494949494949,3.7808353808353807
1594,61,Male,Dress,Clothing,95,Maryland,M,Black,Spring,4.9,No,PayPal,2-Day Shipping,Yes,Yes,25,Bank Transfer,Monthly,95,12.0,3.258096538021482,39.09715845625779,0.0,1.0,1.0,1.0,0.044322344322344324,0.4564102564102564,3.7479338842975207,3.726725521669342
1981,51,Male,Sandals,Footwear,94,Iowa,M,Green,Winter,4.4,No,Venmo,Store Pickup,No,No,25,PayPal,Fortnightly,94,26.0,3.258096538021482,84.71050998855854,0.0,0.0,0.0,0.0,0.03882783882783883,0.14908424908424908,3.8367924528301884,3.7808353808353807
420,53,Male,Shorts,Clothing,91,Utah,S,Teal,Winter,3.5,Yes,Credit Card,Free Shipping,Yes,Yes,14,Credit Card,Every 3 Months,91,4.0,2.70805020110221,10.83220080440884,1.0,1.0,1.0,1.0,0.04212454212454213,0.4564102564102564,3.6730434782608694,3.726725521669342
477,21,Male,Scarf,Accessories,90,Connecticut,M,Magenta,Spring,3.5,Yes,Venmo,Free Shipping,Yes,Yes,2,Debit Card,Fortnightly,90,26.0,1.0986122886681098,28.563919505370855,1.0,1.0,1.0,1.0,0.03772893772893773,0.310989010989011,3.721359223300971,3.745465253239105
2427,70,Male,Jacket,Outerwear,42,Florida,M,Olive,Fall,4.6,No,Venmo,Free Shipping,No,No,26,Debit Card,Every 3 Months,42,4.0,3.295836866004329,13.183347464017316,0.0,0.0,0.0,0.0,0.04249084249084249,0.08351648351648351,3.752586206896552,3.7504385964912283
519,24,Male,Blouse,Clothing,100,Oregon,M,Beige,Fall,2.9,Yes,PayPal,Next Day Air,Yes,Yes,16,Venmo,Every 3 Months,100,4.0,2.833213344056216,11.332853376224865,1.0,1.0,1.0,1.0,0.047619047619047616,0.4564102564102564,3.733076923076923,3.726725521669342
1010,39,Male,Hoodie,Clothing,30,Louisiana,M,Silver,Summer,3.1,Yes,Bank Transfer,Express,Yes,Yes,11,Venmo,Annually,30,1.0,2.4849066497880004,2.4849066497880004,1.0,1.0,1.0,1.0,0.03882783882783883,0.4564102564102564,3.776415094339623,3.726725521669342
1593,56,Male,Shoes,Footwear,83,Iowa,M,Cyan,Summer,3.3,No,Credit Card,Free Shipping,Yes,Yes,10,Bank Transfer,Every 3 Months,83,4.0,2.3978952727983707,9.591581091193483,0.0,1.0,1.0,1.0,0.036996336996337,0.14908424908424908,3.7099009900990096,3.7808353808353807
3709,40,Female,Hoodie,Clothing,96,South Carolina,M,Red,Fall,4.9,No,Bank Transfer,Express,No,No,41,PayPal,Monthly,96,12.0,3.7376696182833684,44.85203541940042,0.0,0.0,0.0,0.0,0.03882783882783883,0.4564102564102564,3.776415094339623,3.726725521669342
975,69,Male,Skirt,Clothing,90,North Carolina,M,Beige,Spring,3.6,Yes,Credit Card,2-Day Shipping,Yes,Yes,23,Bank Transfer,Monthly,90,12.0,3.1780538303479458,38.13664596417535,1.0,1.0,1.0,1.0,0.041758241758241756,0.4564102564102564,3.816666666666667,3.726725521669342
3292,29,Female,Belt,Accessories,51,New Mexico,L,Olive,Fall,2.6,No,Bank Transfer,2-Day Shipping,No,No,11,Cash,Monthly,51,12.0,2.4849066497880004,29.818879797456006,0.0,0.0,0.0,0.0,0.04395604395604396,0.310989010989011,3.73,3.745465253239105
749,35,Male,Hat,Accessories,39,South Dakota,L,Brown,Fall,3.9,Yes,Bank Transfer,Free Shipping,Yes,Yes,8,Bank Transfer,Quarterly,39,4.0,2.1972245773362196,8.788898309344878,1.0,1.0,1.0,1.0,0.038461538461538464,0.310989010989011,3.7695238095238097,3.745465253239105
2765,63,Female,Sweater,Clothing,41,Arizona,XL,White,Spring,2.6,No,Credit Card,Next Day Air,No,No,2,Debit Card,Weekly,41,52.0,1.0986122886681098,57.12783901074171,0.0,0.0,0.0,0.0,0.04468864468864469,0.4564102564102564,3.7147540983606557,3.726725521669342
2795,33,Female,Jacket,Outerwear,24,New York,M,Gold,Fall,3.3,No,PayPal,Standard,No,No,7,Cash,Fortnightly,24,26.0,2.0794415416798357,54.06548008367573,0.0,0.0,0.0,0.0,0.04249084249084249,0.08351648351648351,3.752586206896552,3.7504385964912283
2743,27,Female,Shoes,Footwear,86,Texas,M,Black,Spring,3.9,No,PayPal,Free Shipping,No,No,47,Debit Card,Annually,86,1.0,3.871201010907891,3.871201010907891,0.0,0.0,0.0,0.0,0.036996336996337,0.14908424908424908,3.7099009900990096,3.7808353808353807
650,53,Male,Pants,Clothing,93,Delaware,L,Orange,Spring,4.2,Yes,Credit Card,Store Pickup,Yes,Yes,33,PayPal,Every 3 Months,93,4.0,3.5263605246161616,14.105442098464646,1.0,1.0,1.0,1.0,0.04652014652014652,0.4564102564102564,3.729133858267717,3.726725521669342
3317,42,Female,Socks,Clothing,45,New Mexico,M,Olive,Summer,3.1,No,Cash,Free Shipping,No,No,5,Debit Card,Fortnightly,45,26.0,1.791759469228055,46.58574619992943,0.0,0.0,0.0,0.0,0.03882783882783883,0.4564102564102564,3.7150943396226417,3.726725521669342
3820,36,Female,Pants,Clothing,99,Arkansas,S,Gold,Spring,2.9,No,PayPal,Express,No,No,45,Cash,Quarterly,99,4.0,3.828641396489095,15.31456558595638,0.0,0.0,0.0,0.0,0.04652014652014652,0.4564102564102564,3.729133858267717,3.726725521669342
416,67,Male,Coat,Outerwear,31,Connecticut,M,Lavender,Winter,2.6,Yes,Venmo,Express,Yes,Yes,40,Bank Transfer,Monthly,31,12.0,3.713572066704308,44.56286480045169,1.0,1.0,1.0,1.0,0.041025641025641026,0.08351648351648351,3.748214285714286,3.7504385964912283
610,51,Male,Sweater,Clothing,54,Ohio,L,Purple,Fall,4.6,Yes,Cash,Next Day Air,Yes,Yes,49,Credit Card,Fortnightly,54,26.0,3.912023005428146,101.71259814113179,1.0,1.0,1.0,1.0,0.04468864468864469,0.4564102564102564,3.7147540983606557,3.726725521669342
3337,39,Female,Blouse,Clothing,45,Montana,M,Brown,Fall,4.0,No,Venmo,Free Shipping,No,No,24,Debit Card,Annually,45,1.0,3.2188758248682006,3.2188758248682006,0.0,0.0,0.0,0.0,0.047619047619047616,0.4564102564102564,3.733076923076923,3.726725521669342
2239,40,Male,Sneakers,Footwear,84,Florida,L,Beige,Winter,3.8,No,Credit Card,Standard,No,No,18,Debit Card,Weekly,84,52.0,2.9444389791664403,153.1108269166549,0.0,0.0,0.0,0.0,0.03626373626373627,0.14908424908424908,3.749494949494949,3.7808353808353807
1723,46,Male,T-shirt,Clothing,51,Massachusetts,L,Violet,Summer,3.3,No,Cash,Standard,No,No,14,Cash,Fortnightly,51,26.0,2.70805020110221,70.40930522865746,0.0,0.0,0.0,0.0,0.034432234432234435,0.4564102564102564,3.8138297872340425,3.726725521669342
2879,63,Female,Dress,Clothing,86,California,L,Turquoise,Summer,4.3,No,Venmo,Next Day Air,No,No,13,Bank Transfer,Annually,86,1.0,2.6390573296152584,2.6390573296152584,0.0,0.0,0.0,0.0,0.044322344322344324,0.4564102564102564,3.7479338842975207,3.726725521669342
3450,48,Female,Blouse,Clothing,37,Kansas,M,Brown,Spring,4.5,No,PayPal,Standard,No,No,35,Cash,Monthly,37,12.0,3.58351893845611,43.00222726147332,0.0,0.0,0.0,0.0,0.047619047619047616,0.4564102564102564,3.733076923076923,3.726725521669342
2459,66,Male,T-shirt,Clothing,85,Texas,L,Turquoise,Fall,4.6,No,Bank Transfer,Free Shipping,No,No,17,Bank Transfer,Weekly,85,52.0,2.8903717578961645,150.29933141060056,0.0,0.0,0.0,0.0,0.034432234432234435,0.4564102564102564,3.8138297872340425,3.726725521669342
3499,47,Female,Sandals,Footwear,35,Kentucky,M,Lavender,Summer,3.8,No,PayPal,Standard,No,No,2,Bank Transfer,Bi-Weekly,35,26.0,1.0986122886681098,28.563919505370855,0.0,0.0,0.0,0.0,0.03882783882783883,0.14908424908424908,3.8367924528301884,3.7808353808353807
2735,63,Female,Jeans,Clothing,93,New York,XL,Yellow,Summer,2.7,No,Venmo,2-Day Shipping,No,No,13,Cash,Bi-Weekly,93,26.0,2.6390573296152584,68.61549056999672,0.0,0.0,0.0,0.0,0.03406593406593406,0.4564102564102564,3.6,3.726725521669342
2184,30,Male,Shorts,Clothing,37,Kansas,M,Maroon,Spring,4.7,No,PayPal,Store Pickup,No,No,2,Cash,Monthly,37,12.0,1.0986122886681098,13.183347464017316,0.0,0.0,0.0,0.0,0.04212454212454213,0.4564102564102564,3.6730434782608694,3.726725521669342
3231,49,Female,Sneakers,Footwear,49,Kansas,M,Olive,Summer,2.5,No,Venmo,Next Day Air,No,No,38,Debit Card,Annually,49,1.0,3.6635616461296463,3.6635616461296463,0.0,0.0,0.0,0.0,0.03626373626373627,0.14908424908424908,3.749494949494949,3.7808353808353807
3864,40,Female,Scarf,Accessories,35,New Hampshire,M,Orange,Summer,3.3,No,Venmo,Free Shipping,No,No,28,Cash,Fortnightly,35,26.0,3.367295829986474,87.54969157964833,0.0,0.0,0.0,0.0,0.03772893772893773,0.310989010989011,3.721359223300971,3.745465253239105
3408,46,Female,Dress,Clothing,46,Alabama,S,Purple,Spring,2.6,No,Bank Transfer,Store Pickup,No,No,20,Cash,Quarterly,46,4.0,3.044522437723423,12.178089750893692,0.0,0.0,0.0,0.0,0.044322344322344324,0.4564102564102564,3.7479338842975207,3.726725521669342
3512,69,Female,Jewelry,Accessories,81,Mississippi,M,Blue,Summer,3.9,No,Venmo,2-Day Shipping,No,No,21,Credit Card,Every 3 Months,81,4.0,3.091042453358316,12.364169813433264,0.0,0.0,0.0,0.0,0.04212454212454213,0.310989010989011,3.744347826086957,3.745465253239105
2074,38,Male,Belt,Accessories,25,Texas,S,Green,Winter,3.5,No,Debit Card,Next Day Air,No,No,2,PayPal,Every 3 Months,25,4.0,1.0986122886681098,4.394449154672439,0.0,0.0,0.0,0.0,0.04395604395604396,0.310989010989011,3.73,3.745465253239105
1925,30,Male,Jacket,Outerwear,63,Michigan,M,Gray,Fall,4.8,No,Venmo,Free Shipping,No,No,42,PayPal,Quarterly,63,4.0,3.7612001156935624,15.04480046277425,0.0,0.0,0.0,0.0,0.04249084249084249,0.08351648351648351,3.752586206896552,3.7504385964912283
1074,22,Male,Scarf,Accessories,96,California,XL,Purple,Spring,4.0,No,Cash,Store Pickup,Yes,Yes,33,Credit Card,Monthly,96,12.0,3.5263605246161616,42.316326295393935,0.0,1.0,1.0,1.0,0.03772893772893773,0.310989010989011,3.721359223300971,3.745465253239105
2585,26,Male,Socks,Clothing,30,Florida,L,Blue,Summer,2.9,No,PayPal,Store Pickup,No,No,26,Bank Transfer,Bi-Weekly,30,26.0,3.295836866004329,85.69175851611256,0.0,0.0,0.0,0.0,0.03882783882783883,0.4564102564102564,3.7150943396226417,3.726725521669342
2031,66,Male,Sunglasses,Accessories,67,New Mexico,S,Green,Summer,2.8,No,Venmo,Standard,No,No,38,Credit Card,Monthly,67,12.0,3.6635616461296463,43.96273975355575,0.0,0.0,0.0,0.0,0.0380952380952381,0.310989010989011,3.7211538461538463,3.745465253239105
2058,66,Male,Socks,Clothing,37,South Dakota,L,Yellow,Spring,4.2,No,Credit Card,Standard,No,No,5,PayPal,Every 3 Months,37,4.0,1.791759469228055,7.16703787691222,0.0,0.0,0.0,0.0,0.03882783882783883,0.4564102564102564,3.7150943396226417,3.726725521669342
2478,25,Male,Gloves,Accessories,40,California,L,Turquoise,Spring,3.8,No,Debit Card,2-Day Shipping,No,No,29,PayPal,Weekly,40,52.0,3.4011973816621555,176.86226384643209,0.0,0.0,0.0,0.0,0.03626373626373627,0.310989010989011,3.8666666666666667,3.745465253239105
1269,23,Male,Jacket,Outerwear,88,Idaho,XL,Charcoal,Winter,2.9,No,Venmo,Next Day Air,Yes,Yes,25,Debit Card,Bi-Weekly,88,26.0,3.258096538021482,84.71050998855854,0.0,1.0,1.0,1.0,0.04249084249084249,0.08351648351648351,3.752586206896552,3.7504385964912283
3885,47,Female,Sandals,Footwear,29,Maryland,M,Brown,Fall,4.9,No,Debit Card,Express,No,No,3,PayPal,Weekly,29,52.0,1.3862943611198906,72.0873067782343,0.0,0.0,0.0,0.0,0.03882783882783883,0.14908424908424908,3.8367924528301884,3.7808353808353807
3501,38,Female,Shirt,Clothing,48,Oregon,S,Silver,Fall,4.6,No,Credit Card,Next Day Air,No,No,38,Debit Card,Fortnightly,48,26.0,3.6635616461296463,95.2526027993708,0.0,0.0,0.0,0.0,0.04322344322344322,0.4564102564102564,3.669491525423729,3.726725521669342
1130,37,Male,Hoodie,Clothing,65,New Hampshire,XL,White,Winter,4.7,No,Credit Card,Express,Yes,Yes,46,Venmo,Fortnightly,65,26.0,3.8501476017100584,100.10383764446152,0.0,1.0,1.0,1.0,0.03882783882783883,0.4564102564102564,3.776415094339623,3.726725521669342
3572,70,Female,Skirt,Clothing,27,North Dakota,M,White,Summer,3.2,No,Cash,Standard,No,No,15,Bank Transfer,Every 3 Months,27,4.0,2.772588722239781,11.090354888959125,0.0,0.0,0.0,0.0,0.041758241758241756,0.4564102564102564,3.816666666666667,3.726725521669342
290,49,Male,Coat,Outerwear,85,New York,M,Yellow,Fall,4.5,Yes,Debit Card,2-Day Shipping,Yes,Yes,26,Credit Card,Monthly,85,12.0,3.295836866004329,39.55004239205195,1.0,1.0,1.0,1.0,0.041025641025641026,0.08351648351648351,3.748214285714286,3.7504385964912283
2754,69,Female,Gloves,Accessories,59,Rhode Island,M,Beige,Spring,3.6,No,Bank Transfer,Next Day Air,No,No,48,PayPal,Quarterly,59,4.0,3.8918202981106265,15.567281192442506,0.0,0.0,0.0,0.0,0.03626373626373627,0.310989010989011,3.8666666666666667,3.745465253239105
1869,23,Male,Gloves,Accessories,58,Indiana,M,Silver,Spring,4.7,No,Bank Transfer,Next Day Air,No,No,44,Cash,Fortnightly,58,26.0,3.8066624897703196,98.9732247340283,0.0,0.0,0.0,0.0,0.03626373626373627,0.310989010989011,3.8666666666666667,3.745465253239105
1088,45,Male,Jeans,Clothing,71,West Virginia,S,White,Winter,3.4,No,PayPal,Next Day Air,Yes,Yes,7,Bank Transfer,Monthly,71,12.0,2.0794415416798357,24.953298500158027,0.0,1.0,1.0,1.0,0.03406593406593406,0.4564102564102564,3.6,3.726725521669342
1848,46,Male,Sandals,Footwear,100,Arizona,XL,Cyan,Summer,4.4,No,Debit Card,Free Shipping,No,No,49,Credit Card,Weekly,100,52.0,3.912023005428146,203.42519628226358,0.0,0.0,0.0,0.0,0.03882783882783883,0.14908424908424908,3.8367924528301884,3.7808353808353807
283,21,Male,Skirt,Clothing,94,Minnesota,M,Teal,Summer,3.0,Yes,Debit Card,2-Day Shipping,Yes,Yes,9,Cash,Monthly,94,12.0,2.302585092994046,27.63102111592855,1.0,1.0,1.0,1.0,0.041758241758241756,0.4564102564102564,3.816666666666667,3.726725521669342
3079,32,Female,Belt,Accessories,95,Alaska,M,Blue,Spring,2.5,No,Bank Transfer,2-Day Shipping,No,No,24,Bank Transfer,Bi-Weekly,95,26.0,3.2188758248682006,83.69077144657321,0.0,0.0,0.0,0.0,0.04395604395604396,0.310989010989011,3.73,3.745465253239105
655,24,Male,Handbag,Accessories,59,California,L,Gray,Summer,4.4,Yes,Bank Transfer,2-Day Shipping,Yes,Yes,23,Venmo,Annually,59,1.0,3.1780538303479458,3.1780538303479458,1.0,1.0,1.0,1.0,0.03882783882783883,0.310989010989011,3.7216981132075473,3.745465253239105
687,70,Male,Sweater,Clothing,35,Indiana,L,Beige,Fall,3.0,Yes,PayPal,2-Day Shipping,Yes,Yes,33,Venmo,Fortnightly,35,26.0,3.5263605246161616,91.6853736400202,1.0,1.0,1.0,1.0,0.04468864468864469,0.4564102564102564,3.7147540983606557,3.726725521669342
3687,59,Female,Sandals,Footwear,70,Louisiana,M,Charcoal,Spring,4.8,No,PayPal,Free Shipping,No,No,17,Cash,Bi-Weekly,70,26.0,2.8903717578961645,75.14966570530028,0.0,0.0,0.0,0.0,0.03882783882783883,0.14908424908424908,3.8367924528301884,3.7808353808353807
3752,36,Female,Jewelry,Accessories,97,Alabama,S,Silver,Fall,4.2,No,Cash,Free Shipping,No,No,8,Credit Card,Every 3 Months,97,4.0,2.1972245773362196,8.788898309344878,0.0,0.0,0.0,0.0,0.04212454212454213,0.310989010989011,3.744347826086957,3.745465253239105
2590,52,Male,Pants,Clothing,53,North Dakota,M,Silver,Winter,4.9,No,Bank Transfer,2-Day Shipping,No,No,31,PayPal,Annually,53,1.0,3.4657359027997265,3.4657359027997265,0.0,0.0,0.0,0.0,0.04652014652014652,0.4564102564102564,3.729133858267717,3.726725521669342
3027,55,Female,Shirt,Clothing,70,Tennessee,L,Magenta,Fall,2.5,No,Venmo,Free Shipping,No,No,6,Credit Card,Annually,70,1.0,1.9459101490553132,1.9459101490553132,0.0,0.0,0.0,0.0,0.04322344322344322,0.4564102564102564,3.669491525423729,3.726725521669342
1315,42,Male,Boots,Footwear,67,Missouri,S,Magenta,Summer,3.4,No,Venmo,Free Shipping,Yes,Yes,49,Debit Card,Annually,67,1.0,3.912023005428146,3.912023005428146,0.0,1.0,1.0,1.0,0.036996336996337,0.14908424908424908,3.8237623762376236,3.7808353808353807
76,64,Male,Scarf,Accessories,85,Utah,M,Blue,Summer,2.7,Yes,Debit Card,Free Shipping,Yes,Yes,21,Credit Card,Annually,85,1.0,3.091042453358316,3.091042453358316,1.0,1.0,1.0,1.0,0.03772893772893773,0.310989010989011,3.721359223300971,3.745465253239105
2910,27,Female,Backpack,Accessories,78,Louisiana,M,Indigo,Winter,3.0,No,Bank Transfer,Next Day Air,No,No,40,Credit Card,Every 3 Months,78,4.0,3.713572066704308,14.854288266817232,0.0,0.0,0.0,0.0,0.03553113553113553,0.310989010989011,3.693814432989691,3.745465253239105
3832,36,Female,Backpack,Accessories,86,Nevada,L,Silver,Spring,4.0,No,Venmo,Next Day Air,No,No,16,Debit Card,Every 3 Months,86,4.0,2.833213344056216,11.332853376224865,0.0,0.0,0.0,0.0,0.03553113553113553,0.310989010989011,3.693814432989691,3.745465253239105
881,39,Male,Backpack,Accessories,75,Nevada,L,Red,Spring,3.1,Yes,Venmo,Express,Yes,Yes,25,Debit Card,Monthly,75,12.0,3.258096538021482,39.09715845625779,1.0,1.0,1.0,1.0,0.03553113553113553,0.310989010989011,3.693814432989691,3.745465253239105
866,64,Male,Blouse,Clothing,26,Colorado,L,Charcoal,Winter,4.8,Yes,Bank Transfer,Store Pickup,Yes,Yes,23,Venmo,Annually,26,1.0,3.1780538303479458,3.1780538303479458,1.0,1.0,1.0,1.0,0.047619047619047616,0.4564102564102564,3.733076923076923,3.726725521669342
1946,35,Male,Hoodie,Clothing,38,Georgia,M,Gold,Winter,2.9,No,Debit Card,2-Day Shipping,No,No,9,Credit Card,Every 3 Months,38,4.0,2.302585092994046,9.210340371976184,0.0,0.0,0.0,0.0,0.03882783882783883,0.4564102564102564,3.776415094339623,3.726725521669342
3686,47,Female,Shorts,Clothing,42,Tennessee,L,Red,Summer,2.6,No,PayPal,Standard,No,No,17,Cash,Bi-Weekly,42,26.0,2.8903717578961645,75.14966570530028,0.0,0.0,0.0,0.0,0.04212454212454213,0.4564102564102564,3.6730434782608694,3.726725521669342
251,33,Male,Skirt,Clothing,25,Mississippi,L,Black,Fall,4.0,Yes,Debit Card,Express,Yes,Yes,9,Bank Transfer,Weekly,25,52.0,2.302585092994046,119.73442483569039,1.0,1.0,1.0,1.0,0.041758241758241756,0.4564102564102564,3.816666666666667,3.726725521669342
3148,45,Female,Sweater,Clothing,99,North Dakota,M,Pink,Winter,4.3,No,Cash,Express,No,No,21,Credit Card,Weekly,99,52.0,3.091042453358316,160.73420757463242,0.0,0.0,0.0,0.0,0.04468864468864469,0.4564102564102564,3.7147540983606557,3.726725521669342
1172,41,Male,Socks,Clothing,55,Louisiana,M,Lavender,Spring,3.9,No,Bank Transfer,Next Day Air,Yes,Yes,15,Debit Card,Annually,55,1.0,2.772588722239781,2.772588722239781,0.0,1.0,1.0,1.0,0.03882783882783883,0.4564102564102564,3.7150943396226417,3.726725521669342
1285,65,Male,Dress,Clothing,93,Arkansas,M,Black,Spring,3.9,No,Bank Transfer,Express,Yes,Yes,38,PayPal,Fortnightly,93,26.0,3.6635616461296463,95.2526027993708,0.0,1.0,1.0,1.0,0.044322344322344324,0.4564102564102564,3.7479338842975207,3.726725521669342
3216,34,Female,Coat,Outerwear,90,Rhode Island,M,Magenta,Summer,2.7,No,Bank Transfer,Free Shipping,No,No,10,PayPal,Every 3 Months,90,4.0,2.3978952727983707,9.591581091193483,0.0,0.0,0.0,0.0,0.041025641025641026,0.08351648351648351,3.748214285714286,3.7504385964912283
2145,47,Male,Shoes,Footwear,23,Maryland,L,Orange,Winter,3.7,No,Cash,Free Shipping,No,No,25,PayPal,Quarterly,23,4.0,3.258096538021482,13.032386152085929,0.0,0.0,0.0,0.0,0.036996336996337,0.14908424908424908,3.7099009900990096,3.7808353808353807
878,64,Male,Handbag,Accessories,65,Nebraska,M,Orange,Winter,4.9,Yes,Venmo,Next Day Air,Yes,Yes,45,Venmo,Every 3 Months,65,4.0,3.828641396489095,15.31456558595638,1.0,1.0,1.0,1.0,0.03882783882783883,0.310989010989011,3.7216981132075473,3.745465253239105
2000,39,Male,Socks,Clothing,89,Tennessee,L,Indigo,Winter,4.6,No,Credit Card,2-Day Shipping,No,No,26,Debit Card,Monthly,89,12.0,3.295836866004329,39.55004239205195,0.0,0.0,0.0,0.0,0.03882783882783883,0.4564102564102564,3.7150943396226417,3.726725521669342
3865,55,Female,T-shirt,Clothing,99,Wyoming,S,Blue,Winter,4.9,No,Bank Transfer,Express,No,No,1,Debit Card,Fortnightly,99,26.0,0.6931471805599453,18.021826694558577,0.0,0.0,0.0,0.0,0.034432234432234435,0.4564102564102564,3.8138297872340425,3.726725521669342
632,55,Male,Boots,Footwear,68,Washington,S,Violet,Summer,4.1,Yes,Venmo,Store Pickup,Yes,Yes,27,Cash,Fortnightly,68,26.0,3.332204510175204,86.63731726455529,1.0,1.0,1.0,1.0,0.036996336996337,0.14908424908424908,3.8237623762376236,3.7808353808353807
2003,31,Male,Shirt,Clothing,65,New York,M,Red,Summer,2.7,No,Cash,Express,No,No,19,PayPal,Every 3 Months,65,4.0,2.995732273553991,11.982929094215963,0.0,0.0,0.0,0.0,0.04322344322344322,0.4564102564102564,3.669491525423729,3.726725521669342
351,42,Male,Sweater,Clothing,68,Kentucky,M,Violet,Spring,2.6,Yes,Venmo,2-Day Shipping,Yes,Yes,47,Bank Transfer,Fortnightly,68,26.0,3.871201010907891,100.65122628360517,1.0,1.0,1.0,1.0,0.04468864468864469,0.4564102564102564,3.7147540983606557,3.726725521669342
3734,25,Female,Socks,Clothing,58,Illinois,M,Maroon,Fall,4.7,No,Bank Transfer,Next Day Air,No,No,6,Debit Card,Every 3 Months,58,4.0,1.9459101490553132,7.783640596221253,0.0,0.0,0.0,0.0,0.03882783882783883,0.4564102564102564,3.7150943396226417,3.726725521669342
934,70,Male,Sneakers,Footwear,84,Colorado,M,Magenta,Spring,2.7,Yes,Debit Card,Store Pickup,Yes,Yes,33,Debit Card,Monthly,84,12.0,3.5263605246161616,42.316326295393935,1.0,1.0,1.0,1.0,0.03626373626373627,0.14908424908424908,3.749494949494949,3.7808353808353807
3305,30,Female,Handbag,Accessories,79,Mississippi,XL,Orange,Fall,4.8,No,Debit Card,Next Day Air,No,No,36,Bank Transfer,Every 3 Months,79,4.0,3.6109179126442243,14.443671650576897,0.0,0.0,0.0,0.0,0.03882783882783883,0.310989010989011,3.7216981132075473,3.745465253239105
3700,51,Female,Backpack,Accessories,55,Oklahoma,M,Olive,Fall,2.6,No,Cash,Store Pickup,No,No,24,Bank Transfer,Weekly,55,52.0,3.2188758248682006,167.38154289314642,0.0,0.0,0.0,0.0,0.03553113553113553,0.310989010989011,3.693814432989691,3.745465253239105
2159,19,Male,Gloves,Accessories,84,Massachusetts,XL,Olive,Spring,4.6,No,Credit Card,Standard,No,No,9,Bank Transfer,Fortnightly,84,26.0,2.302585092994046,59.867212417845195,0.0,0.0,0.0,0.0,0.03626373626373627,0.310989010989011,3.8666666666666667,3.745465253239105
210,55,Male,Sandals,Footwear,97,Minnesota,S,Olive,Winter,3.2,Yes,Bank Transfer,Store Pickup,Yes,Yes,44,Cash,Every 3 Months,97,4.0,3.8066624897703196,15.226649959081278,1.0,1.0,1.0,1.0,0.03882783882783883,0.14908424908424908,3.8367924528301884,3.7808353808353807
789,50,Male,Pants,Clothing,51,Rhode Island,XL,Yellow,Summer,3.8,Yes,Venmo,Store Pickup,Yes,Yes,18,Bank Transfer,Quarterly,51,4.0,2.9444389791664403,11.777755916665761,1.0,1.0,1.0,1.0,0.04652014652014652,0.4564102564102564,3.729133858267717,3.726725521669342
552,29,Male,Coat,Outerwear,78,Idaho,XL,Green,Fall,3.1,Yes,Venmo,2-Day Shipping,Yes,Yes,27,Cash,Bi-Weekly,78,26.0,3.332204510175204,86.63731726455529,1.0,1.0,1.0,1.0,0.041025641025641026,0.08351648351648351,3.748214285714286,3.7504385964912283
739,56,Male,Sunglasses,Accessories,31,Minnesota,L,Orange,Winter,3.5,Yes,Credit Card,2-Day Shipping,Yes,Yes,27,Venmo,Quarterly,31,4.0,3.332204510175204,13.328818040700815,1.0,1.0,1.0,1.0,0.0380952380952381,0.310989010989011,3.7211538461538463,3.745465253239105
2813,66,Female,Hoodie,Clothing,91,North Dakota,XL,Magenta,Fall,3.8,No,Debit Card,Store Pickup,No,No,1,Credit Card,Every 3 Months,91,4.0,0.6931471805599453,2.772588722239781,0.0,0.0,0.0,0.0,0.03882783882783883,0.4564102564102564,3.776415094339623,3.726725521669342
3543,62,Female,Coat,Outerwear,28,Idaho,S,Olive,Spring,4.2,No,Bank Transfer,Express,No,No,5,Venmo,Weekly,28,52.0,1.791759469228055,93.17149239985886,0.0,0.0,0.0,0.0,0.041025641025641026,0.08351648351648351,3.748214285714286,3.7504385964912283
114,44,Male,Hat,Accessories,54,New Jersey,L,Maroon,Winter,3.1,Yes,Debit Card,Next Day Air,Yes,Yes,20,PayPal,Quarterly,54,4.0,3.044522437723423,12.178089750893692,1.0,1.0,1.0,1.0,0.038461538461538464,0.310989010989011,3.7695238095238097,3.745465253239105
220,32,Male,Belt,Accessories,88,Nevada,M,Cyan,Spring,3.0,Yes,Venmo,Free Shipping,Yes,Yes,12,Cash,Fortnightly,88,26.0,2.5649493574615367,66.68868329399996,1.0,1.0,1.0,1.0,0.04395604395604396,0.310989010989011,3.73,3.745465253239105
2902,41,Female,Blouse,Clothing,43,Alabama,L,Olive,Winter,2.6,No,Credit Card,Free Shipping,No,No,46,Credit Card,Quarterly,43,4.0,3.8501476017100584,15.400590406840234,0.0,0.0,0.0,0.0,0.047619047619047616,0.4564102564102564,3.733076923076923,3.726725521669342
2797,55,Female,Jacket,Outerwear,73,Oklahoma,M,Red,Winter,3.8,No,Cash,Store Pickup,No,No,21,Cash,Annually,73,1.0,3.091042453358316,3.091042453358316,0.0,0.0,0.0,0.0,0.04249084249084249,0.08351648351648351,3.752586206896552,3.7504385964912283
1974,24,Male,Skirt,Clothing,20,Maryland,XL,Red,Fall,4.5,No,Debit Card,Standard,No,No,9,Venmo,Every 3 Months,20,4.0,2.302585092994046,9.210340371976184,0.0,0.0,0.0,0.0,0.041758241758241756,0.4564102564102564,3.816666666666667,3.726725521669342
1465,33,Male,Belt,Accessories,92,Montana,M,Peach,Winter,4.6,No,Bank Transfer,2-Day Shipping,Yes,Yes,23,Bank Transfer,Quarterly,92,4.0,3.1780538303479458,12.712215321391783,0.0,1.0,1.0,1.0,0.04395604395604396,0.310989010989011,3.73,3.745465253239105
2575,27,Male,Hat,Accessories,63,Florida,M,Brown,Summer,4.6,No,Credit Card,2-Day Shipping,No,No,26,Credit Card,Fortnightly,63,26.0,3.295836866004329,85.69175851611256,0.0,0.0,0.0,0.0,0.038461538461538464,0.310989010989011,3.7695238095238097,3.745465253239105
1064,62,Male,Hoodie,Clothing,29,Alabama,S,Indigo,Summer,3.3,No,Bank Transfer,Free Shipping,Yes,Yes,35,Cash,Monthly,29,12.0,3.58351893845611,43.00222726147332,0.0,1.0,1.0,1.0,0.03882783882783883,0.4564102564102564,3.776415094339623,3.726725521669342
1576,52,Male,Shirt,Clothing,28,California,M,Turquoise,Spring,3.6,No,Cash,Next Day Air,Yes,Yes,28,Cash,Fortnightly,28,26.0,3.367295829986474,87.54969157964833,0.0,1.0,1.0,1.0,0.04322344322344322,0.4564102564102564,3.669491525423729,3.726725521669342
1206,52,Male,Handbag,Accessories,99,California,M,Olive,Spring,3.5,No,Credit Card,Standard,Yes,Yes,38,Bank Transfer,Fortnightly,99,26.0,3.6635616461296463,95.2526027993708,0.0,1.0,1.0,1.0,0.03882783882783883,0.310989010989011,3.7216981132075473,3.745465253239105
132,28,Male,Skirt,Clothing,29,Maine,L,Indigo,Summer,3.9,Yes,PayPal,Standard,Yes,Yes,46,Credit Card,Weekly,29,52.0,3.8501476017100584,200.20767528892304,1.0,1.0,1.0,1.0,0.041758241758241756,0.4564102564102564,3.816666666666667,3.726725521669342
2531,25,Male,Skirt,Clothing,98,Massachusetts,S,Cyan,Spring,3.6,No,Debit Card,Free Shipping,No,No,28,Debit Card,Weekly,98,52.0,3.367295829986474,175.09938315929665,0.0,0.0,0.0,0.0,0.041758241758241756,0.4564102564102564,3.816666666666667,3.726725521669342
2207,46,Male,Sandals,Footwear,51,Illinois,L,Green,Spring,2.6,No,PayPal,Store Pickup,No,No,25,Bank Transfer,Fortnightly,51,26.0,3.258096538021482,84.71050998855854,0.0,0.0,0.0,0.0,0.03882783882783883,0.14908424908424908,3.8367924528301884,3.7808353808353807
2466,18,Male,Sandals,Footwear,63,Texas,M,Brown,Spring,4.4,No,Cash,Free Shipping,No,No,20,Bank Transfer,Weekly,63,52.0,3.044522437723423,158.315166761618,0.0,0.0,0.0,0.0,0.03882783882783883,0.14908424908424908,3.8367924528301884,3.7808353808353807
3878,28,Female,Hoodie,Clothing,96,Nevada,M,Olive,Spring,4.2,No,Venmo,Next Day Air,No,No,46,Debit Card,Monthly,96,12.0,3.8501476017100584,46.2017712205207,0.0,0.0,0.0,0.0,0.03882783882783883,0.4564102564102564,3.776415094339623,3.726725521669342
3475,41,Female,Pants,Clothing,82,Maine,M,Cyan,Winter,4.4,No,PayPal,Store Pickup,No,No,18,Venmo,Monthly,82,12.0,2.9444389791664403,35.33326774999728,0.0,0.0,0.0,0.0,0.04652014652014652,0.4564102564102564,3.729133858267717,3.726725521669342
1432,39,Male,Pants,Clothing,88,South Dakota,M,Cyan,Fall,2.9,No,Bank Transfer,Express,Yes,Yes,29,Venmo,Quarterly,88,4.0,3.4011973816621555,13.604789526648622,0.0,1.0,1.0,1.0,0.04652014652014652,0.4564102564102564,3.729133858267717,3.726725521669342
2147,48,Male,Sunglasses,Accessories,23,Utah,XL,White,Summer,4.6,No,Debit Card,Standard,No,No,45,PayPal,Every 3 Months,23,4.0,3.828641396489095,15.31456558595638,0.0,0.0,0.0,0.0,0.0380952380952381,0.310989010989011,3.7211538461538463,3.745465253239105
752,65,Male,Gloves,Accessories,72,Ohio,L,Indigo,Fall,4.8,Yes,Credit Card,Free Shipping,Yes,Yes,1,Credit Card,Monthly,72,12.0,0.6931471805599453,8.317766166719343,1.0,1.0,1.0,1.0,0.03626373626373627,0.310989010989011,3.8666666666666667,3.745465253239105
666,41,Male,Pants,Clothing,55,New Mexico,M,Peach,Spring,4.9,Yes,Cash,2-Day Shipping,Yes,Yes,50,Credit Card,Annually,55,1.0,3.9318256327243257,3.9318256327243257,1.0,1.0,1.0,1.0,0.04652014652014652,0.4564102564102564,3.729133858267717,3.726725521669342
3440,43,Female,Gloves,Accessories,93,Idaho,M,Gray,Summer,4.5,No,Cash,Express,No,No,25,Venmo,Quarterly,93,4.0,3.258096538021482,13.032386152085929,0.0,0.0,0.0,0.0,0.03626373626373627,0.310989010989011,3.8666666666666667,3.745465253239105
3456,49,Female,T-shirt,Clothing,89,Ohio,M,Orange,Fall,4.7,No,Bank Transfer,Standard,No,No,13,Venmo,Annually,89,1.0,2.6390573296152584,2.6390573296152584,0.0,0.0,0.0,0.0,0.034432234432234435,0.4564102564102564,3.8138297872340425,3.726725521669342
1605,18,Male,Sweater,Clothing,92,Maine,M,White,Summer,4.8,No,Venmo,2-Day Shipping,Yes,Yes,25,Credit Card,Every 3 Months,92,4.0,3.258096538021482,13.032386152085929,0.0,1.0,1.0,1.0,0.04468864468864469,0.4564102564102564,3.7147540983606557,3.726725521669342
2355,56,Male,Blouse,Clothing,78,Wisconsin,M,Blue,Summer,4.8,No,Cash,Next Day Air,No,No,27,Venmo,Monthly,78,12.0,3.332204510175204,39.986454122102444,0.0,0.0,0.0,0.0,0.047619047619047616,0.4564102564102564,3.733076923076923,3.726725521669342
1258,68,Male,Dress,Clothing,67,Minnesota,L,Gold,Spring,3.0,No,Cash,Free Shipping,Yes,Yes,31,Cash,Every 3 Months,67,4.0,3.4657359027997265,13.862943611198906,0.0,1.0,1.0,1.0,0.044322344322344324,0.4564102564102564,3.7479338842975207,3.726725521669342
1679,41,Male,Pants,Clothing,71,Ohio,S,Magenta,Summer,4.8,No,PayPal,2-Day Shipping,No,No,30,Venmo,Fortnightly,71,26.0,3.4339872044851463,89.2836673166138,0.0,0.0,0.0,0.0,0.04652014652014652,0.4564102564102564,3.729133858267717,3.726725521669342
2046,31,Male,Jewelry,Accessories,20,Georgia,M,Red,Fall,4.4,No,PayPal,Express,No,No,26,PayPal,Quarterly,20,4.0,3.295836866004329,13.183347464017316,0.0,0.0,0.0,0.0,0.04212454212454213,0.310989010989011,3.744347826086957,3.745465253239105
3392,47,Female,Hoodie,Clothing,57,Montana,M,Silver,Fall,3.7,No,Cash,2-Day Shipping,No,No,6,Debit Card,Every 3 Months,57,4.0,1.9459101490553132,7.783640596221253,0.0,0.0,0.0,0.0,0.03882783882783883,0.4564102564102564,3.776415094339623,3.726725521669342
3019,43,Female,Boots,Footwear,41,Texas,M,Green,Summer,3.0,No,Debit Card,Free Shipping,No,No,21,Debit Card,Bi-Weekly,41,26.0,3.091042453358316,80.36710378731621,0.0,0.0,0.0,0.0,0.036996336996337,0.14908424908424908,3.8237623762376236,3.7808353808353807
1330,70,Male,Gloves,Accessories,63,Texas,M,Indigo,Fall,3.3,No,PayPal,Express,Yes,Yes,50,PayPal,Every 3 Months,63,4.0,3.9318256327243257,15.727302530897303,0.0,1.0,1.0,1.0,0.03626373626373627,0.310989010989011,3.8666666666666667,3.745465253239105
2822,35,Female,Shoes,Footwear,72,Georgia,L,Olive,Summer,4.5,No,Credit Card,Standard,No,No,37,Venmo,Monthly,72,12.0,3.6375861597263857,43.65103391671663,0.0,0.0,0.0,0.0,0.036996336996337,0.14908424908424908,3.7099009900990096,3.7808353808353807
1989,46,Male,Pants,Clothing,79,Virginia,M,Gold,Winter,3.9,No,Credit Card,Free Shipping,No,No,26,Bank Transfer,Weekly,79,52.0,3.295836866004329,171.38351703222511,0.0,0.0,0.0,0.0,0.04652014652014652,0.4564102564102564,3.729133858267717,3.726725521669342
1871,43,Male,Blouse,Clothing,99,Wyoming,L,Violet,Spring,4.3,No,Debit Card,Store Pickup,No,No,27,Debit Card,Fortnightly,99,26.0,3.332204510175204,86.63731726455529,0.0,0.0,0.0,0.0,0.047619047619047616,0.4564102564102564,3.733076923076923,3.726725521669342
3405,69,Female,Gloves,Accessories,34,South Carolina,L,Olive,Fall,3.9,No,Cash,2-Day Shipping,No,No,34,Credit Card,Annually,34,1.0,3.5553480614894135,3.5553480614894135,0.0,0.0,0.0,0.0,0.03626373626373627,0.310989010989011,3.8666666666666667,3.745465253239105
686,70,Male,Blouse,Clothing,71,Massachusetts,XL,Magenta,Winter,3.5,Yes,Credit Card,Standard,Yes,Yes,32,Cash,Fortnightly,71,26.0,3.4965075614664802,90.90919659812849,1.0,1.0,1.0,1.0,0.047619047619047616,0.4564102564102564,3.733076923076923,3.726725521669342
3412,29,Female,Shoes,Footwear,56,New York,L,Gray,Winter,4.9,No,Venmo,2-Day Shipping,No,No,45,Cash,Weekly,56,52.0,3.828641396489095,199.08935261743295,0.0,0.0,0.0,0.0,0.036996336996337,0.14908424908424908,3.7099009900990096,3.7808353808353807
2657,52,Female,Shorts,Clothing,76,Indiana,L,Yellow,Winter,3.6,No,Bank Transfer,Express,No,No,29,Bank Transfer,Fortnightly,76,26.0,3.4011973816621555,88.43113192321604,0.0,0.0,0.0,0.0,0.04212454212454213,0.4564102564102564,3.6730434782608694,3.726725521669342
2632,53,Male,Skirt,Clothing,44,Connecticut,S,Violet,Summer,2.7,No,PayPal,Express,No,No,3,Cash,Weekly,44,52.0,1.3862943611198906,72.0873067782343,0.0,0.0,0.0,0.0,0.041758241758241756,0.4564102564102564,3.816666666666667,3.726725521669342
893,31,Male,Shorts,Clothing,64,New Mexico,L,Gray,Summer,2.7,Yes,Venmo,Free Shipping,Yes,Yes,43,Debit Card,Monthly,64,12.0,3.784189633918261,45.41027560701913,1.0,1.0,1.0,1.0,0.04212454212454213,0.4564102564102564,3.6730434782608694,3.726725521669342
2294,37,Male,Sweater,Clothing,68,Georgia,L,Green,Fall,3.3,No,PayPal,Express,No,No,16,Debit Card,Every 3 Months,68,4.0,2.833213344056216,11.332853376224865,0.0,0.0,0.0,0.0,0.04468864468864469,0.4564102564102564,3.7147540983606557,3.726725521669342
2975,57,Female,Sneakers,Footwear,99,Tennessee,XL,Peach,Summer,4.1,No,Cash,Store Pickup,No,No,34,Credit Card,Weekly,99,52.0,3.5553480614894135,184.8780991974495,0.0,0.0,0.0,0.0,0.03626373626373627,0.14908424908424908,3.749494949494949,3.7808353808353807
3073,26,Female,Jewelry,Accessories,98,New York,L,Peach,Spring,3.1,No,Venmo,Standard,No,No,46,PayPal,Quarterly,98,4.0,3.8501476017100584,15.400590406840234,0.0,0.0,0.0,0.0,0.04212454212454213,0.310989010989011,3.744347826086957,3.745465253239105
1966,67,Male,Sweater,Clothing,90,Indiana,M,White,Fall,4.9,No,Venmo,Express,No,No,25,Debit Card,Quarterly,90,4.0,3.258096538021482,13.032386152085929,0.0,0.0,0.0,0.0,0.04468864468864469,0.4564102564102564,3.7147540983606557,3.726725521669342
3226,53,Female,Blouse,Clothing,98,New Hampshire,M,Pink,Fall,3.0,No,Credit Card,Store Pickup,No,No,31,Credit Card,Weekly,98,52.0,3.4657359027997265,180.21826694558578,0.0,0.0,0.0,0.0,0.047619047619047616,0.4564102564102564,3.733076923076923,3.726725521669342
2110,59,Male,Jewelry,Accessories,31,California,L,Peach,Fall,2.7,No,Cash,Free Shipping,No,No,28,Venmo,Every 3 Months,31,4.0,3.367295829986474,13.469183319945897,0.0,0.0,0.0,0.0,0.04212454212454213,0.310989010989011,3.744347826086957,3.745465253239105
3542,59,Female,Blouse,Clothing,66,Virginia,M,Olive,Winter,4.0,No,Cash,Next Day Air,No,No,22,PayPal,Annually,66,1.0,3.1354942159291497,3.1354942159291497,0.0,0.0,0.0,0.0,0.047619047619047616,0.4564102564102564,3.733076923076923,3.726725521669342
3836,58,Female,Sandals,Footwear,58,Pennsylvania,L,Silver,Winter,2.6,No,Credit Card,Express,No,No,28,PayPal,Bi-Weekly,58,26.0,3.367295829986474,87.54969157964833,0.0,0.0,0.0,0.0,0.03882783882783883,0.14908424908424908,3.8367924528301884,3.7808353808353807
740,64,Male,Shorts,Clothing,29,Minnesota,S,Purple,Summer,3.5,Yes,Cash,Free Shipping,Yes,Yes,26,Venmo,Bi-Weekly,29,26.0,3.295836866004329,85.69175851611256,1.0,1.0,1.0,1.0,0.04212454212454213,0.4564102564102564,3.6730434782608694,3.726725521669342
2270,49,Male,Skirt,Clothing,38,Kentucky,M,Yellow,Fall,4.4,No,Credit Card,Store Pickup,No,No,27,Credit Card,Annually,38,1.0,3.332204510175204,3.332204510175204,0.0,0.0,0.0,0.0,0.041758241758241756,0.4564102564102564,3.816666666666667,3.726725521669342
1452,54,Male,Jacket,Outerwear,34,Utah,M,Maroon,Fall,2.5,No,Venmo,Next Day Air,Yes,Yes,35,PayPal,Quarterly,34,4.0,3.58351893845611,14.33407575382444,0.0,1.0,1.0,1.0,0.04249084249084249,0.08351648351648351,3.752586206896552,3.7504385964912283
3266,40,Female,Sunglasses,Accessories,100,Alabama,M,White,Winter,3.2,No,Credit Card,Express,No,No,28,Credit Card,Fortnightly,100,26.0,3.367295829986474,87.54969157964833,0.0,0.0,0.0,0.0,0.0380952380952381,0.310989010989011,3.7211538461538463,3.745465253239105
3716,63,Female,Sunglasses,Accessories,34,Nebraska,S,Orange,Fall,3.4,No,Credit Card,Free Shipping,No,No,2,Bank Transfer,Monthly,34,12.0,1.0986122886681098,13.183347464017316,0.0,0.0,0.0,0.0,0.0380952380952381,0.310989010989011,3.7211538461538463,3.745465253239105
2593,23,Male,Shorts,Clothing,23,Iowa,XL,Peach,Summer,4.4,No,Cash,Store Pickup,No,No,13,Venmo,Quarterly,23,4.0,2.6390573296152584,10.556229318461034,0.0,0.0,0.0,0.0,0.04212454212454213,0.4564102564102564,3.6730434782608694,3.726725521669342
1844,36,Male,Jacket,Outerwear,76,Kentucky,M,Charcoal,Fall,4.7,No,Bank Transfer,Next Day Air,No,No,32,Credit Card,Monthly,76,12.0,3.4965075614664802,41.958090737597765,0.0,0.0,0.0,0.0,0.04249084249084249,0.08351648351648351,3.752586206896552,3.7504385964912283
3211,30,Female,Socks,Clothing,67,Nevada,M,Magenta,Summer,2.9,No,Debit Card,Express,No,No,43,Venmo,Bi-Weekly,67,26.0,3.784189633918261,98.38893048187478,0.0,0.0,0.0,0.0,0.03882783882783883,0.4564102564102564,3.7150943396226417,3.726725521669342
738,47,Male,Sunglasses,Accessories,24,Nebraska,M,Teal,Spring,3.6,Yes,PayPal,Store Pickup,Yes,Yes,28,PayPal,Annually,24,1.0,3.367295829986474,3.367295829986474,1.0,1.0,1.0,1.0,0.0380952380952381,0.310989010989011,3.7211538461538463,3.745465253239105
249,47,Male,Belt,Accessories,100,Pennsylvania,M,Blue,Winter,4.8,Yes,Venmo,Express,Yes,Yes,33,PayPal,Weekly,100,52.0,3.5263605246161616,183.3707472800404,1.0,1.0,1.0,1.0,0.04395604395604396,0.310989010989011,3.73,3.745465253239105
431,24,Male,Shirt,Clothing,40,Texas,M,Brown,Summer,3.5,Yes,Debit Card,Store Pickup,Yes,Yes,40,Debit Card,Annually,40,1.0,3.713572066704308,3.713572066704308,1.0,1.0,1.0,1.0,0.04322344322344322,0.4564102564102564,3.669491525423729,3.726725521669342
2928,45,Female,Shirt,Clothing,24,Missouri,M,Black,Summer,2.7,No,Debit Card,Express,No,No,15,Venmo,Bi-Weekly,24,26.0,2.772588722239781,72.0873067782343,0.0,0.0,0.0,0.0,0.04322344322344322,0.4564102564102564,3.669491525423729,3.726725521669342
1482,64,Male,Skirt,Clothing,33,Maryland,S,Gray,Spring,3.3,No,Credit Card,Standard,Yes,Yes,31,PayPal,Quarterly,33,4.0,3.4657359027997265,13.862943611198906,0.0,1.0,1.0,1.0,0.041758241758241756,0.4564102564102564,3.816666666666667,3.726725521669342
264,27,Male,Shorts,Clothing,46,Iowa,M,Purple,Summer,4.3,Yes,Credit Card,Store Pickup,Yes,Yes,29,Venmo,Monthly,46,12.0,3.4011973816621555,40.814368579945864,1.0,1.0,1.0,1.0,0.04212454212454213,0.4564102564102564,3.6730434782608694,3.726725521669342
2418,21,Male,Backpack,Accessories,24,Alaska,M,Olive,Fall,3.3,No,Bank Transfer,Standard,No,No,32,Venmo,Fortnightly,24,26.0,3.4965075614664802,90.90919659812849,0.0,0.0,0.0,0.0,0.03553113553113553,0.310989010989011,3.693814432989691,3.745465253239105
1569,51,Male,Sneakers,Footwear,76,Washington,L,Yellow,Spring,4.6,No,Venmo,Store Pickup,Yes,Yes,8,Debit Card,Monthly,76,12.0,2.1972245773362196,26.366694928034633,0.0,1.0,1.0,1.0,0.03626373626373627,0.14908424908424908,3.749494949494949,3.7808353808353807
2093,42,Male,Sandals,Footwear,45,Minnesota,M,Silver,Fall,2.6,No,Bank Transfer,Next Day Air,No,No,27,Bank Transfer,Weekly,45,52.0,3.332204510175204,173.27463452911059,0.0,0.0,0.0,0.0,0.03882783882783883,0.14908424908424908,3.8367924528301884,3.7808353808353807
1013,28,Male,Sandals,Footwear,37,New Mexico,L,Teal,Summer,3.8,Yes,Cash,Express,Yes,Yes,27,Credit Card,Annually,37,1.0,3.332204510175204,3.332204510175204,1.0,1.0,1.0,1.0,0.03882783882783883,0.14908424908424908,3.8367924528301884,3.7808353808353807
1587,25,Male,Boots,Footwear,77,Oklahoma,M,Purple,Fall,4.0,No,Debit Card,Express,Yes,Yes,21,Bank Transfer,Weekly,77,52.0,3.091042453358316,160.73420757463242,0.0,1.0,1.0,1.0,0.036996336996337,0.14908424908424908,3.8237623762376236,3.7808353808353807
19,52,Male,Sweater,Clothing,48,Montana,S,Black,Summer,4.6,Yes,Bank Transfer,Free Shipping,Yes,Yes,17,Cash,Weekly,48,52.0,2.8903717578961645,150.29933141060056,1.0,1.0,1.0,1.0,0.04468864468864469,0.4564102564102564,3.7147540983606557,3.726725521669342
2032,21,Male,Socks,Clothing,51,North Carolina,L,Charcoal,Spring,4.0,No,Credit Card,Standard,No,No,2,Credit Card,Monthly,51,12.0,1.0986122886681098,13.183347464017316,0.0,0.0,0.0,0.0,0.03882783882783883,0.4564102564102564,3.7150943396226417,3.726725521669342
3771,23,Female,Pants,Clothing,42,Montana,L,Black,Summer,4.0,No,Credit Card,Store Pickup,No,No,34,Bank Transfer,Weekly,42,52.0,3.5553480614894135,184.8780991974495,0.0,0.0,0.0,0.0,0.04652014652014652,0.4564102564102564,3.729133858267717,3.726725521669342
3208,67,Female,Socks,Clothing,29,Arizona,XL,Beige,Summer,2.7,No,Debit Card,Next Day Air,No,No,14,PayPal,Annually,29,1.0,2.70805020110221,2.70805020110221,0.0,0.0,0.0,0.0,0.03882783882783883,0.4564102564102564,3.7150943396226417,3.726725521669342
1477,39,Male,Hat,Accessories,56,Wyoming,M,Magenta,Fall,4.1,No,Credit Card,Next Day Air,Yes,Yes,18,Credit Card,Monthly,56,12.0,2.9444389791664403,35.33326774999728,0.0,1.0,1.0,1.0,0.038461538461538464,0.310989010989011,3.7695238095238097,3.745465253239105
484,23,Male,Hoodie,Clothing,73,Oklahoma,M,White,Fall,3.9,Yes,Venmo,Store Pickup,Yes,Yes,12,Debit Card,Weekly,73,52.0,2.5649493574615367,133.37736658799992,1.0,1.0,1.0,1.0,0.03882783882783883,0.4564102564102564,3.776415094339623,3.726725521669342
3654,67,Female,Coat,Outerwear,20,Minnesota,M,Blue,Spring,3.9,No,Debit Card,Next Day Air,No,No,39,Credit Card,Fortnightly,20,26.0,3.6888794541139363,95.91086580696235,0.0,0.0,0.0,0.0,0.041025641025641026,0.08351648351648351,3.748214285714286,3.7504385964912283
1822,57,Male,Shorts,Clothing,53,Maine,M,Teal,Spring,2.8,No,Credit Card,Express,No,No,29,PayPal,Quarterly,53,4.0,3.4011973816621555,13.604789526648622,0.0,0.0,0.0,0.0,0.04212454212454213,0.4564102564102564,3.6730434782608694,3.726725521669342
2096,36,Male,Hoodie,Clothing,63,New Mexico,M,Gray,Fall,4.0,No,Credit Card,Store Pickup,No,No,1,Bank Transfer,Fortnightly,63,26.0,0.6931471805599453,18.021826694558577,0.0,0.0,0.0,0.0,0.03882783882783883,0.4564102564102564,3.776415094339623,3.726725521669342
1947,59,Male,Pants,Clothing,49,Louisiana,M,White,Summer,4.5,No,Bank Transfer,Standard,No,No,41,Credit Card,Quarterly,49,4.0,3.7376696182833684,14.950678473133474,0.0,0.0,0.0,0.0,0.04652014652014652,0.4564102564102564,3.729133858267717,3.726725521669342
3745,24,Female,Hoodie,Clothing,51,New Jersey,M,Gray,Summer,2.7,No,Venmo,Next Day Air,No,No,26,Bank Transfer,Fortnightly,51,26.0,3.295836866004329,85.69175851611256,0.0,0.0,0.0,0.0,0.03882783882783883,0.4564102564102564,3.776415094339623,3.726725521669342
2808,56,Female,Hoodie,Clothing,100,Maryland,M,Charcoal,Spring,4.4,No,Debit Card,2-Day Shipping,No,No,10,Debit Card,Fortnightly,100,26.0,2.3978952727983707,62.34527709275764,0.0,0.0,0.0,0.0,0.03882783882783883,0.4564102564102564,3.776415094339623,3.726725521669342
1826,23,Male,Boots,Footwear,75,South Dakota,M,Pink,Winter,4.9,No,Bank Transfer,Next Day Air,No,No,41,Credit Card,Weekly,75,52.0,3.7376696182833684,194.35882015073517,0.0,0.0,0.0,0.0,0.036996336996337,0.14908424908424908,3.8237623762376236,3.7808353808353807
1739,60,Male,Handbag,Accessories,61,Tennessee,M,Green,Spring,2.9,No,PayPal,2-Day Shipping,No,No,37,Credit Card,Weekly,61,52.0,3.6375861597263857,189.15448030577204,0.0,0.0,0.0,0.0,0.03882783882783883,0.310989010989011,3.7216981132075473,3.745465253239105
406,41,Male,Jeans,Clothing,74,South Carolina,S,Silver,Summer,3.8,Yes,Debit Card,Standard,Yes,Yes,15,Cash,Annually,74,1.0,2.772588722239781,2.772588722239781,1.0,1.0,1.0,1.0,0.03406593406593406,0.4564102564102564,3.6,3.726725521669342
299,69,Male,T-shirt,Clothing,53,Maryland,M,Lavender,Winter,4.0,Yes,Cash,Standard,Yes,Yes,11,Venmo,Every 3 Months,53,4.0,2.4849066497880004,9.939626599152001,1.0,1.0,1.0,1.0,0.034432234432234435,0.4564102564102564,3.8138297872340425,3.726725521669342
952,47,Male,Dress,Clothing,51,Alaska,M,Cyan,Summer,2.9,Yes,Venmo,Express,Yes,Yes,34,Bank Transfer,Monthly,51,12.0,3.5553480614894135,42.664176737872964,1.0,1.0,1.0,1.0,0.044322344322344324,0.4564102564102564,3.7479338842975207,3.726725521669342
2680,53,Female,Shorts,Clothing,68,Montana,S,Yellow,Spring,3.8,No,Debit Card,Express,No,No,7,Debit Card,Quarterly,68,4.0,2.0794415416798357,8.317766166719343,0.0,0.0,0.0,0.0,0.04212454212454213,0.4564102564102564,3.6730434782608694,3.726725521669342
771,19,Male,Sneakers,Footwear,54,Vermont,M,Gray,Spring,3.3,Yes,Venmo,Express,Yes,Yes,8,Credit Card,Annually,54,1.0,2.1972245773362196,2.1972245773362196,1.0,1.0,1.0,1.0,0.03626373626373627,0.14908424908424908,3.749494949494949,3.7808353808353807
1834,34,Male,Jewelry,Accessories,53,Louisiana,M,Yellow,Spring,4.5,No,Bank Transfer,2-Day Shipping,No,No,19,PayPal,Fortnightly,53,26.0,2.995732273553991,77.88903911240376,0.0,0.0,0.0,0.0,0.04212454212454213,0.310989010989011,3.744347826086957,3.745465253239105
2272,29,Male,Dress,Clothing,99,Alaska,M,Green,Summer,3.4,No,Cash,Free Shipping,No,No,49,PayPal,Quarterly,99,4.0,3.912023005428146,15.648092021712584,0.0,0.0,0.0,0.0,0.044322344322344324,0.4564102564102564,3.7479338842975207,3.726725521669342
3060,46,Female,Sweater,Clothing,71,Kentucky,L,Maroon,Spring,3.2,No,PayPal,Express,No,No,42,Credit Card,Quarterly,71,4.0,3.7612001156935624,15.04480046277425,0.0,0.0,0.0,0.0,0.04468864468864469,0.4564102564102564,3.7147540983606557,3.726725521669342
2168,30,Male,Skirt,Clothing,48,Ohio,L,Green,Winter,4.9,No,Venmo,Standard,No,No,33,Venmo,Fortnightly,48,26.0,3.5263605246161616,91.6853736400202,0.0,0.0,0.0,0.0,0.041758241758241756,0.4564102564102564,3.816666666666667,3.726725521669342
2653,23,Female,Shorts,Clothing,20,Maryland,L,Cyan,Summer,3.3,No,Debit Card,2-Day Shipping,No,No,46,Credit Card,Monthly,20,12.0,3.8501476017100584,46.2017712205207,0.0,0.0,0.0,0.0,0.04212454212454213,0.4564102564102564,3.6730434782608694,3.726725521669342
1022,55,Male,Coat,Outerwear,51,Massachusetts,S,Lavender,Winter,4.9,Yes,Credit Card,2-Day Shipping,Yes,Yes,39,PayPal,Weekly,51,52.0,3.6888794541139363,191.8217316139247,1.0,1.0,1.0,1.0,0.041025641025641026,0.08351648351648351,3.748214285714286,3.7504385964912283
216,62,Male,Scarf,Accessories,64,New Jersey,S,Orange,Spring,2.8,Yes,Bank Transfer,2-Day Shipping,Yes,Yes,24,PayPal,Bi-Weekly,64,26.0,3.2188758248682006,83.69077144657321,1.0,1.0,1.0,1.0,0.03772893772893773,0.310989010989011,3.721359223300971,3.745465253239105
2334,33,Male,Shirt,Clothing,77,Kansas,M,Beige,Spring,3.8,No,Cash,Next Day Air,No,No,1,PayPal,Every 3 Months,77,4.0,0.6931471805599453,2.772588722239781,0.0,0.0,0.0,0.0,0.04322344322344322,0.4564102564102564,3.669491525423729,3.726725521669342
3246,63,Female,Pants,Clothing,76,Kansas,M,Purple,Fall,3.2,No,PayPal,Next Day Air,No,No,20,Cash,Weekly,76,52.0,3.044522437723423,158.315166761618,0.0,0.0,0.0,0.0,0.04652014652014652,0.4564102564102564,3.729133858267717,3.726725521669342
1987,62,Male,Coat,Outerwear,48,Arkansas,L,Green,Summer,3.4,No,Debit Card,2-Day Shipping,No,No,14,Venmo,Quarterly,48,4.0,2.70805020110221,10.83220080440884,0.0,0.0,0.0,0.0,0.041025641025641026,0.08351648351648351,3.748214285714286,3.7504385964912283
2467,32,Male,Shorts,Clothing,84,South Dakota,S,Pink,Summer,3.7,No,Cash,Express,No,No,37,Cash,Annually,84,1.0,3.6375861597263857,3.6375861597263857,0.0,0.0,0.0,0.0,0.04212454212454213,0.4564102564102564,3.6730434782608694,3.726725521669342
396,37,Male,Sneakers,Footwear,65,Rhode Island,L,Brown,Winter,4.9,Yes,Cash,Store Pickup,Yes,Yes,2,PayPal,Annually,65,1.0,1.0986122886681098,1.0986122886681098,1.0,1.0,1.0,1.0,0.03626373626373627,0.14908424908424908,3.749494949494949,3.7808353808353807
3239,25,Female,Sneakers,Footwear,84,Wyoming,XL,Teal,Fall,3.4,No,PayPal,2-Day Shipping,No,No,37,Cash,Quarterly,84,4.0,3.6375861597263857,14.550344638905543,0.0,0.0,0.0,0.0,0.03626373626373627,0.14908424908424908,3.749494949494949,3.7808353808353807
177,53,Male,Backpack,Accessories,81,New Hampshire,L,Black,Spring,2.7,Yes,Bank Transfer,Next Day Air,Yes,Yes,30,Credit Card,Quarterly,81,4.0,3.4339872044851463,13.735948817940585,1.0,1.0,1.0,1.0,0.03553113553113553,0.310989010989011,3.693814432989691,3.745465253239105
386,67,Male,Shorts,Clothing,93,West Virginia,S,Yellow,Fall,2.7,Yes,Credit Card,Next Day Air,Yes,Yes,12,Credit Card,Bi-Weekly,93,26.0,2.5649493574615367,66.68868329399996,1.0,1.0,1.0,1.0,0.04212454212454213,0.4564102564102564,3.6730434782608694,3.726725521669342
1934,48,Male,Sandals,Footwear,67,Montana,L,Violet,Summer,4.1,No,Cash,Next Day Air,No,No,28,Venmo,Annually,67,1.0,3.367295829986474,3.367295829986474,0.0,0.0,0.0,0.0,0.03882783882783883,0.14908424908424908,3.8367924528301884,3.7808353808353807
3293,62,Female,Handbag,Accessories,23,Missouri,L,Gray,Spring,4.9,No,Debit Card,Standard,No,No,18,Bank Transfer,Fortnightly,23,26.0,2.9444389791664403,76.55541345832745,0.0,0.0,0.0,0.0,0.03882783882783883,0.310989010989011,3.7216981132075473,3.745465253239105
1089,49,Male,Pants,Clothing,21,Louisiana,M,Turquoise,Winter,2.7,No,Bank Transfer,Free Shipping,Yes,Yes,2,PayPal,Weekly,21,52.0,1.0986122886681098,57.12783901074171,0.0,1.0,1.0,1.0,0.04652014652014652,0.4564102564102564,3.729133858267717,3.726725521669342
1216,66,Male,Blouse,Clothing,20,Oregon,L,Pink,Winter,2.6,No,Cash,2-Day Shipping,Yes,Yes,15,Credit Card,Every 3 Months,20,4.0,2.772588722239781,11.090354888959125,0.0,1.0,1.0,1.0,0.047619047619047616,0.4564102564102564,3.733076923076923,3.726725521669342
1640,41,Male,Gloves,Accessories,65,Missouri,L,Blue,Summer,3.3,No,Bank Transfer,Free Shipping,Yes,Yes,50,PayPal,Annually,65,1.0,3.9318256327243257,3.9318256327243257,0.0,1.0,1.0,1.0,0.03626373626373627,0.310989010989011,3.8666666666666667,3.745465253239105
3791,27,Female,Handbag,Accessories,45,Alaska,XL,Beige,Summer,4.4,No,Venmo,Standard,No,No,31,Credit Card,Weekly,45,52.0,3.4657359027997265,180.21826694558578,0.0,0.0,0.0,0.0,0.03882783882783883,0.310989010989011,3.7216981132075473,3.745465253239105
3518,29,Female,Skirt,Clothing,69,Tennessee,M,Orange,Winter,3.1,No,Debit Card,Next Day Air,No,No,34,Debit Card,Every 3 Months,69,4.0,3.5553480614894135,14.221392245957654,0.0,0.0,0.0,0.0,0.041758241758241756,0.4564102564102564,3.816666666666667,3.726725521669342
587,45,Male,Hoodie,Clothing,20,Wisconsin,S,Blue,Winter,4.9,Yes,Venmo,2-Day Shipping,Yes,Yes,9,Venmo,Annually,20,1.0,2.302585092994046,2.302585092994046,1.0,1.0,1.0,1.0,0.03882783882783883,0.4564102564102564,3.776415094339623,3.726725521669342
3213,27,Female,Sneakers,Footwear,22,Wyoming,M,Indigo,Winter,3.6,No,Bank Transfer,2-Day Shipping,No,No,21,Debit Card,Weekly,22,52.0,3.091042453358316,160.73420757463242,0.0,0.0,0.0,0.0,0.03626373626373627,0.14908424908424908,3.749494949494949,3.7808353808353807
517,34,Male,Hoodie,Clothing,41,West Virginia,L,Indigo,Fall,2.8,Yes,Cash,2-Day Shipping,Yes,Yes,19,Debit Card,Bi-Weekly,41,26.0,2.995732273553991,77.88903911240376,1.0,1.0,1.0,1.0,0.03882783882783883,0.4564102564102564,3.776415094339623,3.726725521669342
3100,42,Female,Shirt,Clothing,98,Michigan,S,Maroon,Fall,2.9,No,Venmo,Free Shipping,No,No,21,Bank Transfer,Bi-Weekly,98,26.0,3.091042453358316,80.36710378731621,0.0,0.0,0.0,0.0,0.04322344322344322,0.4564102564102564,3.669491525423729,3.726725521669342
764,61,Male,Sweater,Clothing,50,North Carolina,M,Brown,Spring,2.9,Yes,Debit Card,2-Day Shipping,Yes,Yes,6,Credit Card,Monthly,50,12.0,1.9459101490553132,23.350921788663758,1.0,1.0,1.0,1.0,0.04468864468864469,0.4564102564102564,3.7147540983606557,3.726725521669342
3059,41,Female,Handbag,Accessories,74,West Virginia,S,Orange,Winter,3.8,No,Venmo,Store Pickup,No,No,3,Bank Transfer,Fortnightly,74,26.0,1.3862943611198906,36.04365338911715,0.0,0.0,0.0,0.0,0.03882783882783883,0.310989010989011,3.7216981132075473,3.745465253239105
3571,23,Female,Dress,Clothing,97,Louisiana,XL,Teal,Winter,4.7,No,PayPal,Standard,No,No,32,Debit Card,Annually,97,1.0,3.4965075614664802,3.4965075614664802,0.0,0.0,0.0,0.0,0.044322344322344324,0.4564102564102564,3.7479338842975207,3.726725521669342
1431,48,Male,Sandals,Footwear,30,Michigan,S,Orange,Summer,4.9,No,PayPal,Free Shipping,Yes,Yes,3,Credit Card,Fortnightly,30,26.0,1.3862943611198906,36.04365338911715,0.0,1.0,1.0,1.0,0.03882783882783883,0.14908424908424908,3.8367924528301884,3.7808353808353807
368,52,Male,Dress,Clothing,40,Tennessee,XL,Cyan,Spring,2.8,Yes,Credit Card,Store Pickup,Yes,Yes,18,Bank Transfer,Monthly,40,12.0,2.9444389791664403,35.33326774999728,1.0,1.0,1.0,1.0,0.044322344322344324,0.4564102564102564,3.7479338842975207,3.726725521669342
2328,20,Male,Skirt,Clothing,94,Alabama,M,Red,Winter,4.2,No,Credit Card,2-Day Shipping,No,No,22,Venmo,Bi-Weekly,94,26.0,3.1354942159291497,81.52284961415789,0.0,0.0,0.0,0.0,0.041758241758241756,0.4564102564102564,3.816666666666667,3.726725521669342
520,19,Male,Belt,Accessories,54,Minnesota,L,Blue,Summer,4.4,Yes,Cash,2-Day Shipping,Yes,Yes,17,Bank Transfer,Quarterly,54,4.0,2.8903717578961645,11.561487031584658,1.0,1.0,1.0,1.0,0.04395604395604396,0.310989010989011,3.73,3.745465253239105
1244,25,Male,Blouse,Clothing,23,New Hampshire,S,Pink,Spring,3.0,No,PayPal,Store Pickup,Yes,Yes,22,Debit Card,Annually,23,1.0,3.1354942159291497,3.1354942159291497,0.0,1.0,1.0,1.0,0.047619047619047616,0.4564102564102564,3.733076923076923,3.726725521669342
2857,65,Female,Jacket,Outerwear,48,Iowa,M,Indigo,Winter,3.5,No,Debit Card,2-Day Shipping,No,No,31,Credit Card,Monthly,48,12.0,3.4657359027997265,41.58883083359672,0.0,0.0,0.0,0.0,0.04249084249084249,0.08351648351648351,3.752586206896552,3.7504385964912283
481,68,Male,Hoodie,Clothing,88,Vermont,M,Gray,Summer,4.8,Yes,Credit Card,Standard,Yes,Yes,30,Debit Card,Bi-Weekly,88,26.0,3.4339872044851463,89.2836673166138,1.0,1.0,1.0,1.0,0.03882783882783883,0.4564102564102564,3.776415094339623,3.726725521669342
3089,34,Female,Dress,Clothing,64,Arkansas,M,Teal,Spring,3.3,No,PayPal,Store Pickup,No,No,35,Bank Transfer,Quarterly,64,4.0,3.58351893845611,14.33407575382444,0.0,0.0,0.0,0.0,0.044322344322344324,0.4564102564102564,3.7479338842975207,3.726725521669342
3384,27,Female,Coat,Outerwear,43,Delaware,M,Pink,Fall,2.6,No,Credit Card,Next Day Air,No,No,39,Venmo,Bi-Weekly,43,26.0,3.6888794541139363,95.91086580696235,0.0,0.0,0.0,0.0,0.041025641025641026,0.08351648351648351,3.748214285714286,3.7504385964912283
1461,70,Male,Boots,Footwear,85,Pennsylvania,L,Violet,Fall,4.6,No,Venmo,Standard,Yes,Yes,33,Venmo,Bi-Weekly,85,26.0,3.5263605246161616,91.6853736400202,0.0,1.0,1.0,1.0,0.036996336996337,0.14908424908424908,3.8237623762376236,3.7808353808353807
1704,39,Male,Backpack,Accessories,22,California,M,Black,Spring,4.0,No,Venmo,Next Day Air,No,No,12,Bank Transfer,Annually,22,1.0,2.5649493574615367,2.5649493574615367,0.0,0.0,0.0,0.0,0.03553113553113553,0.310989010989011,3.693814432989691,3.745465253239105
1026,60,Male,Shirt,Clothing,84,Nebraska,M,Olive,Winter,4.9,Yes,Bank Transfer,Free Shipping,Yes,Yes,15,Credit Card,Annually,84,1.0,2.772588722239781,2.772588722239781,1.0,1.0,1.0,1.0,0.04322344322344322,0.4564102564102564,3.669491525423729,3.726725521669342
2996,29,Female,Jeans,Clothing,96,Virginia,M,Orange,Summer,2.5,No,Venmo,Standard,No,No,42,Debit Card,Bi-Weekly,96,26.0,3.7612001156935624,97.79120300803262,0.0,0.0,0.0,0.0,0.03406593406593406,0.4564102564102564,3.6,3.726725521669342
2640,18,Male,Blouse,Clothing,35,New Hampshire,XL,Pink,Winter,2.6,No,Debit Card,Free Shipping,No,No,33,Debit Card,Quarterly,35,4.0,3.5263605246161616,14.105442098464646,0.0,0.0,0.0,0.0,0.047619047619047616,0.4564102564102564,3.733076923076923,3.726725521669342
314,42,Male,Dress,Clothing,77,Vermont,M,Pink,Spring,3.7,Yes,PayPal,Express,Yes,Yes,50,Credit Card,Every 3 Months,77,4.0,3.9318256327243257,15.727302530897303,1.0,1.0,1.0,1.0,0.044322344322344324,0.4564102564102564,3.7479338842975207,3.726725521669342
1780,29,Male,Scarf,Accessories,62,Virginia,M,Charcoal,Winter,4.3,No,Bank Transfer,Free Shipping,No,No,41,Venmo,Weekly,62,52.0,3.7376696182833684,194.35882015073517,0.0,0.0,0.0,0.0,0.03772893772893773,0.310989010989011,3.721359223300971,3.745465253239105
3463,44,Female,Jeans,Clothing,73,Michigan,L,Olive,Spring,4.5,No,Bank Transfer,Standard,No,No,34,Credit Card,Every 3 Months,73,4.0,3.5553480614894135,14.221392245957654,0.0,0.0,0.0,0.0,0.03406593406593406,0.4564102564102564,3.6,3.726725521669342
644,18,Male,Sweater,Clothing,57,Oregon,XL,Green,Winter,3.2,Yes,Venmo,Next Day Air,Yes,Yes,10,Bank Transfer,Every 3 Months,57,4.0,2.3978952727983707,9.591581091193483,1.0,1.0,1.0,1.0,0.04468864468864469,0.4564102564102564,3.7147540983606557,3.726725521669342
2604,69,Male,Dress,Clothing,58,Washington,M,Teal,Spring,2.7,No,Debit Card,2-Day Shipping,No,No,8,Cash,Annually,58,1.0,2.1972245773362196,2.1972245773362196,0.0,0.0,0.0,0.0,0.044322344322344324,0.4564102564102564,3.7479338842975207,3.726725521669342
597,23,Male,Shoes,Footwear,37,Montana,XL,White,Summer,4.5,Yes,PayPal,Store Pickup,Yes,Yes,36,Venmo,Annually,37,1.0,3.6109179126442243,3.6109179126442243,1.0,1.0,1.0,1.0,0.036996336996337,0.14908424908424908,3.7099009900990096,3.7808353808353807
2925,47,Female,Shirt,Clothing,64,Rhode Island,L,Indigo,Winter,3.7,No,Bank Transfer,Free Shipping,No,No,37,Debit Card,Every 3 Months,64,4.0,3.6375861597263857,14.550344638905543,0.0,0.0,0.0,0.0,0.04322344322344322,0.4564102564102564,3.669491525423729,3.726725521669342
2846,26,Female,Backpack,Accessories,77,South Dakota,L,Lavender,Summer,4.1,No,Cash,Express,No,No,39,Debit Card,Every 3 Months,77,4.0,3.6888794541139363,14.755517816455745,0.0,0.0,0.0,0.0,0.03553113553113553,0.310989010989011,3.693814432989691,3.745465253239105
242,36,Male,Hoodie,Clothing,88,Delaware,M,Peach,Winter,4.1,Yes,PayPal,Free Shipping,Yes,Yes,43,Venmo,Bi-Weekly,88,26.0,3.784189633918261,98.38893048187478,1.0,1.0,1.0,1.0,0.03882783882783883,0.4564102564102564,3.776415094339623,3.726725521669342
1492,27,Male,Shirt,Clothing,54,Arkansas,S,Black,Summer,2.7,No,Venmo,Free Shipping,Yes,Yes,10,Bank Transfer,Quarterly,54,4.0,2.3978952727983707,9.591581091193483,0.0,1.0,1.0,1.0,0.04322344322344322,0.4564102564102564,3.669491525423729,3.726725521669342
2900,50,Female,Boots,Footwear,64,Nebraska,M,Gold,Spring,4.2,No,PayPal,2-Day Shipping,No,No,22,Bank Transfer,Fortnightly,64,26.0,3.1354942159291497,81.52284961415789,0.0,0.0,0.0,0.0,0.036996336996337,0.14908424908424908,3.8237623762376236,3.7808353808353807
1936,19,Male,Blouse,Clothing,68,North Carolina,XL,Violet,Spring,4.8,No,Debit Card,Free Shipping,No,No,45,Cash,Fortnightly,68,26.0,3.828641396489095,99.54467630871648,0.0,0.0,0.0,0.0,0.047619047619047616,0.4564102564102564,3.733076923076923,3.726725521669342
1870,18,Male,Blouse,Clothing,77,West Virginia,S,Beige,Spring,3.9,No,PayPal,2-Day Shipping,No,No,16,Debit Card,Every 3 Months,77,4.0,2.833213344056216,11.332853376224865,0.0,0.0,0.0,0.0,0.047619047619047616,0.4564102564102564,3.733076923076923,3.726725521669342
3373,56,Female,Socks,Clothing,25,Pennsylvania,M,Maroon,Winter,4.6,No,Credit Card,Free Shipping,No,No,14,Credit Card,Every 3 Months,25,4.0,2.70805020110221,10.83220080440884,0.0,0.0,0.0,0.0,0.03882783882783883,0.4564102564102564,3.7150943396226417,3.726725521669342
3826,49,Female,Shorts,Clothing,35,Hawaii,L,Green,Fall,4.1,No,Bank Transfer,Express,No,No,47,Debit Card,Fortnightly,35,26.0,3.871201010907891,100.65122628360517,0.0,0.0,0.0,0.0,0.04212454212454213,0.4564102564102564,3.6730434782608694,3.726725521669342
595,35,Male,Hoodie,Clothing,83,Oklahoma,S,Brown,Winter,2.5,Yes,Cash,Next Day Air,Yes,Yes,6,Debit Card,Monthly,83,12.0,1.9459101490553132,23.350921788663758,1.0,1.0,1.0,1.0,0.03882783882783883,0.4564102564102564,3.776415094339623,3.726725521669342
3477,68,Female,Boots,Footwear,99,South Carolina,XL,Orange,Summer,3.2,No,Credit Card,Free Shipping,No,No,11,Cash,Weekly,99,52.0,2.4849066497880004,129.21514578897603,0.0,0.0,0.0,0.0,0.036996336996337,0.14908424908424908,3.8237623762376236,3.7808353808353807
35,36,Male,T-shirt,Clothing,91,North Dakota,L,Violet,Spring,4.6,Yes,Debit Card,2-Day Shipping,Yes,Yes,38,PayPal,Quarterly,91,4.0,3.6635616461296463,14.654246584518585,1.0,1.0,1.0,1.0,0.034432234432234435,0.4564102564102564,3.8138297872340425,3.726725521669342
1800,32,Male,Hoodie,Clothing,48,California,M,Charcoal,Fall,3.9,No,Debit Card,Express,No,No,47,Venmo,Weekly,48,52.0,3.871201010907891,201.30245256721034,0.0,0.0,0.0,0.0,0.03882783882783883,0.4564102564102564,3.776415094339623,3.726725521669342
3218,44,Female,Sunglasses,Accessories,58,Oregon,M,Silver,Fall,3.4,No,PayPal,Express,No,No,46,Venmo,Weekly,58,52.0,3.8501476017100584,200.20767528892304,0.0,0.0,0.0,0.0,0.0380952380952381,0.310989010989011,3.7211538461538463,3.745465253239105
918,69,Male,Sweater,Clothing,64,Missouri,M,Maroon,Spring,3.7,Yes,Debit Card,Standard,Yes,Yes,11,Bank Transfer,Quarterly,64,4.0,2.4849066497880004,9.939626599152001,1.0,1.0,1.0,1.0,0.04468864468864469,0.4564102564102564,3.7147540983606557,3.726725521669342
3237,63,Female,Belt,Accessories,84,South Carolina,L,Olive,Fall,4.1,No,Venmo,Next Day Air,No,No,8,Cash,Monthly,84,12.0,2.1972245773362196,26.366694928034633,0.0,0.0,0.0,0.0,0.04395604395604396,0.310989010989011,3.73,3.745465253239105
3235,49,Female,Jewelry,Accessories,96,Washington,M,Black,Winter,2.5,No,Bank Transfer,2-Day Shipping,No,No,16,Debit Card,Quarterly,96,4.0,2.833213344056216,11.332853376224865,0.0,0.0,0.0,0.0,0.04212454212454213,0.310989010989011,3.744347826086957,3.745465253239105
2310,70,Male,Dress,Clothing,95,Connecticut,S,Gold,Fall,5.0,No,Cash,2-Day Shipping,No,No,3,Bank Transfer,Quarterly,95,4.0,1.3862943611198906,5.545177444479562,0.0,0.0,0.0,0.0,0.044322344322344324,0.4564102564102564,3.7479338842975207,3.726725521669342
3761,65,Female,Socks,Clothing,80,Connecticut,M,Peach,Fall,3.1,No,PayPal,Next Day Air,No,No,36,PayPal,Weekly,80,52.0,3.6109179126442243,187.76773145749968,0.0,0.0,0.0,0.0,0.03882783882783883,0.4564102564102564,3.7150943396226417,3.726725521669342
2391,65,Male,Shirt,Clothing,64,Arizona,XL,Yellow,Winter,4.6,No,Debit Card,Express,No,No,24,Debit Card,Fortnightly,64,26.0,3.2188758248682006,83.69077144657321,0.0,0.0,0.0,0.0,0.04322344322344322,0.4564102564102564,3.669491525423729,3.726725521669342
2907,58,Female,Coat,Outerwear,27,Virginia,M,Indigo,Spring,3.9,No,PayPal,Standard,No,No,7,Venmo,Annually,27,1.0,2.0794415416798357,2.0794415416798357,0.0,0.0,0.0,0.0,0.041025641025641026,0.08351648351648351,3.748214285714286,3.7504385964912283
3333,27,Female,T-shirt,Clothing,23,Washington,M,Silver,Summer,3.1,No,PayPal,2-Day Shipping,No,No,1,PayPal,Bi-Weekly,23,26.0,0.6931471805599453,18.021826694558577,0.0,0.0,0.0,0.0,0.034432234432234435,0.4564102564102564,3.8138297872340425,3.726725521669342
1923,18,Male,Gloves,Accessories,63,Kentucky,S,Peach,Summer,4.6,No,PayPal,Standard,No,No,9,PayPal,Monthly,63,12.0,2.302585092994046,27.63102111592855,0.0,0.0,0.0,0.0,0.03626373626373627,0.310989010989011,3.8666666666666667,3.745465253239105
2932,36,Female,Jewelry,Accessories,31,Alabama,M,Magenta,Fall,4.5,No,Cash,2-Day Shipping,No,No,49,Credit Card,Bi-Weekly,31,26.0,3.912023005428146,101.71259814113179,0.0,0.0,0.0,0.0,0.04212454212454213,0.310989010989011,3.744347826086957,3.745465253239105
3303,36,Female,Blouse,Clothing,82,Alabama,XL,Beige,Winter,4.2,No,Venmo,Standard,No,No,31,Venmo,Bi-Weekly,82,26.0,3.4657359027997265,90.10913347279289,0.0,0.0,0.0,0.0,0.047619047619047616,0.4564102564102564,3.733076923076923,3.726725521669342
1874,64,Male,Sweater,Clothing,44,Wisconsin,XL,Red,Fall,2.9,No,Credit Card,Express,No,No,49,Bank Transfer,Weekly,44,52.0,3.912023005428146,203.42519628226358,0.0,0.0,0.0,0.0,0.04468864468864469,0.4564102564102564,3.7147540983606557,3.726725521669342
1648,34,Male,Boots,Footwear,78,Hawaii,M,Purple,Summer,4.9,No,Credit Card,Store Pickup,Yes,Yes,8,Debit Card,Quarterly,78,4.0,2.1972245773362196,8.788898309344878,0.0,1.0,1.0,1.0,0.036996336996337,0.14908424908424908,3.8237623762376236,3.7808353808353807
1629,45,Male,Dress,Clothing,64,Massachusetts,S,Teal,Winter,3.1,No,PayPal,Next Day Air,Yes,Yes,7,Cash,Monthly,64,12.0,2.0794415416798357,24.953298500158027,0.0,1.0,1.0,1.0,0.044322344322344324,0.4564102564102564,3.7479338842975207,3.726725521669342
1783,52,Male,Pants,Clothing,88,Utah,M,Lavender,Fall,2.7,No,Credit Card,Next Day Air,No,No,40,Bank Transfer,Fortnightly,88,26.0,3.713572066704308,96.552873734312,0.0,0.0,0.0,0.0,0.04652014652014652,0.4564102564102564,3.729133858267717,3.726725521669342
120,38,Male,Coat,Outerwear,76,Wyoming,M,Orange,Fall,4.3,Yes,Debit Card,Express,Yes,Yes,44,Cash,Annually,76,1.0,3.8066624897703196,3.8066624897703196,1.0,1.0,1.0,1.0,0.041025641025641026,0.08351648351648351,3.748214285714286,3.7504385964912283
1422,68,Male,Dress,Clothing,100,Pennsylvania,S,Gold,Spring,3.0,No,Credit Card,Standard,Yes,Yes,24,Bank Transfer,Fortnightly,100,26.0,3.2188758248682006,83.69077144657321,0.0,1.0,1.0,1.0,0.044322344322344324,0.4564102564102564,3.7479338842975207,3.726725521669342
2629,25,Male,Hoodie,Clothing,51,Wyoming,M,Silver,Summer,3.8,No,Venmo,Next Day Air,No,No,42,Credit Card,Bi-Weekly,51,26.0,3.7612001156935624,97.79120300803262,0.0,0.0,0.0,0.0,0.03882783882783883,0.4564102564102564,3.776415094339623,3.726725521669342
2519,20,Male,Boots,Footwear,51,Maine,XL,Blue,Fall,4.0,No,PayPal,Store Pickup,No,No,31,Venmo,Annually,51,1.0,3.4657359027997265,3.4657359027997265,0.0,0.0,0.0,0.0,0.036996336996337,0.14908424908424908,3.8237623762376236,3.7808353808353807
1973,54,Male,Backpack,Accessories,31,Louisiana,M,Silver,Summer,3.3,No,Debit Card,Express,No,No,48,PayPal,Every 3 Months,31,4.0,3.8918202981106265,15.567281192442506,0.0,0.0,0.0,0.0,0.03553113553113553,0.310989010989011,3.693814432989691,3.745465253239105
824,51,Male,Sunglasses,Accessories,27,Georgia,M,Green,Winter,2.5,Yes,PayPal,Free Shipping,Yes,Yes,11,Credit Card,Quarterly,27,4.0,2.4849066497880004,9.939626599152001,1.0,1.0,1.0,1.0,0.0380952380952381,0.310989010989011,3.7211538461538463,3.745465253239105
2488,57,Male,Boots,Footwear,21,Montana,L,Violet,Spring,3.0,No,PayPal,Next Day Air,No,No,16,PayPal,Bi-Weekly,21,26.0,2.833213344056216,73.66354694546162,0.0,0.0,0.0,0.0,0.036996336996337,0.14908424908424908,3.8237623762376236,3.7808353808353807
2503,46,Male,Skirt,Clothing,47,Idaho,L,Pink,Spring,4.1,No,Cash,Standard,No,No,17,PayPal,Every 3 Months,47,4.0,2.8903717578961645,11.561487031584658,0.0,0.0,0.0,0.0,0.041758241758241756,0.4564102564102564,3.816666666666667,3.726725521669342
1205,67,Male,Belt,Accessories,94,Florida,M,Pink,Spring,3.2,No,Bank Transfer,2-Day Shipping,Yes,Yes,20,Credit Card,Every 3 Months,94,4.0,3.044522437723423,12.178089750893692,0.0,1.0,1.0,1.0,0.04395604395604396,0.310989010989011,3.73,3.745465253239105
1690,32,Male,Shirt,Clothing,73,North Carolina,L,Turquoise,Winter,4.6,No,Credit Card,Store Pickup,No,No,32,Bank Transfer,Monthly,73,12.0,3.4965075614664802,41.958090737597765,0.0,0.0,0.0,0.0,0.04322344322344322,0.4564102564102564,3.669491525423729,3.726725521669342
2998,41,Female,Sweater,Clothing,40,Idaho,S,Yellow,Spring,2.7,No,Venmo,Next Day Air,No,No,14,Venmo,Every 3 Months,40,4.0,2.70805020110221,10.83220080440884,0.0,0.0,0.0,0.0,0.04468864468864469,0.4564102564102564,3.7147540983606557,3.726725521669342
2222,25,Male,Shorts,Clothing,88,Kansas,XL,White,Fall,3.0,No,Debit Card,Free Shipping,No,No,34,Credit Card,Annually,88,1.0,3.5553480614894135,3.5553480614894135,0.0,0.0,0.0,0.0,0.04212454212454213,0.4564102564102564,3.6730434782608694,3.726725521669342
1960,46,Male,Shoes,Footwear,90,Colorado,M,White,Fall,3.1,No,Credit Card,Store Pickup,No,No,7,Credit Card,Every 3 Months,90,4.0,2.0794415416798357,8.317766166719343,0.0,0.0,0.0,0.0,0.036996336996337,0.14908424908424908,3.7099009900990096,3.7808353808353807
1440,25,Male,Boots,Footwear,48,New Mexico,M,Magenta,Summer,4.8,No,Credit Card,Next Day Air,Yes,Yes,25,Cash,Fortnightly,48,26.0,3.258096538021482,84.71050998855854,0.0,1.0,1.0,1.0,0.036996336996337,0.14908424908424908,3.8237623762376236,3.7808353808353807
1450,18,Male,Socks,Clothing,41,New York,L,Lavender,Winter,2.5,No,Debit Card,Store Pickup,Yes,Yes,20,Cash,Every 3 Months,41,4.0,3.044522437723423,12.178089750893692,0.0,1.0,1.0,1.0,0.03882783882783883,0.4564102564102564,3.7150943396226417,3.726725521669342
1771,53,Male,Backpack,Accessories,22,Michigan,M,Pink,Fall,4.3,No,Credit Card,Express,No,No,34,Bank Transfer,Weekly,22,52.0,3.5553480614894135,184.8780991974495,0.0,0.0,0.0,0.0,0.03553113553113553,0.310989010989011,3.693814432989691,3.745465253239105
1097,57,Male,Coat,Outerwear,46,New Hampshire,S,Beige,Fall,2.6,No,Credit Card,Standard,Yes,Yes,48,Credit Card,Annually,46,1.0,3.8918202981106265,3.8918202981106265,0.0,1.0,1.0,1.0,0.041025641025641026,0.08351648351648351,3.748214285714286,3.7504385964912283
2338,39,Male,Boots,Footwear,76,North Dakota,S,Violet,Fall,3.6,No,PayPal,Store Pickup,No,No,5,Cash,Annually,76,1.0,1.791759469228055,1.791759469228055,0.0,0.0,0.0,0.0,0.036996336996337,0.14908424908424908,3.8237623762376236,3.7808353808353807
2645,25,Male,Pants,Clothing,83,New Mexico,M,Turquoise,Spring,3.3,No,PayPal,Standard,No,No,4,Bank Transfer,Every 3 Months,83,4.0,1.6094379124341003,6.437751649736401,0.0,0.0,0.0,0.0,0.04652014652014652,0.4564102564102564,3.729133858267717,3.726725521669342
3232,62,Female,Shoes,Footwear,97,Nevada,M,Maroon,Winter,4.4,No,PayPal,Free Shipping,No,No,9,Credit Card,Annually,97,1.0,2.302585092994046,2.302585092994046,0.0,0.0,0.0,0.0,0.036996336996337,0.14908424908424908,3.7099009900990096,3.7808353808353807
3393,53,Female,Scarf,Accessories,74,New Jersey,XL,Blue,Winter,4.4,No,Credit Card,Free Shipping,No,No,6,Venmo,Bi-Weekly,74,26.0,1.9459101490553132,50.593663875438146,0.0,0.0,0.0,0.0,0.03772893772893773,0.310989010989011,3.721359223300971,3.745465253239105
958,38,Male,Scarf,Accessories,23,Indiana,XL,Violet,Spring,4.7,Yes,Bank Transfer,Store Pickup,Yes,Yes,11,Cash,Quarterly,23,4.0,2.4849066497880004,9.939626599152001,1.0,1.0,1.0,1.0,0.03772893772893773,0.310989010989011,3.721359223300971,3.745465253239105
2209,28,Male,Scarf,Accessories,46,Colorado,XL,Violet,Summer,2.7,No,Debit Card,2-Day Shipping,No,No,23,PayPal,Monthly,46,12.0,3.1780538303479458,38.13664596417535,0.0,0.0,0.0,0.0,0.03772893772893773,0.310989010989011,3.721359223300971,3.745465253239105
258,20,Male,Handbag,Accessories,53,West Virginia,M,Red,Summer,4.5,Yes,PayPal,Express,Yes,Yes,5,Credit Card,Quarterly,53,4.0,1.791759469228055,7.16703787691222,1.0,1.0,1.0,1.0,0.03882783882783883,0.310989010989011,3.7216981132075473,3.745465253239105
2764,28,Female,Handbag,Accessories,52,West Virginia,M,Green,Fall,2.9,No,Venmo,2-Day Shipping,No,No,35,Venmo,Quarterly,52,4.0,3.58351893845611,14.33407575382444,0.0,0.0,0.0,0.0,0.03882783882783883,0.310989010989011,3.7216981132075473,3.745465253239105
2124,54,Male,Coat,Outerwear,71,Nebraska,L,Cyan,Spring,3.7,No,Cash,Express,No,No,22,Debit Card,Bi-Weekly,71,26.0,3.1354942159291497,81.52284961415789,0.0,0.0,0.0,0.0,0.041025641025641026,0.08351648351648351,3.748214285714286,3.7504385964912283
997,29,Male,Sandals,Footwear,91,Delaware,L,Maroon,Summer,4.9,Yes,Bank Transfer,Standard,Yes,Yes,32,Bank Transfer,Quarterly,91,4.0,3.4965075614664802,13.986030245865921,1.0,1.0,1.0,1.0,0.03882783882783883,0.14908424908424908,3.8367924528301884,3.7808353808353807
1222,18,Male,Socks,Clothing,69,Iowa,M,Red,Winter,4.5,No,Bank Transfer,Standard,Yes,Yes,3,Cash,Quarterly,69,4.0,1.3862943611198906,5.545177444479562,0.0,1.0,1.0,1.0,0.03882783882783883,0.4564102564102564,3.7150943396226417,3.726725521669342
2826,69,Female,Handbag,Accessories,62,North Carolina,M,Yellow,Winter,4.3,No,Cash,2-Day Shipping,No,No,28,Bank Transfer,Annually,62,1.0,3.367295829986474,3.367295829986474,0.0,0.0,0.0,0.0,0.03882783882783883,0.310989010989011,3.7216981132075473,3.745465253239105
3588,33,Female,Sweater,Clothing,90,Virginia,S,Violet,Summer,4.4,No,Debit Card,Standard,No,No,33,Debit Card,Annually,90,1.0,3.5263605246161616,3.5263605246161616,0.0,0.0,0.0,0.0,0.04468864468864469,0.4564102564102564,3.7147540983606557,3.726725521669342
1392,53,Male,Blouse,Clothing,29,Mississippi,S,White,Winter,3.6,No,Bank Transfer,Express,Yes,Yes,38,Credit Card,Annually,29,1.0,3.6635616461296463,3.6635616461296463,0.0,1.0,1.0,1.0,0.047619047619047616,0.4564102564102564,3.733076923076923,3.726725521669342
1802,33,Male,Sweater,Clothing,57,New Jersey,M,Turquoise,Spring,3.9,No,Credit Card,Express,No,No,48,Debit Card,Fortnightly,57,26.0,3.8918202981106265,101.18732775087629,0.0,0.0,0.0,0.0,0.04468864468864469,0.4564102564102564,3.7147540983606557,3.726725521669342
1716,23,Male,Dress,Clothing,69,Idaho,XL,Gray,Spring,3.4,No,PayPal,2-Day Shipping,No,No,30,PayPal,Bi-Weekly,69,26.0,3.4339872044851463,89.2836673166138,0.0,0.0,0.0,0.0,0.044322344322344324,0.4564102564102564,3.7479338842975207,3.726725521669342
1720,45,Male,Sweater,Clothing,39,Maryland,M,White,Winter,3.2,No,Venmo,Free Shipping,No,No,8,Venmo,Quarterly,39,4.0,2.1972245773362196,8.788898309344878,0.0,0.0,0.0,0.0,0.04468864468864469,0.4564102564102564,3.7147540983606557,3.726725521669342
1977,32,Male,Handbag,Accessories,51,Wyoming,M,Pink,Spring,3.2,No,Debit Card,Next Day Air,No,No,43,PayPal,Fortnightly,51,26.0,3.784189633918261,98.38893048187478,0.0,0.0,0.0,0.0,0.03882783882783883,0.310989010989011,3.7216981132075473,3.745465253239105
2727,33,Female,Belt,Accessories,92,Michigan,L,Blue,Winter,3.3,No,Debit Card,Free Shipping,No,No,11,PayPal,Bi-Weekly,92,26.0,2.4849066497880004,64.60757289448802,0.0,0.0,0.0,0.0,0.04395604395604396,0.310989010989011,3.73,3.745465253239105
480,39,Male,Handbag,Accessories,84,Iowa,L,Yellow,Winter,3.3,Yes,Bank Transfer,Store Pickup,Yes,Yes,43,Venmo,Monthly,84,12.0,3.784189633918261,45.41027560701913,1.0,1.0,1.0,1.0,0.03882783882783883,0.310989010989011,3.7216981132075473,3.745465253239105
3371,30,Female,Belt,Accessories,31,Illinois,M,Charcoal,Summer,2.8,No,Venmo,Store Pickup,No,No,46,Cash,Fortnightly,31,26.0,3.8501476017100584,100.10383764446152,0.0,0.0,0.0,0.0,0.04395604395604396,0.310989010989011,3.73,3.745465253239105
1856,60,Male,Shirt,Clothing,76,Rhode Island,XL,Teal,Spring,4.7,No,Bank Transfer,Standard,No,No,9,Cash,Annually,76,1.0,2.302585092994046,2.302585092994046,0.0,0.0,0.0,0.0,0.04322344322344322,0.4564102564102564,3.669491525423729,3.726725521669342
2616,49,Male,T-shirt,Clothing,62,Arizona,M,Maroon,Fall,3.1,No,Venmo,2-Day Shipping,No,No,6,Debit Card,Quarterly,62,4.0,1.9459101490553132,7.783640596221253,0.0,0.0,0.0,0.0,0.034432234432234435,0.4564102564102564,3.8138297872340425,3.726725521669342
4,21,Male,Sandals,Footwear,90,Rhode Island,M,Maroon,Spring,3.5,Yes,PayPal,Next Day Air,Yes,Yes,49,PayPal,Weekly,90,52.0,3.912023005428146,203.42519628226358,1.0,1.0,1.0,1.0,0.03882783882783883,0.14908424908424908,3.8367924528301884,3.7808353808353807
3749,34,Female,Backpack,Accessories,25,Delaware,M,Violet,Fall,3.9,No,PayPal,2-Day Shipping,No,No,3,Venmo,Annually,25,1.0,1.3862943611198906,1.3862943611198906,0.0,0.0,0.0,0.0,0.03553113553113553,0.310989010989011,3.693814432989691,3.745465253239105
3873,41,Female,Jacket,Outerwear,94,New Hampshire,M,Green,Spring,4.3,No,Cash,Standard,No,No,3,Cash,Monthly,94,12.0,1.3862943611198906,16.635532333438686,0.0,0.0,0.0,0.0,0.04249084249084249,0.08351648351648351,3.752586206896552,3.7504385964912283
2121,53,Male,Scarf,Accessories,98,Missouri,S,Red,Fall,3.1,No,Venmo,Next Day Air,No,No,38,PayPal,Quarterly,98,4.0,3.6635616461296463,14.654246584518585,0.0,0.0,0.0,0.0,0.03772893772893773,0.310989010989011,3.721359223300971,3.745465253239105
2428,27,Male,Jacket,Outerwear,26,Oregon,M,Purple,Spring,3.3,No,Debit Card,Standard,No,No,45,Cash,Quarterly,26,4.0,3.828641396489095,15.31456558595638,0.0,0.0,0.0,0.0,0.04249084249084249,0.08351648351648351,3.752586206896552,3.7504385964912283
1745,57,Male,Sunglasses,Accessories,63,Michigan,L,Teal,Winter,3.0,No,PayPal,Standard,No,No,23,PayPal,Weekly,63,52.0,3.1780538303479458,165.25879917809317,0.0,0.0,0.0,0.0,0.0380952380952381,0.310989010989011,3.7211538461538463,3.745465253239105
3284,47,Female,Jacket,Outerwear,24,North Carolina,L,Purple,Spring,2.9,No,Credit Card,Express,No,No,10,Debit Card,Every 3 Months,24,4.0,2.3978952727983707,9.591581091193483,0.0,0.0,0.0,0.0,0.04249084249084249,0.08351648351648351,3.752586206896552,3.7504385964912283
2452,41,Male,Socks,Clothing,60,Oklahoma,M,Purple,Fall,3.4,No,Debit Card,Store Pickup,No,No,27,Venmo,Monthly,60,12.0,3.332204510175204,39.986454122102444,0.0,0.0,0.0,0.0,0.03882783882783883,0.4564102564102564,3.7150943396226417,3.726725521669342
487,38,Male,Sandals,Footwear,63,New Mexico,M,Charcoal,Fall,2.8,Yes,Debit Card,Store Pickup,Yes,Yes,37,Venmo,Every 3 Months,63,4.0,3.6375861597263857,14.550344638905543,1.0,1.0,1.0,1.0,0.03882783882783883,0.14908424908424908,3.8367924528301884,3.7808353808353807
355,58,Male,Jewelry,Accessories,76,Pennsylvania,S,Olive,Fall,3.0,Yes,PayPal,Free Shipping,Yes,Yes,42,Venmo,Weekly,76,52.0,3.7612001156935624,195.58240601606525,1.0,1.0,1.0,1.0,0.04212454212454213,0.310989010989011,3.744347826086957,3.745465253239105
414,70,Male,Jewelry,Accessories,99,Nevada,S,White,Summer,4.6,Yes,Debit Card,Free Shipping,Yes,Yes,48,Cash,Monthly,99,12.0,3.8918202981106265,46.701843577327516,1.0,1.0,1.0,1.0,0.04212454212454213,0.310989010989011,3.744347826086957,3.745465253239105
1666,40,Male,Jacket,Outerwear,41,New Mexico,L,Pink,Fall,3.4,No,Cash,Next Day Air,Yes,Yes,49,Venmo,Monthly,41,12.0,3.912023005428146,46.94427606513775,0.0,1.0,1.0,1.0,0.04249084249084249,0.08351648351648351,3.752586206896552,3.7504385964912283
1880,56,Male,T-shirt,Clothing,33,Tennessee,L,Charcoal,Spring,3.5,No,Debit Card,Express,No,No,46,Cash,Bi-Weekly,33,26.0,3.8501476017100584,100.10383764446152,0.0,0.0,0.0,0.0,0.034432234432234435,0.4564102564102564,3.8138297872340425,3.726725521669342
2127,63,Male,Shoes,Footwear,38,Alabama,XL,Magenta,Winter,4.1,No,PayPal,Express,No,No,28,Credit Card,Monthly,38,12.0,3.367295829986474,40.40754995983769,0.0,0.0,0.0,0.0,0.036996336996337,0.14908424908424908,3.7099009900990096,3.7808353808353807
3623,46,Female,Dress,Clothing,41,Wisconsin,M,Purple,Fall,4.3,No,Bank Transfer,Store Pickup,No,No,12,Credit Card,Annually,41,1.0,2.5649493574615367,2.5649493574615367,0.0,0.0,0.0,0.0,0.044322344322344324,0.4564102564102564,3.7479338842975207,3.726725521669342
1665,19,Male,Handbag,Accessories,53,Minnesota,M,Purple,Spring,5.0,No,PayPal,Next Day Air,Yes,Yes,35,PayPal,Weekly,53,52.0,3.58351893845611,186.34298479971773,0.0,1.0,1.0,1.0,0.03882783882783883,0.310989010989011,3.7216981132075473,3.745465253239105
553,24,Male,T-shirt,Clothing,94,Missouri,M,Peach,Fall,3.5,Yes,Bank Transfer,Express,Yes,Yes,18,Bank Transfer,Weekly,94,52.0,2.9444389791664403,153.1108269166549,1.0,1.0,1.0,1.0,0.034432234432234435,0.4564102564102564,3.8138297872340425,3.726725521669342
1002,61,Male,Dress,Clothing,60,Washington,M,Orange,Fall,3.6,Yes,Credit Card,Standard,Yes,Yes,4,Debit Card,Fortnightly,60,26.0,1.6094379124341003,41.845385723286604,1.0,1.0,1.0,1.0,0.044322344322344324,0.4564102564102564,3.7479338842975207,3.726725521669342
623,69,Male,Socks,Clothing,63,Georgia,S,Peach,Spring,4.0,Yes,Credit Card,Next Day Air,Yes,Yes,44,Bank Transfer,Fortnightly,63,26.0,3.8066624897703196,98.9732247340283,1.0,1.0,1.0,1.0,0.03882783882783883,0.4564102564102564,3.7150943396226417,3.726725521669342
1261,63,Male,Shirt,Clothing,93,Virginia,XL,Green,Spring,4.1,No,Venmo,Store Pickup,Yes,Yes,30,Debit Card,Quarterly,93,4.0,3.4339872044851463,13.735948817940585,0.0,1.0,1.0,1.0,0.04322344322344322,0.4564102564102564,3.669491525423729,3.726725521669342
1628,69,Male,Sunglasses,Accessories,21,Maine,M,Olive,Winter,2.9,No,Venmo,Next Day Air,Yes,Yes,8,Credit Card,Annually,21,1.0,2.1972245773362196,2.1972245773362196,0.0,1.0,1.0,1.0,0.0380952380952381,0.310989010989011,3.7211538461538463,3.745465253239105
30,31,Male,Dress,Clothing,48,Wyoming,S,Black,Fall,4.1,Yes,Venmo,Store Pickup,Yes,Yes,14,Credit Card,Weekly,48,52.0,2.70805020110221,140.81861045731492,1.0,1.0,1.0,1.0,0.044322344322344324,0.4564102564102564,3.7479338842975207,3.726725521669342
3804,48,Female,Handbag,Accessories,55,Connecticut,M,Violet,Spring,3.6,No,Credit Card,Standard,No,No,14,Debit Card,Weekly,55,52.0,2.70805020110221,140.81861045731492,0.0,0.0,0.0,0.0,0.03882783882783883,0.310989010989011,3.7216981132075473,3.745465253239105
1197,30,Male,Belt,Accessories,88,North Dakota,M,Maroon,Winter,3.2,No,PayPal,2-Day Shipping,Yes,Yes,13,Bank Transfer,Bi-Weekly,88,26.0,2.6390573296152584,68.61549056999672,0.0,1.0,1.0,1.0,0.04395604395604396,0.310989010989011,3.73,3.745465253239105
2470,68,Male,Sandals,Footwear,92,Maryland,M,Yellow,Fall,5.0,No,Cash,Standard,No,No,27,PayPal,Annually,92,1.0,3.332204510175204,3.332204510175204,0.0,0.0,0.0,0.0,0.03882783882783883,0.14908424908424908,3.8367924528301884,3.7808353808353807
1310,32,Male,Blouse,Clothing,21,Hawaii,L,Lavender,Summer,4.7,No,Bank Transfer,Store Pickup,Yes,Yes,41,Cash,Quarterly,21,4.0,3.7376696182833684,14.950678473133474,0.0,1.0,1.0,1.0,0.047619047619047616,0.4564102564102564,3.733076923076923,3.726725521669342
941,48,Male,Belt,Accessories,44,Colorado,S,Maroon,Spring,2.6,Yes,PayPal,Store Pickup,Yes,Yes,15,PayPal,Every 3 Months,44,4.0,2.772588722239781,11.090354888959125,1.0,1.0,1.0,1.0,0.04395604395604396,0.310989010989011,3.73,3.745465253239105
3596,21,Female,Blouse,Clothing,41,South Dakota,M,Violet,Spring,3.1,No,Cash,Store Pickup,No,No,14,PayPal,Annually,41,1.0,2.70805020110221,2.70805020110221,0.0,0.0,0.0,0.0,0.047619047619047616,0.4564102564102564,3.733076923076923,3.726725521669342
3710,31,Female,Socks,Clothing,43,Utah,M,Silver,Fall,3.6,No,Debit Card,Free Shipping,No,No,27,PayPal,Quarterly,43,4.0,3.332204510175204,13.328818040700815,0.0,0.0,0.0,0.0,0.03882783882783883,0.4564102564102564,3.7150943396226417,3.726725521669342
2814,45,Female,Shirt,Clothing,50,Vermont,S,Maroon,Summer,3.3,No,Debit Card,2-Day Shipping,No,No,39,Debit Card,Quarterly,50,4.0,3.6888794541139363,14.755517816455745,0.0,0.0,0.0,0.0,0.04322344322344322,0.4564102564102564,3.669491525423729,3.726725521669342
2956,42,Female,Boots,Footwear,67,Vermont,M,Silver,Winter,2.6,No,Venmo,Free Shipping,No,No,46,Credit Card,Annually,67,1.0,3.8501476017100584,3.8501476017100584,0.0,0.0,0.0,0.0,0.036996336996337,0.14908424908424908,3.8237623762376236,3.7808353808353807
3318,21,Female,Hat,Accessories,67,North Carolina,XL,Pink,Summer,4.7,No,Debit Card,Standard,No,No,30,Cash,Quarterly,67,4.0,3.4339872044851463,13.735948817940585,0.0,0.0,0.0,0.0,0.038461538461538464,0.310989010989011,3.7695238095238097,3.745465253239105
947,46,Male,Coat,Outerwear,24,Pennsylvania,XL,Blue,Spring,2.8,Yes,PayPal,Next Day Air,Yes,Yes,4,PayPal,Quarterly,24,4.0,1.6094379124341003,6.437751649736401,1.0,1.0,1.0,1.0,0.041025641025641026,0.08351648351648351,3.748214285714286,3.7504385964912283
1439,58,Male,Coat,Outerwear,38,Washington,M,Cyan,Spring,2.9,No,Cash,Standard,Yes,Yes,24,Debit Card,Monthly,38,12.0,3.2188758248682006,38.626509898418405,0.0,1.0,1.0,1.0,0.041025641025641026,0.08351648351648351,3.748214285714286,3.7504385964912283
134,52,Male,Sweater,Clothing,65,Montana,M,Violet,Winter,2.5,Yes,Bank Transfer,Next Day Air,Yes,Yes,25,Venmo,Annually,65,1.0,3.258096538021482,3.258096538021482,1.0,1.0,1.0,1.0,0.04468864468864469,0.4564102564102564,3.7147540983606557,3.726725521669342
1928,40,Male,Pants,Clothing,29,Florida,M,Pink,Summer,2.9,No,Debit Card,Standard,No,No,8,Cash,Every 3 Months,29,4.0,2.1972245773362196,8.788898309344878,0.0,0.0,0.0,0.0,0.04652014652014652,0.4564102564102564,3.729133858267717,3.726725521669342
1999,20,Male,Pants,Clothing,45,Vermont,M,Orange,Fall,3.4,No,Debit Card,2-Day Shipping,No,No,19,Cash,Quarterly,45,4.0,2.995732273553991,11.982929094215963,0.0,0.0,0.0,0.0,0.04652014652014652,0.4564102564102564,3.729133858267717,3.726725521669342
1374,18,Male,Gloves,Accessories,40,Virginia,L,Turquoise,Winter,2.6,No,Credit Card,Store Pickup,Yes,Yes,6,Cash,Quarterly,40,4.0,1.9459101490553132,7.783640596221253,0.0,1.0,1.0,1.0,0.03626373626373627,0.310989010989011,3.8666666666666667,3.745465253239105
3729,62,Female,Jacket,Outerwear,31,Vermont,L,Red,Winter,3.0,No,Credit Card,Standard,No,No,1,Debit Card,Annually,31,1.0,0.6931471805599453,0.6931471805599453,0.0,0.0,0.0,0.0,0.04249084249084249,0.08351648351648351,3.752586206896552,3.7504385964912283
1335,46,Male,Coat,Outerwear,52,West Virginia,S,White,Spring,4.2,No,Debit Card,Store Pickup,Yes,Yes,12,Venmo,Monthly,52,12.0,2.5649493574615367,30.779392289538443,0.0,1.0,1.0,1.0,0.041025641025641026,0.08351648351648351,3.748214285714286,3.7504385964912283
844,65,Male,Hoodie,Clothing,80,Pennsylvania,S,Beige,Summer,3.2,Yes,Cash,Express,Yes,Yes,6,PayPal,Weekly,80,52.0,1.9459101490553132,101.18732775087629,1.0,1.0,1.0,1.0,0.03882783882783883,0.4564102564102564,3.776415094339623,3.726725521669342
3042,48,Female,Handbag,Accessories,79,Rhode Island,M,Orange,Winter,4.0,No,Credit Card,Express,No,No,27,PayPal,Monthly,79,12.0,3.332204510175204,39.986454122102444,0.0,0.0,0.0,0.0,0.03882783882783883,0.310989010989011,3.7216981132075473,3.745465253239105
2444,24,Male,Backpack,Accessories,30,South Dakota,M,Green,Spring,3.4,No,Venmo,2-Day Shipping,No,No,24,Bank Transfer,Bi-Weekly,30,26.0,3.2188758248682006,83.69077144657321,0.0,0.0,0.0,0.0,0.03553113553113553,0.310989010989011,3.693814432989691,3.745465253239105
313,38,Male,Pants,Clothing,89,Massachusetts,L,Green,Spring,3.4,Yes,Bank Transfer,Next Day Air,Yes,Yes,6,PayPal,Annually,89,1.0,1.9459101490553132,1.9459101490553132,1.0,1.0,1.0,1.0,0.04652014652014652,0.4564102564102564,3.729133858267717,3.726725521669342
966,43,Male,Boots,Footwear,55,Delaware,L,Black,Spring,5.0,Yes,Debit Card,Store Pickup,Yes,Yes,10,Credit Card,Annually,55,1.0,2.3978952727983707,2.3978952727983707,1.0,1.0,1.0,1.0,0.036996336996337,0.14908424908424908,3.8237623762376236,3.7808353808353807
3609,24,Female,Gloves,Accessories,56,Tennessee,M,Cyan,Fall,4.3,No,Bank Transfer,Next Day Air,No,No,2,Cash,Every 3 Months,56,4.0,1.0986122886681098,4.394449154672439,0.0,0.0,0.0,0.0,0.03626373626373627,0.310989010989011,3.8666666666666667,3.745465253239105
1505,60,Male,Jacket,Outerwear,80,Alaska,M,Teal,Winter,4.2,No,Cash,Next Day Air,Yes,Yes,10,Bank Transfer,Monthly,80,12.0,2.3978952727983707,28.774743273580448,0.0,1.0,1.0,1.0,0.04249084249084249,0.08351648351648351,3.752586206896552,3.7504385964912283
842,55,Male,Sweater,Clothing,88,Texas,M,Beige,Summer,2.6,Yes,Venmo,Store Pickup,Yes,Yes,28,PayPal,Fortnightly,88,26.0,3.367295829986474,87.54969157964833,1.0,1.0,1.0,1.0,0.04468864468864469,0.4564102564102564,3.7147540983606557,3.726725521669342
3530,55,Female,T-shirt,Clothing,20,Montana,S,Maroon,Winter,3.9,No,Credit Card,Next Day Air,No,No,43,Bank Transfer,Weekly,20,52.0,3.784189633918261,196.77786096374956,0.0,0.0,0.0,0.0,0.034432234432234435,0.4564102564102564,3.8138297872340425,3.726725521669342
68,45,Male,Coat,Outerwear,33,Connecticut,L,Gray,Winter,4.4,Yes,PayPal,Store Pickup,Yes,Yes,49,Debit Card,Monthly,33,12.0,3.912023005428146,46.94427606513775,1.0,1.0,1.0,1.0,0.041025641025641026,0.08351648351648351,3.748214285714286,3.7504385964912283
1242,58,Male,Hoodie,Clothing,51,Hawaii,XL,Pink,Winter,3.1,No,Cash,Express,Yes,Yes,34,Credit Card,Weekly,51,52.0,3.5553480614894135,184.8780991974495,0.0,1.0,1.0,1.0,0.03882783882783883,0.4564102564102564,3.776415094339623,3.726725521669342
2742,68,Female,Dress,Clothing,81,Maine,L,Yellow,Fall,4.9,No,PayPal,2-Day Shipping,No,No,41,Venmo,Monthly,81,12.0,3.7376696182833684,44.85203541940042,0.0,0.0,0.0,0.0,0.044322344322344324,0.4564102564102564,3.7479338842975207,3.726725521669342
3750,24,Female,Blouse,Clothing,95,Alaska,L,Yellow,Winter,2.9,No,Debit Card,2-Day Shipping,No,No,38,Venmo,Every 3 Months,95,4.0,3.6635616461296463,14.654246584518585,0.0,0.0,0.0,0.0,0.047619047619047616,0.4564102564102564,3.733076923076923,3.726725521669342
1015,28,Male,Shoes,Footwear,97,Ohio,M,Violet,Summer,3.0,Yes,Bank Transfer,Standard,Yes,Yes,36,Debit Card,Fortnightly,97,26.0,3.6109179126442243,93.88386572874984,1.0,1.0,1.0,1.0,0.036996336996337,0.14908424908424908,3.7099009900990096,3.7808353808353807
3324,54,Female,Handbag,Accessories,78,North Dakota,M,Yellow,Winter,3.8,No,Venmo,Free Shipping,No,No,4,Credit Card,Monthly,78,12.0,1.6094379124341003,19.313254949209202,0.0,0.0,0.0,0.0,0.03882783882783883,0.310989010989011,3.7216981132075473,3.745465253239105
2114,63,Male,Dress,Clothing,40,Virginia,M,Brown,Spring,2.7,No,Credit Card,Store Pickup,No,No,29,PayPal,Every 3 Months,40,4.0,3.4011973816621555,13.604789526648622,0.0,0.0,0.0,0.0,0.044322344322344324,0.4564102564102564,3.7479338842975207,3.726725521669342
107,64,Male,Jacket,Outerwear,35,Minnesota,L,White,Summer,3.7,Yes,Cash,Standard,Yes,Yes,31,Credit Card,Monthly,35,12.0,3.4657359027997265,41.58883083359672,1.0,1.0,1.0,1.0,0.04249084249084249,0.08351648351648351,3.752586206896552,3.7504385964912283
3166,49,Female,Jacket,Outerwear,92,Hawaii,M,Lavender,Spring,3.0,No,PayPal,Store Pickup,No,No,38,Bank Transfer,Every 3 Months,92,4.0,3.6635616461296463,14.654246584518585,0.0,0.0,0.0,0.0,0.04249084249084249,0.08351648351648351,3.752586206896552,3.7504385964912283
3757,64,Female,Skirt,Clothing,69,South Carolina,L,Teal,Spring,4.8,No,Credit Card,Express,No,No,42,Debit Card,Bi-Weekly,69,26.0,3.7612001156935624,97.79120300803262,0.0,0.0,0.0,0.0,0.041758241758241756,0.4564102564102564,3.816666666666667,3.726725521669342
349,56,Male,Blouse,Clothing,59,South Carolina,M,Beige,Fall,2.7,Yes,Bank Transfer,Free Shipping,Yes,Yes,17,PayPal,Fortnightly,59,26.0,2.8903717578961645,75.14966570530028,1.0,1.0,1.0,1.0,0.047619047619047616,0.4564102564102564,3.733076923076923,3.726725521669342
3524,49,Female,Backpack,Accessories,59,Nevada,M,Cyan,Summer,2.8,No,PayPal,Standard,No,No,30,Cash,Fortnightly,59,26.0,3.4339872044851463,89.2836673166138,0.0,0.0,0.0,0.0,0.03553113553113553,0.310989010989011,3.693814432989691,3.745465253239105
3502,53,Female,Shoes,Footwear,87,Nebraska,M,Silver,Fall,4.8,No,Bank Transfer,Standard,No,No,43,Bank Transfer,Weekly,87,52.0,3.784189633918261,196.77786096374956,0.0,0.0,0.0,0.0,0.036996336996337,0.14908424908424908,3.7099009900990096,3.7808353808353807
233,54,Male,Jewelry,Accessories,27,Hawaii,L,Purple,Winter,4.2,Yes,Bank Transfer,Express,Yes,Yes,32,Bank Transfer,Bi-Weekly,27,26.0,3.4965075614664802,90.90919659812849,1.0,1.0,1.0,1.0,0.04212454212454213,0.310989010989011,3.744347826086957,3.745465253239105
848,53,Male,Hoodie,Clothing,44,New Jersey,L,Blue,Fall,4.1,Yes,Bank Transfer,Standard,Yes,Yes,30,PayPal,Monthly,44,12.0,3.4339872044851463,41.20784645382176,1.0,1.0,1.0,1.0,0.03882783882783883,0.4564102564102564,3.776415094339623,3.726725521669342
2440,55,Male,Handbag,Accessories,44,Arkansas,M,Maroon,Summer,2.8,No,Cash,Standard,No,No,45,Bank Transfer,Annually,44,1.0,3.828641396489095,3.828641396489095,0.0,0.0,0.0,0.0,0.03882783882783883,0.310989010989011,3.7216981132075473,3.745465253239105
1228,27,Male,Blouse,Clothing,37,Illinois,L,Yellow,Spring,4.9,No,Venmo,Store Pickup,Yes,Yes,19,Bank Transfer,Bi-Weekly,37,26.0,2.995732273553991,77.88903911240376,0.0,1.0,1.0,1.0,0.047619047619047616,0.4564102564102564,3.733076923076923,3.726725521669342
2559,49,Male,Hoodie,Clothing,32,California,M,Silver,Fall,2.7,No,Cash,Express,No,No,24,PayPal,Fortnightly,32,26.0,3.2188758248682006,83.69077144657321,0.0,0.0,0.0,0.0,0.03882783882783883,0.4564102564102564,3.776415094339623,3.726725521669342
2752,27,Female,Dress,Clothing,52,Minnesota,S,Indigo,Fall,3.1,No,Venmo,Free Shipping,No,No,50,Venmo,Monthly,52,12.0,3.9318256327243257,47.18190759269191,0.0,0.0,0.0,0.0,0.044322344322344324,0.4564102564102564,3.7479338842975207,3.726725521669342
343,64,Male,Coat,Outerwear,36,Kentucky,M,Olive,Spring,2.6,Yes,Bank Transfer,Next Day Air,Yes,Yes,48,Credit Card,Every 3 Months,36,4.0,3.8918202981106265,15.567281192442506,1.0,1.0,1.0,1.0,0.041025641025641026,0.08351648351648351,3.748214285714286,3.7504385964912283
3838,45,Female,Hoodie,Clothing,100,New Mexico,M,Green,Spring,4.8,No,Debit Card,Free Shipping,No,No,33,Bank Transfer,Fortnightly,100,26.0,3.5263605246161616,91.6853736400202,0.0,0.0,0.0,0.0,0.03882783882783883,0.4564102564102564,3.776415094339623,3.726725521669342
860,47,Male,Hoodie,Clothing,73,Wisconsin,M,Teal,Winter,4.0,Yes,Credit Card,Next Day Air,Yes,Yes,7,Debit Card,Monthly,73,12.0,2.0794415416798357,24.953298500158027,1.0,1.0,1.0,1.0,0.03882783882783883,0.4564102564102564,3.776415094339623,3.726725521669342
2022,62,Male,Handbag,Accessories,33,Maine,M,Green,Winter,4.4,No,Debit Card,Standard,No,No,48,Venmo,Quarterly,33,4.0,3.8918202981106265,15.567281192442506,0.0,0.0,0.0,0.0,0.03882783882783883,0.310989010989011,3.7216981132075473,3.745465253239105
912,53,Male,Pants,Clothing,74,Vermont,M,Black,Winter,2.8,Yes,Cash,2-Day Shipping,Yes,Yes,2,Bank Transfer,Quarterly,74,4.0,1.0986122886681098,4.394449154672439,1.0,1.0,1.0,1.0,0.04652014652014652,0.4564102564102564,3.729133858267717,3.726725521669342
3551,63,Female,Shoes,Footwear,74,West Virginia,S,Orange,Winter,4.8,No,Venmo,Standard,No,No,32,Cash,Weekly,74,52.0,3.4965075614664802,181.81839319625698,0.0,0.0,0.0,0.0,0.036996336996337,0.14908424908424908,3.7099009900990096,3.7808353808353807
2287,67,Male,Socks,Clothing,38,South Dakota,L,Blue,Spring,2.5,No,PayPal,Store Pickup,No,No,35,Venmo,Quarterly,38,4.0,3.58351893845611,14.33407575382444,0.0,0.0,0.0,0.0,0.03882783882783883,0.4564102564102564,3.7150943396226417,3.726725521669342
3164,49,Female,Pants,Clothing,66,Nebraska,XL,Turquoise,Summer,2.8,No,Bank Transfer,Express,No,No,36,Cash,Monthly,66,12.0,3.6109179126442243,43.331014951730694,0.0,0.0,0.0,0.0,0.04652014652014652,0.4564102564102564,3.729133858267717,3.726725521669342
2484,32,Male,Skirt,Clothing,96,Arizona,S,Teal,Fall,2.9,No,PayPal,Standard,No,No,8,Debit Card,Monthly,96,12.0,2.1972245773362196,26.366694928034633,0.0,0.0,0.0,0.0,0.041758241758241756,0.4564102564102564,3.816666666666667,3.726725521669342
2972,30,Female,Handbag,Accessories,100,Utah,L,Yellow,Fall,3.9,No,Credit Card,Next Day Air,No,No,9,PayPal,Every 3 Months,100,4.0,2.302585092994046,9.210340371976184,0.0,0.0,0.0,0.0,0.03882783882783883,0.310989010989011,3.7216981132075473,3.745465253239105
1462,54,Male,Sunglasses,Accessories,95,Oregon,S,Red,Summer,5.0,No,PayPal,2-Day Shipping,Yes,Yes,42,Venmo,Quarterly,95,4.0,3.7612001156935624,15.04480046277425,0.0,1.0,1.0,1.0,0.0380952380952381,0.310989010989011,3.7211538461538463,3.745465253239105
2252,26,Male,Shoes,Footwear,94,Virginia,L,Gold,Fall,3.8,No,PayPal,Free Shipping,No,No,22,Debit Card,Monthly,94,12.0,3.1354942159291497,37.625930591149796,0.0,0.0,0.0,0.0,0.036996336996337,0.14908424908424908,3.7099009900990096,3.7808353808353807
70,48,Male,Belt,Accessories,70,Tennessee,S,Cyan,Summer,4.4,Yes,Credit Card,Express,Yes,Yes,5,Cash,Weekly,70,52.0,1.791759469228055,93.17149239985886,1.0,1.0,1.0,1.0,0.04395604395604396,0.310989010989011,3.73,3.745465253239105
3343,66,Female,Jacket,Outerwear,81,New Jersey,M,Violet,Spring,3.8,No,Credit Card,Free Shipping,No,No,45,Credit Card,Weekly,81,52.0,3.828641396489095,199.08935261743295,0.0,0.0,0.0,0.0,0.04249084249084249,0.08351648351648351,3.752586206896552,3.7504385964912283
1762,21,Male,Hoodie,Clothing,95,Hawaii,S,Green,Fall,4.9,No,PayPal,2-Day Shipping,No,No,24,Cash,Weekly,95,52.0,3.2188758248682006,167.38154289314642,0.0,0.0,0.0,0.0,0.03882783882783883,0.4564102564102564,3.776415094339623,3.726725521669342
470,21,Male,Shorts,Clothing,46,Alabama,L,Pink,Fall,4.1,Yes,Debit Card,2-Day Shipping,Yes,Yes,30,Debit Card,Bi-Weekly,46,26.0,3.4339872044851463,89.2836673166138,1.0,1.0,1.0,1.0,0.04212454212454213,0.4564102564102564,3.6730434782608694,3.726725521669342
1005,33,Male,Backpack,Accessories,79,Tennessee,M,Black,Summer,4.8,Yes,Cash,2-Day Shipping,Yes,Yes,44,Cash,Annually,79,1.0,3.8066624897703196,3.8066624897703196,1.0,1.0,1.0,1.0,0.03553113553113553,0.310989010989011,3.693814432989691,3.745465253239105
2474,57,Male,Socks,Clothing,98,Arkansas,M,Red,Winter,2.6,No,Cash,Next Day Air,No,No,28,Cash,Quarterly,98,4.0,3.367295829986474,13.469183319945897,0.0,0.0,0.0,0.0,0.03882783882783883,0.4564102564102564,3.7150943396226417,3.726725521669342
3256,57,Female,Shorts,Clothing,40,New Jersey,M,Black,Fall,2.8,No,Cash,Next Day Air,No,No,36,Bank Transfer,Monthly,40,12.0,3.6109179126442243,43.331014951730694,0.0,0.0,0.0,0.0,0.04212454212454213,0.4564102564102564,3.6730434782608694,3.726725521669342
2872,46,Female,Shorts,Clothing,43,Idaho,S,Black,Summer,2.7,No,Cash,2-Day Shipping,No,No,40,Venmo,Bi-Weekly,43,26.0,3.713572066704308,96.552873734312,0.0,0.0,0.0,0.0,0.04212454212454213,0.4564102564102564,3.6730434782608694,3.726725521669342
3103,51,Female,Jacket,Outerwear,85,South Dakota,M,Green,Summer,4.3,No,Bank Transfer,Standard,No,No,29,Cash,Bi-Weekly,85,26.0,3.4011973816621555,88.43113192321604,0.0,0.0,0.0,0.0,0.04249084249084249,0.08351648351648351,3.752586206896552,3.7504385964912283
1021,24,Male,Scarf,Accessories,95,Delaware,M,Black,Fall,4.5,Yes,Bank Transfer,Express,Yes,Yes,41,Debit Card,Annually,95,1.0,3.7376696182833684,3.7376696182833684,1.0,1.0,1.0,1.0,0.03772893772893773,0.310989010989011,3.721359223300971,3.745465253239105
948,57,Male,Blouse,Clothing,32,Indiana,M,Charcoal,Winter,3.9,Yes,Cash,Store Pickup,Yes,Yes,6,Cash,Every 3 Months,32,4.0,1.9459101490553132,7.783640596221253,1.0,1.0,1.0,1.0,0.047619047619047616,0.4564102564102564,3.733076923076923,3.726725521669342
2199,57,Male,Scarf,Accessories,80,New York,L,Turquoise,Summer,3.5,No,Cash,Free Shipping,No,No,35,Venmo,Monthly,80,12.0,3.58351893845611,43.00222726147332,0.0,0.0,0.0,0.0,0.03772893772893773,0.310989010989011,3.721359223300971,3.745465253239105
2119,60,Male,Socks,Clothing,44,Georgia,M,Olive,Fall,4.2,No,Bank Transfer,2-Day Shipping,No,No,28,Debit Card,Quarterly,44,4.0,3.367295829986474,13.469183319945897,0.0,0.0,0.0,0.0,0.03882783882783883,0.4564102564102564,3.7150943396226417,3.726725521669342
1637,58,Male,Boots,Footwear,22,North Dakota,L,Green,Fall,4.0,No,Credit Card,Free Shipping,Yes,Yes,49,Cash,Fortnightly,22,26.0,3.912023005428146,101.71259814113179,0.0,1.0,1.0,1.0,0.036996336996337,0.14908424908424908,3.8237623762376236,3.7808353808353807
3219,37,Female,Skirt,Clothing,34,Florida,M,Teal,Fall,3.9,No,Venmo,Express,No,No,49,PayPal,Monthly,34,12.0,3.912023005428146,46.94427606513775,0.0,0.0,0.0,0.0,0.041758241758241756,0.4564102564102564,3.816666666666667,3.726725521669342
790,33,Male,Handbag,Accessories,84,Idaho,S,Purple,Fall,2.7,Yes,Venmo,Standard,Yes,Yes,4,Credit Card,Bi-Weekly,84,26.0,1.6094379124341003,41.845385723286604,1.0,1.0,1.0,1.0,0.03882783882783883,0.310989010989011,3.7216981132075473,3.745465253239105
983,35,Male,Coat,Outerwear,62,Texas,S,Red,Summer,3.2,Yes,Venmo,Standard,Yes,Yes,37,PayPal,Monthly,62,12.0,3.6375861597263857,43.65103391671663,1.0,1.0,1.0,1.0,0.041025641025641026,0.08351648351648351,3.748214285714286,3.7504385964912283
124,57,Male,Sweater,Clothing,89,Louisiana,L,Brown,Fall,3.1,Yes,Debit Card,Free Shipping,Yes,Yes,46,Cash,Weekly,89,52.0,3.8501476017100584,200.20767528892304,1.0,1.0,1.0,1.0,0.04468864468864469,0.4564102564102564,3.7147540983606557,3.726725521669342
1019,50,Male,Dress,Clothing,70,Georgia,XL,Charcoal,Spring,4.9,Yes,Credit Card,Next Day Air,Yes,Yes,46,Cash,Weekly,70,52.0,3.8501476017100584,200.20767528892304,1.0,1.0,1.0,1.0,0.044322344322344324,0.4564102564102564,3.7479338842975207,3.726725521669342
3612,63,Female,T-shirt,Clothing,82,Washington,M,Silver,Spring,2.9,No,PayPal,Standard,No,No,30,Credit Card,Annually,82,1.0,3.4339872044851463,3.4339872044851463,0.0,0.0,0.0,0.0,0.034432234432234435,0.4564102564102564,3.8138297872340425,3.726725521669342
3833,64,Female,Boots,Footwear,38,Kansas,XL,Purple,Winter,4.8,No,PayPal,2-Day Shipping,No,No,27,Cash,Weekly,38,52.0,3.332204510175204,173.27463452911059,0.0,0.0,0.0,0.0,0.036996336996337,0.14908424908424908,3.8237623762376236,3.7808353808353807
2278,25,Male,Hat,Accessories,56,Alabama,M,Beige,Summer,4.6,No,Bank Transfer,Next Day Air,No,No,18,Credit Card,Quarterly,56,4.0,2.9444389791664403,11.777755916665761,0.0,0.0,0.0,0.0,0.038461538461538464,0.310989010989011,3.7695238095238097,3.745465253239105
1085,34,Male,T-shirt,Clothing,36,Arkansas,S,Purple,Fall,4.1,No,Credit Card,Next Day Air,Yes,Yes,48,Cash,Quarterly,36,4.0,3.8918202981106265,15.567281192442506,0.0,1.0,1.0,1.0,0.034432234432234435,0.4564102564102564,3.8138297872340425,3.726725521669342
2483,69,Male,Handbag,Accessories,87,Arizona,S,Peach,Winter,4.8,No,PayPal,Next Day Air,No,No,46,Credit Card,Every 3 Months,87,4.0,3.8501476017100584,15.400590406840234,0.0,0.0,0.0,0.0,0.03882783882783883,0.310989010989011,3.7216981132075473,3.745465253239105
3671,31,Female,Shoes,Footwear,50,Vermont,S,White,Winter,3.8,No,Cash,Free Shipping,No,No,4,PayPal,Every 3 Months,50,4.0,1.6094379124341003,6.437751649736401,0.0,0.0,0.0,0.0,0.036996336996337,0.14908424908424908,3.7099009900990096,3.7808353808353807
3589,23,Female,Sunglasses,Accessories,55,Michigan,M,Magenta,Spring,3.5,No,Bank Transfer,2-Day Shipping,No,No,40,Cash,Annually,55,1.0,3.713572066704308,3.713572066704308,0.0,0.0,0.0,0.0,0.0380952380952381,0.310989010989011,3.7211538461538463,3.745465253239105
1347,44,Male,Hoodie,Clothing,91,Mississippi,L,White,Winter,3.0,No,Credit Card,Free Shipping,Yes,Yes,15,Venmo,Bi-Weekly,91,26.0,2.772588722239781,72.0873067782343,0.0,1.0,1.0,1.0,0.03882783882783883,0.4564102564102564,3.776415094339623,3.726725521669342
2638,20,Male,Pants,Clothing,23,Alabama,M,Magenta,Spring,3.7,No,Credit Card,Store Pickup,No,No,2,PayPal,Annually,23,1.0,1.0986122886681098,1.0986122886681098,0.0,0.0,0.0,0.0,0.04652014652014652,0.4564102564102564,3.729133858267717,3.726725521669342
781,34,Male,Shoes,Footwear,26,New York,M,Turquoise,Spring,3.6,Yes,Venmo,Free Shipping,Yes,Yes,38,Cash,Quarterly,26,4.0,3.6635616461296463,14.654246584518585,1.0,1.0,1.0,1.0,0.036996336996337,0.14908424908424908,3.7099009900990096,3.7808353808353807
2271,27,Male,Blouse,Clothing,72,Georgia,L,Purple,Spring,3.5,No,Debit Card,Express,No,No,7,Venmo,Weekly,72,52.0,2.0794415416798357,108.13096016735146,0.0,0.0,0.0,0.0,0.047619047619047616,0.4564102564102564,3.733076923076923,3.726725521669342
1695,20,Male,Shirt,Clothing,67,Mississippi,M,Turquoise,Summer,2.7,No,Credit Card,Express,No,No,20,Debit Card,Fortnightly,67,26.0,3.044522437723423,79.157583380809,0.0,0.0,0.0,0.0,0.04322344322344322,0.4564102564102564,3.669491525423729,3.726725521669342
3881,42,Female,Shirt,Clothing,20,Massachusetts,M,Red,Winter,3.9,No,Credit Card,Free Shipping,No,No,40,PayPal,Monthly,20,12.0,3.713572066704308,44.56286480045169,0.0,0.0,0.0,0.0,0.04322344322344322,0.4564102564102564,3.669491525423729,3.726725521669342
3702,46,Female,Sandals,Footwear,66,New Mexico,M,Charcoal,Spring,4.5,No,Cash,Store Pickup,No,No,36,Cash,Annually,66,1.0,3.6109179126442243,3.6109179126442243,0.0,0.0,0.0,0.0,0.03882783882783883,0.14908424908424908,3.8367924528301884,3.7808353808353807
332,31,Male,Shirt,Clothing,98,Florida,L,Beige,Fall,3.3,Yes,Credit Card,Store Pickup,Yes,Yes,46,PayPal,Quarterly,98,4.0,3.8501476017100584,15.400590406840234,1.0,1.0,1.0,1.0,0.04322344322344322,0.4564102564102564,3.669491525423729,3.726725521669342
1515,26,Male,Shoes,Footwear,90,Utah,L,Brown,Winter,3.9,No,Venmo,2-Day Shipping,Yes,Yes,1,Venmo,Weekly,90,52.0,0.6931471805599453,36.04365338911715,0.0,1.0,1.0,1.0,0.036996336996337,0.14908424908424908,3.7099009900990096,3.7808353808353807
3733,36,Female,Shoes,Footwear,92,Indiana,L,Pink,Spring,3.3,No,PayPal,Free Shipping,No,No,28,PayPal,Annually,92,1.0,3.367295829986474,3.367295829986474,0.0,0.0,0.0,0.0,0.036996336996337,0.14908424908424908,3.7099009900990096,3.7808353808353807
1329,37,Male,Sweater,Clothing,97,Rhode Island,M,Orange,Winter,3.7,No,Debit Card,Standard,Yes,Yes,40,Bank Transfer,Weekly,97,52.0,3.713572066704308,193.105747468624,0.0,1.0,1.0,1.0,0.04468864468864469,0.4564102564102564,3.7147540983606557,3.726725521669342
1584,37,Male,Scarf,Accessories,92,Maryland,XL,Yellow,Summer,4.3,No,Cash,Next Day Air,Yes,Yes,8,Venmo,Annually,92,1.0,2.1972245773362196,2.1972245773362196,0.0,1.0,1.0,1.0,0.03772893772893773,0.310989010989011,3.721359223300971,3.745465253239105
3424,33,Female,Boots,Footwear,71,Massachusetts,M,Brown,Spring,3.8,No,Venmo,Next Day Air,No,No,21,PayPal,Bi-Weekly,71,26.0,3.091042453358316,80.36710378731621,0.0,0.0,0.0,0.0,0.036996336996337,0.14908424908424908,3.8237623762376236,3.7808353808353807
3712,69,Female,Hat,Accessories,62,Texas,XL,Peach,Fall,3.2,No,Cash,Free Shipping,No,No,33,Cash,Annually,62,1.0,3.5263605246161616,3.5263605246161616,0.0,0.0,0.0,0.0,0.038461538461538464,0.310989010989011,3.7695238095238097,3.745465253239105
3525,69,Female,Pants,Clothing,74,Michigan,L,Silver,Summer,2.9,No,Credit Card,Free Shipping,No,No,30,Credit Card,Monthly,74,12.0,3.4339872044851463,41.20784645382176,0.0,0.0,0.0,0.0,0.04652014652014652,0.4564102564102564,3.729133858267717,3.726725521669342
3107,62,Female,Sandals,Footwear,57,Alabama,M,Yellow,Winter,4.7,No,Venmo,Next Day Air,No,No,20,PayPal,Annually,57,1.0,3.044522437723423,3.044522437723423,0.0,0.0,0.0,0.0,0.03882783882783883,0.14908424908424908,3.8367924528301884,3.7808353808353807
3128,55,Female,Gloves,Accessories,94,Louisiana,M,Beige,Winter,3.4,No,Credit Card,Free Shipping,No,No,43,Credit Card,Every 3 Months,94,4.0,3.784189633918261,15.136758535673044,0.0,0.0,0.0,0.0,0.03626373626373627,0.310989010989011,3.8666666666666667,3.745465253239105
937,31,Male,Shoes,Footwear,84,Maine,M,Pink,Summer,2.7,Yes,Debit Card,Free Shipping,Yes,Yes,28,Cash,Weekly,84,52.0,3.367295829986474,175.09938315929665,1.0,1.0,1.0,1.0,0.036996336996337,0.14908424908424908,3.7099009900990096,3.7808353808353807
804,32,Male,Shorts,Clothing,38,Connecticut,L,Silver,Winter,2.8,Yes,Credit Card,Express,Yes,Yes,30,Venmo,Every 3 Months,38,4.0,3.4339872044851463,13.735948817940585,1.0,1.0,1.0,1.0,0.04212454212454213,0.4564102564102564,3.6730434782608694,3.726725521669342
1218,50,Male,Boots,Footwear,63,Nebraska,XL,Cyan,Fall,2.6,No,Debit Card,Free Shipping,Yes,Yes,12,Cash,Every 3 Months,63,4.0,2.5649493574615367,10.259797429846147,0.0,1.0,1.0,1.0,0.036996336996337,0.14908424908424908,3.8237623762376236,3.7808353808353807
1436,45,Male,Scarf,Accessories,95,Oregon,XL,Black,Fall,4.0,No,Debit Card,Standard,Yes,Yes,41,Cash,Weekly,95,52.0,3.7376696182833684,194.35882015073517,0.0,1.0,1.0,1.0,0.03772893772893773,0.310989010989011,3.721359223300971,3.745465253239105
238,50,Male,Dress,Clothing,90,Iowa,M,Beige,Summer,3.0,Yes,Venmo,Store Pickup,Yes,Yes,36,Debit Card,Fortnightly,90,26.0,3.6109179126442243,93.88386572874984,1.0,1.0,1.0,1.0,0.044322344322344324,0.4564102564102564,3.7479338842975207,3.726725521669342
512,61,Male,Shirt,Clothing,46,Hawaii,L,Yellow,Fall,3.1,Yes,Debit Card,Free Shipping,Yes,Yes,8,PayPal,Annually,46,1.0,2.1972245773362196,2.1972245773362196,1.0,1.0,1.0,1.0,0.04322344322344322,0.4564102564102564,3.669491525423729,3.726725521669342
2005,44,Male,Shoes,Footwear,70,Georgia,L,Blue,Fall,3.2,No,Cash,2-Day Shipping,No,No,13,Cash,Bi-Weekly,70,26.0,2.6390573296152584,68.61549056999672,0.0,0.0,0.0,0.0,0.036996336996337,0.14908424908424908,3.7099009900990096,3.7808353808353807
1063,59,Male,Boots,Footwear,75,Ohio,M,Brown,Fall,2.6,No,Venmo,Next Day Air,Yes,Yes,21,Debit Card,Every 3 Months,75,4.0,3.091042453358316,12.364169813433264,0.0,1.0,1.0,1.0,0.036996336996337,0.14908424908424908,3.8237623762376236,3.7808353808353807
84,36,Male,Dress,Clothing,40,Texas,M,Turquoise,Summer,4.1,Yes,Debit Card,Standard,Yes,Yes,34,Bank Transfer,Weekly,40,52.0,3.5553480614894135,184.8780991974495,1.0,1.0,1.0,1.0,0.044322344322344324,0.4564102564102564,3.7479338842975207,3.726725521669342
1271,67,Male,Hoodie,Clothing,98,West Virginia,M,Green,Fall,3.3,No,Cash,Standard,Yes,Yes,20,Cash,Annually,98,1.0,3.044522437723423,3.044522437723423,0.0,1.0,1.0,1.0,0.03882783882783883,0.4564102564102564,3.776415094339623,3.726725521669342
3199,61,Female,Gloves,Accessories,94,Pennsylvania,L,Peach,Winter,2.8,No,Cash,Free Shipping,No,No,39,Debit Card,Weekly,94,52.0,3.6888794541139363,191.8217316139247,0.0,0.0,0.0,0.0,0.03626373626373627,0.310989010989011,3.8666666666666667,3.745465253239105
3422,57,Female,Shoes,Footwear,30,New Jersey,M,Maroon,Summer,2.9,No,PayPal,Free Shipping,No,No,27,PayPal,Weekly,30,52.0,3.332204510175204,173.27463452911059,0.0,0.0,0.0,0.0,0.036996336996337,0.14908424908424908,3.7099009900990096,3.7808353808353807
1028,33,Male,Jewelry,Accessories,90,Ohio,L,Teal,Summer,2.8,Yes,Cash,Next Day Air,Yes,Yes,11,Cash,Monthly,90,12.0,2.4849066497880004,29.818879797456006,1.0,1.0,1.0,1.0,0.04212454212454213,0.310989010989011,3.744347826086957,3.745465253239105
1807,58,Male,Handbag,Accessories,67,Rhode Island,M,Green,Fall,3.9,No,Credit Card,Standard,No,No,24,Venmo,Annually,67,1.0,3.2188758248682006,3.2188758248682006,0.0,0.0,0.0,0.0,0.03882783882783883,0.310989010989011,3.7216981132075473,3.745465253239105
1453,60,Male,Jacket,Outerwear,25,Colorado,L,Blue,Spring,4.7,No,Venmo,2-Day Shipping,Yes,Yes,11,Bank Transfer,Quarterly,25,4.0,2.4849066497880004,9.939626599152001,0.0,1.0,1.0,1.0,0.04249084249084249,0.08351648351648351,3.752586206896552,3.7504385964912283
2734,31,Female,Backpack,Accessories,83,North Carolina,M,Magenta,Summer,4.7,No,Cash,Express,No,No,46,PayPal,Annually,83,1.0,3.8501476017100584,3.8501476017100584,0.0,0.0,0.0,0.0,0.03553113553113553,0.310989010989011,3.693814432989691,3.745465253239105
3740,38,Female,Sunglasses,Accessories,31,Idaho,M,Olive,Fall,4.2,No,Bank Transfer,Free Shipping,No,No,43,Credit Card,Weekly,31,52.0,3.784189633918261,196.77786096374956,0.0,0.0,0.0,0.0,0.0380952380952381,0.310989010989011,3.7211538461538463,3.745465253239105
2243,18,Male,Skirt,Clothing,66,Nevada,M,Orange,Spring,3.8,No,PayPal,Next Day Air,No,No,5,Credit Card,Bi-Weekly,66,26.0,1.791759469228055,46.58574619992943,0.0,0.0,0.0,0.0,0.041758241758241756,0.4564102564102564,3.816666666666667,3.726725521669342
3155,27,Female,Belt,Accessories,55,Connecticut,M,Gold,Winter,4.4,No,Venmo,Standard,No,No,32,Cash,Quarterly,55,4.0,3.4965075614664802,13.986030245865921,0.0,0.0,0.0,0.0,0.04395604395604396,0.310989010989011,3.73,3.745465253239105
3428,39,Female,T-shirt,Clothing,38,Michigan,XL,Turquoise,Winter,2.5,No,Bank Transfer,Store Pickup,No,No,44,Cash,Annually,38,1.0,3.8066624897703196,3.8066624897703196,0.0,0.0,0.0,0.0,0.034432234432234435,0.4564102564102564,3.8138297872340425,3.726725521669342
2187,55,Male,Sandals,Footwear,23,New Mexico,XL,Teal,Winter,4.3,No,Bank Transfer,Next Day Air,No,No,6,PayPal,Every 3 Months,23,4.0,1.9459101490553132,7.783640596221253,0.0,0.0,0.0,0.0,0.03882783882783883,0.14908424908424908,3.8367924528301884,3.7808353808353807
320,47,Male,Shorts,Clothing,74,Maine,XL,White,Spring,2.6,Yes,Venmo,Standard,Yes,Yes,1,Cash,Every 3 Months,74,4.0,0.6931471805599453,2.772588722239781,1.0,1.0,1.0,1.0,0.04212454212454213,0.4564102564102564,3.6730434782608694,3.726725521669342
995,53,Male,Shoes,Footwear,68,New York,L,Violet,Fall,3.2,Yes,PayPal,Express,Yes,Yes,20,Debit Card,Monthly,68,12.0,3.044522437723423,36.53426925268108,1.0,1.0,1.0,1.0,0.036996336996337,0.14908424908424908,3.7099009900990096,3.7808353808353807
2792,43,Female,Gloves,Accessories,60,Iowa,M,Yellow,Fall,2.8,No,Credit Card,Express,No,No,14,Venmo,Fortnightly,60,26.0,2.70805020110221,70.40930522865746,0.0,0.0,0.0,0.0,0.03626373626373627,0.310989010989011,3.8666666666666667,3.745465253239105
1189,68,Male,Blouse,Clothing,29,Mississippi,M,Magenta,Summer,3.3,No,Credit Card,Next Day Air,Yes,Yes,11,Credit Card,Weekly,29,52.0,2.4849066497880004,129.21514578897603,0.0,1.0,1.0,1.0,0.047619047619047616,0.4564102564102564,3.733076923076923,3.726725521669342
3732,54,Female,Hat,Accessories,62,West Virginia,M,Lavender,Spring,3.1,No,Credit Card,2-Day Shipping,No,No,45,PayPal,Quarterly,62,4.0,3.828641396489095,15.31456558595638,0.0,0.0,0.0,0.0,0.038461538461538464,0.310989010989011,3.7695238095238097,3.745465253239105
2486,43,Male,Blouse,Clothing,55,Louisiana,M,Beige,Spring,4.6,No,Credit Card,2-Day Shipping,No,No,37,Bank Transfer,Annually,55,1.0,3.6375861597263857,3.6375861597263857,0.0,0.0,0.0,0.0,0.047619047619047616,0.4564102564102564,3.733076923076923,3.726725521669342
2399,65,Male,Jacket,Outerwear,81,Florida,M,Orange,Winter,4.3,No,PayPal,Free Shipping,No,No,44,Bank Transfer,Fortnightly,81,26.0,3.8066624897703196,98.9732247340283,0.0,0.0,0.0,0.0,0.04249084249084249,0.08351648351648351,3.752586206896552,3.7504385964912283
586,69,Male,Socks,Clothing,23,South Carolina,M,Gray,Fall,2.8,Yes,Credit Card,Next Day Air,Yes,Yes,5,Cash,Every 3 Months,23,4.0,1.791759469228055,7.16703787691222,1.0,1.0,1.0,1.0,0.03882783882783883,0.4564102564102564,3.7150943396226417,3.726725521669342
88,52,Male,Shoes,Footwear,53,Ohio,M,Green,Fall,3.7,Yes,Debit Card,2-Day Shipping,Yes,Yes,44,Debit Card,Fortnightly,53,26.0,3.8066624897703196,98.9732247340283,1.0,1.0,1.0,1.0,0.036996336996337,0.14908424908424908,3.7099009900990096,3.7808353808353807
1368,60,Male,Belt,Accessories,63,Iowa,S,Black,Fall,3.8,No,Venmo,Express,Yes,Yes,25,Cash,Quarterly,63,4.0,3.258096538021482,13.032386152085929,0.0,1.0,1.0,1.0,0.04395604395604396,0.310989010989011,3.73,3.745465253239105
407,52,Male,Gloves,Accessories,55,Maryland,M,Peach,Spring,4.6,Yes,Debit Card,Express,Yes,Yes,13,Cash,Monthly,55,12.0,2.6390573296152584,31.6686879553831,1.0,1.0,1.0,1.0,0.03626373626373627,0.310989010989011,3.8666666666666667,3.745465253239105
3723,23,Female,Jacket,Outerwear,34,Kentucky,XL,Yellow,Fall,4.0,No,PayPal,Standard,No,No,1,Credit Card,Fortnightly,34,26.0,0.6931471805599453,18.021826694558577,0.0,0.0,0.0,0.0,0.04249084249084249,0.08351648351648351,3.752586206896552,3.7504385964912283
3444,47,Female,Dress,Clothing,24,Tennessee,L,Silver,Summer,5.0,No,PayPal,Free Shipping,No,No,28,Cash,Bi-Weekly,24,26.0,3.367295829986474,87.54969157964833,0.0,0.0,0.0,0.0,0.044322344322344324,0.4564102564102564,3.7479338842975207,3.726725521669342
2954,45,Female,Dress,Clothing,82,Maryland,M,Silver,Summer,4.8,No,PayPal,Next Day Air,No,No,11,Credit Card,Annually,82,1.0,2.4849066497880004,2.4849066497880004,0.0,0.0,0.0,0.0,0.044322344322344324,0.4564102564102564,3.7479338842975207,3.726725521669342
2733,21,Female,Socks,Clothing,75,Delaware,L,Orange,Winter,4.2,No,Credit Card,Store Pickup,No,No,27,Debit Card,Every 3 Months,75,4.0,3.332204510175204,13.328818040700815,0.0,0.0,0.0,0.0,0.03882783882783883,0.4564102564102564,3.7150943396226417,3.726725521669342
1307,54,Male,Sweater,Clothing,33,Alaska,L,Brown,Winter,4.5,No,Cash,Next Day Air,Yes,Yes,40,PayPal,Annually,33,1.0,3.713572066704308,3.713572066704308,0.0,1.0,1.0,1.0,0.04468864468864469,0.4564102564102564,3.7147540983606557,3.726725521669342
1691,40,Male,Coat,Outerwear,30,Nevada,M,Black,Summer,3.2,No,Cash,Free Shipping,No,No,1,Cash,Annually,30,1.0,0.6931471805599453,0.6931471805599453,0.0,0.0,0.0,0.0,0.041025641025641026,0.08351648351648351,3.748214285714286,3.7504385964912283
275,59,Male,Jewelry,Accessories,32,Maryland,M,Indigo,Spring,3.0,Yes,Credit Card,Express,Yes,Yes,28,Cash,Bi-Weekly,32,26.0,3.367295829986474,87.54969157964833,1.0,1.0,1.0,1.0,0.04212454212454213,0.310989010989011,3.744347826086957,3.745465253239105
3445,53,Female,Pants,Clothing,63,Rhode Island,S,Green,Summer,3.8,No,Cash,2-Day Shipping,No,No,12,Bank Transfer,Bi-Weekly,63,26.0,2.5649493574615367,66.68868329399996,0.0,0.0,0.0,0.0,0.04652014652014652,0.4564102564102564,3.729133858267717,3.726725521669342
158,36,Male,Hat,Accessories,68,Vermont,S,Yellow,Fall,3.0,Yes,Debit Card,Next Day Air,Yes,Yes,1,Bank Transfer,Fortnightly,68,26.0,0.6931471805599453,18.021826694558577,1.0,1.0,1.0,1.0,0.038461538461538464,0.310989010989011,3.7695238095238097,3.745465253239105
488,41,Male,Jacket,Outerwear,68,Iowa,L,Red,Winter,4.4,Yes,Credit Card,Store Pickup,Yes,Yes,22,Credit Card,Quarterly,68,4.0,3.1354942159291497,12.541976863716599,1.0,1.0,1.0,1.0,0.04249084249084249,0.08351648351648351,3.752586206896552,3.7504385964912283
3611,18,Female,Jacket,Outerwear,86,Texas,XL,Green,Fall,4.8,No,Credit Card,2-Day Shipping,No,No,23,Bank Transfer,Fortnightly,86,26.0,3.1780538303479458,82.62939958904659,0.0,0.0,0.0,0.0,0.04249084249084249,0.08351648351648351,3.752586206896552,3.7504385964912283
1552,64,Male,Handbag,Accessories,29,Minnesota,M,Olive,Summer,3.7,No,Debit Card,2-Day Shipping,Yes,Yes,13,Credit Card,Monthly,29,12.0,2.6390573296152584,31.6686879553831,0.0,1.0,1.0,1.0,0.03882783882783883,0.310989010989011,3.7216981132075473,3.745465253239105
3746,60,Female,Socks,Clothing,41,Washington,L,Gold,Spring,4.3,No,Bank Transfer,Express,No,No,2,Debit Card,Monthly,41,12.0,1.0986122886681098,13.183347464017316,0.0,0.0,0.0,0.0,0.03882783882783883,0.4564102564102564,3.7150943396226417,3.726725521669342
921,37,Male,Belt,Accessories,81,Arkansas,XL,Gold,Summer,4.3,Yes,Credit Card,Free Shipping,Yes,Yes,37,Cash,Weekly,81,52.0,3.6375861597263857,189.15448030577204,1.0,1.0,1.0,1.0,0.04395604395604396,0.310989010989011,3.73,3.745465253239105
268,64,Male,Sweater,Clothing,54,Maryland,M,Olive,Spring,3.9,Yes,Venmo,2-Day Shipping,Yes,Yes,42,Venmo,Annually,54,1.0,3.7612001156935624,3.7612001156935624,1.0,1.0,1.0,1.0,0.04468864468864469,0.4564102564102564,3.7147540983606557,3.726725521669342
380,32,Male,T-shirt,Clothing,29,Montana,S,Magenta,Fall,4.7,Yes,Debit Card,2-Day Shipping,Yes,Yes,46,Debit Card,Bi-Weekly,29,26.0,3.8501476017100584,100.10383764446152,1.0,1.0,1.0,1.0,0.034432234432234435,0.4564102564102564,3.8138297872340425,3.726725521669342
100,26,Male,Hoodie,Clothing,40,Missouri,XL,Indigo,Summer,3.7,Yes,Cash,Express,Yes,Yes,33,Debit Card,Quarterly,40,4.0,3.5263605246161616,14.105442098464646,1.0,1.0,1.0,1.0,0.03882783882783883,0.4564102564102564,3.776415094339623,3.726725521669342
284,32,Male,Sweater,Clothing,30,Montana,S,Maroon,Fall,3.2,Yes,Debit Card,Next Day Air,Yes,Yes,16,Venmo,Annually,30,1.0,2.833213344056216,2.833213344056216,1.0,1.0,1.0,1.0,0.04468864468864469,0.4564102564102564,3.7147540983606557,3.726725521669342
1797,62,Male,Skirt,Clothing,35,South Carolina,S,Brown,Spring,3.1,No,Debit Card,Store Pickup,No,No,34,Venmo,Weekly,35,52.0,3.5553480614894135,184.8780991974495,0.0,0.0,0.0,0.0,0.041758241758241756,0.4564102564102564,3.816666666666667,3.726725521669342
826,27,Male,Belt,Accessories,94,Nebraska,XL,Brown,Fall,3.6,Yes,Venmo,Next Day Air,Yes,Yes,17,Cash,Monthly,94,12.0,2.8903717578961645,34.68446109475397,1.0,1.0,1.0,1.0,0.04395604395604396,0.310989010989011,3.73,3.745465253239105
1474,69,Male,Shorts,Clothing,63,Wisconsin,M,Violet,Fall,4.3,No,Cash,Express,Yes,Yes,20,Credit Card,Every 3 Months,63,4.0,3.044522437723423,12.178089750893692,0.0,1.0,1.0,1.0,0.04212454212454213,0.4564102564102564,3.6730434782608694,3.726725521669342
3003,70,Female,Belt,Accessories,29,Louisiana,M,Maroon,Fall,3.6,No,Cash,Next Day Air,No,No,19,Bank Transfer,Quarterly,29,4.0,2.995732273553991,11.982929094215963,0.0,0.0,0.0,0.0,0.04395604395604396,0.310989010989011,3.73,3.745465253239105
2398,37,Male,Sunglasses,Accessories,26,West Virginia,L,Black,Fall,2.9,No,Bank Transfer,Store Pickup,No,No,41,Venmo,Monthly,26,12.0,3.7376696182833684,44.85203541940042,0.0,0.0,0.0,0.0,0.0380952380952381,0.310989010989011,3.7211538461538463,3.745465253239105
3537,55,Female,Handbag,Accessories,21,Minnesota,L,Peach,Spring,4.5,No,Venmo,Express,No,No,10,Venmo,Monthly,21,12.0,2.3978952727983707,28.774743273580448,0.0,0.0,0.0,0.0,0.03882783882783883,0.310989010989011,3.7216981132075473,3.745465253239105
2505,56,Male,Shorts,Clothing,94,Rhode Island,M,Turquoise,Winter,4.0,No,Credit Card,Store Pickup,No,No,31,Cash,Bi-Weekly,94,26.0,3.4657359027997265,90.10913347279289,0.0,0.0,0.0,0.0,0.04212454212454213,0.4564102564102564,3.6730434782608694,3.726725521669342
703,18,Male,Shirt,Clothing,71,Montana,M,White,Winter,3.4,Yes,Bank Transfer,Store Pickup,Yes,Yes,1,Cash,Weekly,71,52.0,0.6931471805599453,36.04365338911715,1.0,1.0,1.0,1.0,0.04322344322344322,0.4564102564102564,3.669491525423729,3.726725521669342
1790,52,Male,Blouse,Clothing,34,Arizona,L,Peach,Spring,3.0,No,PayPal,2-Day Shipping,No,No,43,Debit Card,Quarterly,34,4.0,3.784189633918261,15.136758535673044,0.0,0.0,0.0,0.0,0.047619047619047616,0.4564102564102564,3.733076923076923,3.726725521669342
2665,22,Female,Jewelry,Accessories,84,Illinois,L,Silver,Winter,3.2,No,Debit Card,Store Pickup,No,No,37,PayPal,Weekly,84,52.0,3.6375861597263857,189.15448030577204,0.0,0.0,0.0,0.0,0.04212454212454213,0.310989010989011,3.744347826086957,3.745465253239105
1267,20,Male,Blouse,Clothing,31,North Dakota,M,Peach,Fall,4.0,No,Cash,Standard,Yes,Yes,14,Debit Card,Every 3 Months,31,4.0,2.70805020110221,10.83220080440884,0.0,1.0,1.0,1.0,0.047619047619047616,0.4564102564102564,3.733076923076923,3.726725521669342
2582,57,Male,Dress,Clothing,81,Wyoming,M,Gold,Winter,4.7,No,Bank Transfer,Express,No,No,48,Credit Card,Monthly,81,12.0,3.8918202981106265,46.701843577327516,0.0,0.0,0.0,0.0,0.044322344322344324,0.4564102564102564,3.7479338842975207,3.726725521669342
794,24,Male,Pants,Clothing,35,Alabama,L,Maroon,Summer,3.8,Yes,Cash,Free Shipping,Yes,Yes,16,Credit Card,Monthly,35,12.0,2.833213344056216,33.9985601286746,1.0,1.0,1.0,1.0,0.04652014652014652,0.4564102564102564,3.729133858267717,3.726725521669342
3567,28,Female,Jeans,Clothing,88,Alaska,S,Orange,Spring,3.1,No,Credit Card,Next Day Air,No,No,14,Venmo,Monthly,88,12.0,2.70805020110221,32.49660241322652,0.0,0.0,0.0,0.0,0.03406593406593406,0.4564102564102564,3.6,3.726725521669342
2952,47,Female,Scarf,Accessories,99,Arkansas,L,Maroon,Fall,4.6,No,Credit Card,Free Shipping,No,No,14,Cash,Weekly,99,52.0,2.70805020110221,140.81861045731492,0.0,0.0,0.0,0.0,0.03772893772893773,0.310989010989011,3.721359223300971,3.745465253239105
3396,44,Female,Dress,Clothing,43,Colorado,M,Silver,Winter,3.1,No,Debit Card,Free Shipping,No,No,15,Debit Card,Every 3 Months,43,4.0,2.772588722239781,11.090354888959125,0.0,0.0,0.0,0.0,0.044322344322344324,0.4564102564102564,3.7479338842975207,3.726725521669342
1121,22,Male,Sneakers,Footwear,84,Pennsylvania,M,Magenta,Winter,4.0,No,Venmo,Next Day Air,Yes,Yes,40,Debit Card,Monthly,84,12.0,3.713572066704308,44.56286480045169,0.0,1.0,1.0,1.0,0.03626373626373627,0.14908424908424908,3.749494949494949,3.7808353808353807
796,39,Male,Sandals,Footwear,26,New York,M,Beige,Summer,4.6,Yes,Cash,Store Pickup,Yes,Yes,34,Venmo,Annually,26,1.0,3.5553480614894135,3.5553480614894135,1.0,1.0,1.0,1.0,0.03882783882783883,0.14908424908424908,3.8367924528301884,3.7808353808353807
2805,65,Female,Hoodie,Clothing,76,South Carolina,M,Cyan,Spring,2.8,No,Credit Card,Standard,No,No,48,Bank Transfer,Every 3 Months,76,4.0,3.8918202981106265,15.567281192442506,0.0,0.0,0.0,0.0,0.03882783882783883,0.4564102564102564,3.776415094339623,3.726725521669342
1209,20,Male,Boots,Footwear,100,Wisconsin,S,Red,Winter,2.9,No,Cash,2-Day Shipping,Yes,Yes,8,Debit Card,Annually,100,1.0,2.1972245773362196,2.1972245773362196,0.0,1.0,1.0,1.0,0.036996336996337,0.14908424908424908,3.8237623762376236,3.7808353808353807
3102,32,Female,Jewelry,Accessories,82,Idaho,S,Brown,Summer,2.7,No,PayPal,Express,No,No,9,PayPal,Fortnightly,82,26.0,2.302585092994046,59.867212417845195,0.0,0.0,0.0,0.0,0.04212454212454213,0.310989010989011,3.744347826086957,3.745465253239105
1277,51,Male,Boots,Footwear,68,Wyoming,L,Turquoise,Spring,4.8,No,PayPal,Next Day Air,Yes,Yes,37,Bank Transfer,Weekly,68,52.0,3.6375861597263857,189.15448030577204,0.0,1.0,1.0,1.0,0.036996336996337,0.14908424908424908,3.8237623762376236,3.7808353808353807
1273,35,Male,Sandals,Footwear,80,Wisconsin,M,Orange,Winter,4.4,No,Debit Card,Express,Yes,Yes,16,Bank Transfer,Monthly,80,12.0,2.833213344056216,33.9985601286746,0.0,1.0,1.0,1.0,0.03882783882783883,0.14908424908424908,3.8367924528301884,3.7808353808353807
1761,20,Male,Skirt,Clothing,44,Minnesota,XL,Peach,Spring,3.5,No,Credit Card,Standard,No,No,39,PayPal,Weekly,44,52.0,3.6888794541139363,191.8217316139247,0.0,0.0,0.0,0.0,0.041758241758241756,0.4564102564102564,3.816666666666667,3.726725521669342
1188,56,Male,Hat,Accessories,89,Iowa,L,Maroon,Fall,3.0,No,Cash,Express,Yes,Yes,37,Credit Card,Every 3 Months,89,4.0,3.6375861597263857,14.550344638905543,0.0,1.0,1.0,1.0,0.038461538461538464,0.310989010989011,3.7695238095238097,3.745465253239105
1362,49,Male,Dress,Clothing,32,Alabama,M,Beige,Fall,3.7,No,Cash,Next Day Air,Yes,Yes,39,Debit Card,Monthly,32,12.0,3.6888794541139363,44.26655344936724,0.0,1.0,1.0,1.0,0.044322344322344324,0.4564102564102564,3.7479338842975207,3.726725521669342
2689,53,Female,Handbag,Accessories,63,West Virginia,XL,Turquoise,Spring,2.9,No,Cash,2-Day Shipping,No,No,18,Credit Card,Every 3 Months,63,4.0,2.9444389791664403,11.777755916665761,0.0,0.0,0.0,0.0,0.03882783882783883,0.310989010989011,3.7216981132075473,3.745465253239105
1764,37,Male,Jewelry,Accessories,93,Vermont,M,Lavender,Winter,3.9,No,Venmo,Store Pickup,No,No,28,PayPal,Annually,93,1.0,3.367295829986474,3.367295829986474,0.0,0.0,0.0,0.0,0.04212454212454213,0.310989010989011,3.744347826086957,3.745465253239105
762,57,Male,Jewelry,Accessories,91,Nevada,L,Yellow,Fall,4.2,Yes,Credit Card,Express,Yes,Yes,26,Bank Transfer,Weekly,91,52.0,3.295836866004329,171.38351703222511,1.0,1.0,1.0,1.0,0.04212454212454213,0.310989010989011,3.744347826086957,3.745465253239105
2706,65,Female,Jacket,Outerwear,81,Washington,S,Turquoise,Spring,5.0,No,Debit Card,Store Pickup,No,No,1,Credit Card,Bi-Weekly,81,26.0,0.6931471805599453,18.021826694558577,0.0,0.0,0.0,0.0,0.04249084249084249,0.08351648351648351,3.752586206896552,3.7504385964912283
3206,40,Female,Hoodie,Clothing,24,Colorado,XL,Magenta,Fall,4.4,No,Debit Card,2-Day Shipping,No,No,50,Bank Transfer,Every 3 Months,24,4.0,3.9318256327243257,15.727302530897303,0.0,0.0,0.0,0.0,0.03882783882783883,0.4564102564102564,3.776415094339623,3.726725521669342
3308,18,Female,Scarf,Accessories,36,Pennsylvania,S,Green,Winter,4.0,No,Credit Card,Store Pickup,No,No,1,Cash,Monthly,36,12.0,0.6931471805599453,8.317766166719343,0.0,0.0,0.0,0.0,0.03772893772893773,0.310989010989011,3.721359223300971,3.745465253239105
3117,50,Female,Coat,Outerwear,66,Montana,L,Gray,Spring,3.7,No,Debit Card,Store Pickup,No,No,1,Venmo,Weekly,66,52.0,0.6931471805599453,36.04365338911715,0.0,0.0,0.0,0.0,0.041025641025641026,0.08351648351648351,3.748214285714286,3.7504385964912283
474,34,Male,Coat,Outerwear,42,West Virginia,L,Olive,Spring,3.9,Yes,Venmo,Store Pickup,Yes,Yes,29,PayPal,Every 3 Months,42,4.0,3.4011973816621555,13.604789526648622,1.0,1.0,1.0,1.0,0.041025641025641026,0.08351648351648351,3.748214285714286,3.7504385964912283
2409,23,Male,Sneakers,Footwear,55,Hawaii,XL,Black,Fall,4.2,No,PayPal,Next Day Air,No,No,44,Debit Card,Every 3 Months,55,4.0,3.8066624897703196,15.226649959081278,0.0,0.0,0.0,0.0,0.03626373626373627,0.14908424908424908,3.749494949494949,3.7808353808353807
2368,66,Male,Socks,Clothing,85,North Dakota,L,Green,Winter,3.4,No,Bank Transfer,Standard,No,No,28,Bank Transfer,Bi-Weekly,85,26.0,3.367295829986474,87.54969157964833,0.0,0.0,0.0,0.0,0.03882783882783883,0.4564102564102564,3.7150943396226417,3.726725521669342
3774,25,Female,Sweater,Clothing,60,Wisconsin,M,Violet,Summer,3.5,No,Bank Transfer,Store Pickup,No,No,41,Cash,Quarterly,60,4.0,3.7376696182833684,14.950678473133474,0.0,0.0,0.0,0.0,0.04468864468864469,0.4564102564102564,3.7147540983606557,3.726725521669342
2172,39,Male,Shorts,Clothing,98,Missouri,M,Yellow,Summer,4.6,No,Credit Card,Store Pickup,No,No,9,Cash,Fortnightly,98,26.0,2.302585092994046,59.867212417845195,0.0,0.0,0.0,0.0,0.04212454212454213,0.4564102564102564,3.6730434782608694,3.726725521669342
1471,43,Male,Sandals,Footwear,27,California,M,Silver,Spring,3.9,No,Venmo,Next Day Air,Yes,Yes,15,Cash,Every 3 Months,27,4.0,2.772588722239781,11.090354888959125,0.0,1.0,1.0,1.0,0.03882783882783883,0.14908424908424908,3.8367924528301884,3.7808353808353807
2457,59,Male,Jeans,Clothing,83,Nebraska,M,Green,Winter,3.3,No,Credit Card,2-Day Shipping,No,No,5,PayPal,Monthly,83,12.0,1.791759469228055,21.50111363073666,0.0,0.0,0.0,0.0,0.03406593406593406,0.4564102564102564,3.6,3.726725521669342
169,34,Male,Shoes,Footwear,80,Louisiana,M,Magenta,Summer,3.0,Yes,Bank Transfer,Express,Yes,Yes,5,Cash,Fortnightly,80,26.0,1.791759469228055,46.58574619992943,1.0,1.0,1.0,1.0,0.036996336996337,0.14908424908424908,3.7099009900990096,3.7808353808353807
1911,29,Male,Sandals,Footwear,38,New York,S,Yellow,Fall,3.8,No,Venmo,Express,No,No,13,Debit Card,Quarterly,38,4.0,2.6390573296152584,10.556229318461034,0.0,0.0,0.0,0.0,0.03882783882783883,0.14908424908424908,3.8367924528301884,3.7808353808353807
3038,51,Female,Belt,Accessories,44,Iowa,L,Charcoal,Summer,4.8,No,Debit Card,Next Day Air,No,No,2,Cash,Annually,44,1.0,1.0986122886681098,1.0986122886681098,0.0,0.0,0.0,0.0,0.04395604395604396,0.310989010989011,3.73,3.745465253239105
2417,59,Male,Sandals,Footwear,83,Nebraska,S,Black,Summer,4.0,No,Cash,Next Day Air,No,No,26,Credit Card,Every 3 Months,83,4.0,3.295836866004329,13.183347464017316,0.0,0.0,0.0,0.0,0.03882783882783883,0.14908424908424908,3.8367924528301884,3.7808353808353807
3453,26,Female,Jacket,Outerwear,20,Oklahoma,M,Indigo,Spring,3.7,No,Credit Card,Next Day Air,No,No,3,Venmo,Fortnightly,20,26.0,1.3862943611198906,36.04365338911715,0.0,0.0,0.0,0.0,0.04249084249084249,0.08351648351648351,3.752586206896552,3.7504385964912283
1360,27,Male,Hoodie,Clothing,68,North Carolina,S,Cyan,Winter,4.3,No,Debit Card,Store Pickup,Yes,Yes,26,Bank Transfer,Fortnightly,68,26.0,3.295836866004329,85.69175851611256,0.0,1.0,1.0,1.0,0.03882783882783883,0.4564102564102564,3.776415094339623,3.726725521669342
1221,67,Male,Gloves,Accessories,64,Kentucky,M,Green,Winter,4.9,No,Bank Transfer,Express,Yes,Yes,36,Bank Transfer,Quarterly,64,4.0,3.6109179126442243,14.443671650576897,0.0,1.0,1.0,1.0,0.03626373626373627,0.310989010989011,3.8666666666666667,3.745465253239105
702,51,Male,Boots,Footwear,90,Idaho,L,Red,Fall,3.3,Yes,Cash,Next Day Air,Yes,Yes,5,Debit Card,Every 3 Months,90,4.0,1.791759469228055,7.16703787691222,1.0,1.0,1.0,1.0,0.036996336996337,0.14908424908424908,3.8237623762376236,3.7808353808353807
805,43,Male,Boots,Footwear,47,Mississippi,M,Maroon,Summer,2.6,Yes,Cash,Store Pickup,Yes,Yes,28,Venmo,Quarterly,47,4.0,3.367295829986474,13.469183319945897,1.0,1.0,1.0,1.0,0.036996336996337,0.14908424908424908,3.8237623762376236,3.7808353808353807
3460,68,Female,Hoodie,Clothing,37,Ohio,L,Green,Fall,3.8,No,Venmo,Express,No,No,21,PayPal,Annually,37,1.0,3.091042453358316,3.091042453358316,0.0,0.0,0.0,0.0,0.03882783882783883,0.4564102564102564,3.776415094339623,3.726725521669342
625,55,Male,Pants,Clothing,87,South Carolina,XL,Pink,Fall,3.4,Yes,Venmo,Express,Yes,Yes,21,PayPal,Annually,87,1.0,3.091042453358316,3.091042453358316,1.0,1.0,1.0,1.0,0.04652014652014652,0.4564102564102564,3.729133858267717,3.726725521669342
3764,27,Female,Shirt,Clothing,24,Oklahoma,XL,Red,Winter,4.5,No,PayPal,Standard,No,No,38,Cash,Every 3 Months,24,4.0,3.6635616461296463,14.654246584518585,0.0,0.0,0.0,0.0,0.04322344322344322,0.4564102564102564,3.669491525423729,3.726725521669342
955,60,Male,Hat,Accessories,74,Louisiana,S,Turquoise,Fall,3.5,Yes,Venmo,Standard,Yes,Yes,18,Credit Card,Every 3 Months,74,4.0,2.9444389791664403,11.777755916665761,1.0,1.0,1.0,1.0,0.038461538461538464,0.310989010989011,3.7695238095238097,3.745465253239105
2150,38,Male,Sandals,Footwear,21,Hawaii,L,Orange,Winter,4.0,No,Bank Transfer,Standard,No,No,1,Bank Transfer,Weekly,21,52.0,0.6931471805599453,36.04365338911715,0.0,0.0,0.0,0.0,0.03882783882783883,0.14908424908424908,3.8367924528301884,3.7808353808353807
2180,49,Male,Socks,Clothing,82,Delaware,L,Lavender,Fall,2.9,No,Credit Card,Next Day Air,No,No,14,PayPal,Monthly,82,12.0,2.70805020110221,32.49660241322652,0.0,0.0,0.0,0.0,0.03882783882783883,0.4564102564102564,3.7150943396226417,3.726725521669342
1113,69,Male,Hoodie,Clothing,67,Washington,XL,Pink,Spring,4.6,No,Credit Card,Free Shipping,Yes,Yes,32,PayPal,Quarterly,67,4.0,3.4965075614664802,13.986030245865921,0.0,1.0,1.0,1.0,0.03882783882783883,0.4564102564102564,3.776415094339623,3.726725521669342
2066,27,Male,Sneakers,Footwear,40,Oregon,M,Blue,Spring,2.9,No,PayPal,Free Shipping,No,No,6,Bank Transfer,Bi-Weekly,40,26.0,1.9459101490553132,50.593663875438146,0.0,0.0,0.0,0.0,0.03626373626373627,0.14908424908424908,3.749494949494949,3.7808353808353807
1969,67,Male,Shirt,Clothing,70,Minnesota,S,Blue,Spring,4.2,No,Credit Card,Standard,No,No,25,Credit Card,Weekly,70,52.0,3.258096538021482,169.42101997711708,0.0,0.0,0.0,0.0,0.04322344322344322,0.4564102564102564,3.669491525423729,3.726725521669342
542,52,Male,Jacket,Outerwear,27,Connecticut,L,Gray,Fall,2.8,Yes,Bank Transfer,Next Day Air,Yes,Yes,45,Cash,Bi-Weekly,27,26.0,3.828641396489095,99.54467630871648,1.0,1.0,1.0,1.0,0.04249084249084249,0.08351648351648351,3.752586206896552,3.7504385964912283
846,31,Male,Belt,Accessories,21,Michigan,XL,Charcoal,Winter,3.7,Yes,PayPal,Standard,Yes,Yes,30,Venmo,Monthly,21,12.0,3.4339872044851463,41.20784645382176,1.0,1.0,1.0,1.0,0.04395604395604396,0.310989010989011,3.73,3.745465253239105
147,52,Male,Skirt,Clothing,30,Colorado,S,Black,Fall,4.0,Yes,Debit Card,Standard,Yes,Yes,21,Venmo,Fortnightly,30,26.0,3.091042453358316,80.36710378731621,1.0,1.0,1.0,1.0,0.041758241758241756,0.4564102564102564,3.816666666666667,3.726725521669342
1510,20,Male,Dress,Clothing,54,New Hampshire,XL,White,Summer,4.6,No,Credit Card,Free Shipping,Yes,Yes,44,Debit Card,Annually,54,1.0,3.8066624897703196,3.8066624897703196,0.0,1.0,1.0,1.0,0.044322344322344324,0.4564102564102564,3.7479338842975207,3.726725521669342
1488,40,Male,Skirt,Clothing,44,Arizona,L,Black,Summer,4.6,No,Credit Card,Store Pickup,Yes,Yes,26,PayPal,Annually,44,1.0,3.295836866004329,3.295836866004329,0.0,1.0,1.0,1.0,0.041758241758241756,0.4564102564102564,3.816666666666667,3.726725521669342
3186,52,Female,Skirt,Clothing,71,Ohio,L,Gold,Fall,4.7,No,Credit Card,Express,No,No,6,PayPal,Annually,71,1.0,1.9459101490553132,1.9459101490553132,0.0,0.0,0.0,0.0,0.041758241758241756,0.4564102564102564,3.816666666666667,3.726725521669342
2061,21,Male,Belt,Accessories,63,Wisconsin,M,Blue,Fall,3.2,No,Debit Card,Next Day Air,No,No,23,Bank Transfer,Quarterly,63,4.0,3.1780538303479458,12.712215321391783,0.0,0.0,0.0,0.0,0.04395604395604396,0.310989010989011,3.73,3.745465253239105
993,46,Male,Jacket,Outerwear,99,Louisiana,M,Gray,Winter,4.6,Yes,Credit Card,Express,Yes,Yes,50,Debit Card,Weekly,99,52.0,3.9318256327243257,204.45493290166493,1.0,1.0,1.0,1.0,0.04249084249084249,0.08351648351648351,3.752586206896552,3.7504385964912283
394,33,Male,Shoes,Footwear,65,Vermont,L,Maroon,Fall,4.2,Yes,Credit Card,Standard,Yes,Yes,6,PayPal,Fortnightly,65,26.0,1.9459101490553132,50.593663875438146,1.0,1.0,1.0,1.0,0.036996336996337,0.14908424908424908,3.7099009900990096,3.7808353808353807
1098,58,Male,Sunglasses,Accessories,27,Vermont,M,Black,Summer,3.2,No,Venmo,Store Pickup,Yes,Yes,47,Bank Transfer,Weekly,27,52.0,3.871201010907891,201.30245256721034,0.0,1.0,1.0,1.0,0.0380952380952381,0.310989010989011,3.7211538461538463,3.745465253239105
3803,70,Female,Scarf,Accessories,72,Illinois,S,Turquoise,Spring,3.2,No,Bank Transfer,2-Day Shipping,No,No,1,Bank Transfer,Monthly,72,12.0,0.6931471805599453,8.317766166719343,0.0,0.0,0.0,0.0,0.03772893772893773,0.310989010989011,3.721359223300971,3.745465253239105
1046,54,Male,Sweater,Clothing,79,New Mexico,L,Black,Fall,3.5,Yes,Cash,2-Day Shipping,Yes,Yes,11,PayPal,Bi-Weekly,79,26.0,2.4849066497880004,64.60757289448802,1.0,1.0,1.0,1.0,0.04468864468864469,0.4564102564102564,3.7147540983606557,3.726725521669342
1868,45,Male,Skirt,Clothing,52,Delaware,M,Brown,Fall,3.4,No,Debit Card,2-Day Shipping,No,No,20,Venmo,Quarterly,52,4.0,3.044522437723423,12.178089750893692,0.0,0.0,0.0,0.0,0.041758241758241756,0.4564102564102564,3.816666666666667,3.726725521669342
3870,26,Female,Coat,Outerwear,64,Arizona,L,Cyan,Spring,3.8,No,Bank Transfer,Free Shipping,No,No,28,Bank Transfer,Annually,64,1.0,3.367295829986474,3.367295829986474,0.0,0.0,0.0,0.0,0.041025641025641026,0.08351648351648351,3.748214285714286,3.7504385964912283
2833,29,Female,Scarf,Accessories,37,Maryland,M,Magenta,Summer,4.6,No,Cash,Standard,No,No,40,PayPal,Quarterly,37,4.0,3.713572066704308,14.854288266817232,0.0,0.0,0.0,0.0,0.03772893772893773,0.310989010989011,3.721359223300971,3.745465253239105
3316,48,Female,Scarf,Accessories,68,Kentucky,S,Gold,Summer,2.9,No,Credit Card,Standard,No,No,4,PayPal,Every 3 Months,68,4.0,1.6094379124341003,6.437751649736401,0.0,0.0,0.0,0.0,0.03772893772893773,0.310989010989011,3.721359223300971,3.745465253239105
3279,59,Female,Dress,Clothing,70,Montana,M,Black,Summer,3.3,No,Debit Card,2-Day Shipping,No,No,18,Bank Transfer,Weekly,70,52.0,2.9444389791664403,153.1108269166549,0.0,0.0,0.0,0.0,0.044322344322344324,0.4564102564102564,3.7479338842975207,3.726725521669342
2696,50,Female,Hat,Accessories,92,Tennessee,M,Orange,Fall,3.6,No,Debit Card,Standard,No,No,10,PayPal,Bi-Weekly,92,26.0,2.3978952727983707,62.34527709275764,0.0,0.0,0.0,0.0,0.038461538461538464,0.310989010989011,3.7695238095238097,3.745465253239105
3329,42,Female,Sandals,Footwear,35,Wisconsin,M,Violet,Spring,3.2,No,Venmo,Free Shipping,No,No,11,Cash,Bi-Weekly,35,26.0,2.4849066497880004,64.60757289448802,0.0,0.0,0.0,0.0,0.03882783882783883,0.14908424908424908,3.8367924528301884,3.7808353808353807
3765,36,Female,Socks,Clothing,21,South Dakota,M,Maroon,Fall,3.5,No,PayPal,Next Day Air,No,No,19,Venmo,Monthly,21,12.0,2.995732273553991,35.94878728264789,0.0,0.0,0.0,0.0,0.03882783882783883,0.4564102564102564,3.7150943396226417,3.726725521669342
2911,32,Female,Belt,Accessories,32,Mississippi,M,Blue,Summer,2.9,No,Bank Transfer,Store Pickup,No,No,41,Credit Card,Monthly,32,12.0,3.7376696182833684,44.85203541940042,0.0,0.0,0.0,0.0,0.04395604395604396,0.310989010989011,3.73,3.745465253239105
3138,34,Female,Coat,Outerwear,44,Louisiana,M,Turquoise,Spring,2.7,No,Cash,2-Day Shipping,No,No,14,Bank Transfer,Monthly,44,12.0,2.70805020110221,32.49660241322652,0.0,0.0,0.0,0.0,0.041025641025641026,0.08351648351648351,3.748214285714286,3.7504385964912283
1390,59,Male,Scarf,Accessories,72,Illinois,L,Orange,Fall,2.6,No,Debit Card,Store Pickup,Yes,Yes,8,Debit Card,Fortnightly,72,26.0,2.1972245773362196,57.12783901074171,0.0,1.0,1.0,1.0,0.03772893772893773,0.310989010989011,3.721359223300971,3.745465253239105
772,22,Male,Sweater,Clothing,68,Hawaii,L,Cyan,Fall,2.6,Yes,Credit Card,Next Day Air,Yes,Yes,34,Bank Transfer,Fortnightly,68,26.0,3.5553480614894135,92.43904959872475,1.0,1.0,1.0,1.0,0.04468864468864469,0.4564102564102564,3.7147540983606557,3.726725521669342
3600,37,Female,Scarf,Accessories,34,Kansas,S,Peach,Spring,4.6,No,Cash,Express,No,No,4,Cash,Weekly,34,52.0,1.6094379124341003,83.69077144657321,0.0,0.0,0.0,0.0,0.03772893772893773,0.310989010989011,3.721359223300971,3.745465253239105
1782,31,Male,T-shirt,Clothing,33,Iowa,M,Pink,Fall,3.7,No,PayPal,Express,No,No,49,Bank Transfer,Quarterly,33,4.0,3.912023005428146,15.648092021712584,0.0,0.0,0.0,0.0,0.034432234432234435,0.4564102564102564,3.8138297872340425,3.726725521669342
1346,40,Male,Dress,Clothing,21,Nebraska,M,White,Fall,3.6,No,Credit Card,Standard,Yes,Yes,42,Venmo,Weekly,21,52.0,3.7612001156935624,195.58240601606525,0.0,1.0,1.0,1.0,0.044322344322344324,0.4564102564102564,3.7479338842975207,3.726725521669342
984,24,Male,Hat,Accessories,45,New Mexico,L,Indigo,Winter,3.5,Yes,Credit Card,Free Shipping,Yes,Yes,40,Venmo,Bi-Weekly,45,26.0,3.713572066704308,96.552873734312,1.0,1.0,1.0,1.0,0.038461538461538464,0.310989010989011,3.7695238095238097,3.745465253239105
986,32,Male,Handbag,Accessories,80,West Virginia,M,Gray,Fall,5.0,Yes,Credit Card,Express,Yes,Yes,12,Bank Transfer,Annually,80,1.0,2.5649493574615367,2.5649493574615367,1.0,1.0,1.0,1.0,0.03882783882783883,0.310989010989011,3.7216981132075473,3.745465253239105
3163,66,Female,Shoes,Footwear,85,Wisconsin,L,Blue,Winter,3.9,No,Credit Card,Standard,No,No,28,Bank Transfer,Quarterly,85,4.0,3.367295829986474,13.469183319945897,0.0,0.0,0.0,0.0,0.036996336996337,0.14908424908424908,3.7099009900990096,3.7808353808353807
2139,67,Male,Sweater,Clothing,42,Mississippi,M,Teal,Fall,2.8,No,Venmo,Next Day Air,No,No,36,Venmo,Quarterly,42,4.0,3.6109179126442243,14.443671650576897,0.0,0.0,0.0,0.0,0.04468864468864469,0.4564102564102564,3.7147540983606557,3.726725521669342
2193,41,Male,Scarf,Accessories,35,Virginia,L,Yellow,Winter,3.2,No,Bank Transfer,Next Day Air,No,No,9,Credit Card,Monthly,35,12.0,2.302585092994046,27.63102111592855,0.0,0.0,0.0,0.0,0.03772893772893773,0.310989010989011,3.721359223300971,3.745465253239105
27,38,Male,Jewelry,Accessories,20,Nevada,M,Red,Spring,3.6,Yes,Cash,Next Day Air,Yes,Yes,13,Credit Card,Annually,20,1.0,2.6390573296152584,2.6390573296152584,1.0,1.0,1.0,1.0,0.04212454212454213,0.310989010989011,3.744347826086957,3.745465253239105
3856,40,Female,Shirt,Clothing,61,Illinois,XL,Lavender,Summer,4.4,No,Debit Card,Next Day Air,No,No,36,Cash,Quarterly,61,4.0,3.6109179126442243,14.443671650576897,0.0,0.0,0.0,0.0,0.04322344322344322,0.4564102564102564,3.669491525423729,3.726725521669342
1835,49,Male,Skirt,Clothing,35,Indiana,M,Charcoal,Summer,4.1,No,Venmo,2-Day Shipping,No,No,39,Venmo,Fortnightly,35,26.0,3.6888794541139363,95.91086580696235,0.0,0.0,0.0,0.0,0.041758241758241756,0.4564102564102564,3.816666666666667,3.726725521669342
785,31,Male,Jeans,Clothing,72,Alabama,M,Peach,Winter,3.2,Yes,Debit Card,Store Pickup,Yes,Yes,41,Bank Transfer,Every 3 Months,72,4.0,3.7376696182833684,14.950678473133474,1.0,1.0,1.0,1.0,0.03406593406593406,0.4564102564102564,3.6,3.726725521669342
3274,58,Female,Belt,Accessories,45,Nevada,S,Orange,Summer,2.6,No,Credit Card,Free Shipping,No,No,34,PayPal,Every 3 Months,45,4.0,3.5553480614894135,14.221392245957654,0.0,0.0,0.0,0.0,0.04395604395604396,0.310989010989011,3.73,3.745465253239105
1073,48,Male,Shorts,Clothing,92,Idaho,L,Gold,Fall,3.5,No,Bank Transfer,Express,Yes,Yes,34,Debit Card,Fortnightly,92,26.0,3.5553480614894135,92.43904959872475,0.0,1.0,1.0,1.0,0.04212454212454213,0.4564102564102564,3.6730434782608694,3.726725521669342
3506,48,Female,Jewelry,Accessories,42,Indiana,L,Red,Winter,3.7,No,Cash,2-Day Shipping,No,No,40,Bank Transfer,Every 3 Months,42,4.0,3.713572066704308,14.854288266817232,0.0,0.0,0.0,0.0,0.04212454212454213,0.310989010989011,3.744347826086957,3.745465253239105
3176,35,Female,Socks,Clothing,42,Connecticut,M,Maroon,Fall,3.4,No,Debit Card,Store Pickup,No,No,26,Debit Card,Every 3 Months,42,4.0,3.295836866004329,13.183347464017316,0.0,0.0,0.0,0.0,0.03882783882783883,0.4564102564102564,3.7150943396226417,3.726725521669342
1275,54,Male,Hat,Accessories,73,Missouri,M,Olive,Spring,3.1,No,Cash,2-Day Shipping,Yes,Yes,37,PayPal,Quarterly,73,4.0,3.6375861597263857,14.550344638905543,0.0,1.0,1.0,1.0,0.038461538461538464,0.310989010989011,3.7695238095238097,3.745465253239105
464,37,Male,Jewelry,Accessories,81,Georgia,S,Orange,Summer,2.7,Yes,Venmo,Standard,Yes,Yes,29,Venmo,Weekly,81,52.0,3.4011973816621555,176.86226384643209,1.0,1.0,1.0,1.0,0.04212454212454213,0.310989010989011,3.744347826086957,3.745465253239105
166,42,Male,Handbag,Accessories,60,Kentucky,S,Yellow,Winter,2.8,Yes,Credit Card,Store Pickup,Yes,Yes,7,Cash,Monthly,60,12.0,2.0794415416798357,24.953298500158027,1.0,1.0,1.0,1.0,0.03882783882783883,0.310989010989011,3.7216981132075473,3.745465253239105
2772,58,Female,Jacket,Outerwear,52,Maryland,S,Beige,Summer,3.1,No,Cash,2-Day Shipping,No,No,12,Bank Transfer,Fortnightly,52,26.0,2.5649493574615367,66.68868329399996,0.0,0.0,0.0,0.0,0.04249084249084249,0.08351648351648351,3.752586206896552,3.7504385964912283
532,50,Male,Sandals,Footwear,51,Vermont,L,Purple,Fall,3.4,Yes,Bank Transfer,Next Day Air,Yes,Yes,42,Cash,Weekly,51,52.0,3.7612001156935624,195.58240601606525,1.0,1.0,1.0,1.0,0.03882783882783883,0.14908424908424908,3.8367924528301884,3.7808353808353807
3225,37,Female,Hoodie,Clothing,80,Delaware,L,Indigo,Winter,2.7,No,Cash,Free Shipping,No,No,18,PayPal,Monthly,80,12.0,2.9444389791664403,35.33326774999728,0.0,0.0,0.0,0.0,0.03882783882783883,0.4564102564102564,3.776415094339623,3.726725521669342
2375,69,Male,Gloves,Accessories,73,Washington,L,Peach,Winter,4.7,No,Cash,Standard,No,No,31,Debit Card,Monthly,73,12.0,3.4657359027997265,41.58883083359672,0.0,0.0,0.0,0.0,0.03626373626373627,0.310989010989011,3.8666666666666667,3.745465253239105
3552,66,Female,Gloves,Accessories,31,Montana,L,Black,Spring,2.6,No,Credit Card,Store Pickup,No,No,20,Venmo,Weekly,31,52.0,3.044522437723423,158.315166761618,0.0,0.0,0.0,0.0,0.03626373626373627,0.310989010989011,3.8666666666666667,3.745465253239105
1166,51,Male,T-shirt,Clothing,64,Wisconsin,M,Silver,Winter,2.9,No,Cash,Next Day Air,Yes,Yes,21,Venmo,Every 3 Months,64,4.0,3.091042453358316,12.364169813433264,0.0,1.0,1.0,1.0,0.034432234432234435,0.4564102564102564,3.8138297872340425,3.726725521669342
2383,39,Male,Sweater,Clothing,60,California,M,Turquoise,Spring,3.9,No,Debit Card,Express,No,No,44,Debit Card,Weekly,60,52.0,3.8066624897703196,197.9464494680566,0.0,0.0,0.0,0.0,0.04468864468864469,0.4564102564102564,3.7147540983606557,3.726725521669342
2245,35,Male,Shorts,Clothing,37,South Carolina,M,Gold,Summer,4.8,No,Credit Card,2-Day Shipping,No,No,22,PayPal,Annually,37,1.0,3.1354942159291497,3.1354942159291497,0.0,0.0,0.0,0.0,0.04212454212454213,0.4564102564102564,3.6730434782608694,3.726725521669342
2566,30,Male,Socks,Clothing,43,Vermont,S,Indigo,Fall,3.6,No,Debit Card,Store Pickup,No,No,8,Venmo,Quarterly,43,4.0,2.1972245773362196,8.788898309344878,0.0,0.0,0.0,0.0,0.03882783882783883,0.4564102564102564,3.7150943396226417,3.726725521669342
2944,29,Female,Shirt,Clothing,44,Virginia,M,Orange,Spring,3.4,No,Debit Card,Standard,No,No,37,Credit Card,Monthly,44,12.0,3.6375861597263857,43.65103391671663,0.0,0.0,0.0,0.0,0.04322344322344322,0.4564102564102564,3.669491525423729,3.726725521669342
539,27,Male,Socks,Clothing,22,Virginia,XL,Green,Spring,3.2,Yes,PayPal,Free Shipping,Yes,Yes,43,Cash,Weekly,22,52.0,3.784189633918261,196.77786096374956,1.0,1.0,1.0,1.0,0.03882783882783883,0.4564102564102564,3.7150943396226417,3.726725521669342
154,69,Male,Hoodie,Clothing,55,North Carolina,M,Maroon,Winter,3.2,Yes,Debit Card,Standard,Yes,Yes,22,Debit Card,Annually,55,1.0,3.1354942159291497,3.1354942159291497,1.0,1.0,1.0,1.0,0.03882783882783883,0.4564102564102564,3.776415094339623,3.726725521669342
110,58,Male,T-shirt,Clothing,85,Alabama,M,Violet,Spring,2.6,Yes,Cash,Next Day Air,Yes,Yes,43,Bank Transfer,Fortnightly,85,26.0,3.784189633918261,98.38893048187478,1.0,1.0,1.0,1.0,0.034432234432234435,0.4564102564102564,3.8138297872340425,3.726725521669342
3896,40,Female,Hoodie,Clothing,28,Virginia,L,Turquoise,Summer,4.2,No,Cash,2-Day Shipping,No,No,32,Venmo,Weekly,28,52.0,3.4965075614664802,181.81839319625698,0.0,0.0,0.0,0.0,0.03882783882783883,0.4564102564102564,3.776415094339623,3.726725521669342
3243,45,Female,Socks,Clothing,74,Oregon,S,Beige,Fall,2.8,No,Cash,Express,No,No,17,Venmo,Weekly,74,52.0,2.8903717578961645,150.29933141060056,0.0,0.0,0.0,0.0,0.03882783882783883,0.4564102564102564,3.7150943396226417,3.726725521669342
2438,43,Male,Sneakers,Footwear,59,Wyoming,XL,Magenta,Winter,3.4,No,Credit Card,Store Pickup,No,No,34,Credit Card,Weekly,59,52.0,3.5553480614894135,184.8780991974495,0.0,0.0,0.0,0.0,0.03626373626373627,0.14908424908424908,3.749494949494949,3.7808353808353807
873,56,Male,Jeans,Clothing,33,North Dakota,M,Pink,Spring,2.9,Yes,Cash,Standard,Yes,Yes,25,Cash,Quarterly,33,4.0,3.258096538021482,13.032386152085929,1.0,1.0,1.0,1.0,0.03406593406593406,0.4564102564102564,3.6,3.726725521669342
2739,50,Female,Sneakers,Footwear,81,Ohio,M,Charcoal,Summer,4.3,No,Bank Transfer,2-Day Shipping,No,No,39,Venmo,Every 3 Months,81,4.0,3.6888794541139363,14.755517816455745,0.0,0.0,0.0,0.0,0.03626373626373627,0.14908424908424908,3.749494949494949,3.7808353808353807
3517,34,Female,Boots,Footwear,56,South Carolina,S,White,Summer,4.0,No,Venmo,Free Shipping,No,No,38,PayPal,Bi-Weekly,56,26.0,3.6635616461296463,95.2526027993708,0.0,0.0,0.0,0.0,0.036996336996337,0.14908424908424908,3.8237623762376236,3.7808353808353807
3423,19,Female,Coat,Outerwear,91,New York,L,Beige,Winter,3.2,No,Credit Card,Next Day Air,No,No,9,Venmo,Monthly,91,12.0,2.302585092994046,27.63102111592855,0.0,0.0,0.0,0.0,0.041025641025641026,0.08351648351648351,3.748214285714286,3.7504385964912283
3044,45,Female,Belt,Accessories,98,Illinois,S,Peach,Fall,2.6,No,Debit Card,Store Pickup,No,No,17,Credit Card,Monthly,98,12.0,2.8903717578961645,34.68446109475397,0.0,0.0,0.0,0.0,0.04395604395604396,0.310989010989011,3.73,3.745465253239105
1400,19,Male,Hat,Accessories,81,Nebraska,M,Olive,Winter,3.1,No,Bank Transfer,Store Pickup,Yes,Yes,48,Venmo,Annually,81,1.0,3.8918202981106265,3.8918202981106265,0.0,1.0,1.0,1.0,0.038461538461538464,0.310989010989011,3.7695238095238097,3.745465253239105
345,24,Male,Skirt,Clothing,71,Virginia,M,Charcoal,Winter,4.0,Yes,PayPal,Standard,Yes,Yes,46,Debit Card,Monthly,71,12.0,3.8501476017100584,46.2017712205207,1.0,1.0,1.0,1.0,0.041758241758241756,0.4564102564102564,3.816666666666667,3.726725521669342
1342,26,Male,Hoodie,Clothing,27,Rhode Island,XL,Yellow,Fall,2.9,No,Debit Card,Standard,Yes,Yes,31,Bank Transfer,Quarterly,27,4.0,3.4657359027997265,13.862943611198906,0.0,1.0,1.0,1.0,0.03882783882783883,0.4564102564102564,3.776415094339623,3.726725521669342
3200,59,Female,Handbag,Accessories,40,Maine,XL,Pink,Winter,4.2,No,PayPal,Express,No,No,16,PayPal,Monthly,40,12.0,2.833213344056216,33.9985601286746,0.0,0.0,0.0,0.0,0.03882783882783883,0.310989010989011,3.7216981132075473,3.745465253239105
1781,67,Male,Jewelry,Accessories,81,North Dakota,S,Gray,Summer,4.2,No,Cash,Next Day Air,No,No,49,Credit Card,Weekly,81,52.0,3.912023005428146,203.42519628226358,0.0,0.0,0.0,0.0,0.04212454212454213,0.310989010989011,3.744347826086957,3.745465253239105
2977,30,Female,Coat,Outerwear,97,Nebraska,M,Silver,Summer,2.8,No,Debit Card,Express,No,No,28,Cash,Fortnightly,97,26.0,3.367295829986474,87.54969157964833,0.0,0.0,0.0,0.0,0.041025641025641026,0.08351648351648351,3.748214285714286,3.7504385964912283
3342,55,Female,Jacket,Outerwear,50,Connecticut,XL,Olive,Summer,4.5,No,Venmo,Standard,No,No,35,Credit Card,Monthly,50,12.0,3.58351893845611,43.00222726147332,0.0,0.0,0.0,0.0,0.04249084249084249,0.08351648351648351,3.752586206896552,3.7504385964912283
1087,53,Male,Sunglasses,Accessories,62,Alaska,M,Olive,Winter,3.0,No,PayPal,Free Shipping,Yes,Yes,27,PayPal,Bi-Weekly,62,26.0,3.332204510175204,86.63731726455529,0.0,1.0,1.0,1.0,0.0380952380952381,0.310989010989011,3.7211538461538463,3.745465253239105
331,46,Male,Sweater,Clothing,51,North Dakota,M,Beige,Winter,3.7,Yes,Bank Transfer,Express,Yes,Yes,43,Venmo,Bi-Weekly,51,26.0,3.784189633918261,98.38893048187478,1.0,1.0,1.0,1.0,0.04468864468864469,0.4564102564102564,3.7147540983606557,3.726725521669342
267,51,Male,Jewelry,Accessories,75,Louisiana,L,White,Summer,3.1,Yes,Cash,Express,Yes,Yes,32,Credit Card,Weekly,75,52.0,3.4965075614664802,181.81839319625698,1.0,1.0,1.0,1.0,0.04212454212454213,0.310989010989011,3.744347826086957,3.745465253239105
426,40,Male,Jeans,Clothing,87,North Dakota,S,Teal,Winter,3.3,Yes,Debit Card,Store Pickup,Yes,Yes,4,Credit Card,Quarterly,87,4.0,1.6094379124341003,6.437751649736401,1.0,1.0,1.0,1.0,0.03406593406593406,0.4564102564102564,3.6,3.726725521669342
1905,22,Male,T-shirt,Clothing,71,Nevada,S,Silver,Spring,4.2,No,PayPal,Free Shipping,No,No,46,Cash,Monthly,71,12.0,3.8501476017100584,46.2017712205207,0.0,0.0,0.0,0.0,0.034432234432234435,0.4564102564102564,3.8138297872340425,3.726725521669342
2658,52,Female,Dress,Clothing,81,Texas,M,Pink,Summer,2.7,No,PayPal,Express,No,No,7,Credit Card,Fortnightly,81,26.0,2.0794415416798357,54.06548008367573,0.0,0.0,0.0,0.0,0.044322344322344324,0.4564102564102564,3.7479338842975207,3.726725521669342
2174,23,Male,Gloves,Accessories,97,Delaware,S,Cyan,Summer,5.0,No,Cash,2-Day Shipping,No,No,36,Venmo,Quarterly,97,4.0,3.6109179126442243,14.443671650576897,0.0,0.0,0.0,0.0,0.03626373626373627,0.310989010989011,3.8666666666666667,3.745465253239105
1058,65,Male,Jacket,Outerwear,23,Wisconsin,S,Maroon,Spring,4.4,No,Bank Transfer,2-Day Shipping,Yes,Yes,20,Credit Card,Weekly,23,52.0,3.044522437723423,158.315166761618,0.0,1.0,1.0,1.0,0.04249084249084249,0.08351648351648351,3.752586206896552,3.7504385964912283
167,46,Male,Sneakers,Footwear,31,Delaware,XL,Indigo,Fall,4.0,Yes,Cash,Store Pickup,Yes,Yes,30,Cash,Monthly,31,12.0,3.4339872044851463,41.20784645382176,1.0,1.0,1.0,1.0,0.03626373626373627,0.14908424908424908,3.749494949494949,3.7808353808353807
3178,55,Female,Belt,Accessories,52,Missouri,L,Beige,Fall,3.2,No,Credit Card,Standard,No,No,31,Credit Card,Monthly,52,12.0,3.4657359027997265,41.58883083359672,0.0,0.0,0.0,0.0,0.04395604395604396,0.310989010989011,3.73,3.745465253239105
413,24,Male,Jacket,Outerwear,74,Maine,M,Yellow,Summer,3.1,Yes,Venmo,Store Pickup,Yes,Yes,3,Bank Transfer,Weekly,74,52.0,1.3862943611198906,72.0873067782343,1.0,1.0,1.0,1.0,0.04249084249084249,0.08351648351648351,3.752586206896552,3.7504385964912283
2853,40,Female,Belt,Accessories,71,New York,M,Magenta,Spring,3.0,No,Credit Card,Store Pickup,No,No,30,Venmo,Weekly,71,52.0,3.4339872044851463,178.5673346332276,0.0,0.0,0.0,0.0,0.04395604395604396,0.310989010989011,3.73,3.745465253239105
2866,28,Female,Skirt,Clothing,97,California,M,Silver,Fall,3.7,No,Cash,Free Shipping,No,No,27,Cash,Fortnightly,97,26.0,3.332204510175204,86.63731726455529,0.0,0.0,0.0,0.0,0.041758241758241756,0.4564102564102564,3.816666666666667,3.726725521669342
2455,32,Male,Gloves,Accessories,72,Alaska,M,Magenta,Winter,4.6,No,Bank Transfer,Express,No,No,33,Venmo,Annually,72,1.0,3.5263605246161616,3.5263605246161616,0.0,0.0,0.0,0.0,0.03626373626373627,0.310989010989011,3.8666666666666667,3.745465253239105
393,26,Male,T-shirt,Clothing,82,Idaho,XL,Black,Spring,3.3,Yes,PayPal,Next Day Air,Yes,Yes,38,Credit Card,Annually,82,1.0,3.6635616461296463,3.6635616461296463,1.0,1.0,1.0,1.0,0.034432234432234435,0.4564102564102564,3.8138297872340425,3.726725521669342
3451,20,Female,Shorts,Clothing,78,Vermont,M,Pink,Spring,3.6,No,PayPal,Store Pickup,No,No,31,PayPal,Monthly,78,12.0,3.4657359027997265,41.58883083359672,0.0,0.0,0.0,0.0,0.04212454212454213,0.4564102564102564,3.6730434782608694,3.726725521669342
2748,18,Female,Jeans,Clothing,62,West Virginia,M,Teal,Winter,3.1,No,Debit Card,Free Shipping,No,No,21,Credit Card,Every 3 Months,62,4.0,3.091042453358316,12.364169813433264,0.0,0.0,0.0,0.0,0.03406593406593406,0.4564102564102564,3.6,3.726725521669342
1976,53,Male,Jacket,Outerwear,77,Illinois,L,Turquoise,Fall,2.9,No,Credit Card,Express,No,No,4,Cash,Quarterly,77,4.0,1.6094379124341003,6.437751649736401,0.0,0.0,0.0,0.0,0.04249084249084249,0.08351648351648351,3.752586206896552,3.7504385964912283
121,64,Male,Hat,Accessories,84,West Virginia,L,Red,Summer,4.0,Yes,PayPal,Express,Yes,Yes,32,Bank Transfer,Annually,84,1.0,3.4965075614664802,3.4965075614664802,1.0,1.0,1.0,1.0,0.038461538461538464,0.310989010989011,3.7695238095238097,3.745465253239105
2919,19,Female,Sunglasses,Accessories,73,New York,S,Black,Fall,4.9,No,Credit Card,Free Shipping,No,No,36,Cash,Weekly,73,52.0,3.6109179126442243,187.76773145749968,0.0,0.0,0.0,0.0,0.0380952380952381,0.310989010989011,3.7211538461538463,3.745465253239105
594,67,Male,Coat,Outerwear,35,Alaska,S,Green,Winter,4.4,Yes,Cash,Store Pickup,Yes,Yes,9,PayPal,Every 3 Months,35,4.0,2.302585092994046,9.210340371976184,1.0,1.0,1.0,1.0,0.041025641025641026,0.08351648351648351,3.748214285714286,3.7504385964912283
1915,28,Male,Shorts,Clothing,97,Alaska,L,Green,Fall,3.4,No,Venmo,Standard,No,No,40,Credit Card,Fortnightly,97,26.0,3.713572066704308,96.552873734312,0.0,0.0,0.0,0.0,0.04212454212454213,0.4564102564102564,3.6730434782608694,3.726725521669342
1930,59,Male,Jeans,Clothing,33,Hawaii,L,Brown,Fall,4.7,No,Debit Card,Standard,No,No,46,Venmo,Quarterly,33,4.0,3.8501476017100584,15.400590406840234,0.0,0.0,0.0,0.0,0.03406593406593406,0.4564102564102564,3.6,3.726725521669342
2358,53,Male,Shirt,Clothing,67,Michigan,L,Cyan,Fall,4.2,No,Bank Transfer,2-Day Shipping,No,No,40,Credit Card,Bi-Weekly,67,26.0,3.713572066704308,96.552873734312,0.0,0.0,0.0,0.0,0.04322344322344322,0.4564102564102564,3.669491525423729,3.726725521669342
786,46,Male,Shorts,Clothing,62,Louisiana,S,Purple,Spring,4.0,Yes,Bank Transfer,Next Day Air,Yes,Yes,37,PayPal,Fortnightly,62,26.0,3.6375861597263857,94.57724015288602,1.0,1.0,1.0,1.0,0.04212454212454213,0.4564102564102564,3.6730434782608694,3.726725521669342
348,36,Male,Sandals,Footwear,41,Oregon,L,Red,Fall,3.9,Yes,Credit Card,Store Pickup,Yes,Yes,43,PayPal,Fortnightly,41,26.0,3.784189633918261,98.38893048187478,1.0,1.0,1.0,1.0,0.03882783882783883,0.14908424908424908,3.8367924528301884,3.7808353808353807
3265,28,Female,Pants,Clothing,50,Maine,S,Charcoal,Winter,4.0,No,PayPal,Express,No,No,39,Cash,Bi-Weekly,50,26.0,3.6888794541139363,95.91086580696235,0.0,0.0,0.0,0.0,0.04652014652014652,0.4564102564102564,3.729133858267717,3.726725521669342
630,26,Male,Shoes,Footwear,90,Vermont,L,Beige,Spring,4.7,Yes,Bank Transfer,Standard,Yes,Yes,11,Debit Card,Annually,90,1.0,2.4849066497880004,2.4849066497880004,1.0,1.0,1.0,1.0,0.036996336996337,0.14908424908424908,3.7099009900990096,3.7808353808353807
3447,51,Female,Boots,Footwear,55,Louisiana,S,Purple,Spring,5.0,No,Debit Card,2-Day Shipping,No,No,20,Cash,Weekly,55,52.0,3.044522437723423,158.315166761618,0.0,0.0,0.0,0.0,0.036996336996337,0.14908424908424908,3.8237623762376236,3.7808353808353807
211,45,Male,Jacket,Outerwear,22,Vermont,L,Teal,Fall,3.0,Yes,Venmo,2-Day Shipping,Yes,Yes,6,PayPal,Fortnightly,22,26.0,1.9459101490553132,50.593663875438146,1.0,1.0,1.0,1.0,0.04249084249084249,0.08351648351648351,3.752586206896552,3.7504385964912283
2784,19,Female,Skirt,Clothing,38,Virginia,M,Silver,Spring,4.5,No,Credit Card,Next Day Air,No,No,26,Credit Card,Quarterly,38,4.0,3.295836866004329,13.183347464017316,0.0,0.0,0.0,0.0,0.041758241758241756,0.4564102564102564,3.816666666666667,3.726725521669342
3479,36,Female,Handbag,Accessories,57,Arizona,M,Magenta,Fall,4.6,No,PayPal,Store Pickup,No,No,42,PayPal,Quarterly,57,4.0,3.7612001156935624,15.04480046277425,0.0,0.0,0.0,0.0,0.03882783882783883,0.310989010989011,3.7216981132075473,3.745465253239105
2198,33,Male,Boots,Footwear,88,Pennsylvania,M,Indigo,Summer,3.7,No,PayPal,2-Day Shipping,No,No,40,Venmo,Monthly,88,12.0,3.713572066704308,44.56286480045169,0.0,0.0,0.0,0.0,0.036996336996337,0.14908424908424908,3.8237623762376236,3.7808353808353807
2555,51,Male,Jewelry,Accessories,68,Kansas,M,Gray,Summer,4.3,No,Bank Transfer,Store Pickup,No,No,49,Debit Card,Bi-Weekly,68,26.0,3.912023005428146,101.71259814113179,0.0,0.0,0.0,0.0,0.04212454212454213,0.310989010989011,3.744347826086957,3.745465253239105
3821,34,Female,Belt,Accessories,65,New Hampshire,M,Purple,Winter,5.0,No,Credit Card,Standard,No,No,34,Debit Card,Quarterly,65,4.0,3.5553480614894135,14.221392245957654,0.0,0.0,0.0,0.0,0.04395604395604396,0.310989010989011,3.73,3.745465253239105
3842,68,Female,Jeans,Clothing,57,Mississippi,L,Pink,Fall,4.2,No,Cash,2-Day Shipping,No,No,8,Bank Transfer,Monthly,57,12.0,2.1972245773362196,26.366694928034633,0.0,0.0,0.0,0.0,0.03406593406593406,0.4564102564102564,3.6,3.726725521669342
3511,49,Female,Sneakers,Footwear,96,Pennsylvania,S,Orange,Fall,4.9,No,Credit Card,2-Day Shipping,No,No,14,Venmo,Monthly,96,12.0,2.70805020110221,32.49660241322652,0.0,0.0,0.0,0.0,0.03626373626373627,0.14908424908424908,3.749494949494949,3.7808353808353807
3242,50,Female,Handbag,Accessories,58,Connecticut,M,Lavender,Summer,4.4,No,Credit Card,Store Pickup,No,No,30,PayPal,Quarterly,58,4.0,3.4339872044851463,13.735948817940585,0.0,0.0,0.0,0.0,0.03882783882783883,0.310989010989011,3.7216981132075473,3.745465253239105
3564,43,Female,Blouse,Clothing,90,Maine,M,Green,Summer,4.9,No,Credit Card,Standard,No,No,8,Credit Card,Every 3 Months,90,4.0,2.1972245773362196,8.788898309344878,0.0,0.0,0.0,0.0,0.047619047619047616,0.4564102564102564,3.733076923076923,3.726725521669342
898,29,Male,Shirt,Clothing,91,Illinois,M,Gray,Spring,3.4,Yes,PayPal,Express,Yes,Yes,46,Venmo,Weekly,91,52.0,3.8501476017100584,200.20767528892304,1.0,1.0,1.0,1.0,0.04322344322344322,0.4564102564102564,3.669491525423729,3.726725521669342
2607,68,Male,Shoes,Footwear,98,Nevada,L,Turquoise,Spring,4.7,No,Bank Transfer,Standard,No,No,46,Bank Transfer,Bi-Weekly,98,26.0,3.8501476017100584,100.10383764446152,0.0,0.0,0.0,0.0,0.036996336996337,0.14908424908424908,3.7099009900990096,3.7808353808353807
1965,40,Male,Pants,Clothing,51,West Virginia,S,Cyan,Summer,4.6,No,PayPal,Express,No,No,50,Debit Card,Monthly,51,12.0,3.9318256327243257,47.18190759269191,0.0,0.0,0.0,0.0,0.04652014652014652,0.4564102564102564,3.729133858267717,3.726725521669342
1379,37,Male,Jacket,Outerwear,49,Kentucky,XL,Lavender,Fall,3.6,No,PayPal,Free Shipping,Yes,Yes,24,Venmo,Weekly,49,52.0,3.2188758248682006,167.38154289314642,0.0,1.0,1.0,1.0,0.04249084249084249,0.08351648351648351,3.752586206896552,3.7504385964912283
849,48,Male,Sandals,Footwear,73,Delaware,M,Lavender,Fall,3.6,Yes,PayPal,Store Pickup,Yes,Yes,33,Credit Card,Bi-Weekly,73,26.0,3.5263605246161616,91.6853736400202,1.0,1.0,1.0,1.0,0.03882783882783883,0.14908424908424908,3.8367924528301884,3.7808353808353807
928,28,Male,Sneakers,Footwear,78,New Mexico,L,Black,Summer,4.4,Yes,Bank Transfer,Standard,Yes,Yes,8,Venmo,Bi-Weekly,78,26.0,2.1972245773362196,57.12783901074171,1.0,1.0,1.0,1.0,0.03626373626373627,0.14908424908424908,3.749494949494949,3.7808353808353807
1283,24,Male,Shirt,Clothing,68,New Hampshire,L,Violet,Winter,3.0,No,Debit Card,Free Shipping,Yes,Yes,20,Venmo,Monthly,68,12.0,3.044522437723423,36.53426925268108,0.0,1.0,1.0,1.0,0.04322344322344322,0.4564102564102564,3.669491525423729,3.726725521669342
437,40,Male,Pants,Clothing,46,Tennessee,L,Cyan,Summer,4.6,Yes,Cash,Free Shipping,Yes,Yes,41,Bank Transfer,Weekly,46,52.0,3.7376696182833684,194.35882015073517,1.0,1.0,1.0,1.0,0.04652014652014652,0.4564102564102564,3.729133858267717,3.726725521669342
2221,19,Male,Belt,Accessories,62,Wyoming,XL,Beige,Fall,4.5,No,Cash,Store Pickup,No,No,47,Cash,Annually,62,1.0,3.871201010907891,3.871201010907891,0.0,0.0,0.0,0.0,0.04395604395604396,0.310989010989011,3.73,3.745465253239105
777,49,Male,Shirt,Clothing,60,Alabama,M,Maroon,Spring,5.0,Yes,PayPal,Standard,Yes,Yes,8,Venmo,Every 3 Months,60,4.0,2.1972245773362196,8.788898309344878,1.0,1.0,1.0,1.0,0.04322344322344322,0.4564102564102564,3.669491525423729,3.726725521669342
1208,62,Male,Boots,Footwear,90,Washington,M,White,Summer,4.1,No,Venmo,Next Day Air,Yes,Yes,48,Credit Card,Every 3 Months,90,4.0,3.8918202981106265,15.567281192442506,0.0,1.0,1.0,1.0,0.036996336996337,0.14908424908424908,3.8237623762376236,3.7808353808353807
3676,70,Female,Hat,Accessories,80,Virginia,M,White,Winter,4.5,No,Cash,Express,No,No,3,Bank Transfer,Monthly,80,12.0,1.3862943611198906,16.635532333438686,0.0,0.0,0.0,0.0,0.038461538461538464,0.310989010989011,3.7695238095238097,3.745465253239105
801,32,Male,Socks,Clothing,20,Utah,S,Gold,Summer,2.6,Yes,Credit Card,Free Shipping,Yes,Yes,20,Cash,Every 3 Months,20,4.0,3.044522437723423,12.178089750893692,1.0,1.0,1.0,1.0,0.03882783882783883,0.4564102564102564,3.7150943396226417,3.726725521669342
1290,35,Male,Jacket,Outerwear,24,New Hampshire,M,Red,Fall,2.9,No,Debit Card,Next Day Air,Yes,Yes,10,PayPal,Weekly,24,52.0,2.3978952727983707,124.69055418551528,0.0,1.0,1.0,1.0,0.04249084249084249,0.08351648351648351,3.752586206896552,3.7504385964912283
1353,65,Male,Hat,Accessories,89,Indiana,XL,Orange,Spring,4.5,No,Bank Transfer,Next Day Air,Yes,Yes,37,Credit Card,Bi-Weekly,89,26.0,3.6375861597263857,94.57724015288602,0.0,1.0,1.0,1.0,0.038461538461538464,0.310989010989011,3.7695238095238097,3.745465253239105
449,32,Male,Gloves,Accessories,23,Missouri,M,Yellow,Summer,3.4,Yes,Credit Card,Next Day Air,Yes,Yes,35,Bank Transfer,Fortnightly,23,26.0,3.58351893845611,93.17149239985886,1.0,1.0,1.0,1.0,0.03626373626373627,0.310989010989011,3.8666666666666667,3.745465253239105
1875,67,Male,Pants,Clothing,33,Indiana,L,Purple,Fall,3.6,No,Cash,Free Shipping,No,No,14,Cash,Weekly,33,52.0,2.70805020110221,140.81861045731492,0.0,0.0,0.0,0.0,0.04652014652014652,0.4564102564102564,3.729133858267717,3.726725521669342
2832,34,Female,Hoodie,Clothing,53,Virginia,L,Pink,Winter,5.0,No,Cash,Express,No,No,4,Credit Card,Weekly,53,52.0,1.6094379124341003,83.69077144657321,0.0,0.0,0.0,0.0,0.03882783882783883,0.4564102564102564,3.776415094339623,3.726725521669342
3649,31,Female,Skirt,Clothing,67,New York,M,White,Winter,5.0,No,Cash,Free Shipping,No,No,45,Cash,Bi-Weekly,67,26.0,3.828641396489095,99.54467630871648,0.0,0.0,0.0,0.0,0.041758241758241756,0.4564102564102564,3.816666666666667,3.726725521669342
1438,69,Male,Boots,Footwear,97,Montana,XL,Orange,Winter,4.2,No,Debit Card,Free Shipping,Yes,Yes,14,Cash,Annually,97,1.0,2.70805020110221,2.70805020110221,0.0,1.0,1.0,1.0,0.036996336996337,0.14908424908424908,3.8237623762376236,3.7808353808353807
3033,26,Female,Backpack,Accessories,58,California,XL,Green,Summer,3.5,No,Debit Card,Next Day Air,No,No,24,Credit Card,Quarterly,58,4.0,3.2188758248682006,12.875503299472802,0.0,0.0,0.0,0.0,0.03553113553113553,0.310989010989011,3.693814432989691,3.745465253239105
2491,52,Male,Blouse,Clothing,78,Montana,M,Gray,Spring,4.0,No,PayPal,Free Shipping,No,No,5,Cash,Every 3 Months,78,4.0,1.791759469228055,7.16703787691222,0.0,0.0,0.0,0.0,0.047619047619047616,0.4564102564102564,3.733076923076923,3.726725521669342
1224,69,Male,Pants,Clothing,24,Kansas,L,Red,Winter,3.9,No,Credit Card,Free Shipping,Yes,Yes,21,Bank Transfer,Weekly,24,52.0,3.091042453358316,160.73420757463242,0.0,1.0,1.0,1.0,0.04652014652014652,0.4564102564102564,3.729133858267717,3.726725521669342
2581,43,Male,Jeans,Clothing,29,Massachusetts,S,Turquoise,Summer,3.6,No,Cash,Store Pickup,No,No,13,Bank Transfer,Quarterly,29,4.0,2.6390573296152584,10.556229318461034,0.0,0.0,0.0,0.0,0.03406593406593406,0.4564102564102564,3.6,3.726725521669342
3651,51,Female,Jeans,Clothing,60,Ohio,M,Silver,Summer,3.5,No,Cash,2-Day Shipping,No,No,3,PayPal,Annually,60,1.0,1.3862943611198906,1.3862943611198906,0.0,0.0,0.0,0.0,0.03406593406593406,0.4564102564102564,3.6,3.726725521669342
2738,57,Female,Jewelry,Accessories,76,North Carolina,S,Indigo,Spring,4.4,No,Venmo,Free Shipping,No,No,35,Cash,Every 3 Months,76,4.0,3.58351893845611,14.33407575382444,0.0,0.0,0.0,0.0,0.04212454212454213,0.310989010989011,3.744347826086957,3.745465253239105
1179,37,Male,Dress,Clothing,22,South Carolina,M,Teal,Spring,4.9,No,Credit Card,Express,Yes,Yes,23,Debit Card,Annually,22,1.0,3.1780538303479458,3.1780538303479458,0.0,1.0,1.0,1.0,0.044322344322344324,0.4564102564102564,3.7479338842975207,3.726725521669342
1539,56,Male,Dress,Clothing,65,Illinois,L,Charcoal,Fall,3.2,No,Bank Transfer,Standard,Yes,Yes,22,Venmo,Bi-Weekly,65,26.0,3.1354942159291497,81.52284961415789,0.0,1.0,1.0,1.0,0.044322344322344324,0.4564102564102564,3.7479338842975207,3.726725521669342
799,29,Male,Socks,Clothing,39,Alaska,M,Violet,Spring,3.8,Yes,Cash,2-Day Shipping,Yes,Yes,48,PayPal,Every 3 Months,39,4.0,3.8918202981106265,15.567281192442506,1.0,1.0,1.0,1.0,0.03882783882783883,0.4564102564102564,3.7150943396226417,3.726725521669342
409,34,Male,Sneakers,Footwear,66,Alabama,L,White,Spring,3.4,Yes,Credit Card,Express,Yes,Yes,36,Cash,Fortnightly,66,26.0,3.6109179126442243,93.88386572874984,1.0,1.0,1.0,1.0,0.03626373626373627,0.14908424908424908,3.749494949494949,3.7808353808353807
388,45,Male,Coat,Outerwear,93,Georgia,L,Silver,Summer,4.6,Yes,Cash,Store Pickup,Yes,Yes,38,PayPal,Fortnightly,93,26.0,3.6635616461296463,95.2526027993708,1.0,1.0,1.0,1.0,0.041025641025641026,0.08351648351648351,3.748214285714286,3.7504385964912283
2659,52,Female,Handbag,Accessories,47,Ohio,XL,Indigo,Summer,3.2,No,Bank Transfer,Next Day Air,No,No,39,PayPal,Monthly,47,12.0,3.6888794541139363,44.26655344936724,0.0,0.0,0.0,0.0,0.03882783882783883,0.310989010989011,3.7216981132075473,3.745465253239105
1349,19,Male,Belt,Accessories,54,Nebraska,XL,Purple,Spring,3.2,No,PayPal,Standard,Yes,Yes,23,Credit Card,Fortnightly,54,26.0,3.1780538303479458,82.62939958904659,0.0,1.0,1.0,1.0,0.04395604395604396,0.310989010989011,3.73,3.745465253239105
1319,52,Male,Shorts,Clothing,93,Connecticut,M,Maroon,Spring,2.7,No,Venmo,Express,Yes,Yes,19,Credit Card,Bi-Weekly,93,26.0,2.995732273553991,77.88903911240376,0.0,1.0,1.0,1.0,0.04212454212454213,0.4564102564102564,3.6730434782608694,3.726725521669342
1079,37,Male,Sweater,Clothing,59,Arizona,M,Silver,Fall,4.4,No,Cash,Express,Yes,Yes,49,Credit Card,Fortnightly,59,26.0,3.912023005428146,101.71259814113179,0.0,1.0,1.0,1.0,0.04468864468864469,0.4564102564102564,3.7147540983606557,3.726725521669342
1890,59,Male,Skirt,Clothing,57,North Carolina,L,Peach,Spring,2.5,No,Debit Card,Next Day Air,No,No,27,Bank Transfer,Weekly,57,52.0,3.332204510175204,173.27463452911059,0.0,0.0,0.0,0.0,0.041758241758241756,0.4564102564102564,3.816666666666667,3.726725521669342
1707,37,Male,Sunglasses,Accessories,87,North Dakota,M,Brown,Spring,3.0,No,Credit Card,Standard,No,No,25,Venmo,Fortnightly,87,26.0,3.258096538021482,84.71050998855854,0.0,0.0,0.0,0.0,0.0380952380952381,0.310989010989011,3.7211538461538463,3.745465253239105
141,63,Male,Shirt,Clothing,28,North Carolina,L,Yellow,Fall,3.9,Yes,Bank Transfer,2-Day Shipping,Yes,Yes,50,Credit Card,Weekly,28,52.0,3.9318256327243257,204.45493290166493,1.0,1.0,1.0,1.0,0.04322344322344322,0.4564102564102564,3.669491525423729,3.726725521669342
3238,61,Female,T-shirt,Clothing,57,Vermont,M,Gray,Summer,2.8,No,Bank Transfer,Express,No,No,4,Cash,Weekly,57,52.0,1.6094379124341003,83.69077144657321,0.0,0.0,0.0,0.0,0.034432234432234435,0.4564102564102564,3.8138297872340425,3.726725521669342
2560,48,Male,Belt,Accessories,71,Mississippi,S,Green,Winter,4.0,No,Venmo,Free Shipping,No,No,21,Debit Card,Every 3 Months,71,4.0,3.091042453358316,12.364169813433264,0.0,0.0,0.0,0.0,0.04395604395604396,0.310989010989011,3.73,3.745465253239105
1486,22,Male,Gloves,Accessories,56,Nebraska,L,Red,Spring,3.4,No,Bank Transfer,Standard,Yes,Yes,3,Cash,Fortnightly,56,26.0,1.3862943611198906,36.04365338911715,0.0,1.0,1.0,1.0,0.03626373626373627,0.310989010989011,3.8666666666666667,3.745465253239105
3494,48,Female,Pants,Clothing,82,New Mexico,XL,Black,Winter,4.7,No,Cash,Store Pickup,No,No,35,Credit Card,Weekly,82,52.0,3.58351893845611,186.34298479971773,0.0,0.0,0.0,0.0,0.04652014652014652,0.4564102564102564,3.729133858267717,3.726725521669342
1937,70,Male,Jewelry,Accessories,60,Minnesota,S,Teal,Summer,4.3,No,PayPal,2-Day Shipping,No,No,44,PayPal,Every 3 Months,60,4.0,3.8066624897703196,15.226649959081278,0.0,0.0,0.0,0.0,0.04212454212454213,0.310989010989011,3.744347826086957,3.745465253239105
899,54,Male,Belt,Accessories,70,Nevada,L,Red,Spring,3.5,Yes,Credit Card,2-Day Shipping,Yes,Yes,19,Bank Transfer,Every 3 Months,70,4.0,2.995732273553991,11.982929094215963,1.0,1.0,1.0,1.0,0.04395604395604396,0.310989010989011,3.73,3.745465253239105
734,45,Male,Dress,Clothing,36,Rhode Island,L,Cyan,Fall,2.7,Yes,Cash,2-Day Shipping,Yes,Yes,20,Debit Card,Bi-Weekly,36,26.0,3.044522437723423,79.157583380809,1.0,1.0,1.0,1.0,0.044322344322344324,0.4564102564102564,3.7479338842975207,3.726725521669342
196,51,Male,Jacket,Outerwear,25,New York,M,Magenta,Fall,4.3,Yes,Credit Card,Free Shipping,Yes,Yes,34,Credit Card,Monthly,25,12.0,3.5553480614894135,42.664176737872964,1.0,1.0,1.0,1.0,0.04249084249084249,0.08351648351648351,3.752586206896552,3.7504385964912283
557,40,Male,Coat,Outerwear,90,Montana,L,Indigo,Winter,5.0,Yes,Credit Card,Store Pickup,Yes,Yes,21,Cash,Fortnightly,90,26.0,3.091042453358316,80.36710378731621,1.0,1.0,1.0,1.0,0.041025641025641026,0.08351648351648351,3.748214285714286,3.7504385964912283
3823,70,Female,Hat,Accessories,41,Kansas,S,Gold,Spring,3.2,No,Cash,Free Shipping,No,No,17,PayPal,Every 3 Months,41,4.0,2.8903717578961645,11.561487031584658,0.0,0.0,0.0,0.0,0.038461538461538464,0.310989010989011,3.7695238095238097,3.745465253239105
2613,55,Male,Sunglasses,Accessories,22,Louisiana,M,Turquoise,Winter,3.8,No,Cash,Next Day Air,No,No,27,Venmo,Quarterly,22,4.0,3.332204510175204,13.328818040700815,0.0,0.0,0.0,0.0,0.0380952380952381,0.310989010989011,3.7211538461538463,3.745465253239105
3558,52,Female,Jacket,Outerwear,26,Nevada,M,Peach,Summer,4.9,No,PayPal,Next Day Air,No,No,1,PayPal,Every 3 Months,26,4.0,0.6931471805599453,2.772588722239781,0.0,0.0,0.0,0.0,0.04249084249084249,0.08351648351648351,3.752586206896552,3.7504385964912283
1417,48,Male,Boots,Footwear,56,Idaho,L,Silver,Summer,3.4,No,PayPal,Free Shipping,Yes,Yes,46,Cash,Quarterly,56,4.0,3.8501476017100584,15.400590406840234,0.0,1.0,1.0,1.0,0.036996336996337,0.14908424908424908,3.8237623762376236,3.7808353808353807
1753,34,Male,Boots,Footwear,29,South Dakota,L,Blue,Winter,3.3,No,Debit Card,Store Pickup,No,No,14,Venmo,Quarterly,29,4.0,2.70805020110221,10.83220080440884,0.0,0.0,0.0,0.0,0.036996336996337,0.14908424908424908,3.8237623762376236,3.7808353808353807
2213,59,Male,Pants,Clothing,77,Nebraska,M,Brown,Winter,3.3,No,PayPal,Next Day Air,No,No,22,Bank Transfer,Quarterly,77,4.0,3.1354942159291497,12.541976863716599,0.0,0.0,0.0,0.0,0.04652014652014652,0.4564102564102564,3.729133858267717,3.726725521669342
1804,60,Male,Sneakers,Footwear,97,New Hampshire,S,Gray,Summer,3.5,No,PayPal,Free Shipping,No,No,33,Venmo,Fortnightly,97,26.0,3.5263605246161616,91.6853736400202,0.0,0.0,0.0,0.0,0.03626373626373627,0.14908424908424908,3.749494949494949,3.7808353808353807
964,21,Male,Boots,Footwear,63,South Carolina,L,Green,Spring,2.5,Yes,Cash,2-Day Shipping,Yes,Yes,14,Credit Card,Weekly,63,52.0,2.70805020110221,140.81861045731492,1.0,1.0,1.0,1.0,0.036996336996337,0.14908424908424908,3.8237623762376236,3.7808353808353807
3500,22,Female,Socks,Clothing,29,New Jersey,L,Indigo,Fall,3.0,No,Bank Transfer,Next Day Air,No,No,13,PayPal,Every 3 Months,29,4.0,2.6390573296152584,10.556229318461034,0.0,0.0,0.0,0.0,0.03882783882783883,0.4564102564102564,3.7150943396226417,3.726725521669342
2692,43,Female,Pants,Clothing,25,Nebraska,L,Blue,Winter,3.3,No,Bank Transfer,2-Day Shipping,No,No,48,Cash,Monthly,25,12.0,3.8918202981106265,46.701843577327516,0.0,0.0,0.0,0.0,0.04652014652014652,0.4564102564102564,3.729133858267717,3.726725521669342
1359,19,Male,Scarf,Accessories,22,Nebraska,XL,Pink,Spring,2.5,No,Debit Card,Store Pickup,Yes,Yes,25,Venmo,Every 3 Months,22,4.0,3.258096538021482,13.032386152085929,0.0,1.0,1.0,1.0,0.03772893772893773,0.310989010989011,3.721359223300971,3.745465253239105
1464,54,Male,Jewelry,Accessories,49,Oklahoma,M,Beige,Summer,4.9,No,Credit Card,Store Pickup,Yes,Yes,1,Bank Transfer,Monthly,49,12.0,0.6931471805599453,8.317766166719343,0.0,1.0,1.0,1.0,0.04212454212454213,0.310989010989011,3.744347826086957,3.745465253239105
1963,40,Male,Hat,Accessories,45,Iowa,M,Silver,Fall,4.4,No,Debit Card,Standard,No,No,20,PayPal,Fortnightly,45,26.0,3.044522437723423,79.157583380809,0.0,0.0,0.0,0.0,0.038461538461538464,0.310989010989011,3.7695238095238097,3.745465253239105
3007,37,Female,Dress,Clothing,99,Utah,M,Olive,Summer,3.7,No,Venmo,Store Pickup,No,No,17,Venmo,Bi-Weekly,99,26.0,2.8903717578961645,75.14966570530028,0.0,0.0,0.0,0.0,0.044322344322344324,0.4564102564102564,3.7479338842975207,3.726725521669342
711,22,Male,Scarf,Accessories,91,Virginia,L,Turquoise,Spring,4.1,Yes,Bank Transfer,Standard,Yes,Yes,26,PayPal,Fortnightly,91,26.0,3.295836866004329,85.69175851611256,1.0,1.0,1.0,1.0,0.03772893772893773,0.310989010989011,3.721359223300971,3.745465253239105
2794,37,Female,Boots,Footwear,57,Massachusetts,M,Silver,Spring,3.1,No,Bank Transfer,Standard,No,No,27,Debit Card,Bi-Weekly,57,26.0,3.332204510175204,86.63731726455529,0.0,0.0,0.0,0.0,0.036996336996337,0.14908424908424908,3.8237623762376236,3.7808353808353807
1445,32,Male,Sweater,Clothing,36,Vermont,L,Pink,Fall,3.8,No,Venmo,Express,Yes,Yes,26,Cash,Quarterly,36,4.0,3.295836866004329,13.183347464017316,0.0,1.0,1.0,1.0,0.04468864468864469,0.4564102564102564,3.7147540983606557,3.726725521669342
377,51,Male,Shoes,Footwear,51,South Carolina,S,Gray,Fall,4.9,Yes,PayPal,Express,Yes,Yes,2,Venmo,Bi-Weekly,51,26.0,1.0986122886681098,28.563919505370855,1.0,1.0,1.0,1.0,0.036996336996337,0.14908424908424908,3.7099009900990096,3.7808353808353807
1893,39,Male,Jacket,Outerwear,30,California,M,Blue,Fall,4.6,No,Bank Transfer,2-Day Shipping,No,No,12,Venmo,Weekly,30,52.0,2.5649493574615367,133.37736658799992,0.0,0.0,0.0,0.0,0.04249084249084249,0.08351648351648351,3.752586206896552,3.7504385964912283
1900,32,Male,Shorts,Clothing,40,New York,L,Maroon,Winter,4.2,No,Venmo,Store Pickup,No,No,42,PayPal,Weekly,40,52.0,3.7612001156935624,195.58240601606525,0.0,0.0,0.0,0.0,0.04212454212454213,0.4564102564102564,3.6730434782608694,3.726725521669342
3065,22,Female,Belt,Accessories,76,Idaho,S,Cyan,Winter,3.6,No,Debit Card,Express,No,No,49,Bank Transfer,Quarterly,76,4.0,3.912023005428146,15.648092021712584,0.0,0.0,0.0,0.0,0.04395604395604396,0.310989010989011,3.73,3.745465253239105
1376,42,Male,Sneakers,Footwear,31,Maine,L,Brown,Spring,4.1,No,Venmo,2-Day Shipping,Yes,Yes,8,Credit Card,Annually,31,1.0,2.1972245773362196,2.1972245773362196,0.0,1.0,1.0,1.0,0.03626373626373627,0.14908424908424908,3.749494949494949,3.7808353808353807
2085,32,Male,Blouse,Clothing,94,Vermont,S,Brown,Summer,4.0,No,Bank Transfer,Standard,No,No,43,Bank Transfer,Quarterly,94,4.0,3.784189633918261,15.136758535673044,0.0,0.0,0.0,0.0,0.047619047619047616,0.4564102564102564,3.733076923076923,3.726725521669342
3549,63,Female,Blouse,Clothing,37,Utah,M,Red,Fall,3.0,No,Venmo,Standard,No,No,47,Debit Card,Fortnightly,37,26.0,3.871201010907891,100.65122628360517,0.0,0.0,0.0,0.0,0.047619047619047616,0.4564102564102564,3.733076923076923,3.726725521669342
2621,27,Male,Blouse,Clothing,23,Ohio,S,Lavender,Winter,3.0,No,Venmo,Standard,No,No,28,Debit Card,Annually,23,1.0,3.367295829986474,3.367295829986474,0.0,0.0,0.0,0.0,0.047619047619047616,0.4564102564102564,3.733076923076923,3.726725521669342
1853,41,Male,Sweater,Clothing,80,Pennsylvania,XL,Violet,Winter,3.8,No,Cash,Store Pickup,No,No,32,Cash,Weekly,80,52.0,3.4965075614664802,181.81839319625698,0.0,0.0,0.0,0.0,0.04468864468864469,0.4564102564102564,3.7147540983606557,3.726725521669342
3767,62,Female,Handbag,Accessories,59,Texas,M,Black,Fall,4.9,No,Cash,Next Day Air,No,No,43,Debit Card,Annually,59,1.0,3.784189633918261,3.784189633918261,0.0,0.0,0.0,0.0,0.03882783882783883,0.310989010989011,3.7216981132075473,3.745465253239105
544,53,Male,Skirt,Clothing,98,Alabama,S,Red,Spring,4.3,Yes,Debit Card,Express,Yes,Yes,11,Credit Card,Monthly,98,12.0,2.4849066497880004,29.818879797456006,1.0,1.0,1.0,1.0,0.041758241758241756,0.4564102564102564,3.816666666666667,3.726725521669342
1398,55,Male,Sunglasses,Accessories,67,Massachusetts,S,Magenta,Summer,4.7,No,Cash,Store Pickup,Yes,Yes,33,PayPal,Annually,67,1.0,3.5263605246161616,3.5263605246161616,0.0,1.0,1.0,1.0,0.0380952380952381,0.310989010989011,3.7211538461538463,3.745465253239105
3168,24,Female,Dress,Clothing,78,Oregon,M,Blue,Fall,2.8,No,Venmo,2-Day Shipping,No,No,9,Cash,Bi-Weekly,78,26.0,2.302585092994046,59.867212417845195,0.0,0.0,0.0,0.0,0.044322344322344324,0.4564102564102564,3.7479338842975207,3.726725521669342
602,32,Male,Backpack,Accessories,38,West Virginia,M,Maroon,Summer,4.7,Yes,Cash,Store Pickup,Yes,Yes,5,Cash,Fortnightly,38,26.0,1.791759469228055,46.58574619992943,1.0,1.0,1.0,1.0,0.03553113553113553,0.310989010989011,3.693814432989691,3.745465253239105
3129,65,Female,Jacket,Outerwear,32,Arkansas,S,Indigo,Fall,4.4,No,PayPal,Standard,No,No,20,Cash,Annually,32,1.0,3.044522437723423,3.044522437723423,0.0,0.0,0.0,0.0,0.04249084249084249,0.08351648351648351,3.752586206896552,3.7504385964912283
2055,65,Male,Sweater,Clothing,56,New Jersey,XL,Gold,Spring,2.9,No,PayPal,Express,No,No,14,PayPal,Annually,56,1.0,2.70805020110221,2.70805020110221,0.0,0.0,0.0,0.0,0.04468864468864469,0.4564102564102564,3.7147540983606557,3.726725521669342
1994,32,Male,Blouse,Clothing,96,Arkansas,S,Purple,Spring,5.0,No,Cash,Express,No,No,17,Cash,Weekly,96,52.0,2.8903717578961645,150.29933141060056,0.0,0.0,0.0,0.0,0.047619047619047616,0.4564102564102564,3.733076923076923,3.726725521669342
2723,23,Female,Hat,Accessories,83,Maine,M,Green,Spring,2.8,No,PayPal,2-Day Shipping,No,No,22,PayPal,Fortnightly,83,26.0,3.1354942159291497,81.52284961415789,0.0,0.0,0.0,0.0,0.038461538461538464,0.310989010989011,3.7695238095238097,3.745465253239105
2691,44,Female,Belt,Accessories,32,New Mexico,L,Yellow,Summer,4.7,No,Venmo,Free Shipping,No,No,18,Bank Transfer,Weekly,32,52.0,2.9444389791664403,153.1108269166549,0.0,0.0,0.0,0.0,0.04395604395604396,0.310989010989011,3.73,3.745465253239105
3598,29,Female,Sunglasses,Accessories,71,New Mexico,M,Maroon,Summer,3.1,No,Cash,Standard,No,No,18,Bank Transfer,Quarterly,71,4.0,2.9444389791664403,11.777755916665761,0.0,0.0,0.0,0.0,0.0380952380952381,0.310989010989011,3.7211538461538463,3.745465253239105
2412,49,Male,Hoodie,Clothing,96,Virginia,M,Cyan,Summer,2.7,No,Debit Card,Free Shipping,No,No,35,Cash,Every 3 Months,96,4.0,3.58351893845611,14.33407575382444,0.0,0.0,0.0,0.0,0.03882783882783883,0.4564102564102564,3.776415094339623,3.726725521669342
89,33,Male,T-shirt,Clothing,47,Wyoming,M,Orange,Fall,3.5,Yes,Credit Card,Free Shipping,Yes,Yes,35,Credit Card,Monthly,47,12.0,3.58351893845611,43.00222726147332,1.0,1.0,1.0,1.0,0.034432234432234435,0.4564102564102564,3.8138297872340425,3.726725521669342
74,48,Male,Pants,Clothing,85,Hawaii,M,Teal,Spring,2.7,Yes,Debit Card,Free Shipping,Yes,Yes,43,Bank Transfer,Bi-Weekly,85,26.0,3.784189633918261,98.38893048187478,1.0,1.0,1.0,1.0,0.04652014652014652,0.4564102564102564,3.729133858267717,3.726725521669342
2994,32,Female,Jacket,Outerwear,21,Kansas,L,Indigo,Spring,4.2,No,Bank Transfer,Free Shipping,No,No,18,Cash,Bi-Weekly,21,26.0,2.9444389791664403,76.55541345832745,0.0,0.0,0.0,0.0,0.04249084249084249,0.08351648351648351,3.752586206896552,3.7504385964912283
3464,27,Female,Jewelry,Accessories,27,Maine,M,Yellow,Fall,2.8,No,Debit Card,2-Day Shipping,No,No,45,PayPal,Fortnightly,27,26.0,3.828641396489095,99.54467630871648,0.0,0.0,0.0,0.0,0.04212454212454213,0.310989010989011,3.744347826086957,3.745465253239105
3193,19,Female,Sweater,Clothing,76,Iowa,S,Maroon,Fall,3.0,No,Credit Card,Free Shipping,No,No,20,Cash,Fortnightly,76,26.0,3.044522437723423,79.157583380809,0.0,0.0,0.0,0.0,0.04468864468864469,0.4564102564102564,3.7147540983606557,3.726725521669342
2471,55,Male,Blouse,Clothing,72,Arizona,XL,Pink,Fall,2.7,No,Cash,Next Day Air,No,No,29,Credit Card,Fortnightly,72,26.0,3.4011973816621555,88.43113192321604,0.0,0.0,0.0,0.0,0.047619047619047616,0.4564102564102564,3.733076923076923,3.726725521669342
745,67,Male,Boots,Footwear,66,Illinois,S,Charcoal,Spring,4.1,Yes,Debit Card,Next Day Air,Yes,Yes,42,Debit Card,Bi-Weekly,66,26.0,3.7612001156935624,97.79120300803262,1.0,1.0,1.0,1.0,0.036996336996337,0.14908424908424908,3.8237623762376236,3.7808353808353807
700,50,Male,Handbag,Accessories,46,Connecticut,M,Charcoal,Fall,2.6,Yes,Bank Transfer,2-Day Shipping,Yes,Yes,5,PayPal,Weekly,46,52.0,1.791759469228055,93.17149239985886,1.0,1.0,1.0,1.0,0.03882783882783883,0.310989010989011,3.7216981132075473,3.745465253239105
435,50,Male,Shoes,Footwear,52,Oklahoma,L,Pink,Spring,4.0,Yes,Bank Transfer,Store Pickup,Yes,Yes,39,PayPal,Every 3 Months,52,4.0,3.6888794541139363,14.755517816455745,1.0,1.0,1.0,1.0,0.036996336996337,0.14908424908424908,3.7099009900990096,3.7808353808353807
2878,32,Female,Socks,Clothing,46,New Jersey,M,Silver,Summer,3.6,No,PayPal,Standard,No,No,34,Venmo,Monthly,46,12.0,3.5553480614894135,42.664176737872964,0.0,0.0,0.0,0.0,0.03882783882783883,0.4564102564102564,3.7150943396226417,3.726725521669342
3370,47,Female,Sweater,Clothing,51,Maine,M,Indigo,Winter,3.8,No,Debit Card,2-Day Shipping,No,No,42,Cash,Monthly,51,12.0,3.7612001156935624,45.13440138832275,0.0,0.0,0.0,0.0,0.04468864468864469,0.4564102564102564,3.7147540983606557,3.726725521669342
2958,69,Female,Jewelry,Accessories,70,South Dakota,S,Gray,Fall,4.7,No,Cash,Standard,No,No,2,Cash,Annually,70,1.0,1.0986122886681098,1.0986122886681098,0.0,0.0,0.0,0.0,0.04212454212454213,0.310989010989011,3.744347826086957,3.745465253239105
2511,40,Male,Jacket,Outerwear,42,South Dakota,L,Purple,Winter,4.4,No,Cash,Standard,No,No,48,Credit Card,Weekly,42,52.0,3.8918202981106265,202.37465550175258,0.0,0.0,0.0,0.0,0.04249084249084249,0.08351648351648351,3.752586206896552,3.7504385964912283
3483,66,Female,Gloves,Accessories,61,Hawaii,M,Gold,Winter,3.9,No,Venmo,Next Day Air,No,No,35,Debit Card,Weekly,61,52.0,3.58351893845611,186.34298479971773,0.0,0.0,0.0,0.0,0.03626373626373627,0.310989010989011,3.8666666666666667,3.745465253239105
2344,58,Male,Socks,Clothing,49,Maryland,M,Red,Summer,4.4,No,Venmo,2-Day Shipping,No,No,44,PayPal,Monthly,49,12.0,3.8066624897703196,45.679949877243835,0.0,0.0,0.0,0.0,0.03882783882783883,0.4564102564102564,3.7150943396226417,3.726725521669342
3730,28,Female,Boots,Footwear,82,Rhode Island,M,Teal,Spring,4.7,No,Bank Transfer,2-Day Shipping,No,No,50,Cash,Quarterly,82,4.0,3.9318256327243257,15.727302530897303,0.0,0.0,0.0,0.0,0.036996336996337,0.14908424908424908,3.8237623762376236,3.7808353808353807
545,34,Male,Sandals,Footwear,64,Washington,S,Yellow,Summer,3.3,Yes,Cash,Standard,Yes,Yes,30,Bank Transfer,Every 3 Months,64,4.0,3.4339872044851463,13.735948817940585,1.0,1.0,1.0,1.0,0.03882783882783883,0.14908424908424908,3.8367924528301884,3.7808353808353807
1661,59,Male,T-shirt,Clothing,45,Louisiana,L,Yellow,Winter,4.1,No,Venmo,Standard,Yes,Yes,37,Venmo,Monthly,45,12.0,3.6375861597263857,43.65103391671663,0.0,1.0,1.0,1.0,0.034432234432234435,0.4564102564102564,3.8138297872340425,3.726725521669342
1240,62,Male,Coat,Outerwear,37,New Jersey,XL,Magenta,Spring,4.8,No,PayPal,Standard,Yes,Yes,32,Debit Card,Every 3 Months,37,4.0,3.4965075614664802,13.986030245865921,0.0,1.0,1.0,1.0,0.041025641025641026,0.08351648351648351,3.748214285714286,3.7504385964912283
305,40,Male,Dress,Clothing,84,Oregon,M,Green,Winter,3.4,Yes,Venmo,Next Day Air,Yes,Yes,45,Credit Card,Bi-Weekly,84,26.0,3.828641396489095,99.54467630871648,1.0,1.0,1.0,1.0,0.044322344322344324,0.4564102564102564,3.7479338842975207,3.726725521669342
199,57,Male,Jewelry,Accessories,45,Utah,M,Turquoise,Winter,4.8,Yes,Cash,Standard,Yes,Yes,39,Credit Card,Fortnightly,45,26.0,3.6888794541139363,95.91086580696235,1.0,1.0,1.0,1.0,0.04212454212454213,0.310989010989011,3.744347826086957,3.745465253239105
2350,65,Male,Blouse,Clothing,34,New York,M,Orange,Fall,3.9,No,Venmo,Standard,No,No,40,Credit Card,Every 3 Months,34,4.0,3.713572066704308,14.854288266817232,0.0,0.0,0.0,0.0,0.047619047619047616,0.4564102564102564,3.733076923076923,3.726725521669342
3689,52,Female,Sunglasses,Accessories,91,West Virginia,L,White,Spring,3.0,No,Venmo,Next Day Air,No,No,8,Cash,Monthly,91,12.0,2.1972245773362196,26.366694928034633,0.0,0.0,0.0,0.0,0.0380952380952381,0.310989010989011,3.7211538461538463,3.745465253239105
1441,27,Male,Sandals,Footwear,76,Arizona,M,Pink,Spring,4.4,No,Bank Transfer,Standard,Yes,Yes,13,Venmo,Monthly,76,12.0,2.6390573296152584,31.6686879553831,0.0,1.0,1.0,1.0,0.03882783882783883,0.14908424908424908,3.8367924528301884,3.7808353808353807
561,25,Male,Jewelry,Accessories,48,Louisiana,L,Red,Fall,3.3,Yes,PayPal,Free Shipping,Yes,Yes,12,Debit Card,Annually,48,1.0,2.5649493574615367,2.5649493574615367,1.0,1.0,1.0,1.0,0.04212454212454213,0.310989010989011,3.744347826086957,3.745465253239105
1778,18,Male,Sneakers,Footwear,44,Minnesota,L,Purple,Winter,4.7,No,Cash,Free Shipping,No,No,4,Cash,Fortnightly,44,26.0,1.6094379124341003,41.845385723286604,0.0,0.0,0.0,0.0,0.03626373626373627,0.14908424908424908,3.749494949494949,3.7808353808353807
2233,65,Male,Shoes,Footwear,64,North Carolina,L,Lavender,Spring,4.0,No,Bank Transfer,Store Pickup,No,No,14,Cash,Fortnightly,64,26.0,2.70805020110221,70.40930522865746,0.0,0.0,0.0,0.0,0.036996336996337,0.14908424908424908,3.7099009900990096,3.7808353808353807
1141,31,Male,Jeans,Clothing,39,Maryland,M,White,Winter,2.6,No,Cash,Store Pickup,Yes,Yes,6,Credit Card,Every 3 Months,39,4.0,1.9459101490553132,7.783640596221253,0.0,1.0,1.0,1.0,0.03406593406593406,0.4564102564102564,3.6,3.726725521669342
507,28,Male,Scarf,Accessories,40,Georgia,M,Olive,Fall,2.7,Yes,Cash,2-Day Shipping,Yes,Yes,48,Debit Card,Annually,40,1.0,3.8918202981106265,3.8918202981106265,1.0,1.0,1.0,1.0,0.03772893772893773,0.310989010989011,3.721359223300971,3.745465253239105
588,29,Male,Socks,Clothing,86,Washington,S,Maroon,Fall,4.2,Yes,PayPal,Express,Yes,Yes,48,Debit Card,Every 3 Months,86,4.0,3.8918202981106265,15.567281192442506,1.0,1.0,1.0,1.0,0.03882783882783883,0.4564102564102564,3.7150943396226417,3.726725521669342
1456,60,Male,Pants,Clothing,79,Alabama,L,Silver,Fall,4.9,No,Debit Card,Express,Yes,Yes,1,PayPal,Every 3 Months,79,4.0,0.6931471805599453,2.772588722239781,0.0,1.0,1.0,1.0,0.04652014652014652,0.4564102564102564,3.729133858267717,3.726725521669342
3421,19,Female,Hat,Accessories,60,Kentucky,M,Purple,Winter,3.4,No,Debit Card,Express,No,No,35,PayPal,Bi-Weekly,60,26.0,3.58351893845611,93.17149239985886,0.0,0.0,0.0,0.0,0.038461538461538464,0.310989010989011,3.7695238095238097,3.745465253239105
1322,59,Male,T-shirt,Clothing,84,Missouri,L,Orange,Winter,3.7,No,Credit Card,Express,Yes,Yes,45,Bank Transfer,Every 3 Months,84,4.0,3.828641396489095,15.31456558595638,0.0,1.0,1.0,1.0,0.034432234432234435,0.4564102564102564,3.8138297872340425,3.726725521669342
2876,24,Female,Pants,Clothing,81,Kentucky,M,Pink,Fall,2.6,No,Credit Card,Free Shipping,No,No,14,Debit Card,Weekly,81,52.0,2.70805020110221,140.81861045731492,0.0,0.0,0.0,0.0,0.04652014652014652,0.4564102564102564,3.729133858267717,3.726725521669342
1039,41,Male,Pants,Clothing,74,Nebraska,XL,Cyan,Fall,3.0,Yes,Bank Transfer,Express,Yes,Yes,3,Bank Transfer,Weekly,74,52.0,1.3862943611198906,72.0873067782343,1.0,1.0,1.0,1.0,0.04652014652014652,0.4564102564102564,3.729133858267717,3.726725521669342
95,58,Male,Skirt,Clothing,76,Nevada,S,Silver,Spring,4.6,Yes,Bank Transfer,Free Shipping,Yes,Yes,28,Credit Card,Weekly,76,52.0,3.367295829986474,175.09938315929665,1.0,1.0,1.0,1.0,0.041758241758241756,0.4564102564102564,3.816666666666667,3.726725521669342
1647,58,Male,Handbag,Accessories,77,Nebraska,S,Silver,Summer,3.7,No,Credit Card,Standard,Yes,Yes,20,Bank Transfer,Every 3 Months,77,4.0,3.044522437723423,12.178089750893692,0.0,1.0,1.0,1.0,0.03882783882783883,0.310989010989011,3.7216981132075473,3.745465253239105
1526,29,Male,Belt,Accessories,31,Oregon,M,Indigo,Winter,4.6,No,Debit Card,2-Day Shipping,Yes,Yes,22,Cash,Fortnightly,31,26.0,3.1354942159291497,81.52284961415789,0.0,1.0,1.0,1.0,0.04395604395604396,0.310989010989011,3.73,3.745465253239105
1247,27,Male,Hoodie,Clothing,60,Louisiana,M,Charcoal,Winter,2.7,No,Credit Card,Standard,Yes,Yes,27,Cash,Monthly,60,12.0,3.332204510175204,39.986454122102444,0.0,1.0,1.0,1.0,0.03882783882783883,0.4564102564102564,3.776415094339623,3.726725521669342
1186,47,Male,Jeans,Clothing,64,Maine,M,Magenta,Spring,3.9,No,Debit Card,Standard,Yes,Yes,29,Credit Card,Monthly,64,12.0,3.4011973816621555,40.814368579945864,0.0,1.0,1.0,1.0,0.03406593406593406,0.4564102564102564,3.6,3.726725521669342
1041,68,Male,Jeans,Clothing,22,North Carolina,S,Magenta,Fall,4.0,Yes,Venmo,Next Day Air,Yes,Yes,7,Cash,Fortnightly,22,26.0,2.0794415416798357,54.06548008367573,1.0,1.0,1.0,1.0,0.03406593406593406,0.4564102564102564,3.6,3.726725521669342
2740,33,Female,Shirt,Clothing,80,Alaska,XL,Blue,Winter,2.5,No,Venmo,Store Pickup,No,No,39,Credit Card,Every 3 Months,80,4.0,3.6888794541139363,14.755517816455745,0.0,0.0,0.0,0.0,0.04322344322344322,0.4564102564102564,3.669491525423729,3.726725521669342
2896,56,Female,Hoodie,Clothing,86,Montana,L,Green,Summer,4.6,No,Debit Card,Standard,No,No,29,Bank Transfer,Monthly,86,12.0,3.4011973816621555,40.814368579945864,0.0,0.0,0.0,0.0,0.03882783882783883,0.4564102564102564,3.776415094339623,3.726725521669342
253,32,Male,Shorts,Clothing,41,Delaware,M,Violet,Summer,3.9,Yes,Cash,Free Shipping,Yes,Yes,33,Venmo,Fortnightly,41,26.0,3.5263605246161616,91.6853736400202,1.0,1.0,1.0,1.0,0.04212454212454213,0.4564102564102564,3.6730434782608694,3.726725521669342
2077,59,Male,Gloves,Accessories,23,Florida,S,Indigo,Fall,4.6,No,Cash,Free Shipping,No,No,22,Debit Card,Bi-Weekly,23,26.0,3.1354942159291497,81.52284961415789,0.0,0.0,0.0,0.0,0.03626373626373627,0.310989010989011,3.8666666666666667,3.745465253239105
1173,59,Male,Coat,Outerwear,68,Oregon,L,Peach,Spring,4.6,No,Credit Card,Store Pickup,Yes,Yes,42,Bank Transfer,Bi-Weekly,68,26.0,3.7612001156935624,97.79120300803262,0.0,1.0,1.0,1.0,0.041025641025641026,0.08351648351648351,3.748214285714286,3.7504385964912283
533,26,Male,Pants,Clothing,76,Texas,L,Black,Winter,4.1,Yes,Bank Transfer,Express,Yes,Yes,35,Bank Transfer,Every 3 Months,76,4.0,3.58351893845611,14.33407575382444,1.0,1.0,1.0,1.0,0.04652014652014652,0.4564102564102564,3.729133858267717,3.726725521669342
3756,64,Female,Skirt,Clothing,93,Pennsylvania,M,Peach,Fall,3.4,No,Bank Transfer,Free Shipping,No,No,26,Credit Card,Monthly,93,12.0,3.295836866004329,39.55004239205195,0.0,0.0,0.0,0.0,0.041758241758241756,0.4564102564102564,3.816666666666667,3.726725521669342
3091,29,Female,Shirt,Clothing,36,Texas,M,Peach,Summer,4.9,No,PayPal,Store Pickup,No,No,15,Bank Transfer,Quarterly,36,4.0,2.772588722239781,11.090354888959125,0.0,0.0,0.0,0.0,0.04322344322344322,0.4564102564102564,3.669491525423729,3.726725521669342
1396,47,Male,Scarf,Accessories,32,West Virginia,L,Turquoise,Spring,2.8,No,Cash,Next Day Air,Yes,Yes,40,PayPal,Bi-Weekly,32,26.0,3.713572066704308,96.552873734312,0.0,1.0,1.0,1.0,0.03772893772893773,0.310989010989011,3.721359223300971,3.745465253239105
2528,19,Male,Pants,Clothing,36,Illinois,M,Gold,Fall,3.6,No,Cash,Express,No,No,33,Bank Transfer,Every 3 Months,36,4.0,3.5263605246161616,14.105442098464646,0.0,0.0,0.0,0.0,0.04652014652014652,0.4564102564102564,3.729133858267717,3.726725521669342
897,69,Male,Jewelry,Accessories,29,Arkansas,M,Lavender,Spring,4.7,Yes,Credit Card,Express,Yes,Yes,38,Cash,Fortnightly,29,26.0,3.6635616461296463,95.2526027993708,1.0,1.0,1.0,1.0,0.04212454212454213,0.310989010989011,3.744347826086957,3.745465253239105
3788,37,Female,Blouse,Clothing,80,New York,M,Pink,Fall,3.6,No,PayPal,2-Day Shipping,No,No,46,PayPal,Every 3 Months,80,4.0,3.8501476017100584,15.400590406840234,0.0,0.0,0.0,0.0,0.047619047619047616,0.4564102564102564,3.733076923076923,3.726725521669342
1473,39,Male,Hat,Accessories,24,Indiana,L,Turquoise,Spring,3.5,No,Bank Transfer,Store Pickup,Yes,Yes,11,Cash,Weekly,24,52.0,2.4849066497880004,129.21514578897603,0.0,1.0,1.0,1.0,0.038461538461538464,0.310989010989011,3.7695238095238097,3.745465253239105
3275,46,Female,Sweater,Clothing,20,Oklahoma,M,Cyan,Spring,3.9,No,Credit Card,Store Pickup,No,No,14,Cash,Fortnightly,20,26.0,2.70805020110221,70.40930522865746,0.0,0.0,0.0,0.0,0.04468864468864469,0.4564102564102564,3.7147540983606557,3.726725521669342
2332,61,Male,Scarf,Accessories,77,Illinois,S,Olive,Spring,4.3,No,Credit Card,2-Day Shipping,No,No,10,Credit Card,Bi-Weekly,77,26.0,2.3978952727983707,62.34527709275764,0.0,0.0,0.0,0.0,0.03772893772893773,0.310989010989011,3.721359223300971,3.745465253239105
3772,21,Female,T-shirt,Clothing,86,Oklahoma,M,Red,Winter,2.6,No,Bank Transfer,Express,No,No,28,Venmo,Bi-Weekly,86,26.0,3.367295829986474,87.54969157964833,0.0,0.0,0.0,0.0,0.034432234432234435,0.4564102564102564,3.8138297872340425,3.726725521669342
2072,69,Male,Jacket,Outerwear,100,South Carolina,S,Yellow,Fall,4.8,No,Debit Card,Store Pickup,No,No,37,PayPal,Quarterly,100,4.0,3.6375861597263857,14.550344638905543,0.0,0.0,0.0,0.0,0.04249084249084249,0.08351648351648351,3.752586206896552,3.7504385964912283
3792,40,Female,Sunglasses,Accessories,51,Texas,M,Gray,Spring,3.7,No,Credit Card,Store Pickup,No,No,1,Venmo,Weekly,51,52.0,0.6931471805599453,36.04365338911715,0.0,0.0,0.0,0.0,0.0380952380952381,0.310989010989011,3.7211538461538463,3.745465253239105
716,33,Male,Jeans,Clothing,63,Delaware,L,Green,Spring,2.6,Yes,Venmo,Express,Yes,Yes,37,Debit Card,Quarterly,63,4.0,3.6375861597263857,14.550344638905543,1.0,1.0,1.0,1.0,0.03406593406593406,0.4564102564102564,3.6,3.726725521669342
2745,38,Female,Shirt,Clothing,66,Wyoming,M,Silver,Winter,3.3,No,Cash,Store Pickup,No,No,40,Credit Card,Monthly,66,12.0,3.713572066704308,44.56286480045169,0.0,0.0,0.0,0.0,0.04322344322344322,0.4564102564102564,3.669491525423729,3.726725521669342
3616,35,Female,Dress,Clothing,31,California,M,Gold,Winter,4.4,No,Bank Transfer,Free Shipping,No,No,4,Credit Card,Monthly,31,12.0,1.6094379124341003,19.313254949209202,0.0,0.0,0.0,0.0,0.044322344322344324,0.4564102564102564,3.7479338842975207,3.726725521669342
274,69,Male,Coat,Outerwear,33,North Dakota,S,Silver,Spring,4.2,Yes,Cash,Express,Yes,Yes,32,Debit Card,Quarterly,33,4.0,3.4965075614664802,13.986030245865921,1.0,1.0,1.0,1.0,0.041025641025641026,0.08351648351648351,3.748214285714286,3.7504385964912283
144,30,Male,Coat,Outerwear,48,Missouri,M,Beige,Fall,2.7,Yes,Bank Transfer,Store Pickup,Yes,Yes,25,PayPal,Quarterly,48,4.0,3.258096538021482,13.032386152085929,1.0,1.0,1.0,1.0,0.041025641025641026,0.08351648351648351,3.748214285714286,3.7504385964912283
3409,48,Female,Socks,Clothing,72,Montana,L,Purple,Summer,4.4,No,PayPal,Standard,No,No,11,Bank Transfer,Annually,72,1.0,2.4849066497880004,2.4849066497880004,0.0,0.0,0.0,0.0,0.03882783882783883,0.4564102564102564,3.7150943396226417,3.726725521669342
1150,21,Male,Jewelry,Accessories,42,Georgia,L,Cyan,Spring,3.3,No,Cash,Store Pickup,Yes,Yes,40,Venmo,Annually,42,1.0,3.713572066704308,3.713572066704308,0.0,1.0,1.0,1.0,0.04212454212454213,0.310989010989011,3.744347826086957,3.745465253239105
2316,69,Male,Socks,Clothing,79,Vermont,M,Indigo,Winter,3.5,No,Cash,2-Day Shipping,No,No,49,Debit Card,Quarterly,79,4.0,3.912023005428146,15.648092021712584,0.0,0.0,0.0,0.0,0.03882783882783883,0.4564102564102564,3.7150943396226417,3.726725521669342
1331,30,Male,Handbag,Accessories,65,Vermont,M,Charcoal,Fall,2.9,No,Credit Card,Standard,Yes,Yes,20,PayPal,Bi-Weekly,65,26.0,3.044522437723423,79.157583380809,0.0,1.0,1.0,1.0,0.03882783882783883,0.310989010989011,3.7216981132075473,3.745465253239105
2218,35,Male,Jewelry,Accessories,27,Indiana,XL,Red,Fall,2.6,No,Bank Transfer,Store Pickup,No,No,42,Bank Transfer,Fortnightly,27,26.0,3.7612001156935624,97.79120300803262,0.0,0.0,0.0,0.0,0.04212454212454213,0.310989010989011,3.744347826086957,3.745465253239105
2558,70,Male,Shorts,Clothing,23,Oklahoma,L,Cyan,Spring,3.9,No,Venmo,Standard,No,No,17,PayPal,Fortnightly,23,26.0,2.8903717578961645,75.14966570530028,0.0,0.0,0.0,0.0,0.04212454212454213,0.4564102564102564,3.6730434782608694,3.726725521669342
2201,60,Male,Gloves,Accessories,51,Wyoming,L,Charcoal,Summer,4.7,No,PayPal,Next Day Air,No,No,27,Debit Card,Every 3 Months,51,4.0,3.332204510175204,13.328818040700815,0.0,0.0,0.0,0.0,0.03626373626373627,0.310989010989011,3.8666666666666667,3.745465253239105
1785,32,Male,Backpack,Accessories,31,Louisiana,L,Yellow,Summer,4.8,No,Cash,Standard,No,No,4,Debit Card,Quarterly,31,4.0,1.6094379124341003,6.437751649736401,0.0,0.0,0.0,0.0,0.03553113553113553,0.310989010989011,3.693814432989691,3.745465253239105
640,54,Male,Dress,Clothing,24,Mississippi,L,Olive,Spring,4.0,Yes,Credit Card,2-Day Shipping,Yes,Yes,50,Credit Card,Annually,24,1.0,3.9318256327243257,3.9318256327243257,1.0,1.0,1.0,1.0,0.044322344322344324,0.4564102564102564,3.7479338842975207,3.726725521669342
2587,20,Male,Coat,Outerwear,28,Maine,L,Yellow,Winter,4.6,No,Venmo,Express,No,No,1,Credit Card,Every 3 Months,28,4.0,0.6931471805599453,2.772588722239781,0.0,0.0,0.0,0.0,0.041025641025641026,0.08351648351648351,3.748214285714286,3.7504385964912283
2374,37,Male,Hoodie,Clothing,20,Michigan,M,Gray,Spring,4.9,No,Bank Transfer,Express,No,No,21,Debit Card,Every 3 Months,20,4.0,3.091042453358316,12.364169813433264,0.0,0.0,0.0,0.0,0.03882783882783883,0.4564102564102564,3.776415094339623,3.726725521669342
973,61,Male,Sneakers,Footwear,61,Colorado,L,Gold,Winter,3.0,Yes,Venmo,Standard,Yes,Yes,33,Credit Card,Weekly,61,52.0,3.5263605246161616,183.3707472800404,1.0,1.0,1.0,1.0,0.03626373626373627,0.14908424908424908,3.749494949494949,3.7808353808353807
1178,54,Male,Skirt,Clothing,21,Iowa,M,Black,Spring,4.8,No,Cash,Standard,Yes,Yes,24,Debit Card,Monthly,21,12.0,3.2188758248682006,38.626509898418405,0.0,1.0,1.0,1.0,0.041758241758241756,0.4564102564102564,3.816666666666667,3.726725521669342
2957,52,Female,Dress,Clothing,88,Montana,M,Olive,Fall,3.7,No,PayPal,Standard,No,No,30,Venmo,Monthly,88,12.0,3.4339872044851463,41.20784645382176,0.0,0.0,0.0,0.0,0.044322344322344324,0.4564102564102564,3.7479338842975207,3.726725521669342
247,35,Male,Sunglasses,Accessories,86,Nevada,XL,Beige,Spring,3.2,Yes,Credit Card,Express,Yes,Yes,20,Venmo,Bi-Weekly,86,26.0,3.044522437723423,79.157583380809,1.0,1.0,1.0,1.0,0.0380952380952381,0.310989010989011,3.7211538461538463,3.745465253239105
266,32,Male,Backpack,Accessories,59,Michigan,M,Gray,Spring,3.2,Yes,Venmo,2-Day Shipping,Yes,Yes,17,Bank Transfer,Bi-Weekly,59,26.0,2.8903717578961645,75.14966570530028,1.0,1.0,1.0,1.0,0.03553113553113553,0.310989010989011,3.693814432989691,3.745465253239105
1030,29,Male,Gloves,Accessories,22,Ohio,M,Purple,Spring,3.6,Yes,Credit Card,2-Day Shipping,Yes,Yes,33,Venmo,Bi-Weekly,22,26.0,3.5263605246161616,91.6853736400202,1.0,1.0,1.0,1.0,0.03626373626373627,0.310989010989011,3.8666666666666667,3.745465253239105
1873,43,Male,T-shirt,Clothing,64,Alaska,M,Lavender,Summer,4.6,No,Credit Card,Standard,No,No,24,Credit Card,Monthly,64,12.0,3.2188758248682006,38.626509898418405,0.0,0.0,0.0,0.0,0.034432234432234435,0.4564102564102564,3.8138297872340425,3.726725521669342
3673,51,Female,Sandals,Footwear,81,New York,S,Pink,Fall,4.5,No,Venmo,Free Shipping,No,No,7,PayPal,Monthly,81,12.0,2.0794415416798357,24.953298500158027,0.0,0.0,0.0,0.0,0.03882783882783883,0.14908424908424908,3.8367924528301884,3.7808353808353807
2552,29,Male,Shoes,Footwear,32,Minnesota,M,Maroon,Winter,4.1,No,Cash,Next Day Air,No,No,40,Debit Card,Annually,32,1.0,3.713572066704308,3.713572066704308,0.0,0.0,0.0,0.0,0.036996336996337,0.14908424908424908,3.7099009900990096,3.7808353808353807
466,54,Male,Skirt,Clothing,88,Oklahoma,M,Pink,Summer,2.8,Yes,Cash,Next Day Air,Yes,Yes,25,Cash,Quarterly,88,4.0,3.258096538021482,13.032386152085929,1.0,1.0,1.0,1.0,0.041758241758241756,0.4564102564102564,3.816666666666667,3.726725521669342
149,37,Male,Gloves,Accessories,90,Wyoming,M,Gray,Fall,2.6,Yes,PayPal,Store Pickup,Yes,Yes,47,Debit Card,Annually,90,1.0,3.871201010907891,3.871201010907891,1.0,1.0,1.0,1.0,0.03626373626373627,0.310989010989011,3.8666666666666667,3.745465253239105
768,27,Male,Coat,Outerwear,77,Pennsylvania,M,Brown,Fall,2.5,Yes,Cash,Next Day Air,Yes,Yes,11,Cash,Annually,77,1.0,2.4849066497880004,2.4849066497880004,1.0,1.0,1.0,1.0,0.041025641025641026,0.08351648351648351,3.748214285714286,3.7504385964912283
3561,18,Female,Socks,Clothing,96,Kansas,XL,Violet,Fall,3.5,No,Cash,Express,No,No,5,Credit Card,Annually,96,1.0,1.791759469228055,1.791759469228055,0.0,0.0,0.0,0.0,0.03882783882783883,0.4564102564102564,3.7150943396226417,3.726725521669342
3883,35,Female,Pants,Clothing,95,North Dakota,L,Blue,Fall,2.6,No,Credit Card,Free Shipping,No,No,24,Cash,Fortnightly,95,26.0,3.2188758248682006,83.69077144657321,0.0,0.0,0.0,0.0,0.04652014652014652,0.4564102564102564,3.729133858267717,3.726725521669342
2731,23,Female,Gloves,Accessories,32,Wisconsin,M,Teal,Winter,4.1,No,Bank Transfer,Store Pickup,No,No,37,Bank Transfer,Annually,32,1.0,3.6375861597263857,3.6375861597263857,0.0,0.0,0.0,0.0,0.03626373626373627,0.310989010989011,3.8666666666666667,3.745465253239105
3773,44,Female,Pants,Clothing,26,New Hampshire,L,Yellow,Fall,3.1,No,Cash,Next Day Air,No,No,35,Cash,Annually,26,1.0,3.58351893845611,3.58351893845611,0.0,0.0,0.0,0.0,0.04652014652014652,0.4564102564102564,3.729133858267717,3.726725521669342
2078,64,Male,Scarf,Accessories,34,Nebraska,L,Orange,Fall,3.3,No,Bank Transfer,Free Shipping,No,No,26,Bank Transfer,Annually,34,1.0,3.295836866004329,3.295836866004329,0.0,0.0,0.0,0.0,0.03772893772893773,0.310989010989011,3.721359223300971,3.745465253239105
3801,19,Female,Sweater,Clothing,26,Vermont,M,Turquoise,Fall,4.8,No,Venmo,Next Day Air,No,No,12,Venmo,Bi-Weekly,26,26.0,2.5649493574615367,66.68868329399996,0.0,0.0,0.0,0.0,0.04468864468864469,0.4564102564102564,3.7147540983606557,3.726725521669342
142,56,Male,Gloves,Accessories,46,Virginia,M,Turquoise,Fall,4.9,Yes,PayPal,Free Shipping,Yes,Yes,45,PayPal,Weekly,46,52.0,3.828641396489095,199.08935261743295,1.0,1.0,1.0,1.0,0.03626373626373627,0.310989010989011,3.8666666666666667,3.745465253239105
3496,24,Female,Shorts,Clothing,33,Georgia,XL,Gray,Spring,2.8,No,Debit Card,Free Shipping,No,No,14,Cash,Weekly,33,52.0,2.70805020110221,140.81861045731492,0.0,0.0,0.0,0.0,0.04212454212454213,0.4564102564102564,3.6730434782608694,3.726725521669342
3066,49,Female,Jacket,Outerwear,59,North Dakota,M,Beige,Fall,2.8,No,Debit Card,Store Pickup,No,No,7,Venmo,Bi-Weekly,59,26.0,2.0794415416798357,54.06548008367573,0.0,0.0,0.0,0.0,0.04249084249084249,0.08351648351648351,3.752586206896552,3.7504385964912283
362,65,Male,T-shirt,Clothing,96,Nevada,M,White,Spring,2.6,Yes,Bank Transfer,Free Shipping,Yes,Yes,45,Cash,Annually,96,1.0,3.828641396489095,3.828641396489095,1.0,1.0,1.0,1.0,0.034432234432234435,0.4564102564102564,3.8138297872340425,3.726725521669342
3325,37,Female,T-shirt,Clothing,32,Missouri,S,Red,Fall,3.3,No,Venmo,Standard,No,No,41,Venmo,Weekly,32,52.0,3.7376696182833684,194.35882015073517,0.0,0.0,0.0,0.0,0.034432234432234435,0.4564102564102564,3.8138297872340425,3.726725521669342
847,49,Male,Boots,Footwear,72,Kentucky,M,Pink,Spring,3.7,Yes,Bank Transfer,Express,Yes,Yes,42,Debit Card,Quarterly,72,4.0,3.7612001156935624,15.04480046277425,1.0,1.0,1.0,1.0,0.036996336996337,0.14908424908424908,3.8237623762376236,3.7808353808353807
1314,70,Male,Shoes,Footwear,28,Missouri,M,Lavender,Summer,2.6,No,Cash,Free Shipping,Yes,Yes,23,Credit Card,Bi-Weekly,28,26.0,3.1780538303479458,82.62939958904659,0.0,1.0,1.0,1.0,0.036996336996337,0.14908424908424908,3.7099009900990096,3.7808353808353807
185,32,Male,Sneakers,Footwear,33,Hawaii,L,Cyan,Spring,3.0,Yes,Cash,Express,Yes,Yes,40,Cash,Fortnightly,33,26.0,3.713572066704308,96.552873734312,1.0,1.0,1.0,1.0,0.03626373626373627,0.14908424908424908,3.749494949494949,3.7808353808353807
2769,55,Female,Blouse,Clothing,25,Kansas,M,Beige,Spring,3.8,No,Venmo,2-Day Shipping,No,No,28,PayPal,Bi-Weekly,25,26.0,3.367295829986474,87.54969157964833,0.0,0.0,0.0,0.0,0.047619047619047616,0.4564102564102564,3.733076923076923,3.726725521669342
102,27,Male,Coat,Outerwear,85,North Dakota,XL,White,Spring,4.6,Yes,Venmo,Express,Yes,Yes,50,Credit Card,Bi-Weekly,85,26.0,3.9318256327243257,102.22746645083247,1.0,1.0,1.0,1.0,0.041025641025641026,0.08351648351648351,3.748214285714286,3.7504385964912283
1715,30,Male,Jeans,Clothing,71,South Dakota,S,Charcoal,Summer,4.4,No,Bank Transfer,Standard,No,No,15,Cash,Monthly,71,12.0,2.772588722239781,33.27106466687737,0.0,0.0,0.0,0.0,0.03406593406593406,0.4564102564102564,3.6,3.726725521669342
2551,53,Male,Boots,Footwear,52,New Hampshire,XL,Peach,Fall,3.0,No,Credit Card,Store Pickup,No,No,30,Debit Card,Fortnightly,52,26.0,3.4339872044851463,89.2836673166138,0.0,0.0,0.0,0.0,0.036996336996337,0.14908424908424908,3.8237623762376236,3.7808353808353807
3021,23,Female,Jeans,Clothing,81,Arkansas,S,Charcoal,Fall,2.8,No,Bank Transfer,Store Pickup,No,No,48,Venmo,Every 3 Months,81,4.0,3.8918202981106265,15.567281192442506,0.0,0.0,0.0,0.0,0.03406593406593406,0.4564102564102564,3.6,3.726725521669342
3171,65,Female,Sunglasses,Accessories,41,Rhode Island,XL,Charcoal,Spring,4.4,No,Debit Card,Express,No,No,10,Credit Card,Fortnightly,41,26.0,2.3978952727983707,62.34527709275764,0.0,0.0,0.0,0.0,0.0380952380952381,0.310989010989011,3.7211538461538463,3.745465253239105
879,23,Male,Sunglasses,Accessories,89,Tennessee,S,Black,Summer,4.9,Yes,Cash,Express,Yes,Yes,37,Debit Card,Weekly,89,52.0,3.6375861597263857,189.15448030577204,1.0,1.0,1.0,1.0,0.0380952380952381,0.310989010989011,3.7211538461538463,3.745465253239105
603,37,Male,Shoes,Footwear,58,Oregon,L,Lavender,Summer,4.2,Yes,Venmo,Next Day Air,Yes,Yes,10,Cash,Every 3 Months,58,4.0,2.3978952727983707,9.591581091193483,1.0,1.0,1.0,1.0,0.036996336996337,0.14908424908424908,3.7099009900990096,3.7808353808353807
2506,27,Male,Handbag,Accessories,75,Illinois,M,Cyan,Summer,3.5,No,PayPal,Express,No,No,43,PayPal,Quarterly,75,4.0,3.784189633918261,15.136758535673044,0.0,0.0,0.0,0.0,0.03882783882783883,0.310989010989011,3.7216981132075473,3.745465253239105
1404,26,Male,Backpack,Accessories,20,Georgia,M,Peach,Spring,3.6,No,Bank Transfer,Store Pickup,Yes,Yes,20,Credit Card,Bi-Weekly,20,26.0,3.044522437723423,79.157583380809,0.0,1.0,1.0,1.0,0.03553113553113553,0.310989010989011,3.693814432989691,3.745465253239105
3554,62,Female,Shoes,Footwear,99,Minnesota,M,Charcoal,Spring,4.9,No,Cash,Free Shipping,No,No,32,Bank Transfer,Weekly,99,52.0,3.4965075614664802,181.81839319625698,0.0,0.0,0.0,0.0,0.036996336996337,0.14908424908424908,3.7099009900990096,3.7808353808353807
1775,46,Male,Sweater,Clothing,78,New York,M,Lavender,Spring,3.7,No,Bank Transfer,Express,No,No,6,PayPal,Weekly,78,52.0,1.9459101490553132,101.18732775087629,0.0,0.0,0.0,0.0,0.04468864468864469,0.4564102564102564,3.7147540983606557,3.726725521669342
1705,56,Male,Sneakers,Footwear,20,Idaho,M,Lavender,Summer,3.9,No,Bank Transfer,Store Pickup,No,No,19,Cash,Every 3 Months,20,4.0,2.995732273553991,11.982929094215963,0.0,0.0,0.0,0.0,0.03626373626373627,0.14908424908424908,3.749494949494949,3.7808353808353807
16,64,Male,Skirt,Clothing,81,Rhode Island,M,Teal,Winter,2.8,Yes,Credit Card,Store Pickup,Yes,Yes,8,PayPal,Monthly,81,12.0,2.1972245773362196,26.366694928034633,1.0,1.0,1.0,1.0,0.041758241758241756,0.4564102564102564,3.816666666666667,3.726725521669342
1011,54,Male,Jeans,Clothing,24,South Dakota,XL,Gray,Spring,4.7,Yes,PayPal,2-Day Shipping,Yes,Yes,37,Credit Card,Fortnightly,24,26.0,3.6375861597263857,94.57724015288602,1.0,1.0,1.0,1.0,0.03406593406593406,0.4564102564102564,3.6,3.726725521669342
2059,29,Male,Shirt,Clothing,98,Washington,M,Brown,Winter,3.3,No,Debit Card,Store Pickup,No,No,17,Bank Transfer,Quarterly,98,4.0,2.8903717578961645,11.561487031584658,0.0,0.0,0.0,0.0,0.04322344322344322,0.4564102564102564,3.669491525423729,3.726725521669342
604,31,Male,Handbag,Accessories,46,Massachusetts,L,Green,Winter,3.4,Yes,Debit Card,2-Day Shipping,Yes,Yes,26,PayPal,Every 3 Months,46,4.0,3.295836866004329,13.183347464017316,1.0,1.0,1.0,1.0,0.03882783882783883,0.310989010989011,3.7216981132075473,3.745465253239105
641,53,Male,Skirt,Clothing,88,Minnesota,M,Gray,Summer,4.4,Yes,Debit Card,Store Pickup,Yes,Yes,28,Debit Card,Fortnightly,88,26.0,3.367295829986474,87.54969157964833,1.0,1.0,1.0,1.0,0.041758241758241756,0.4564102564102564,3.816666666666667,3.726725521669342
3253,69,Female,Sandals,Footwear,21,Montana,L,Brown,Spring,2.7,No,Bank Transfer,Store Pickup,No,No,48,Credit Card,Fortnightly,21,26.0,3.8918202981106265,101.18732775087629,0.0,0.0,0.0,0.0,0.03882783882783883,0.14908424908424908,3.8367924528301884,3.7808353808353807
2262,58,Male,Backpack,Accessories,76,South Carolina,L,Gold,Spring,4.4,No,Cash,Standard,No,No,12,Bank Transfer,Fortnightly,76,26.0,2.5649493574615367,66.68868329399996,0.0,0.0,0.0,0.0,0.03553113553113553,0.310989010989011,3.693814432989691,3.745465253239105
2393,40,Male,Jeans,Clothing,62,Missouri,L,Silver,Spring,2.6,No,Cash,2-Day Shipping,No,No,36,Cash,Annually,62,1.0,3.6109179126442243,3.6109179126442243,0.0,0.0,0.0,0.0,0.03406593406593406,0.4564102564102564,3.6,3.726725521669342
3743,56,Female,Shirt,Clothing,80,Maryland,M,Gray,Fall,4.4,No,Debit Card,Standard,No,No,50,Credit Card,Bi-Weekly,80,26.0,3.9318256327243257,102.22746645083247,0.0,0.0,0.0,0.0,0.04322344322344322,0.4564102564102564,3.669491525423729,3.726725521669342
903,43,Male,Hat,Accessories,44,Kentucky,M,Beige,Summer,2.8,Yes,Debit Card,Next Day Air,Yes,Yes,5,Cash,Monthly,44,12.0,1.791759469228055,21.50111363073666,1.0,1.0,1.0,1.0,0.038461538461538464,0.310989010989011,3.7695238095238097,3.745465253239105
978,20,Male,Belt,Accessories,20,Washington,M,Black,Spring,4.6,Yes,Credit Card,Express,Yes,Yes,34,Cash,Bi-Weekly,20,26.0,3.5553480614894135,92.43904959872475,1.0,1.0,1.0,1.0,0.04395604395604396,0.310989010989011,3.73,3.745465253239105
3682,26,Female,Gloves,Accessories,73,Connecticut,XL,Magenta,Fall,4.2,No,PayPal,Next Day Air,No,No,33,Debit Card,Monthly,73,12.0,3.5263605246161616,42.316326295393935,0.0,0.0,0.0,0.0,0.03626373626373627,0.310989010989011,3.8666666666666667,3.745465253239105
1799,40,Male,Dress,Clothing,82,North Dakota,L,Magenta,Winter,3.7,No,Credit Card,Express,No,No,1,Cash,Weekly,82,52.0,0.6931471805599453,36.04365338911715,0.0,0.0,0.0,0.0,0.044322344322344324,0.4564102564102564,3.7479338842975207,3.726725521669342
2767,66,Female,Dress,Clothing,91,Tennessee,M,Cyan,Winter,2.8,No,Venmo,Standard,No,No,47,Credit Card,Monthly,91,12.0,3.871201010907891,46.454412130894696,0.0,0.0,0.0,0.0,0.044322344322344324,0.4564102564102564,3.7479338842975207,3.726725521669342
1867,31,Male,T-shirt,Clothing,44,Alaska,XL,Gold,Winter,4.2,No,Debit Card,Standard,No,No,9,Credit Card,Fortnightly,44,26.0,2.302585092994046,59.867212417845195,0.0,0.0,0.0,0.0,0.034432234432234435,0.4564102564102564,3.8138297872340425,3.726725521669342
1387,68,Male,Jacket,Outerwear,56,Oregon,M,Silver,Fall,4.0,No,Bank Transfer,Next Day Air,Yes,Yes,4,Debit Card,Quarterly,56,4.0,1.6094379124341003,6.437751649736401,0.0,1.0,1.0,1.0,0.04249084249084249,0.08351648351648351,3.752586206896552,3.7504385964912283
3562,63,Female,Sneakers,Footwear,29,North Carolina,L,Black,Spring,3.4,No,Cash,Standard,No,No,39,Credit Card,Fortnightly,29,26.0,3.6888794541139363,95.91086580696235,0.0,0.0,0.0,0.0,0.03626373626373627,0.14908424908424908,3.749494949494949,3.7808353808353807
1685,30,Male,Shirt,Clothing,93,New Mexico,M,Indigo,Spring,4.6,No,Cash,Standard,No,No,28,PayPal,Weekly,93,52.0,3.367295829986474,175.09938315929665,0.0,0.0,0.0,0.0,0.04322344322344322,0.4564102564102564,3.669491525423729,3.726725521669342
2521,64,Male,Jacket,Outerwear,56,Illinois,L,Magenta,Summer,3.1,No,Bank Transfer,Next Day Air,No,No,16,Cash,Every 3 Months,56,4.0,2.833213344056216,11.332853376224865,0.0,0.0,0.0,0.0,0.04249084249084249,0.08351648351648351,3.752586206896552,3.7504385964912283
1763,36,Male,Sandals,Footwear,42,Idaho,M,Brown,Summer,3.1,No,Credit Card,Express,No,No,41,Bank Transfer,Fortnightly,42,26.0,3.7376696182833684,97.17941007536758,0.0,0.0,0.0,0.0,0.03882783882783883,0.14908424908424908,3.8367924528301884,3.7808353808353807
1686,33,Male,Blouse,Clothing,48,Minnesota,M,Pink,Winter,4.6,No,Venmo,Standard,No,No,43,PayPal,Bi-Weekly,48,26.0,3.784189633918261,98.38893048187478,0.0,0.0,0.0,0.0,0.047619047619047616,0.4564102564102564,3.733076923076923,3.726725521669342
297,25,Male,Sandals,Footwear,74,Indiana,S,Lavender,Spring,4.8,Yes,PayPal,2-Day Shipping,Yes,Yes,19,Credit Card,Weekly,74,52.0,2.995732273553991,155.77807822480753,1.0,1.0,1.0,1.0,0.03882783882783883,0.14908424908424908,3.8367924528301884,3.7808353808353807
1305,64,Male,Backpack,Accessories,63,Montana,S,Orange,Spring,4.0,No,Bank Transfer,2-Day Shipping,Yes,Yes,18,PayPal,Every 3 Months,63,4.0,2.9444389791664403,11.777755916665761,0.0,1.0,1.0,1.0,0.03553113553113553,0.310989010989011,3.693814432989691,3.745465253239105
2768,31,Female,Dress,Clothing,95,Iowa,M,Green,Spring,4.5,No,Credit Card,Free Shipping,No,No,31,Cash,Monthly,95,12.0,3.4657359027997265,41.58883083359672,0.0,0.0,0.0,0.0,0.044322344322344324,0.4564102564102564,3.7479338842975207,3.726725521669342
819,59,Male,Shirt,Clothing,91,Idaho,M,Peach,Winter,4.9,Yes,Cash,Store Pickup,Yes,Yes,34,Debit Card,Monthly,91,12.0,3.5553480614894135,42.664176737872964,1.0,1.0,1.0,1.0,0.04322344322344322,0.4564102564102564,3.669491525423729,3.726725521669342
1945,30,Male,Hoodie,Clothing,45,Arkansas,M,Gold,Winter,2.7,No,Debit Card,Free Shipping,No,No,49,Cash,Every 3 Months,45,4.0,3.912023005428146,15.648092021712584,0.0,0.0,0.0,0.0,0.03882783882783883,0.4564102564102564,3.776415094339623,3.726725521669342
822,62,Male,Hoodie,Clothing,39,Vermont,M,Green,Spring,3.9,Yes,Cash,Standard,Yes,Yes,31,Credit Card,Bi-Weekly,39,26.0,3.4657359027997265,90.10913347279289,1.0,1.0,1.0,1.0,0.03882783882783883,0.4564102564102564,3.776415094339623,3.726725521669342
2156,32,Male,Handbag,Accessories,51,Hawaii,L,Yellow,Fall,3.7,No,Debit Card,Store Pickup,No,No,46,PayPal,Monthly,51,12.0,3.8501476017100584,46.2017712205207,0.0,0.0,0.0,0.0,0.03882783882783883,0.310989010989011,3.7216981132075473,3.745465253239105
3088,62,Female,Shirt,Clothing,84,North Carolina,M,Charcoal,Spring,3.1,No,Cash,Free Shipping,No,No,29,Bank Transfer,Monthly,84,12.0,3.4011973816621555,40.814368579945864,0.0,0.0,0.0,0.0,0.04322344322344322,0.4564102564102564,3.669491525423729,3.726725521669342
2097,21,Male,Dress,Clothing,52,North Carolina,L,Blue,Summer,4.7,No,Debit Card,Free Shipping,No,No,27,Debit Card,Annually,52,1.0,3.332204510175204,3.332204510175204,0.0,0.0,0.0,0.0,0.044322344322344324,0.4564102564102564,3.7479338842975207,3.726725521669342
1623,31,Male,Shorts,Clothing,43,Missouri,S,Brown,Winter,4.0,No,PayPal,Store Pickup,Yes,Yes,37,Bank Transfer,Every 3 Months,43,4.0,3.6375861597263857,14.550344638905543,0.0,1.0,1.0,1.0,0.04212454212454213,0.4564102564102564,3.6730434782608694,3.726725521669342
3307,63,Female,Jacket,Outerwear,39,Colorado,L,Orange,Summer,3.6,No,Cash,Store Pickup,No,No,6,Venmo,Fortnightly,39,26.0,1.9459101490553132,50.593663875438146,0.0,0.0,0.0,0.0,0.04249084249084249,0.08351648351648351,3.752586206896552,3.7504385964912283
1191,62,Male,Shirt,Clothing,45,South Carolina,M,Orange,Winter,4.3,No,Bank Transfer,Next Day Air,Yes,Yes,31,Credit Card,Weekly,45,52.0,3.4657359027997265,180.21826694558578,0.0,1.0,1.0,1.0,0.04322344322344322,0.4564102564102564,3.669491525423729,3.726725521669342
1060,22,Male,Jacket,Outerwear,34,North Carolina,M,Beige,Winter,2.5,No,Venmo,Standard,Yes,Yes,25,Debit Card,Monthly,34,12.0,3.258096538021482,39.09715845625779,0.0,1.0,1.0,1.0,0.04249084249084249,0.08351648351648351,3.752586206896552,3.7504385964912283
2373,50,Male,Boots,Footwear,39,Alabama,XL,Silver,Spring,3.1,No,Debit Card,Express,No,No,9,PayPal,Fortnightly,39,26.0,2.302585092994046,59.867212417845195,0.0,0.0,0.0,0.0,0.036996336996337,0.14908424908424908,3.8237623762376236,3.7808353808353807
2577,20,Male,Hoodie,Clothing,40,New Hampshire,M,Silver,Winter,4.2,No,PayPal,Free Shipping,No,No,19,Debit Card,Quarterly,40,4.0,2.995732273553991,11.982929094215963,0.0,0.0,0.0,0.0,0.03882783882783883,0.4564102564102564,3.776415094339623,3.726725521669342
2007,58,Male,Scarf,Accessories,97,New Mexico,S,Pink,Fall,4.4,No,Debit Card,Express,No,No,2,Credit Card,Annually,97,1.0,1.0986122886681098,1.0986122886681098,0.0,0.0,0.0,0.0,0.03772893772893773,0.310989010989011,3.721359223300971,3.745465253239105
972,47,Male,Sunglasses,Accessories,67,Indiana,M,Cyan,Summer,4.3,Yes,Bank Transfer,Next Day Air,Yes,Yes,15,Credit Card,Weekly,67,52.0,2.772588722239781,144.1746135564686,1.0,1.0,1.0,1.0,0.0380952380952381,0.310989010989011,3.7211538461538463,3.745465253239105
2868,21,Female,Sneakers,Footwear,55,Colorado,L,White,Summer,4.9,No,Venmo,Next Day Air,No,No,33,Cash,Fortnightly,55,26.0,3.5263605246161616,91.6853736400202,0.0,0.0,0.0,0.0,0.03626373626373627,0.14908424908424908,3.749494949494949,3.7808353808353807
1732,21,Male,Backpack,Accessories,87,Idaho,M,Gray,Fall,3.1,No,Debit Card,Next Day Air,No,No,12,Cash,Monthly,87,12.0,2.5649493574615367,30.779392289538443,0.0,0.0,0.0,0.0,0.03553113553113553,0.310989010989011,3.693814432989691,3.745465253239105
697,44,Male,Belt,Accessories,42,Utah,L,Green,Fall,2.8,Yes,Bank Transfer,Standard,Yes,Yes,49,Cash,Monthly,42,12.0,3.912023005428146,46.94427606513775,1.0,1.0,1.0,1.0,0.04395604395604396,0.310989010989011,3.73,3.745465253239105
3023,58,Female,Sandals,Footwear,26,Georgia,M,Lavender,Fall,4.0,No,Debit Card,Free Shipping,No,No,23,PayPal,Weekly,26,52.0,3.1780538303479458,165.25879917809317,0.0,0.0,0.0,0.0,0.03882783882783883,0.14908424908424908,3.8367924528301884,3.7808353808353807
680,56,Male,Sandals,Footwear,95,Michigan,M,Turquoise,Fall,3.4,Yes,PayPal,Express,Yes,Yes,37,Venmo,Fortnightly,95,26.0,3.6375861597263857,94.57724015288602,1.0,1.0,1.0,1.0,0.03882783882783883,0.14908424908424908,3.8367924528301884,3.7808353808353807
57,41,Male,Backpack,Accessories,73,Mississippi,XL,Brown,Summer,4.7,Yes,PayPal,Store Pickup,Yes,Yes,46,Credit Card,Weekly,73,52.0,3.8501476017100584,200.20767528892304,1.0,1.0,1.0,1.0,0.03553113553113553,0.310989010989011,3.693814432989691,3.745465253239105
2194,27,Male,Shirt,Clothing,78,California,L,Turquoise,Spring,5.0,No,Bank Transfer,Express,No,No,8,PayPal,Monthly,78,12.0,2.1972245773362196,26.366694928034633,0.0,0.0,0.0,0.0,0.04322344322344322,0.4564102564102564,3.669491525423729,3.726725521669342
659,62,Male,Backpack,Accessories,37,Louisiana,S,White,Fall,4.9,Yes,Debit Card,Store Pickup,Yes,Yes,20,Venmo,Weekly,37,52.0,3.044522437723423,158.315166761618,1.0,1.0,1.0,1.0,0.03553113553113553,0.310989010989011,3.693814432989691,3.745465253239105
814,54,Male,Handbag,Accessories,45,Montana,S,Olive,Summer,2.9,Yes,Credit Card,Store Pickup,Yes,Yes,14,Debit Card,Annually,45,1.0,2.70805020110221,2.70805020110221,1.0,1.0,1.0,1.0,0.03882783882783883,0.310989010989011,3.7216981132075473,3.745465253239105
2113,43,Male,Belt,Accessories,68,Tennessee,M,Lavender,Fall,4.5,No,Credit Card,2-Day Shipping,No,No,7,Cash,Fortnightly,68,26.0,2.0794415416798357,54.06548008367573,0.0,0.0,0.0,0.0,0.04395604395604396,0.310989010989011,3.73,3.745465253239105
1457,59,Male,Coat,Outerwear,100,Montana,S,Olive,Spring,2.7,No,Venmo,Store Pickup,Yes,Yes,30,PayPal,Every 3 Months,100,4.0,3.4339872044851463,13.735948817940585,0.0,1.0,1.0,1.0,0.041025641025641026,0.08351648351648351,3.748214285714286,3.7504385964912283
910,61,Male,Belt,Accessories,56,Louisiana,L,Silver,Fall,2.7,Yes,Debit Card,Express,Yes,Yes,36,PayPal,Weekly,56,52.0,3.6109179126442243,187.76773145749968,1.0,1.0,1.0,1.0,0.04395604395604396,0.310989010989011,3.73,3.745465253239105
2532,43,Male,Sandals,Footwear,28,Texas,M,Violet,Summer,4.6,No,PayPal,Free Shipping,No,No,7,Cash,Every 3 Months,28,4.0,2.0794415416798357,8.317766166719343,0.0,0.0,0.0,0.0,0.03882783882783883,0.14908424908424908,3.8367924528301884,3.7808353808353807
3161,28,Female,Backpack,Accessories,87,Nebraska,XL,Turquoise,Fall,3.8,No,Debit Card,Next Day Air,No,No,37,Cash,Fortnightly,87,26.0,3.6375861597263857,94.57724015288602,0.0,0.0,0.0,0.0,0.03553113553113553,0.310989010989011,3.693814432989691,3.745465253239105
1341,40,Male,Belt,Accessories,72,Idaho,M,Peach,Fall,4.4,No,Credit Card,Next Day Air,Yes,Yes,5,Debit Card,Every 3 Months,72,4.0,1.791759469228055,7.16703787691222,0.0,1.0,1.0,1.0,0.04395604395604396,0.310989010989011,3.73,3.745465253239105
1061,27,Male,Sweater,Clothing,35,Iowa,S,Gray,Summer,2.6,No,PayPal,Next Day Air,Yes,Yes,21,Debit Card,Every 3 Months,35,4.0,3.091042453358316,12.364169813433264,0.0,1.0,1.0,1.0,0.04468864468864469,0.4564102564102564,3.7147540983606557,3.726725521669342
2507,57,Male,Dress,Clothing,82,New York,XL,Orange,Spring,4.4,No,Debit Card,Free Shipping,No,No,19,Venmo,Annually,82,1.0,2.995732273553991,2.995732273553991,0.0,0.0,0.0,0.0,0.044322344322344324,0.4564102564102564,3.7479338842975207,3.726725521669342
2810,66,Female,Shorts,Clothing,98,Arkansas,XL,Teal,Summer,3.0,No,Debit Card,Standard,No,No,27,Debit Card,Quarterly,98,4.0,3.332204510175204,13.328818040700815,0.0,0.0,0.0,0.0,0.04212454212454213,0.4564102564102564,3.6730434782608694,3.726725521669342
2420,26,Male,Sweater,Clothing,40,North Carolina,M,Blue,Fall,2.7,No,Venmo,Next Day Air,No,No,11,Credit Card,Every 3 Months,40,4.0,2.4849066497880004,9.939626599152001,0.0,0.0,0.0,0.0,0.04468864468864469,0.4564102564102564,3.7147540983606557,3.726725521669342
2029,29,Male,Shoes,Footwear,84,Ohio,XL,Purple,Fall,3.7,No,Cash,2-Day Shipping,No,No,10,Venmo,Bi-Weekly,84,26.0,2.3978952727983707,62.34527709275764,0.0,0.0,0.0,0.0,0.036996336996337,0.14908424908424908,3.7099009900990096,3.7808353808353807
1420,43,Male,Handbag,Accessories,75,Montana,M,Orange,Summer,2.6,No,Debit Card,Free Shipping,Yes,Yes,4,Debit Card,Quarterly,75,4.0,1.6094379124341003,6.437751649736401,0.0,1.0,1.0,1.0,0.03882783882783883,0.310989010989011,3.7216981132075473,3.745465253239105
2211,30,Male,Sunglasses,Accessories,25,Virginia,M,Orange,Summer,3.1,No,Venmo,Store Pickup,No,No,35,PayPal,Fortnightly,25,26.0,3.58351893845611,93.17149239985886,0.0,0.0,0.0,0.0,0.0380952380952381,0.310989010989011,3.7211538461538463,3.745465253239105
1724,70,Male,Scarf,Accessories,20,New York,XL,Gold,Spring,3.3,No,Bank Transfer,Standard,No,No,39,PayPal,Annually,20,1.0,3.6888794541139363,3.6888794541139363,0.0,0.0,0.0,0.0,0.03772893772893773,0.310989010989011,3.721359223300971,3.745465253239105
1759,27,Male,Hat,Accessories,56,Pennsylvania,M,Silver,Winter,4.3,No,Debit Card,Free Shipping,No,No,17,Venmo,Bi-Weekly,56,26.0,2.8903717578961645,75.14966570530028,0.0,0.0,0.0,0.0,0.038461538461538464,0.310989010989011,3.7695238095238097,3.745465253239105
2508,58,Male,Shoes,Footwear,36,Louisiana,M,Cyan,Fall,2.9,No,PayPal,Store Pickup,No,No,32,Credit Card,Every 3 Months,36,4.0,3.4965075614664802,13.986030245865921,0.0,0.0,0.0,0.0,0.036996336996337,0.14908424908424908,3.7099009900990096,3.7808353808353807
1204,40,Male,Sneakers,Footwear,82,Minnesota,M,Orange,Winter,3.7,No,Bank Transfer,Free Shipping,Yes,Yes,23,Bank Transfer,Annually,82,1.0,3.1780538303479458,3.1780538303479458,0.0,1.0,1.0,1.0,0.03626373626373627,0.14908424908424908,3.749494949494949,3.7808353808353807
2299,40,Male,Handbag,Accessories,87,Montana,L,Cyan,Spring,2.9,No,PayPal,2-Day Shipping,No,No,10,Cash,Every 3 Months,87,4.0,2.3978952727983707,9.591581091193483,0.0,0.0,0.0,0.0,0.03882783882783883,0.310989010989011,3.7216981132075473,3.745465253239105
956,55,Male,Dress,Clothing,75,Mississippi,L,Lavender,Summer,3.4,Yes,Venmo,Free Shipping,Yes,Yes,4,PayPal,Monthly,75,12.0,1.6094379124341003,19.313254949209202,1.0,1.0,1.0,1.0,0.044322344322344324,0.4564102564102564,3.7479338842975207,3.726725521669342
2729,26,Female,Skirt,Clothing,28,Florida,M,Pink,Winter,4.0,No,Credit Card,Express,No,No,17,Debit Card,Weekly,28,52.0,2.8903717578961645,150.29933141060056,0.0,0.0,0.0,0.0,0.041758241758241756,0.4564102564102564,3.816666666666667,3.726725521669342
1613,18,Male,Skirt,Clothing,68,Wisconsin,M,Indigo,Summer,4.4,No,Bank Transfer,Standard,Yes,Yes,26,Venmo,Monthly,68,12.0,3.295836866004329,39.55004239205195,0.0,1.0,1.0,1.0,0.041758241758241756,0.4564102564102564,3.816666666666667,3.726725521669342
1961,57,Male,Jeans,Clothing,72,Massachusetts,L,Red,Summer,3.3,No,Bank Transfer,2-Day Shipping,No,No,40,Credit Card,Annually,72,1.0,3.713572066704308,3.713572066704308,0.0,0.0,0.0,0.0,0.03406593406593406,0.4564102564102564,3.6,3.726725521669342
3150,18,Female,Belt,Accessories,40,North Carolina,M,Lavender,Winter,4.6,No,Debit Card,Free Shipping,No,No,9,Venmo,Annually,40,1.0,2.302585092994046,2.302585092994046,0.0,0.0,0.0,0.0,0.04395604395604396,0.310989010989011,3.73,3.745465253239105
3251,23,Female,Coat,Outerwear,90,Minnesota,M,Teal,Spring,2.9,No,Cash,2-Day Shipping,No,No,15,Venmo,Weekly,90,52.0,2.772588722239781,144.1746135564686,0.0,0.0,0.0,0.0,0.041025641025641026,0.08351648351648351,3.748214285714286,3.7504385964912283
901,54,Male,Hat,Accessories,98,West Virginia,L,Gray,Fall,3.3,Yes,Cash,Free Shipping,Yes,Yes,42,Bank Transfer,Quarterly,98,4.0,3.7612001156935624,15.04480046277425,1.0,1.0,1.0,1.0,0.038461538461538464,0.310989010989011,3.7695238095238097,3.745465253239105
1484,39,Male,Jewelry,Accessories,61,Massachusetts,S,Yellow,Summer,4.7,No,PayPal,Next Day Air,Yes,Yes,12,Debit Card,Bi-Weekly,61,26.0,2.5649493574615367,66.68868329399996,0.0,1.0,1.0,1.0,0.04212454212454213,0.310989010989011,3.744347826086957,3.745465253239105
3693,59,Female,Coat,Outerwear,34,Alabama,L,Turquoise,Spring,4.8,No,Venmo,Free Shipping,No,No,29,Cash,Fortnightly,34,26.0,3.4011973816621555,88.43113192321604,0.0,0.0,0.0,0.0,0.041025641025641026,0.08351648351648351,3.748214285714286,3.7504385964912283
727,32,Male,Shorts,Clothing,78,North Dakota,L,Yellow,Summer,3.6,Yes,PayPal,Next Day Air,Yes,Yes,20,Bank Transfer,Every 3 Months,78,4.0,3.044522437723423,12.178089750893692,1.0,1.0,1.0,1.0,0.04212454212454213,0.4564102564102564,3.6730434782608694,3.726725521669342
743,64,Male,Pants,Clothing,39,Nevada,M,Charcoal,Summer,3.1,Yes,Debit Card,Express,Yes,Yes,21,Debit Card,Quarterly,39,4.0,3.091042453358316,12.364169813433264,1.0,1.0,1.0,1.0,0.04652014652014652,0.4564102564102564,3.729133858267717,3.726725521669342
2849,33,Female,Boots,Footwear,72,Wisconsin,L,Gray,Fall,4.9,No,Debit Card,Store Pickup,No,No,28,Bank Transfer,Quarterly,72,4.0,3.367295829986474,13.469183319945897,0.0,0.0,0.0,0.0,0.036996336996337,0.14908424908424908,3.8237623762376236,3.7808353808353807
3720,20,Female,Pants,Clothing,91,Pennsylvania,M,Red,Summer,4.1,No,Cash,Free Shipping,No,No,8,Bank Transfer,Every 3 Months,91,4.0,2.1972245773362196,8.788898309344878,0.0,0.0,0.0,0.0,0.04652014652014652,0.4564102564102564,3.729133858267717,3.726725521669342
1841,42,Male,Sandals,Footwear,98,Wyoming,M,Gold,Winter,2.6,No,Cash,Store Pickup,No,No,46,Bank Transfer,Every 3 Months,98,4.0,3.8501476017100584,15.400590406840234,0.0,0.0,0.0,0.0,0.03882783882783883,0.14908424908424908,3.8367924528301884,3.7808353808353807
478,42,Male,Sweater,Clothing,56,North Dakota,M,Green,Summer,3.7,Yes,Credit Card,Free Shipping,Yes,Yes,49,Debit Card,Weekly,56,52.0,3.912023005428146,203.42519628226358,1.0,1.0,1.0,1.0,0.04468864468864469,0.4564102564102564,3.7147540983606557,3.726725521669342
1078,58,Male,Jacket,Outerwear,28,West Virginia,M,Pink,Winter,3.7,No,Cash,Standard,Yes,Yes,5,PayPal,Quarterly,28,4.0,1.791759469228055,7.16703787691222,0.0,1.0,1.0,1.0,0.04249084249084249,0.08351648351648351,3.752586206896552,3.7504385964912283
3634,39,Female,Gloves,Accessories,51,Montana,M,Orange,Spring,2.8,No,Venmo,Free Shipping,No,No,1,Bank Transfer,Bi-Weekly,51,26.0,0.6931471805599453,18.021826694558577,0.0,0.0,0.0,0.0,0.03626373626373627,0.310989010989011,3.8666666666666667,3.745465253239105
3030,64,Female,Dress,Clothing,82,Georgia,M,Gold,Summer,3.1,No,Bank Transfer,Free Shipping,No,No,1,Debit Card,Quarterly,82,4.0,0.6931471805599453,2.772588722239781,0.0,0.0,0.0,0.0,0.044322344322344324,0.4564102564102564,3.7479338842975207,3.726725521669342
2128,70,Male,Boots,Footwear,45,North Carolina,M,Indigo,Spring,4.5,No,Credit Card,2-Day Shipping,No,No,40,Debit Card,Weekly,45,52.0,3.713572066704308,193.105747468624,0.0,0.0,0.0,0.0,0.036996336996337,0.14908424908424908,3.8237623762376236,3.7808353808353807
792,50,Male,Scarf,Accessories,44,North Carolina,S,Magenta,Summer,3.1,Yes,Credit Card,2-Day Shipping,Yes,Yes,35,PayPal,Fortnightly,44,26.0,3.58351893845611,93.17149239985886,1.0,1.0,1.0,1.0,0.03772893772893773,0.310989010989011,3.721359223300971,3.745465253239105
3698,55,Female,Hoodie,Clothing,66,Pennsylvania,L,Pink,Winter,3.0,No,PayPal,Standard,No,No,39,Cash,Weekly,66,52.0,3.6888794541139363,191.8217316139247,0.0,0.0,0.0,0.0,0.03882783882783883,0.4564102564102564,3.776415094339623,3.726725521669342
854,62,Male,Hat,Accessories,43,Delaware,L,Orange,Winter,4.0,Yes,PayPal,Free Shipping,Yes,Yes,35,Cash,Monthly,43,12.0,3.58351893845611,43.00222726147332,1.0,1.0,1.0,1.0,0.038461538461538464,0.310989010989011,3.7695238095238097,3.745465253239105
2685,46,Female,Dress,Clothing,45,Washington,M,Gray,Summer,4.7,No,Venmo,Free Shipping,No,No,42,Credit Card,Bi-Weekly,45,26.0,3.7612001156935624,97.79120300803262,0.0,0.0,0.0,0.0,0.044322344322344324,0.4564102564102564,3.7479338842975207,3.726725521669342
2041,69,Male,Jewelry,Accessories,25,South Carolina,XL,Gray,Spring,2.9,No,Debit Card,Free Shipping,No,No,42,Venmo,Quarterly,25,4.0,3.7612001156935624,15.04480046277425,0.0,0.0,0.0,0.0,0.04212454212454213,0.310989010989011,3.744347826086957,3.745465253239105
371,59,Male,Scarf,Accessories,34,Oregon,M,Olive,Winter,3.4,Yes,Credit Card,Express,Yes,Yes,13,PayPal,Weekly,34,52.0,2.6390573296152584,137.23098113999345,1.0,1.0,1.0,1.0,0.03772893772893773,0.310989010989011,3.721359223300971,3.745465253239105
1207,22,Male,Handbag,Accessories,59,Mississippi,S,Cyan,Fall,3.0,No,Cash,Free Shipping,Yes,Yes,16,Venmo,Every 3 Months,59,4.0,2.833213344056216,11.332853376224865,0.0,1.0,1.0,1.0,0.03882783882783883,0.310989010989011,3.7216981132075473,3.745465253239105
3574,43,Female,Jeans,Clothing,67,Connecticut,L,Maroon,Fall,4.9,No,Cash,Free Shipping,No,No,27,PayPal,Monthly,67,12.0,3.332204510175204,39.986454122102444,0.0,0.0,0.0,0.0,0.03406593406593406,0.4564102564102564,3.6,3.726725521669342
1602,65,Male,Shirt,Clothing,59,Indiana,XL,Red,Spring,2.9,No,Venmo,Store Pickup,Yes,Yes,33,Credit Card,Monthly,59,12.0,3.5263605246161616,42.316326295393935,0.0,1.0,1.0,1.0,0.04322344322344322,0.4564102564102564,3.669491525423729,3.726725521669342
3777,19,Female,Sneakers,Footwear,25,Alaska,L,Olive,Spring,4.1,No,Debit Card,Standard,No,No,10,Credit Card,Fortnightly,25,26.0,2.3978952727983707,62.34527709275764,0.0,0.0,0.0,0.0,0.03626373626373627,0.14908424908424908,3.749494949494949,3.7808353808353807
945,54,Male,Belt,Accessories,97,Indiana,S,Gray,Spring,4.8,Yes,Debit Card,Express,Yes,Yes,39,Cash,Bi-Weekly,97,26.0,3.6888794541139363,95.91086580696235,1.0,1.0,1.0,1.0,0.04395604395604396,0.310989010989011,3.73,3.745465253239105
2395,40,Male,Sandals,Footwear,47,Connecticut,L,Peach,Fall,2.9,No,Cash,2-Day Shipping,No,No,23,Debit Card,Fortnightly,47,26.0,3.1780538303479458,82.62939958904659,0.0,0.0,0.0,0.0,0.03882783882783883,0.14908424908424908,3.8367924528301884,3.7808353808353807
1459,35,Male,Sweater,Clothing,28,Missouri,M,Peach,Spring,2.9,No,Debit Card,2-Day Shipping,Yes,Yes,34,Venmo,Weekly,28,52.0,3.5553480614894135,184.8780991974495,0.0,1.0,1.0,1.0,0.04468864468864469,0.4564102564102564,3.7147540983606557,3.726725521669342
3056,27,Female,Sandals,Footwear,22,Kansas,M,Violet,Fall,5.0,No,Bank Transfer,Standard,No,No,5,Debit Card,Bi-Weekly,22,26.0,1.791759469228055,46.58574619992943,0.0,0.0,0.0,0.0,0.03882783882783883,0.14908424908424908,3.8367924528301884,3.7808353808353807
609,41,Male,Backpack,Accessories,25,Delaware,S,Gold,Fall,3.3,Yes,Debit Card,Next Day Air,Yes,Yes,21,Venmo,Every 3 Months,25,4.0,3.091042453358316,12.364169813433264,1.0,1.0,1.0,1.0,0.03553113553113553,0.310989010989011,3.693814432989691,3.745465253239105
1037,68,Male,Handbag,Accessories,47,Hawaii,M,Yellow,Fall,3.7,Yes,Credit Card,2-Day Shipping,Yes,Yes,13,Bank Transfer,Monthly,47,12.0,2.6390573296152584,31.6686879553831,1.0,1.0,1.0,1.0,0.03882783882783883,0.310989010989011,3.7216981132075473,3.745465253239105
2448,59,Male,Pants,Clothing,47,South Dakota,L,Peach,Fall,3.2,No,Venmo,Store Pickup,No,No,10,Venmo,Fortnightly,47,26.0,2.3978952727983707,62.34527709275764,0.0,0.0,0.0,0.0,0.04652014652014652,0.4564102564102564,3.729133858267717,3.726725521669342
1460,20,Male,Shoes,Footwear,35,Maine,L,Yellow,Winter,4.8,No,PayPal,Express,Yes,Yes,18,Venmo,Fortnightly,35,26.0,2.9444389791664403,76.55541345832745,0.0,1.0,1.0,1.0,0.036996336996337,0.14908424908424908,3.7099009900990096,3.7808353808353807
2401,43,Male,Sunglasses,Accessories,88,Oregon,M,Peach,Winter,4.2,No,PayPal,Next Day Air,No,No,11,Credit Card,Bi-Weekly,88,26.0,2.4849066497880004,64.60757289448802,0.0,0.0,0.0,0.0,0.0380952380952381,0.310989010989011,3.7211538461538463,3.745465253239105
538,50,Male,Blouse,Clothing,49,Virginia,S,Turquoise,Summer,3.0,Yes,Credit Card,Store Pickup,Yes,Yes,14,Debit Card,Annually,49,1.0,2.70805020110221,2.70805020110221,1.0,1.0,1.0,1.0,0.047619047619047616,0.4564102564102564,3.733076923076923,3.726725521669342
1336,56,Male,Boots,Footwear,49,Nevada,M,Lavender,Fall,4.8,No,Credit Card,2-Day Shipping,Yes,Yes,26,Credit Card,Weekly,49,52.0,3.295836866004329,171.38351703222511,0.0,1.0,1.0,1.0,0.036996336996337,0.14908424908424908,3.8237623762376236,3.7808353808353807
2875,36,Female,Shirt,Clothing,29,Colorado,L,Silver,Summer,3.1,No,Debit Card,Standard,No,No,2,Debit Card,Annually,29,1.0,1.0986122886681098,1.0986122886681098,0.0,0.0,0.0,0.0,0.04322344322344322,0.4564102564102564,3.669491525423729,3.726725521669342
2351,57,Male,Shoes,Footwear,26,Hawaii,M,Turquoise,Winter,4.2,No,Bank Transfer,Free Shipping,No,No,21,Cash,Annually,26,1.0,3.091042453358316,3.091042453358316,0.0,0.0,0.0,0.0,0.036996336996337,0.14908424908424908,3.7099009900990096,3.7808353808353807
1196,25,Male,Scarf,Accessories,95,Texas,M,White,Winter,4.0,No,Cash,2-Day Shipping,Yes,Yes,33,Venmo,Monthly,95,12.0,3.5263605246161616,42.316326295393935,0.0,1.0,1.0,1.0,0.03772893772893773,0.310989010989011,3.721359223300971,3.745465253239105
3133,33,Female,Sweater,Clothing,97,Michigan,M,Yellow,Summer,4.2,No,Cash,Express,No,No,26,Cash,Quarterly,97,4.0,3.295836866004329,13.183347464017316,0.0,0.0,0.0,0.0,0.04468864468864469,0.4564102564102564,3.7147540983606557,3.726725521669342
1805,30,Male,Sweater,Clothing,42,Louisiana,L,Peach,Winter,4.4,No,Debit Card,Next Day Air,No,No,39,Credit Card,Weekly,42,52.0,3.6888794541139363,191.8217316139247,0.0,0.0,0.0,0.0,0.04468864468864469,0.4564102564102564,3.7147540983606557,3.726725521669342
2129,62,Male,Coat,Outerwear,47,New Mexico,L,Cyan,Fall,2.7,No,PayPal,2-Day Shipping,No,No,21,PayPal,Weekly,47,52.0,3.091042453358316,160.73420757463242,0.0,0.0,0.0,0.0,0.041025641025641026,0.08351648351648351,3.748214285714286,3.7504385964912283
3648,47,Female,Shorts,Clothing,45,Kansas,M,Gray,Winter,2.9,No,Cash,Store Pickup,No,No,12,Bank Transfer,Weekly,45,52.0,2.5649493574615367,133.37736658799992,0.0,0.0,0.0,0.0,0.04212454212454213,0.4564102564102564,3.6730434782608694,3.726725521669342
3519,50,Female,Shirt,Clothing,97,Colorado,M,Black,Spring,4.2,No,Bank Transfer,Standard,No,No,30,PayPal,Quarterly,97,4.0,3.4339872044851463,13.735948817940585,0.0,0.0,0.0,0.0,0.04322344322344322,0.4564102564102564,3.669491525423729,3.726725521669342
3601,67,Female,Dress,Clothing,81,South Carolina,XL,Olive,Spring,2.7,No,PayPal,Free Shipping,No,No,25,Cash,Bi-Weekly,81,26.0,3.258096538021482,84.71050998855854,0.0,0.0,0.0,0.0,0.044322344322344324,0.4564102564102564,3.7479338842975207,3.726725521669342
1468,30,Male,Jewelry,Accessories,27,Ohio,XL,Olive,Winter,4.7,No,Credit Card,Store Pickup,Yes,Yes,16,Debit Card,Fortnightly,27,26.0,2.833213344056216,73.66354694546162,0.0,1.0,1.0,1.0,0.04212454212454213,0.310989010989011,3.744347826086957,3.745465253239105
2679,33,Female,Belt,Accessories,91,Montana,M,Magenta,Spring,3.4,No,Cash,2-Day Shipping,No,No,34,Credit Card,Bi-Weekly,91,26.0,3.5553480614894135,92.43904959872475,0.0,0.0,0.0,0.0,0.04395604395604396,0.310989010989011,3.73,3.745465253239105
1171,57,Male,Skirt,Clothing,62,Illinois,S,Red,Spring,3.2,No,Bank Transfer,Express,Yes,Yes,33,Cash,Bi-Weekly,62,26.0,3.5263605246161616,91.6853736400202,0.0,1.0,1.0,1.0,0.041758241758241756,0.4564102564102564,3.816666666666667,3.726725521669342
3403,22,Female,Hoodie,Clothing,61,Louisiana,M,Black,Spring,4.4,No,Venmo,2-Day Shipping,No,No,11,PayPal,Every 3 Months,61,4.0,2.4849066497880004,9.939626599152001,0.0,0.0,0.0,0.0,0.03882783882783883,0.4564102564102564,3.776415094339623,3.726725521669342
153,30,Male,Shirt,Clothing,85,South Carolina,S,Brown,Summer,4.3,Yes,PayPal,Express,Yes,Yes,42,Venmo,Annually,85,1.0,3.7612001156935624,3.7612001156935624,1.0,1.0,1.0,1.0,0.04322344322344322,0.4564102564102564,3.669491525423729,3.726725521669342
965,42,Male,Sandals,Footwear,51,Arizona,M,Beige,Spring,2.6,Yes,Bank Transfer,Next Day Air,Yes,Yes,12,Venmo,Bi-Weekly,51,26.0,2.5649493574615367,66.68868329399996,1.0,1.0,1.0,1.0,0.03882783882783883,0.14908424908424908,3.8367924528301884,3.7808353808353807
880,62,Male,Skirt,Clothing,76,Wyoming,S,Lavender,Spring,4.1,Yes,Credit Card,Free Shipping,Yes,Yes,14,PayPal,Quarterly,76,4.0,2.70805020110221,10.83220080440884,1.0,1.0,1.0,1.0,0.041758241758241756,0.4564102564102564,3.816666666666667,3.726725521669342
465,23,Male,Sunglasses,Accessories,52,Alabama,M,Silver,Winter,4.7,Yes,PayPal,Next Day Air,Yes,Yes,45,PayPal,Monthly,52,12.0,3.828641396489095,45.94369675786914,1.0,1.0,1.0,1.0,0.0380952380952381,0.310989010989011,3.7211538461538463,3.745465253239105
1600,48,Male,Shirt,Clothing,54,Delaware,M,Orange,Winter,2.8,No,Venmo,2-Day Shipping,Yes,Yes,22,Debit Card,Bi-Weekly,54,26.0,3.1354942159291497,81.52284961415789,0.0,1.0,1.0,1.0,0.04322344322344322,0.4564102564102564,3.669491525423729,3.726725521669342
1123,70,Male,Handbag,Accessories,62,North Carolina,S,Charcoal,Spring,4.3,No,PayPal,2-Day Shipping,Yes,Yes,12,Credit Card,Annually,62,1.0,2.5649493574615367,2.5649493574615367,0.0,1.0,1.0,1.0,0.03882783882783883,0.310989010989011,3.7216981132075473,3.745465253239105
3533,61,Female,Pants,Clothing,68,Connecticut,L,Indigo,Fall,4.6,No,Credit Card,Standard,No,No,12,Credit Card,Annually,68,1.0,2.5649493574615367,2.5649493574615367,0.0,0.0,0.0,0.0,0.04652014652014652,0.4564102564102564,3.729133858267717,3.726725521669342
2463,68,Male,Pants,Clothing,99,Missouri,XL,Orange,Spring,4.3,No,Venmo,Standard,No,No,31,Bank Transfer,Bi-Weekly,99,26.0,3.4657359027997265,90.10913347279289,0.0,0.0,0.0,0.0,0.04652014652014652,0.4564102564102564,3.729133858267717,3.726725521669342
2347,22,Male,Jacket,Outerwear,67,New Mexico,L,Brown,Winter,3.1,No,Bank Transfer,Standard,No,No,46,Debit Card,Fortnightly,67,26.0,3.8501476017100584,100.10383764446152,0.0,0.0,0.0,0.0,0.04249084249084249,0.08351648351648351,3.752586206896552,3.7504385964912283
1214,68,Male,Handbag,Accessories,52,Kentucky,XL,Black,Spring,3.7,No,Cash,Express,Yes,Yes,14,Debit Card,Every 3 Months,52,4.0,2.70805020110221,10.83220080440884,0.0,1.0,1.0,1.0,0.03882783882783883,0.310989010989011,3.7216981132075473,3.745465253239105
2234,38,Male,Blouse,Clothing,31,Florida,XL,Gray,Summer,4.5,No,Credit Card,Express,No,No,48,Credit Card,Monthly,31,12.0,3.8918202981106265,46.701843577327516,0.0,0.0,0.0,0.0,0.047619047619047616,0.4564102564102564,3.733076923076923,3.726725521669342
946,38,Male,Boots,Footwear,38,Minnesota,M,Violet,Summer,4.1,Yes,Debit Card,Store Pickup,Yes,Yes,8,Venmo,Every 3 Months,38,4.0,2.1972245773362196,8.788898309344878,1.0,1.0,1.0,1.0,0.036996336996337,0.14908424908424908,3.8237623762376236,3.7808353808353807
2178,24,Male,Gloves,Accessories,93,Montana,XL,Green,Winter,3.0,No,Bank Transfer,Express,No,No,9,PayPal,Bi-Weekly,93,26.0,2.302585092994046,59.867212417845195,0.0,0.0,0.0,0.0,0.03626373626373627,0.310989010989011,3.8666666666666667,3.745465253239105
456,54,Male,Blouse,Clothing,100,Utah,XL,Gold,Fall,3.6,Yes,Credit Card,Store Pickup,Yes,Yes,50,Debit Card,Fortnightly,100,26.0,3.9318256327243257,102.22746645083247,1.0,1.0,1.0,1.0,0.047619047619047616,0.4564102564102564,3.733076923076923,3.726725521669342
1598,43,Male,Hat,Accessories,21,Mississippi,XL,Maroon,Winter,2.6,No,Debit Card,Store Pickup,Yes,Yes,34,Bank Transfer,Quarterly,21,4.0,3.5553480614894135,14.221392245957654,0.0,1.0,1.0,1.0,0.038461538461538464,0.310989010989011,3.7695238095238097,3.745465253239105
1139,18,Male,Pants,Clothing,36,Iowa,M,Purple,Summer,4.7,No,Venmo,Express,Yes,Yes,32,Venmo,Fortnightly,36,26.0,3.4965075614664802,90.90919659812849,0.0,1.0,1.0,1.0,0.04652014652014652,0.4564102564102564,3.729133858267717,3.726725521669342
301,29,Male,Hat,Accessories,98,Iowa,M,Teal,Spring,4.4,Yes,Cash,Store Pickup,Yes,Yes,24,PayPal,Weekly,98,52.0,3.2188758248682006,167.38154289314642,1.0,1.0,1.0,1.0,0.038461538461538464,0.310989010989011,3.7695238095238097,3.745465253239105
3580,34,Female,Scarf,Accessories,66,Arizona,L,Olive,Fall,4.8,No,Bank Transfer,Standard,No,No,19,Credit Card,Every 3 Months,66,4.0,2.995732273553991,11.982929094215963,0.0,0.0,0.0,0.0,0.03772893772893773,0.310989010989011,3.721359223300971,3.745465253239105
2250,42,Male,Gloves,Accessories,45,Wyoming,XL,Indigo,Spring,4.3,No,Bank Transfer,Next Day Air,No,No,29,Debit Card,Weekly,45,52.0,3.4011973816621555,176.86226384643209,0.0,0.0,0.0,0.0,0.03626373626373627,0.310989010989011,3.8666666666666667,3.745465253239105
1693,56,Male,Handbag,Accessories,75,Utah,M,Beige,Winter,2.6,No,Debit Card,Standard,No,No,33,Cash,Bi-Weekly,75,26.0,3.5263605246161616,91.6853736400202,0.0,0.0,0.0,0.0,0.03882783882783883,0.310989010989011,3.7216981132075473,3.745465253239105
2389,21,Male,Dress,Clothing,68,Alabama,M,Peach,Fall,4.1,No,Credit Card,Store Pickup,No,No,10,Debit Card,Annually,68,1.0,2.3978952727983707,2.3978952727983707,0.0,0.0,0.0,0.0,0.044322344322344324,0.4564102564102564,3.7479338842975207,3.726725521669342
2341,63,Male,Blouse,Clothing,24,Delaware,M,Cyan,Summer,2.6,No,Venmo,Standard,No,No,37,Credit Card,Fortnightly,24,26.0,3.6375861597263857,94.57724015288602,0.0,0.0,0.0,0.0,0.047619047619047616,0.4564102564102564,3.733076923076923,3.726725521669342
1606,70,Male,Belt,Accessories,46,Connecticut,M,Lavender,Winter,3.4,No,Bank Transfer,Next Day Air,Yes,Yes,15,Credit Card,Bi-Weekly,46,26.0,2.772588722239781,72.0873067782343,0.0,1.0,1.0,1.0,0.04395604395604396,0.310989010989011,3.73,3.745465253239105
1496,45,Male,Jewelry,Accessories,23,Rhode Island,M,Brown,Winter,4.5,No,PayPal,Next Day Air,Yes,Yes,6,PayPal,Weekly,23,52.0,1.9459101490553132,101.18732775087629,0.0,1.0,1.0,1.0,0.04212454212454213,0.310989010989011,3.744347826086957,3.745465253239105
943,26,Male,Dress,Clothing,91,Arizona,M,Cyan,Winter,3.2,Yes,Cash,Express,Yes,Yes,38,PayPal,Bi-Weekly,91,26.0,3.6635616461296463,95.2526027993708,1.0,1.0,1.0,1.0,0.044322344322344324,0.4564102564102564,3.7479338842975207,3.726725521669342
256,43,Male,Scarf,Accessories,20,Maryland,M,Charcoal,Spring,4.2,Yes,Debit Card,Free Shipping,Yes,Yes,25,Debit Card,Annually,20,1.0,3.258096538021482,3.258096538021482,1.0,1.0,1.0,1.0,0.03772893772893773,0.310989010989011,3.721359223300971,3.745465253239105
1696,54,Male,Hat,Accessories,95,Nebraska,S,Yellow,Fall,4.7,No,Venmo,2-Day Shipping,No,No,1,PayPal,Fortnightly,95,26.0,0.6931471805599453,18.021826694558577,0.0,0.0,0.0,0.0,0.038461538461538464,0.310989010989011,3.7695238095238097,3.745465253239105
259,61,Male,Gloves,Accessories,74,Alabama,S,Lavender,Spring,2.8,Yes,Venmo,Express,Yes,Yes,16,Cash,Quarterly,74,4.0,2.833213344056216,11.332853376224865,1.0,1.0,1.0,1.0,0.03626373626373627,0.310989010989011,3.8666666666666667,3.745465253239105
2435,36,Male,Gloves,Accessories,45,Utah,M,Brown,Spring,5.0,No,Cash,Store Pickup,No,No,40,Credit Card,Monthly,45,12.0,3.713572066704308,44.56286480045169,0.0,0.0,0.0,0.0,0.03626373626373627,0.310989010989011,3.8666666666666667,3.745465253239105
2815,31,Female,T-shirt,Clothing,32,Minnesota,L,Gold,Winter,3.6,No,Venmo,Standard,No,No,14,Bank Transfer,Monthly,32,12.0,2.70805020110221,32.49660241322652,0.0,0.0,0.0,0.0,0.034432234432234435,0.4564102564102564,3.8138297872340425,3.726725521669342
1210,41,Male,Pants,Clothing,62,Pennsylvania,M,Blue,Winter,3.8,No,PayPal,Next Day Air,Yes,Yes,16,Bank Transfer,Monthly,62,12.0,2.833213344056216,33.9985601286746,0.0,1.0,1.0,1.0,0.04652014652014652,0.4564102564102564,3.729133858267717,3.726725521669342
3824,50,Female,Shirt,Clothing,42,California,M,Gold,Summer,3.0,No,Bank Transfer,Standard,No,No,27,Bank Transfer,Weekly,42,52.0,3.332204510175204,173.27463452911059,0.0,0.0,0.0,0.0,0.04322344322344322,0.4564102564102564,3.669491525423729,3.726725521669342
2442,45,Male,Jewelry,Accessories,36,California,M,Black,Fall,4.7,No,Credit Card,Free Shipping,No,No,5,Credit Card,Monthly,36,12.0,1.791759469228055,21.50111363073666,0.0,0.0,0.0,0.0,0.04212454212454213,0.310989010989011,3.744347826086957,3.745465253239105
2982,21,Female,Pants,Clothing,36,Delaware,L,Pink,Winter,4.9,No,PayPal,Standard,No,No,37,Venmo,Annually,36,1.0,3.6375861597263857,3.6375861597263857,0.0,0.0,0.0,0.0,0.04652014652014652,0.4564102564102564,3.729133858267717,3.726725521669342
3633,27,Female,Sneakers,Footwear,73,Utah,L,Green,Spring,3.2,No,PayPal,Express,No,No,3,Debit Card,Quarterly,73,4.0,1.3862943611198906,5.545177444479562,0.0,0.0,0.0,0.0,0.03626373626373627,0.14908424908424908,3.749494949494949,3.7808353808353807
1919,35,Male,Skirt,Clothing,33,Idaho,S,Purple,Summer,4.6,No,PayPal,Standard,No,No,33,Debit Card,Monthly,33,12.0,3.5263605246161616,42.316326295393935,0.0,0.0,0.0,0.0,0.041758241758241756,0.4564102564102564,3.816666666666667,3.726725521669342
3703,58,Female,Shoes,Footwear,65,South Carolina,M,Indigo,Spring,2.7,No,PayPal,Store Pickup,No,No,36,Venmo,Weekly,65,52.0,3.6109179126442243,187.76773145749968,0.0,0.0,0.0,0.0,0.036996336996337,0.14908424908424908,3.7099009900990096,3.7808353808353807
1583,28,Male,Belt,Accessories,41,Hawaii,L,Red,Spring,2.5,No,Cash,Next Day Air,Yes,Yes,39,Cash,Monthly,41,12.0,3.6888794541139363,44.26655344936724,0.0,1.0,1.0,1.0,0.04395604395604396,0.310989010989011,3.73,3.745465253239105
1674,21,Male,Blouse,Clothing,62,Hawaii,M,Violet,Fall,3.4,No,Debit Card,Next Day Air,Yes,Yes,49,Venmo,Bi-Weekly,62,26.0,3.912023005428146,101.71259814113179,0.0,1.0,1.0,1.0,0.047619047619047616,0.4564102564102564,3.733076923076923,3.726725521669342
564,61,Male,Shoes,Footwear,99,Idaho,M,Black,Fall,4.4,Yes,PayPal,Standard,Yes,Yes,16,Debit Card,Quarterly,99,4.0,2.833213344056216,11.332853376224865,1.0,1.0,1.0,1.0,0.036996336996337,0.14908424908424908,3.7099009900990096,3.7808353808353807
1758,19,Male,Dress,Clothing,94,Michigan,L,Yellow,Fall,3.6,No,Bank Transfer,Standard,No,No,48,Debit Card,Annually,94,1.0,3.8918202981106265,3.8918202981106265,0.0,0.0,0.0,0.0,0.044322344322344324,0.4564102564102564,3.7479338842975207,3.726725521669342
3173,57,Female,Socks,Clothing,52,Missouri,M,Olive,Fall,3.7,No,Venmo,Standard,No,No,30,Debit Card,Bi-Weekly,52,26.0,3.4339872044851463,89.2836673166138,0.0,0.0,0.0,0.0,0.03882783882783883,0.4564102564102564,3.7150943396226417,3.726725521669342
917,49,Male,Jeans,Clothing,34,Illinois,S,Blue,Spring,2.7,Yes,Cash,Standard,Yes,Yes,16,Venmo,Monthly,34,12.0,2.833213344056216,33.9985601286746,1.0,1.0,1.0,1.0,0.03406593406593406,0.4564102564102564,3.6,3.726725521669342
2048,58,Male,Jewelry,Accessories,82,Connecticut,M,Silver,Summer,3.1,No,Cash,Store Pickup,No,No,32,Cash,Annually,82,1.0,3.4965075614664802,3.4965075614664802,0.0,0.0,0.0,0.0,0.04212454212454213,0.310989010989011,3.744347826086957,3.745465253239105
3063,51,Female,Backpack,Accessories,96,California,L,Green,Fall,3.3,No,Bank Transfer,Standard,No,No,39,PayPal,Monthly,96,12.0,3.6888794541139363,44.26655344936724,0.0,0.0,0.0,0.0,0.03553113553113553,0.310989010989011,3.693814432989691,3.745465253239105
1094,60,Male,Sneakers,Footwear,48,Delaware,S,Indigo,Winter,4.2,No,PayPal,2-Day Shipping,Yes,Yes,46,Venmo,Every 3 Months,48,4.0,3.8501476017100584,15.400590406840234,0.0,1.0,1.0,1.0,0.03626373626373627,0.14908424908424908,3.749494949494949,3.7808353808353807
3087,47,Female,Handbag,Accessories,73,Utah,M,Lavender,Summer,3.5,No,Debit Card,Next Day Air,No,No,26,Venmo,Every 3 Months,73,4.0,3.295836866004329,13.183347464017316,0.0,0.0,0.0,0.0,0.03882783882783883,0.310989010989011,3.7216981132075473,3.745465253239105
2606,41,Male,Hoodie,Clothing,93,Nevada,M,White,Spring,3.7,No,Debit Card,2-Day Shipping,No,No,32,Venmo,Fortnightly,93,26.0,3.4965075614664802,90.90919659812849,0.0,0.0,0.0,0.0,0.03882783882783883,0.4564102564102564,3.776415094339623,3.726725521669342
865,51,Male,Jeans,Clothing,59,Kentucky,S,Charcoal,Winter,3.9,Yes,PayPal,Next Day Air,Yes,Yes,5,PayPal,Annually,59,1.0,1.791759469228055,1.791759469228055,1.0,1.0,1.0,1.0,0.03406593406593406,0.4564102564102564,3.6,3.726725521669342
3768,59,Female,Shorts,Clothing,51,New York,XL,Black,Summer,3.1,No,Venmo,Free Shipping,No,No,10,Bank Transfer,Fortnightly,51,26.0,2.3978952727983707,62.34527709275764,0.0,0.0,0.0,0.0,0.04212454212454213,0.4564102564102564,3.6730434782608694,3.726725521669342
3503,31,Female,Backpack,Accessories,62,Massachusetts,M,Green,Fall,4.7,No,Bank Transfer,Next Day Air,No,No,26,Bank Transfer,Quarterly,62,4.0,3.295836866004329,13.183347464017316,0.0,0.0,0.0,0.0,0.03553113553113553,0.310989010989011,3.693814432989691,3.745465253239105
3852,50,Female,Scarf,Accessories,83,Montana,M,Pink,Summer,3.9,No,Credit Card,Free Shipping,No,No,24,Debit Card,Annually,83,1.0,3.2188758248682006,3.2188758248682006,0.0,0.0,0.0,0.0,0.03772893772893773,0.310989010989011,3.721359223300971,3.745465253239105
3590,31,Female,Belt,Accessories,73,New Hampshire,M,Blue,Spring,4.8,No,Cash,Next Day Air,No,No,38,Cash,Every 3 Months,73,4.0,3.6635616461296463,14.654246584518585,0.0,0.0,0.0,0.0,0.04395604395604396,0.310989010989011,3.73,3.745465253239105
1703,54,Male,Jeans,Clothing,83,Alabama,XL,Yellow,Summer,5.0,No,Debit Card,Express,No,No,48,Bank Transfer,Weekly,83,52.0,3.8918202981106265,202.37465550175258,0.0,0.0,0.0,0.0,0.03406593406593406,0.4564102564102564,3.6,3.726725521669342
2290,70,Male,Shorts,Clothing,82,Nevada,M,Orange,Fall,4.1,No,PayPal,Free Shipping,No,No,47,Venmo,Weekly,82,52.0,3.871201010907891,201.30245256721034,0.0,0.0,0.0,0.0,0.04212454212454213,0.4564102564102564,3.6730434782608694,3.726725521669342
2192,26,Male,Blouse,Clothing,69,Pennsylvania,S,Maroon,Summer,3.8,No,Venmo,Next Day Air,No,No,46,Cash,Bi-Weekly,69,26.0,3.8501476017100584,100.10383764446152,0.0,0.0,0.0,0.0,0.047619047619047616,0.4564102564102564,3.733076923076923,3.726725521669342
1472,31,Male,Jewelry,Accessories,71,Alaska,S,Gray,Spring,2.8,No,PayPal,2-Day Shipping,Yes,Yes,48,Venmo,Every 3 Months,71,4.0,3.8918202981106265,15.567281192442506,0.0,1.0,1.0,1.0,0.04212454212454213,0.310989010989011,3.744347826086957,3.745465253239105
2930,31,Female,Socks,Clothing,53,Maine,XL,White,Winter,4.5,No,Debit Card,Next Day Air,No,No,42,Venmo,Fortnightly,53,26.0,3.7612001156935624,97.79120300803262,0.0,0.0,0.0,0.0,0.03882783882783883,0.4564102564102564,3.7150943396226417,3.726725521669342
2037,37,Male,Blouse,Clothing,63,Minnesota,S,Lavender,Winter,3.1,No,PayPal,Next Day Air,No,No,46,Cash,Weekly,63,52.0,3.8501476017100584,200.20767528892304,0.0,0.0,0.0,0.0,0.047619047619047616,0.4564102564102564,3.733076923076923,3.726725521669342
1913,29,Male,Sweater,Clothing,56,Colorado,S,Charcoal,Winter,3.4,No,Cash,2-Day Shipping,No,No,5,Credit Card,Bi-Weekly,56,26.0,1.791759469228055,46.58574619992943,0.0,0.0,0.0,0.0,0.04468864468864469,0.4564102564102564,3.7147540983606557,3.726725521669342
2231,52,Male,Sneakers,Footwear,36,Colorado,S,Teal,Spring,3.8,No,Debit Card,Express,No,No,33,Venmo,Fortnightly,36,26.0,3.5263605246161616,91.6853736400202,0.0,0.0,0.0,0.0,0.03626373626373627,0.14908424908424908,3.749494949494949,3.7808353808353807
2931,38,Female,T-shirt,Clothing,50,Mississippi,M,Orange,Spring,4.0,No,Credit Card,Free Shipping,No,No,14,Venmo,Monthly,50,12.0,2.70805020110221,32.49660241322652,0.0,0.0,0.0,0.0,0.034432234432234435,0.4564102564102564,3.8138297872340425,3.726725521669342
170,27,Male,Jacket,Outerwear,30,Nevada,S,Gold,Summer,3.3,Yes,Credit Card,Standard,Yes,Yes,3,PayPal,Every 3 Months,30,4.0,1.3862943611198906,5.545177444479562,1.0,1.0,1.0,1.0,0.04249084249084249,0.08351648351648351,3.752586206896552,3.7504385964912283
1904,59,Male,Pants,Clothing,63,North Carolina,M,Gold,Summer,3.3,No,Bank Transfer,Standard,No,No,37,Bank Transfer,Weekly,63,52.0,3.6375861597263857,189.15448030577204,0.0,0.0,0.0,0.0,0.04652014652014652,0.4564102564102564,3.729133858267717,3.726725521669342
1768,69,Male,Jewelry,Accessories,89,Minnesota,L,Lavender,Fall,3.8,No,PayPal,2-Day Shipping,No,No,46,Debit Card,Fortnightly,89,26.0,3.8501476017100584,100.10383764446152,0.0,0.0,0.0,0.0,0.04212454212454213,0.310989010989011,3.744347826086957,3.745465253239105
2936,58,Female,Sneakers,Footwear,27,North Carolina,XL,Gray,Spring,4.6,No,Debit Card,Standard,No,No,11,Venmo,Weekly,27,52.0,2.4849066497880004,129.21514578897603,0.0,0.0,0.0,0.0,0.03626373626373627,0.14908424908424908,3.749494949494949,3.7808353808353807
103,51,Male,Socks,Clothing,67,Oklahoma,L,Violet,Winter,4.8,Yes,Credit Card,Next Day Air,Yes,Yes,35,Credit Card,Quarterly,67,4.0,3.58351893845611,14.33407575382444,1.0,1.0,1.0,1.0,0.03882783882783883,0.4564102564102564,3.7150943396226417,3.726725521669342
2923,45,Female,Sunglasses,Accessories,68,Kentucky,L,Beige,Winter,3.5,No,Venmo,Express,No,No,16,PayPal,Quarterly,68,4.0,2.833213344056216,11.332853376224865,0.0,0.0,0.0,0.0,0.0380952380952381,0.310989010989011,3.7211538461538463,3.745465253239105
760,51,Male,Dress,Clothing,49,Rhode Island,XL,Green,Winter,2.6,Yes,Bank Transfer,Next Day Air,Yes,Yes,25,Credit Card,Fortnightly,49,26.0,3.258096538021482,84.71050998855854,1.0,1.0,1.0,1.0,0.044322344322344324,0.4564102564102564,3.7479338842975207,3.726725521669342
3357,39,Female,Jeans,Clothing,48,Tennessee,M,Silver,Summer,3.5,No,Credit Card,Store Pickup,No,No,13,PayPal,Bi-Weekly,48,26.0,2.6390573296152584,68.61549056999672,0.0,0.0,0.0,0.0,0.03406593406593406,0.4564102564102564,3.6,3.726725521669342
3613,47,Female,Sandals,Footwear,29,Michigan,M,Teal,Summer,3.6,No,Credit Card,Standard,No,No,26,Cash,Every 3 Months,29,4.0,3.295836866004329,13.183347464017316,0.0,0.0,0.0,0.0,0.03882783882783883,0.14908424908424908,3.8367924528301884,3.7808353808353807
337,36,Male,Hat,Accessories,81,Rhode Island,S,Orange,Fall,4.4,Yes,Debit Card,Express,Yes,Yes,16,PayPal,Annually,81,1.0,2.833213344056216,2.833213344056216,1.0,1.0,1.0,1.0,0.038461538461538464,0.310989010989011,3.7695238095238097,3.745465253239105
1931,66,Male,Pants,Clothing,52,North Carolina,L,Turquoise,Spring,3.5,No,Bank Transfer,Store Pickup,No,No,26,Cash,Weekly,52,52.0,3.295836866004329,171.38351703222511,0.0,0.0,0.0,0.0,0.04652014652014652,0.4564102564102564,3.729133858267717,3.726725521669342
3599,23,Female,Hoodie,Clothing,76,Connecticut,XL,Purple,Spring,4.6,No,Bank Transfer,Store Pickup,No,No,19,Bank Transfer,Bi-Weekly,76,26.0,2.995732273553991,77.88903911240376,0.0,0.0,0.0,0.0,0.03882783882783883,0.4564102564102564,3.776415094339623,3.726725521669342
2380,40,Male,Hat,Accessories,77,South Dakota,M,Peach,Spring,4.0,No,Credit Card,2-Day Shipping,No,No,22,Debit Card,Monthly,77,12.0,3.1354942159291497,37.625930591149796,0.0,0.0,0.0,0.0,0.038461538461538464,0.310989010989011,3.7695238095238097,3.745465253239105
652,32,Male,Hat,Accessories,32,Arkansas,L,Yellow,Summer,2.9,Yes,PayPal,Next Day Air,Yes,Yes,41,Venmo,Fortnightly,32,26.0,3.7376696182833684,97.17941007536758,1.0,1.0,1.0,1.0,0.038461538461538464,0.310989010989011,3.7695238095238097,3.745465253239105
3336,44,Female,Hat,Accessories,94,Texas,XL,Cyan,Winter,3.5,No,Credit Card,Express,No,No,48,Bank Transfer,Quarterly,94,4.0,3.8918202981106265,15.567281192442506,0.0,0.0,0.0,0.0,0.038461538461538464,0.310989010989011,3.7695238095238097,3.745465253239105
2539,18,Male,Scarf,Accessories,32,New Jersey,M,Silver,Summer,4.2,No,Venmo,Next Day Air,No,No,33,Credit Card,Bi-Weekly,32,26.0,3.5263605246161616,91.6853736400202,0.0,0.0,0.0,0.0,0.03772893772893773,0.310989010989011,3.721359223300971,3.745465253239105
2693,40,Female,Sneakers,Footwear,90,Washington,XL,Violet,Spring,4.2,No,Venmo,Free Shipping,No,No,18,Debit Card,Every 3 Months,90,4.0,2.9444389791664403,11.777755916665761,0.0,0.0,0.0,0.0,0.03626373626373627,0.14908424908424908,3.749494949494949,3.7808353808353807
3535,65,Female,Shoes,Footwear,83,Delaware,M,Gray,Fall,3.2,No,Venmo,Express,No,No,7,Cash,Weekly,83,52.0,2.0794415416798357,108.13096016735146,0.0,0.0,0.0,0.0,0.036996336996337,0.14908424908424908,3.7099009900990096,3.7808353808353807
811,52,Male,Scarf,Accessories,83,South Dakota,S,Lavender,Fall,4.9,Yes,Debit Card,Store Pickup,Yes,Yes,32,Debit Card,Bi-Weekly,83,26.0,3.4965075614664802,90.90919659812849,1.0,1.0,1.0,1.0,0.03772893772893773,0.310989010989011,3.721359223300971,3.745465253239105
261,38,Male,Hat,Accessories,57,Montana,S,Red,Winter,3.2,Yes,Bank Transfer,2-Day Shipping,Yes,Yes,11,Credit Card,Every 3 Months,57,4.0,2.4849066497880004,9.939626599152001,1.0,1.0,1.0,1.0,0.038461538461538464,0.310989010989011,3.7695238095238097,3.745465253239105
692,60,Male,Backpack,Accessories,21,Massachusetts,L,Silver,Summer,2.9,Yes,Credit Card,Standard,Yes,Yes,37,PayPal,Bi-Weekly,21,26.0,3.6375861597263857,94.57724015288602,1.0,1.0,1.0,1.0,0.03553113553113553,0.310989010989011,3.693814432989691,3.745465253239105
2255,24,Male,Belt,Accessories,79,North Dakota,M,Gold,Winter,4.2,No,Venmo,Store Pickup,No,No,44,PayPal,Every 3 Months,79,4.0,3.8066624897703196,15.226649959081278,0.0,0.0,0.0,0.0,0.04395604395604396,0.310989010989011,3.73,3.745465253239105
3288,24,Female,Skirt,Clothing,63,West Virginia,L,Black,Spring,4.3,No,PayPal,2-Day Shipping,No,No,38,Credit Card,Weekly,63,52.0,3.6635616461296463,190.5052055987416,0.0,0.0,0.0,0.0,0.041758241758241756,0.4564102564102564,3.816666666666667,3.726725521669342
1494,70,Male,Belt,Accessories,44,North Dakota,S,Gold,Fall,2.7,No,Venmo,Standard,Yes,Yes,44,Credit Card,Quarterly,44,4.0,3.8066624897703196,15.226649959081278,0.0,1.0,1.0,1.0,0.04395604395604396,0.310989010989011,3.73,3.745465253239105
1451,25,Male,Dress,Clothing,44,Illinois,S,Teal,Winter,3.4,No,PayPal,Free Shipping,Yes,Yes,25,Cash,Quarterly,44,4.0,3.258096538021482,13.032386152085929,0.0,1.0,1.0,1.0,0.044322344322344324,0.4564102564102564,3.7479338842975207,3.726725521669342
2281,22,Male,Shoes,Footwear,21,Kentucky,M,Red,Summer,2.8,No,Bank Transfer,Standard,No,No,31,Credit Card,Fortnightly,21,26.0,3.4657359027997265,90.10913347279289,0.0,0.0,0.0,0.0,0.036996336996337,0.14908424908424908,3.7099009900990096,3.7808353808353807
3744,62,Female,Pants,Clothing,28,Idaho,L,Cyan,Fall,3.6,No,Credit Card,Free Shipping,No,No,36,Debit Card,Quarterly,28,4.0,3.6109179126442243,14.443671650576897,0.0,0.0,0.0,0.0,0.04652014652014652,0.4564102564102564,3.729133858267717,3.726725521669342
3406,28,Female,Blouse,Clothing,87,Washington,M,White,Summer,4.2,No,Venmo,Store Pickup,No,No,47,Bank Transfer,Bi-Weekly,87,26.0,3.871201010907891,100.65122628360517,0.0,0.0,0.0,0.0,0.047619047619047616,0.4564102564102564,3.733076923076923,3.726725521669342
2708,32,Female,Backpack,Accessories,88,Nebraska,M,Pink,Fall,4.2,No,Cash,Standard,No,No,19,Cash,Weekly,88,52.0,2.995732273553991,155.77807822480753,0.0,0.0,0.0,0.0,0.03553113553113553,0.310989010989011,3.693814432989691,3.745465253239105
2312,27,Male,Sneakers,Footwear,28,Montana,L,Gold,Spring,4.8,No,PayPal,2-Day Shipping,No,No,10,Bank Transfer,Every 3 Months,28,4.0,2.3978952727983707,9.591581091193483,0.0,0.0,0.0,0.0,0.03626373626373627,0.14908424908424908,3.749494949494949,3.7808353808353807
2141,53,Male,Handbag,Accessories,90,New Mexico,M,Brown,Fall,3.7,No,Cash,Standard,No,No,36,Cash,Fortnightly,90,26.0,3.6109179126442243,93.88386572874984,0.0,0.0,0.0,0.0,0.03882783882783883,0.310989010989011,3.7216981132075473,3.745465253239105
1962,47,Male,Boots,Footwear,59,Nevada,L,Black,Summer,2.6,No,Cash,Free Shipping,No,No,45,Debit Card,Quarterly,59,4.0,3.828641396489095,15.31456558595638,0.0,0.0,0.0,0.0,0.036996336996337,0.14908424908424908,3.8237623762376236,3.7808353808353807
599,21,Male,Dress,Clothing,66,California,L,Green,Winter,3.2,Yes,Credit Card,2-Day Shipping,Yes,Yes,30,Cash,Every 3 Months,66,4.0,3.4339872044851463,13.735948817940585,1.0,1.0,1.0,1.0,0.044322344322344324,0.4564102564102564,3.7479338842975207,3.726725521669342
2186,40,Male,Shorts,Clothing,32,North Carolina,M,Violet,Winter,2.5,No,Venmo,Express,No,No,50,Debit Card,Every 3 Months,32,4.0,3.9318256327243257,15.727302530897303,0.0,0.0,0.0,0.0,0.04212454212454213,0.4564102564102564,3.6730434782608694,3.726725521669342
3661,19,Female,Shoes,Footwear,74,Arkansas,L,Indigo,Winter,3.1,No,Venmo,2-Day Shipping,No,No,13,Bank Transfer,Fortnightly,74,26.0,2.6390573296152584,68.61549056999672,0.0,0.0,0.0,0.0,0.036996336996337,0.14908424908424908,3.7099009900990096,3.7808353808353807
3310,48,Female,Handbag,Accessories,47,Massachusetts,M,Blue,Summer,3.1,No,Credit Card,Store Pickup,No,No,19,PayPal,Monthly,47,12.0,2.995732273553991,35.94878728264789,0.0,0.0,0.0,0.0,0.03882783882783883,0.310989010989011,3.7216981132075473,3.745465253239105
3845,30,Female,Shorts,Clothing,87,Montana,S,Cyan,Fall,5.0,No,Credit Card,Next Day Air,No,No,40,Venmo,Quarterly,87,4.0,3.713572066704308,14.854288266817232,0.0,0.0,0.0,0.0,0.04212454212454213,0.4564102564102564,3.6730434782608694,3.726725521669342
807,56,Male,Jeans,Clothing,56,Florida,L,Charcoal,Summer,2.7,Yes,Credit Card,Standard,Yes,Yes,46,PayPal,Quarterly,56,4.0,3.8501476017100584,15.400590406840234,1.0,1.0,1.0,1.0,0.03406593406593406,0.4564102564102564,3.6,3.726725521669342
3139,47,Female,Blouse,Clothing,95,Kentucky,L,Gray,Fall,4.6,No,Venmo,Next Day Air,No,No,40,Cash,Every 3 Months,95,4.0,3.713572066704308,14.854288266817232,0.0,0.0,0.0,0.0,0.047619047619047616,0.4564102564102564,3.733076923076923,3.726725521669342
3090,50,Female,Sandals,Footwear,21,North Carolina,L,Blue,Fall,4.6,No,Debit Card,Free Shipping,No,No,23,Cash,Bi-Weekly,21,26.0,3.1780538303479458,82.62939958904659,0.0,0.0,0.0,0.0,0.03882783882783883,0.14908424908424908,3.8367924528301884,3.7808353808353807
3489,62,Female,Sweater,Clothing,27,Delaware,XL,Teal,Spring,4.9,No,Cash,Store Pickup,No,No,7,Cash,Quarterly,27,4.0,2.0794415416798357,8.317766166719343,0.0,0.0,0.0,0.0,0.04468864468864469,0.4564102564102564,3.7147540983606557,3.726725521669342
2897,30,Female,Blouse,Clothing,91,Delaware,M,Silver,Summer,3.3,No,Credit Card,Free Shipping,No,No,2,Venmo,Every 3 Months,91,4.0,1.0986122886681098,4.394449154672439,0.0,0.0,0.0,0.0,0.047619047619047616,0.4564102564102564,3.733076923076923,3.726725521669342
1774,21,Male,Coat,Outerwear,92,West Virginia,M,Blue,Summer,2.7,No,Cash,Free Shipping,No,No,17,PayPal,Annually,92,1.0,2.8903717578961645,2.8903717578961645,0.0,0.0,0.0,0.0,0.041025641025641026,0.08351648351648351,3.748214285714286,3.7504385964912283
3491,62,Female,Boots,Footwear,82,Oregon,M,Violet,Spring,3.6,No,Venmo,Store Pickup,No,No,43,Credit Card,Quarterly,82,4.0,3.784189633918261,15.136758535673044,0.0,0.0,0.0,0.0,0.036996336996337,0.14908424908424908,3.8237623762376236,3.7808353808353807
319,45,Male,Backpack,Accessories,67,South Dakota,M,Beige,Winter,2.5,Yes,PayPal,Standard,Yes,Yes,10,Cash,Annually,67,1.0,2.3978952727983707,2.3978952727983707,1.0,1.0,1.0,1.0,0.03553113553113553,0.310989010989011,3.693814432989691,3.745465253239105
3277,39,Female,Scarf,Accessories,99,South Dakota,M,White,Summer,4.0,No,Credit Card,Store Pickup,No,No,41,PayPal,Every 3 Months,99,4.0,3.7376696182833684,14.950678473133474,0.0,0.0,0.0,0.0,0.03772893772893773,0.310989010989011,3.721359223300971,3.745465253239105
2301,18,Male,Coat,Outerwear,88,Pennsylvania,XL,Lavender,Summer,4.4,No,Venmo,2-Day Shipping,No,No,38,Credit Card,Monthly,88,12.0,3.6635616461296463,43.96273975355575,0.0,0.0,0.0,0.0,0.041025641025641026,0.08351648351648351,3.748214285714286,3.7504385964912283
1265,52,Male,Sweater,Clothing,92,Vermont,S,Blue,Winter,2.5,No,Venmo,Next Day Air,Yes,Yes,1,Venmo,Bi-Weekly,92,26.0,0.6931471805599453,18.021826694558577,0.0,1.0,1.0,1.0,0.04468864468864469,0.4564102564102564,3.7147540983606557,3.726725521669342
2804,46,Female,T-shirt,Clothing,44,Idaho,M,Violet,Winter,3.3,No,Credit Card,Free Shipping,No,No,31,Bank Transfer,Monthly,44,12.0,3.4657359027997265,41.58883083359672,0.0,0.0,0.0,0.0,0.034432234432234435,0.4564102564102564,3.8138297872340425,3.726725521669342
2092,26,Male,Jeans,Clothing,97,Washington,XL,Beige,Fall,3.0,No,PayPal,Next Day Air,No,No,24,Bank Transfer,Quarterly,97,4.0,3.2188758248682006,12.875503299472802,0.0,0.0,0.0,0.0,0.03406593406593406,0.4564102564102564,3.6,3.726725521669342
2353,70,Male,Boots,Footwear,46,Nebraska,M,Yellow,Fall,2.8,No,Credit Card,Store Pickup,No,No,25,Bank Transfer,Quarterly,46,4.0,3.258096538021482,13.032386152085929,0.0,0.0,0.0,0.0,0.036996336996337,0.14908424908424908,3.8237623762376236,3.7808353808353807
2845,32,Female,Hat,Accessories,79,New Mexico,M,Indigo,Summer,4.4,No,Venmo,Standard,No,No,42,Venmo,Annually,79,1.0,3.7612001156935624,3.7612001156935624,0.0,0.0,0.0,0.0,0.038461538461538464,0.310989010989011,3.7695238095238097,3.745465253239105
3595,19,Female,Scarf,Accessories,87,Alabama,L,Charcoal,Summer,2.6,No,PayPal,2-Day Shipping,No,No,29,Venmo,Quarterly,87,4.0,3.4011973816621555,13.604789526648622,0.0,0.0,0.0,0.0,0.03772893772893773,0.310989010989011,3.721359223300971,3.745465253239105
1649,36,Male,Pants,Clothing,69,Oklahoma,M,Gray,Summer,2.6,No,Bank Transfer,Express,Yes,Yes,22,Credit Card,Monthly,69,12.0,3.1354942159291497,37.625930591149796,0.0,1.0,1.0,1.0,0.04652014652014652,0.4564102564102564,3.729133858267717,3.726725521669342
269,68,Male,Shoes,Footwear,42,Georgia,M,Charcoal,Spring,2.6,Yes,Venmo,Store Pickup,Yes,Yes,21,Cash,Monthly,42,12.0,3.091042453358316,37.09250944029979,1.0,1.0,1.0,1.0,0.036996336996337,0.14908424908424908,3.7099009900990096,3.7808353808353807
3268,37,Female,Hoodie,Clothing,45,Idaho,L,Pink,Winter,3.0,No,Debit Card,Store Pickup,No,No,42,Credit Card,Quarterly,45,4.0,3.7612001156935624,15.04480046277425,0.0,0.0,0.0,0.0,0.03882783882783883,0.4564102564102564,3.776415094339623,3.726725521669342
39,29,Male,Dress,Clothing,37,Florida,M,Red,Winter,3.7,Yes,Debit Card,2-Day Shipping,Yes,Yes,44,Venmo,Every 3 Months,37,4.0,3.8066624897703196,15.226649959081278,1.0,1.0,1.0,1.0,0.044322344322344324,0.4564102564102564,3.7479338842975207,3.726725521669342
3754,39,Female,Sunglasses,Accessories,26,Louisiana,S,Turquoise,Winter,4.2,No,Bank Transfer,Next Day Air,No,No,22,Bank Transfer,Fortnightly,26,26.0,3.1354942159291497,81.52284961415789,0.0,0.0,0.0,0.0,0.0380952380952381,0.310989010989011,3.7211538461538463,3.745465253239105
135,43,Male,Hat,Accessories,94,Texas,L,Gray,Fall,4.9,Yes,Credit Card,Store Pickup,Yes,Yes,25,Cash,Monthly,94,12.0,3.258096538021482,39.09715845625779,1.0,1.0,1.0,1.0,0.038461538461538464,0.310989010989011,3.7695238095238097,3.745465253239105
658,48,Male,Jacket,Outerwear,80,Arizona,M,White,Winter,4.3,Yes,PayPal,Free Shipping,Yes,Yes,6,PayPal,Quarterly,80,4.0,1.9459101490553132,7.783640596221253,1.0,1.0,1.0,1.0,0.04249084249084249,0.08351648351648351,3.752586206896552,3.7504385964912283
2364,60,Male,Socks,Clothing,79,Pennsylvania,XL,Pink,Winter,4.2,No,PayPal,Express,No,No,38,Cash,Bi-Weekly,79,26.0,3.6635616461296463,95.2526027993708,0.0,0.0,0.0,0.0,0.03882783882783883,0.4564102564102564,3.7150943396226417,3.726725521669342
1266,32,Male,Shirt,Clothing,79,Louisiana,M,Lavender,Spring,2.7,No,Bank Transfer,Next Day Air,Yes,Yes,27,Bank Transfer,Weekly,79,52.0,3.332204510175204,173.27463452911059,0.0,1.0,1.0,1.0,0.04322344322344322,0.4564102564102564,3.669491525423729,3.726725521669342
2109,54,Male,Hoodie,Clothing,46,North Dakota,XL,Beige,Winter,4.2,No,Debit Card,Express,No,No,4,Credit Card,Quarterly,46,4.0,1.6094379124341003,6.437751649736401,0.0,0.0,0.0,0.0,0.03882783882783883,0.4564102564102564,3.776415094339623,3.726725521669342
1982,69,Male,Shoes,Footwear,91,Michigan,L,Violet,Summer,4.7,No,Cash,Express,No,No,42,PayPal,Quarterly,91,4.0,3.7612001156935624,15.04480046277425,0.0,0.0,0.0,0.0,0.036996336996337,0.14908424908424908,3.7099009900990096,3.7808353808353807
143,37,Male,Jacket,Outerwear,58,Nebraska,L,Violet,Fall,3.1,Yes,PayPal,Free Shipping,Yes,Yes,33,Credit Card,Fortnightly,58,26.0,3.5263605246161616,91.6853736400202,1.0,1.0,1.0,1.0,0.04249084249084249,0.08351648351648351,3.752586206896552,3.7504385964912283
671,63,Male,Sweater,Clothing,41,Louisiana,XL,Purple,Spring,4.8,Yes,Credit Card,Next Day Air,Yes,Yes,37,Cash,Bi-Weekly,41,26.0,3.6375861597263857,94.57724015288602,1.0,1.0,1.0,1.0,0.04468864468864469,0.4564102564102564,3.7147540983606557,3.726725521669342
1885,27,Male,Shorts,Clothing,30,Arizona,S,Pink,Summer,4.3,No,Bank Transfer,Next Day Air,No,No,15,Bank Transfer,Bi-Weekly,30,26.0,2.772588722239781,72.0873067782343,0.0,0.0,0.0,0.0,0.04212454212454213,0.4564102564102564,3.6730434782608694,3.726725521669342
2018,70,Male,Socks,Clothing,32,Massachusetts,S,Green,Winter,4.1,No,Venmo,Next Day Air,No,No,42,Bank Transfer,Every 3 Months,32,4.0,3.7612001156935624,15.04480046277425,0.0,0.0,0.0,0.0,0.03882783882783883,0.4564102564102564,3.7150943396226417,3.726725521669342
1044,28,Male,Jeans,Clothing,76,Hawaii,M,Green,Spring,3.3,Yes,Bank Transfer,2-Day Shipping,Yes,Yes,28,Debit Card,Fortnightly,76,26.0,3.367295829986474,87.54969157964833,1.0,1.0,1.0,1.0,0.03406593406593406,0.4564102564102564,3.6,3.726725521669342
1110,66,Male,Hoodie,Clothing,97,Oklahoma,L,Violet,Winter,4.9,No,Debit Card,Next Day Air,Yes,Yes,2,Venmo,Weekly,97,52.0,1.0986122886681098,57.12783901074171,0.0,1.0,1.0,1.0,0.03882783882783883,0.4564102564102564,3.776415094339623,3.726725521669342
2376,60,Male,Backpack,Accessories,63,Virginia,L,Peach,Fall,2.9,No,PayPal,Next Day Air,No,No,18,Credit Card,Quarterly,63,4.0,2.9444389791664403,11.777755916665761,0.0,0.0,0.0,0.0,0.03553113553113553,0.310989010989011,3.693814432989691,3.745465253239105
2027,37,Male,Scarf,Accessories,35,Maine,M,Orange,Winter,3.6,No,Bank Transfer,Express,No,No,45,Bank Transfer,Every 3 Months,35,4.0,3.828641396489095,15.31456558595638,0.0,0.0,0.0,0.0,0.03772893772893773,0.310989010989011,3.721359223300971,3.745465253239105
3016,37,Female,Scarf,Accessories,21,Wyoming,XL,Lavender,Spring,2.8,No,Venmo,Express,No,No,27,Bank Transfer,Bi-Weekly,21,26.0,3.332204510175204,86.63731726455529,0.0,0.0,0.0,0.0,0.03772893772893773,0.310989010989011,3.721359223300971,3.745465253239105
2183,42,Male,Blouse,Clothing,99,New Mexico,M,Maroon,Winter,2.7,No,Cash,Store Pickup,No,No,26,Venmo,Bi-Weekly,99,26.0,3.295836866004329,85.69175851611256,0.0,0.0,0.0,0.0,0.047619047619047616,0.4564102564102564,3.733076923076923,3.726725521669342
2356,22,Male,Skirt,Clothing,35,Tennessee,S,Purple,Winter,4.1,No,PayPal,Next Day Air,No,No,12,Cash,Monthly,35,12.0,2.5649493574615367,30.779392289538443,0.0,0.0,0.0,0.0,0.041758241758241756,0.4564102564102564,3.816666666666667,3.726725521669342
87,24,Male,Hoodie,Clothing,41,Nevada,L,Pink,Spring,3.7,Yes,Venmo,2-Day Shipping,Yes,Yes,47,Cash,Bi-Weekly,41,26.0,3.871201010907891,100.65122628360517,1.0,1.0,1.0,1.0,0.03882783882783883,0.4564102564102564,3.776415094339623,3.726725521669342
2327,66,Male,Skirt,Clothing,63,Oklahoma,L,Maroon,Winter,2.6,No,Cash,Standard,No,No,38,Bank Transfer,Annually,63,1.0,3.6635616461296463,3.6635616461296463,0.0,0.0,0.0,0.0,0.041758241758241756,0.4564102564102564,3.816666666666667,3.726725521669342
2863,68,Female,Coat,Outerwear,75,Hawaii,S,Violet,Summer,4.7,No,Bank Transfer,Store Pickup,No,No,5,Bank Transfer,Every 3 Months,75,4.0,1.791759469228055,7.16703787691222,0.0,0.0,0.0,0.0,0.041025641025641026,0.08351648351648351,3.748214285714286,3.7504385964912283
3345,62,Female,Hat,Accessories,48,Washington,XL,Magenta,Fall,4.3,No,Debit Card,Free Shipping,No,No,20,Cash,Annually,48,1.0,3.044522437723423,3.044522437723423,0.0,0.0,0.0,0.0,0.038461538461538464,0.310989010989011,3.7695238095238097,3.745465253239105
1614,26,Male,Jewelry,Accessories,31,Illinois,S,Black,Summer,4.0,No,Credit Card,Next Day Air,Yes,Yes,6,Credit Card,Fortnightly,31,26.0,1.9459101490553132,50.593663875438146,0.0,1.0,1.0,1.0,0.04212454212454213,0.310989010989011,3.744347826086957,3.745465253239105
858,43,Male,Shorts,Clothing,60,Missouri,L,Cyan,Fall,3.0,Yes,Cash,Standard,Yes,Yes,50,Debit Card,Every 3 Months,60,4.0,3.9318256327243257,15.727302530897303,1.0,1.0,1.0,1.0,0.04212454212454213,0.4564102564102564,3.6730434782608694,3.726725521669342
1889,62,Male,Hoodie,Clothing,89,South Dakota,XL,Turquoise,Winter,3.4,No,Bank Transfer,Free Shipping,No,No,48,Credit Card,Weekly,89,52.0,3.8918202981106265,202.37465550175258,0.0,0.0,0.0,0.0,0.03882783882783883,0.4564102564102564,3.776415094339623,3.726725521669342
638,21,Male,Sweater,Clothing,20,Tennessee,M,Cyan,Winter,3.4,Yes,Cash,2-Day Shipping,Yes,Yes,46,Cash,Fortnightly,20,26.0,3.8501476017100584,100.10383764446152,1.0,1.0,1.0,1.0,0.04468864468864469,0.4564102564102564,3.7147540983606557,3.726725521669342
2517,46,Male,Shorts,Clothing,73,Utah,XL,Brown,Spring,4.6,No,Bank Transfer,Standard,No,No,36,Debit Card,Quarterly,73,4.0,3.6109179126442243,14.443671650576897,0.0,0.0,0.0,0.0,0.04212454212454213,0.4564102564102564,3.6730434782608694,3.726725521669342
310,66,Male,Dress,Clothing,22,Minnesota,M,Yellow,Spring,4.5,Yes,Bank Transfer,Standard,Yes,Yes,21,Cash,Fortnightly,22,26.0,3.091042453358316,80.36710378731621,1.0,1.0,1.0,1.0,0.044322344322344324,0.4564102564102564,3.7479338842975207,3.726725521669342
3834,44,Female,Jacket,Outerwear,93,Arizona,L,Gray,Summer,4.6,No,Cash,Free Shipping,No,No,17,PayPal,Every 3 Months,93,4.0,2.8903717578961645,11.561487031584658,0.0,0.0,0.0,0.0,0.04249084249084249,0.08351648351648351,3.752586206896552,3.7504385964912283
428,58,Male,Backpack,Accessories,91,Illinois,L,Black,Winter,4.5,Yes,Cash,Store Pickup,Yes,Yes,6,Credit Card,Quarterly,91,4.0,1.9459101490553132,7.783640596221253,1.0,1.0,1.0,1.0,0.03553113553113553,0.310989010989011,3.693814432989691,3.745465253239105
1470,28,Male,Jewelry,Accessories,98,Mississippi,M,Purple,Winter,4.4,No,Debit Card,Standard,Yes,Yes,31,PayPal,Every 3 Months,98,4.0,3.4657359027997265,13.862943611198906,0.0,1.0,1.0,1.0,0.04212454212454213,0.310989010989011,3.744347826086957,3.745465253239105
895,44,Male,Hoodie,Clothing,60,Wyoming,L,Purple,Spring,3.8,Yes,Venmo,Free Shipping,Yes,Yes,3,Debit Card,Quarterly,60,4.0,1.3862943611198906,5.545177444479562,1.0,1.0,1.0,1.0,0.03882783882783883,0.4564102564102564,3.776415094339623,3.726725521669342
2274,55,Male,Coat,Outerwear,96,New Mexico,L,Silver,Winter,4.8,No,Credit Card,Express,No,No,13,PayPal,Bi-Weekly,96,26.0,2.6390573296152584,68.61549056999672,0.0,0.0,0.0,0.0,0.041025641025641026,0.08351648351648351,3.748214285714286,3.7504385964912283
2331,60,Male,Backpack,Accessories,63,Arizona,L,Orange,Summer,2.9,No,Venmo,Store Pickup,No,No,47,PayPal,Every 3 Months,63,4.0,3.871201010907891,15.484804043631565,0.0,0.0,0.0,0.0,0.03553113553113553,0.310989010989011,3.693814432989691,3.745465253239105
547,62,Male,Hoodie,Clothing,74,New Mexico,M,Brown,Winter,3.4,Yes,Cash,Free Shipping,Yes,Yes,45,Venmo,Bi-Weekly,74,26.0,3.828641396489095,99.54467630871648,1.0,1.0,1.0,1.0,0.03882783882783883,0.4564102564102564,3.776415094339623,3.726725521669342
3843,35,Female,Jacket,Outerwear,84,Colorado,L,Lavender,Winter,4.2,No,Cash,Next Day Air,No,No,42,Debit Card,Monthly,84,12.0,3.7612001156935624,45.13440138832275,0.0,0.0,0.0,0.0,0.04249084249084249,0.08351648351648351,3.752586206896552,3.7504385964912283
2690,29,Female,Blouse,Clothing,35,Wyoming,M,Orange,Fall,3.9,No,Credit Card,Standard,No,No,47,PayPal,Quarterly,35,4.0,3.871201010907891,15.484804043631565,0.0,0.0,0.0,0.0,0.047619047619047616,0.4564102564102564,3.733076923076923,3.726725521669342
1949,54,Male,T-shirt,Clothing,37,Connecticut,L,Brown,Winter,3.1,No,Debit Card,Next Day Air,No,No,39,PayPal,Bi-Weekly,37,26.0,3.6888794541139363,95.91086580696235,0.0,0.0,0.0,0.0,0.034432234432234435,0.4564102564102564,3.8138297872340425,3.726725521669342
3280,59,Female,Hat,Accessories,50,Wyoming,S,Red,Fall,3.0,No,Credit Card,Express,No,No,1,Debit Card,Fortnightly,50,26.0,0.6931471805599453,18.021826694558577,0.0,0.0,0.0,0.0,0.038461538461538464,0.310989010989011,3.7695238095238097,3.745465253239105
1726,45,Male,Sunglasses,Accessories,33,Massachusetts,M,Indigo,Spring,3.0,No,Cash,Next Day Air,No,No,32,Venmo,Quarterly,33,4.0,3.4965075614664802,13.986030245865921,0.0,0.0,0.0,0.0,0.0380952380952381,0.310989010989011,3.7211538461538463,3.745465253239105
2485,60,Male,Hoodie,Clothing,97,New Hampshire,M,Green,Summer,4.8,No,Bank Transfer,2-Day Shipping,No,No,50,Cash,Every 3 Months,97,4.0,3.9318256327243257,15.727302530897303,0.0,0.0,0.0,0.0,0.03882783882783883,0.4564102564102564,3.776415094339623,3.726725521669342
1567,48,Male,Sneakers,Footwear,99,Wyoming,S,Green,Winter,3.0,No,Credit Card,Free Shipping,Yes,Yes,21,Cash,Bi-Weekly,99,26.0,3.091042453358316,80.36710378731621,0.0,1.0,1.0,1.0,0.03626373626373627,0.14908424908424908,3.749494949494949,3.7808353808353807
408,45,Male,Hoodie,Clothing,76,North Carolina,XL,Teal,Spring,3.1,Yes,Debit Card,Next Day Air,Yes,Yes,5,Credit Card,Bi-Weekly,76,26.0,1.791759469228055,46.58574619992943,1.0,1.0,1.0,1.0,0.03882783882783883,0.4564102564102564,3.776415094339623,3.726725521669342
1766,68,Male,Hoodie,Clothing,88,New Mexico,M,Orange,Spring,4.1,No,Bank Transfer,2-Day Shipping,No,No,41,Venmo,Quarterly,88,4.0,3.7376696182833684,14.950678473133474,0.0,0.0,0.0,0.0,0.03882783882783883,0.4564102564102564,3.776415094339623,3.726725521669342
3281,45,Female,Handbag,Accessories,57,New York,L,Red,Winter,2.7,No,Credit Card,Next Day Air,No,No,5,PayPal,Monthly,57,12.0,1.791759469228055,21.50111363073666,0.0,0.0,0.0,0.0,0.03882783882783883,0.310989010989011,3.7216981132075473,3.745465253239105
1571,30,Male,Pants,Clothing,41,Missouri,L,Brown,Winter,4.8,No,Debit Card,Next Day Air,Yes,Yes,3,Bank Transfer,Every 3 Months,41,4.0,1.3862943611198906,5.545177444479562,0.0,1.0,1.0,1.0,0.04652014652014652,0.4564102564102564,3.729133858267717,3.726725521669342
2885,55,Female,Boots,Footwear,50,Arkansas,M,Purple,Summer,3.4,No,Bank Transfer,2-Day Shipping,No,No,47,Credit Card,Every 3 Months,50,4.0,3.871201010907891,15.484804043631565,0.0,0.0,0.0,0.0,0.036996336996337,0.14908424908424908,3.8237623762376236,3.7808353808353807
1298,44,Male,Sandals,Footwear,85,New Jersey,M,Silver,Summer,4.6,No,Debit Card,Standard,Yes,Yes,32,Venmo,Annually,85,1.0,3.4965075614664802,3.4965075614664802,0.0,1.0,1.0,1.0,0.03882783882783883,0.14908424908424908,3.8367924528301884,3.7808353808353807
1921,51,Male,Blouse,Clothing,84,Connecticut,M,Purple,Spring,2.8,No,Bank Transfer,Standard,No,No,40,Cash,Every 3 Months,84,4.0,3.713572066704308,14.854288266817232,0.0,0.0,0.0,0.0,0.047619047619047616,0.4564102564102564,3.733076923076923,3.726725521669342
3508,46,Female,Handbag,Accessories,65,Colorado,S,Purple,Spring,4.2,No,Bank Transfer,Store Pickup,No,No,33,Credit Card,Every 3 Months,65,4.0,3.5263605246161616,14.105442098464646,0.0,0.0,0.0,0.0,0.03882783882783883,0.310989010989011,3.7216981132075473,3.745465253239105
2583,19,Male,Dress,Clothing,98,South Dakota,S,Indigo,Fall,3.6,No,Venmo,2-Day Shipping,No,No,4,Venmo,Every 3 Months,98,4.0,1.6094379124341003,6.437751649736401,0.0,0.0,0.0,0.0,0.044322344322344324,0.4564102564102564,3.7479338842975207,3.726725521669342
2756,59,Female,Belt,Accessories,97,Nevada,M,Indigo,Winter,3.3,No,Venmo,Store Pickup,No,No,18,Credit Card,Annually,97,1.0,2.9444389791664403,2.9444389791664403,0.0,0.0,0.0,0.0,0.04395604395604396,0.310989010989011,3.73,3.745465253239105
155,41,Male,Dress,Clothing,98,Oklahoma,M,Charcoal,Fall,3.6,Yes,Debit Card,Next Day Air,Yes,Yes,21,Venmo,Quarterly,98,4.0,3.091042453358316,12.364169813433264,1.0,1.0,1.0,1.0,0.044322344322344324,0.4564102564102564,3.7479338842975207,3.726725521669342
3119,61,Female,Shorts,Clothing,97,Virginia,L,Blue,Summer,4.7,No,Venmo,Standard,No,No,31,Debit Card,Quarterly,97,4.0,3.4657359027997265,13.862943611198906,0.0,0.0,0.0,0.0,0.04212454212454213,0.4564102564102564,3.6730434782608694,3.726725521669342
3799,63,Female,Jewelry,Accessories,72,Rhode Island,S,Brown,Winter,3.2,No,Credit Card,Next Day Air,No,No,23,Credit Card,Annually,72,1.0,3.1780538303479458,3.1780538303479458,0.0,0.0,0.0,0.0,0.04212454212454213,0.310989010989011,3.744347826086957,3.745465253239105
3189,42,Female,Blouse,Clothing,59,Vermont,M,Lavender,Winter,3.5,No,Venmo,Standard,No,No,39,Bank Transfer,Monthly,59,12.0,3.6888794541139363,44.26655344936724,0.0,0.0,0.0,0.0,0.047619047619047616,0.4564102564102564,3.733076923076923,3.726725521669342
2014,39,Male,Backpack,Accessories,70,Virginia,M,Peach,Winter,4.9,No,PayPal,Standard,No,No,25,Debit Card,Quarterly,70,4.0,3.258096538021482,13.032386152085929,0.0,0.0,0.0,0.0,0.03553113553113553,0.310989010989011,3.693814432989691,3.745465253239105
2836,33,Female,T-shirt,Clothing,84,Vermont,S,Pink,Winter,4.9,No,Credit Card,Free Shipping,No,No,7,Venmo,Annually,84,1.0,2.0794415416798357,2.0794415416798357,0.0,0.0,0.0,0.0,0.034432234432234435,0.4564102564102564,3.8138297872340425,3.726725521669342
2266,36,Male,Coat,Outerwear,94,Montana,XL,Yellow,Fall,3.9,No,Bank Transfer,Store Pickup,No,No,10,PayPal,Quarterly,94,4.0,2.3978952727983707,9.591581091193483,0.0,0.0,0.0,0.0,0.041025641025641026,0.08351648351648351,3.748214285714286,3.7504385964912283
3622,38,Female,Sneakers,Footwear,32,New Jersey,XL,Silver,Summer,4.0,No,Venmo,2-Day Shipping,No,No,5,Cash,Fortnightly,32,26.0,1.791759469228055,46.58574619992943,0.0,0.0,0.0,0.0,0.03626373626373627,0.14908424908424908,3.749494949494949,3.7808353808353807
450,26,Male,Jewelry,Accessories,45,New York,L,Peach,Summer,2.9,Yes,PayPal,2-Day Shipping,Yes,Yes,35,Bank Transfer,Monthly,45,12.0,3.58351893845611,43.00222726147332,1.0,1.0,1.0,1.0,0.04212454212454213,0.310989010989011,3.744347826086957,3.745465253239105
204,70,Male,Scarf,Accessories,38,Indiana,S,Yellow,Fall,3.2,Yes,PayPal,Next Day Air,Yes,Yes,18,Bank Transfer,Weekly,38,52.0,2.9444389791664403,153.1108269166549,1.0,1.0,1.0,1.0,0.03772893772893773,0.310989010989011,3.721359223300971,3.745465253239105
573,56,Male,Scarf,Accessories,97,South Carolina,XL,Cyan,Summer,4.6,Yes,Credit Card,Next Day Air,Yes,Yes,26,Bank Transfer,Annually,97,1.0,3.295836866004329,3.295836866004329,1.0,1.0,1.0,1.0,0.03772893772893773,0.310989010989011,3.721359223300971,3.745465253239105
3584,52,Female,Blouse,Clothing,77,Arizona,L,Brown,Summer,2.7,No,Debit Card,Store Pickup,No,No,44,Credit Card,Every 3 Months,77,4.0,3.8066624897703196,15.226649959081278,0.0,0.0,0.0,0.0,0.047619047619047616,0.4564102564102564,3.733076923076923,3.726725521669342
2099,49,Male,T-shirt,Clothing,28,Louisiana,M,White,Summer,3.3,No,Credit Card,2-Day Shipping,No,No,20,Venmo,Quarterly,28,4.0,3.044522437723423,12.178089750893692,0.0,0.0,0.0,0.0,0.034432234432234435,0.4564102564102564,3.8138297872340425,3.726725521669342
735,65,Male,Shirt,Clothing,69,New Jersey,S,Violet,Winter,3.1,Yes,Venmo,Express,Yes,Yes,39,Bank Transfer,Every 3 Months,69,4.0,3.6888794541139363,14.755517816455745,1.0,1.0,1.0,1.0,0.04322344322344322,0.4564102564102564,3.669491525423729,3.726725521669342
2273,29,Male,Jacket,Outerwear,38,Maine,L,Charcoal,Spring,4.0,No,Venmo,Standard,No,No,44,PayPal,Monthly,38,12.0,3.8066624897703196,45.679949877243835,0.0,0.0,0.0,0.0,0.04249084249084249,0.08351648351648351,3.752586206896552,3.7504385964912283
2522,29,Male,Handbag,Accessories,33,Minnesota,M,Magenta,Fall,4.4,No,Debit Card,Standard,No,No,18,PayPal,Every 3 Months,33,4.0,2.9444389791664403,11.777755916665761,0.0,0.0,0.0,0.0,0.03882783882783883,0.310989010989011,3.7216981132075473,3.745465253239105
3098,48,Female,Shoes,Footwear,33,Delaware,M,Silver,Fall,3.7,No,Debit Card,Free Shipping,No,No,39,Bank Transfer,Quarterly,33,4.0,3.6888794541139363,14.755517816455745,0.0,0.0,0.0,0.0,0.036996336996337,0.14908424908424908,3.7099009900990096,3.7808353808353807
3165,40,Female,Dress,Clothing,32,Arizona,L,Silver,Winter,2.6,No,Cash,Standard,No,No,16,Credit Card,Annually,32,1.0,2.833213344056216,2.833213344056216,0.0,0.0,0.0,0.0,0.044322344322344324,0.4564102564102564,3.7479338842975207,3.726725521669342
514,22,Male,Scarf,Accessories,65,New Mexico,M,Peach,Fall,3.6,Yes,PayPal,Store Pickup,Yes,Yes,45,Venmo,Annually,65,1.0,3.828641396489095,3.828641396489095,1.0,1.0,1.0,1.0,0.03772893772893773,0.310989010989011,3.721359223300971,3.745465253239105
835,52,Male,Backpack,Accessories,89,Nevada,M,Indigo,Summer,3.1,Yes,Debit Card,Free Shipping,Yes,Yes,18,Credit Card,Weekly,89,52.0,2.9444389791664403,153.1108269166549,1.0,1.0,1.0,1.0,0.03553113553113553,0.310989010989011,3.693814432989691,3.745465253239105
2445,47,Male,Scarf,Accessories,65,West Virginia,S,Gold,Fall,3.7,No,Cash,Express,No,No,15,Debit Card,Bi-Weekly,65,26.0,2.772588722239781,72.0873067782343,0.0,0.0,0.0,0.0,0.03772893772893773,0.310989010989011,3.721359223300971,3.745465253239105
209,57,Male,Skirt,Clothing,38,Wisconsin,M,Gold,Spring,4.1,Yes,Cash,Store Pickup,Yes,Yes,17,Credit Card,Monthly,38,12.0,2.8903717578961645,34.68446109475397,1.0,1.0,1.0,1.0,0.041758241758241756,0.4564102564102564,3.816666666666667,3.726725521669342
1676,35,Male,Pants,Clothing,90,Colorado,M,Beige,Spring,4.7,No,Venmo,Next Day Air,Yes,Yes,21,Credit Card,Annually,90,1.0,3.091042453358316,3.091042453358316,0.0,1.0,1.0,1.0,0.04652014652014652,0.4564102564102564,3.729133858267717,3.726725521669342
2324,35,Male,Gloves,Accessories,93,Maryland,L,White,Winter,4.7,No,Bank Transfer,Express,No,No,36,Credit Card,Monthly,93,12.0,3.6109179126442243,43.331014951730694,0.0,0.0,0.0,0.0,0.03626373626373627,0.310989010989011,3.8666666666666667,3.745465253239105
235,20,Male,Gloves,Accessories,39,South Dakota,S,Silver,Summer,3.7,Yes,PayPal,Next Day Air,Yes,Yes,24,Credit Card,Weekly,39,52.0,3.2188758248682006,167.38154289314642,1.0,1.0,1.0,1.0,0.03626373626373627,0.310989010989011,3.8666666666666667,3.745465253239105
2865,58,Female,Sweater,Clothing,43,Illinois,S,Maroon,Fall,3.6,No,Debit Card,Store Pickup,No,No,31,Venmo,Weekly,43,52.0,3.4657359027997265,180.21826694558578,0.0,0.0,0.0,0.0,0.04468864468864469,0.4564102564102564,3.7147540983606557,3.726725521669342
2152,70,Male,Jeans,Clothing,58,Vermont,L,Brown,Fall,2.6,No,Venmo,2-Day Shipping,No,No,18,Venmo,Monthly,58,12.0,2.9444389791664403,35.33326774999728,0.0,0.0,0.0,0.0,0.03406593406593406,0.4564102564102564,3.6,3.726725521669342
2309,49,Male,Sunglasses,Accessories,81,North Dakota,M,Teal,Winter,3.4,No,Bank Transfer,2-Day Shipping,No,No,22,Bank Transfer,Quarterly,81,4.0,3.1354942159291497,12.541976863716599,0.0,0.0,0.0,0.0,0.0380952380952381,0.310989010989011,3.7211538461538463,3.745465253239105
1984,59,Male,Scarf,Accessories,97,Georgia,M,Pink,Summer,2.6,No,Credit Card,Next Day Air,No,No,21,Debit Card,Quarterly,97,4.0,3.091042453358316,12.364169813433264,0.0,0.0,0.0,0.0,0.03772893772893773,0.310989010989011,3.721359223300971,3.745465253239105
2390,25,Male,Coat,Outerwear,87,Kansas,M,Violet,Spring,3.1,No,Cash,Store Pickup,No,No,17,Bank Transfer,Every 3 Months,87,4.0,2.8903717578961645,11.561487031584658,0.0,0.0,0.0,0.0,0.041025641025641026,0.08351648351648351,3.748214285714286,3.7504385964912283
3170,35,Female,T-shirt,Clothing,59,Georgia,M,White,Fall,3.8,No,Venmo,Free Shipping,No,No,3,Venmo,Weekly,59,52.0,1.3862943611198906,72.0873067782343,0.0,0.0,0.0,0.0,0.034432234432234435,0.4564102564102564,3.8138297872340425,3.726725521669342
338,32,Male,Sweater,Clothing,59,New Mexico,M,Cyan,Winter,4.3,Yes,Cash,2-Day Shipping,Yes,Yes,16,Bank Transfer,Annually,59,1.0,2.833213344056216,2.833213344056216,1.0,1.0,1.0,1.0,0.04468864468864469,0.4564102564102564,3.7147540983606557,3.726725521669342
289,30,Male,T-shirt,Clothing,62,North Carolina,M,Lavender,Winter,3.7,Yes,Credit Card,2-Day Shipping,Yes,Yes,34,Venmo,Bi-Weekly,62,26.0,3.5553480614894135,92.43904959872475,1.0,1.0,1.0,1.0,0.034432234432234435,0.4564102564102564,3.8138297872340425,3.726725521669342
3195,43,Female,Sneakers,Footwear,52,Maryland,L,Gold,Summer,4.6,No,Debit Card,Standard,No,No,10,Credit Card,Bi-Weekly,52,26.0,2.3978952727983707,62.34527709275764,0.0,0.0,0.0,0.0,0.03626373626373627,0.14908424908424908,3.749494949494949,3.7808353808353807
2631,29,Male,Skirt,Clothing,82,Maine,S,Pink,Spring,4.2,No,Bank Transfer,Free Shipping,No,No,20,Cash,Quarterly,82,4.0,3.044522437723423,12.178089750893692,0.0,0.0,0.0,0.0,0.041758241758241756,0.4564102564102564,3.816666666666667,3.726725521669342
3697,63,Female,Blouse,Clothing,48,Connecticut,L,Turquoise,Fall,3.4,No,Venmo,Next Day Air,No,No,26,Bank Transfer,Annually,48,1.0,3.295836866004329,3.295836866004329,0.0,0.0,0.0,0.0,0.047619047619047616,0.4564102564102564,3.733076923076923,3.726725521669342
2177,24,Male,Belt,Accessories,91,Vermont,S,Red,Winter,3.4,No,Venmo,2-Day Shipping,No,No,44,Debit Card,Quarterly,91,4.0,3.8066624897703196,15.226649959081278,0.0,0.0,0.0,0.0,0.04395604395604396,0.310989010989011,3.73,3.745465253239105
2949,61,Female,Pants,Clothing,83,Vermont,M,Violet,Winter,3.1,No,Credit Card,Standard,No,No,38,Debit Card,Bi-Weekly,83,26.0,3.6635616461296463,95.2526027993708,0.0,0.0,0.0,0.0,0.04652014652014652,0.4564102564102564,3.729133858267717,3.726725521669342
1612,41,Male,Pants,Clothing,26,Arkansas,L,Yellow,Winter,4.5,No,PayPal,Next Day Air,Yes,Yes,6,Debit Card,Monthly,26,12.0,1.9459101490553132,23.350921788663758,0.0,1.0,1.0,1.0,0.04652014652014652,0.4564102564102564,3.729133858267717,3.726725521669342
99,20,Male,Jeans,Clothing,67,New York,XL,Teal,Spring,2.6,Yes,Cash,Next Day Air,Yes,Yes,20,Bank Transfer,Annually,67,1.0,3.044522437723423,3.044522437723423,1.0,1.0,1.0,1.0,0.03406593406593406,0.4564102564102564,3.6,3.726725521669342
1876,63,Male,Boots,Footwear,71,Tennessee,M,Brown,Winter,3.9,No,Debit Card,Next Day Air,No,No,6,Credit Card,Quarterly,71,4.0,1.9459101490553132,7.783640596221253,0.0,0.0,0.0,0.0,0.036996336996337,0.14908424908424908,3.8237623762376236,3.7808353808353807
11,53,Male,Shoes,Footwear,34,Arkansas,L,Purple,Fall,4.1,Yes,Credit Card,Store Pickup,Yes,Yes,26,Bank Transfer,Bi-Weekly,34,26.0,3.295836866004329,85.69175851611256,1.0,1.0,1.0,1.0,0.036996336996337,0.14908424908424908,3.7099009900990096,3.7808353808353807
1055,18,Male,Shorts,Clothing,96,Arkansas,L,Cyan,Winter,4.9,No,Debit Card,Express,Yes,Yes,48,PayPal,Quarterly,96,4.0,3.8918202981106265,15.567281192442506,0.0,1.0,1.0,1.0,0.04212454212454213,0.4564102564102564,3.6730434782608694,3.726725521669342
1547,60,Male,Sneakers,Footwear,51,Oregon,XL,Purple,Summer,3.8,No,Credit Card,Express,Yes,Yes,17,Bank Transfer,Annually,51,1.0,2.8903717578961645,2.8903717578961645,0.0,1.0,1.0,1.0,0.03626373626373627,0.14908424908424908,3.749494949494949,3.7808353808353807
2850,56,Female,Coat,Outerwear,25,New Hampshire,M,Gold,Spring,4.1,No,Credit Card,Express,No,No,27,PayPal,Bi-Weekly,25,26.0,3.332204510175204,86.63731726455529,0.0,0.0,0.0,0.0,0.041025641025641026,0.08351648351648351,3.748214285714286,3.7504385964912283
1851,51,Male,Gloves,Accessories,76,Wyoming,S,Black,Winter,2.8,No,Credit Card,Store Pickup,No,No,50,Debit Card,Weekly,76,52.0,3.9318256327243257,204.45493290166493,0.0,0.0,0.0,0.0,0.03626373626373627,0.310989010989011,3.8666666666666667,3.745465253239105
503,59,Male,Pants,Clothing,30,South Carolina,S,Cyan,Fall,2.8,Yes,Cash,Express,Yes,Yes,8,PayPal,Fortnightly,30,26.0,2.1972245773362196,57.12783901074171,1.0,1.0,1.0,1.0,0.04652014652014652,0.4564102564102564,3.729133858267717,3.726725521669342
2751,51,Female,Sandals,Footwear,66,Alaska,L,Pink,Spring,2.7,No,Cash,2-Day Shipping,No,No,26,PayPal,Every 3 Months,66,4.0,3.295836866004329,13.183347464017316,0.0,0.0,0.0,0.0,0.03882783882783883,0.14908424908424908,3.8367924528301884,3.7808353808353807
675,48,Male,Jewelry,Accessories,33,Washington,XL,Beige,Winter,4.7,Yes,Venmo,Store Pickup,Yes,Yes,36,Bank Transfer,Annually,33,1.0,3.6109179126442243,3.6109179126442243,1.0,1.0,1.0,1.0,0.04212454212454213,0.310989010989011,3.744347826086957,3.745465253239105
2111,52,Male,Socks,Clothing,93,Montana,L,Cyan,Spring,3.9,No,Cash,Store Pickup,No,No,36,Debit Card,Every 3 Months,93,4.0,3.6109179126442243,14.443671650576897,0.0,0.0,0.0,0.0,0.03882783882783883,0.4564102564102564,3.7150943396226417,3.726725521669342
2134,21,Male,Hat,Accessories,34,Maine,M,Olive,Summer,3.8,No,PayPal,Standard,No,No,13,Bank Transfer,Annually,34,1.0,2.6390573296152584,2.6390573296152584,0.0,0.0,0.0,0.0,0.038461538461538464,0.310989010989011,3.7695238095238097,3.745465253239105
1050,45,Male,Sunglasses,Accessories,33,Virginia,S,Purple,Fall,2.8,Yes,Credit Card,Store Pickup,Yes,Yes,24,Cash,Quarterly,33,4.0,3.2188758248682006,12.875503299472802,1.0,1.0,1.0,1.0,0.0380952380952381,0.310989010989011,3.7211538461538463,3.745465253239105
657,42,Male,Jeans,Clothing,23,Pennsylvania,M,Beige,Summer,3.9,Yes,Debit Card,Standard,Yes,Yes,6,PayPal,Quarterly,23,4.0,1.9459101490553132,7.783640596221253,1.0,1.0,1.0,1.0,0.03406593406593406,0.4564102564102564,3.6,3.726725521669342
1714,49,Male,Jacket,Outerwear,22,Missouri,M,Pink,Winter,4.6,No,Venmo,Free Shipping,No,No,37,PayPal,Quarterly,22,4.0,3.6375861597263857,14.550344638905543,0.0,0.0,0.0,0.0,0.04249084249084249,0.08351648351648351,3.752586206896552,3.7504385964912283
2042,66,Male,Jacket,Outerwear,32,New York,S,Lavender,Winter,3.2,No,Cash,Next Day Air,No,No,14,PayPal,Bi-Weekly,32,26.0,2.70805020110221,70.40930522865746,0.0,0.0,0.0,0.0,0.04249084249084249,0.08351648351648351,3.752586206896552,3.7504385964912283
2167,31,Male,Jacket,Outerwear,88,New Jersey,S,Purple,Spring,3.5,No,Venmo,Express,No,No,50,Credit Card,Bi-Weekly,88,26.0,3.9318256327243257,102.22746645083247,0.0,0.0,0.0,0.0,0.04249084249084249,0.08351648351648351,3.752586206896552,3.7504385964912283
1134,36,Male,Shoes,Footwear,36,Connecticut,XL,Magenta,Winter,4.1,No,PayPal,2-Day Shipping,Yes,Yes,29,Cash,Weekly,36,52.0,3.4011973816621555,176.86226384643209,0.0,1.0,1.0,1.0,0.036996336996337,0.14908424908424908,3.7099009900990096,3.7808353808353807
3407,57,Female,Sweater,Clothing,79,Nebraska,M,Red,Spring,4.0,No,Venmo,Store Pickup,No,No,24,Venmo,Quarterly,79,4.0,3.2188758248682006,12.875503299472802,0.0,0.0,0.0,0.0,0.04468864468864469,0.4564102564102564,3.7147540983606557,3.726725521669342
363,53,Male,Sneakers,Footwear,64,Texas,M,Charcoal,Fall,3.4,Yes,Cash,Free Shipping,Yes,Yes,1,Venmo,Fortnightly,64,26.0,0.6931471805599453,18.021826694558577,1.0,1.0,1.0,1.0,0.03626373626373627,0.14908424908424908,3.749494949494949,3.7808353808353807
1694,63,Male,Jacket,Outerwear,88,Tennessee,XL,Olive,Fall,4.9,No,Venmo,Standard,No,No,45,Bank Transfer,Fortnightly,88,26.0,3.828641396489095,99.54467630871648,0.0,0.0,0.0,0.0,0.04249084249084249,0.08351648351648351,3.752586206896552,3.7504385964912283
730,41,Male,Sunglasses,Accessories,56,Minnesota,L,Beige,Summer,3.2,Yes,Venmo,Express,Yes,Yes,46,PayPal,Every 3 Months,56,4.0,3.8501476017100584,15.400590406840234,1.0,1.0,1.0,1.0,0.0380952380952381,0.310989010989011,3.7211538461538463,3.745465253239105
1559,35,Male,Sunglasses,Accessories,75,New Mexico,XL,Teal,Fall,3.5,No,Credit Card,Express,Yes,Yes,24,Credit Card,Every 3 Months,75,4.0,3.2188758248682006,12.875503299472802,0.0,1.0,1.0,1.0,0.0380952380952381,0.310989010989011,3.7211538461538463,3.745465253239105
2976,61,Female,Scarf,Accessories,68,Georgia,XL,Lavender,Winter,4.5,No,PayPal,2-Day Shipping,No,No,48,Cash,Every 3 Months,68,4.0,3.8918202981106265,15.567281192442506,0.0,0.0,0.0,0.0,0.03772893772893773,0.310989010989011,3.721359223300971,3.745465253239105
954,68,Male,Sunglasses,Accessories,50,Utah,S,Cyan,Spring,3.6,Yes,Credit Card,2-Day Shipping,Yes,Yes,36,Venmo,Quarterly,50,4.0,3.6109179126442243,14.443671650576897,1.0,1.0,1.0,1.0,0.0380952380952381,0.310989010989011,3.7211538461538463,3.745465253239105
2258,41,Male,Skirt,Clothing,32,Tennessee,L,Olive,Fall,4.2,No,PayPal,Standard,No,No,6,Bank Transfer,Annually,32,1.0,1.9459101490553132,1.9459101490553132,0.0,0.0,0.0,0.0,0.041758241758241756,0.4564102564102564,3.816666666666667,3.726725521669342
540,49,Male,Coat,Outerwear,48,Wyoming,M,Violet,Winter,4.0,Yes,Cash,Store Pickup,Yes,Yes,49,Debit Card,Weekly,48,52.0,3.912023005428146,203.42519628226358,1.0,1.0,1.0,1.0,0.041025641025641026,0.08351648351648351,3.748214285714286,3.7504385964912283
2020,31,Male,Shirt,Clothing,68,Idaho,S,Red,Winter,4.7,No,PayPal,Store Pickup,No,No,23,Cash,Fortnightly,68,26.0,3.1780538303479458,82.62939958904659,0.0,0.0,0.0,0.0,0.04322344322344322,0.4564102564102564,3.669491525423729,3.726725521669342
3610,21,Female,Socks,Clothing,39,New Mexico,M,Cyan,Summer,3.0,No,Debit Card,2-Day Shipping,No,No,31,Debit Card,Monthly,39,12.0,3.4657359027997265,41.58883083359672,0.0,0.0,0.0,0.0,0.03882783882783883,0.4564102564102564,3.7150943396226417,3.726725521669342
2028,50,Male,Shoes,Footwear,73,Nebraska,S,Gold,Fall,4.8,No,Venmo,Standard,No,No,50,Credit Card,Every 3 Months,73,4.0,3.9318256327243257,15.727302530897303,0.0,0.0,0.0,0.0,0.036996336996337,0.14908424908424908,3.7099009900990096,3.7808353808353807
181,51,Male,Sandals,Footwear,81,South Dakota,L,Green,Fall,3.3,Yes,Cash,Store Pickup,Yes,Yes,12,Debit Card,Fortnightly,81,26.0,2.5649493574615367,66.68868329399996,1.0,1.0,1.0,1.0,0.03882783882783883,0.14908424908424908,3.8367924528301884,3.7808353808353807
660,62,Male,Shorts,Clothing,52,Virginia,S,Gold,Spring,3.6,Yes,Debit Card,2-Day Shipping,Yes,Yes,8,Cash,Weekly,52,52.0,2.1972245773362196,114.25567802148342,1.0,1.0,1.0,1.0,0.04212454212454213,0.4564102564102564,3.6730434782608694,3.726725521669342
3331,38,Female,Sneakers,Footwear,96,Missouri,M,Black,Spring,3.2,No,PayPal,2-Day Shipping,No,No,41,Bank Transfer,Quarterly,96,4.0,3.7376696182833684,14.950678473133474,0.0,0.0,0.0,0.0,0.03626373626373627,0.14908424908424908,3.749494949494949,3.7808353808353807
372,27,Male,Sneakers,Footwear,83,North Carolina,S,Pink,Winter,3.2,Yes,Bank Transfer,2-Day Shipping,Yes,Yes,47,PayPal,Monthly,83,12.0,3.871201010907891,46.454412130894696,1.0,1.0,1.0,1.0,0.03626373626373627,0.14908424908424908,3.749494949494949,3.7808353808353807
3708,35,Female,Gloves,Accessories,79,Illinois,M,Gold,Fall,3.4,No,Bank Transfer,2-Day Shipping,No,No,19,Venmo,Weekly,79,52.0,2.995732273553991,155.77807822480753,0.0,0.0,0.0,0.0,0.03626373626373627,0.310989010989011,3.8666666666666667,3.745465253239105
2009,57,Male,Skirt,Clothing,48,Florida,M,Gray,Spring,2.5,No,PayPal,Free Shipping,No,No,27,PayPal,Every 3 Months,48,4.0,3.332204510175204,13.328818040700815,0.0,0.0,0.0,0.0,0.041758241758241756,0.4564102564102564,3.816666666666667,3.726725521669342
3811,46,Female,Skirt,Clothing,79,Wisconsin,L,Peach,Fall,3.9,No,Debit Card,Free Shipping,No,No,29,Venmo,Monthly,79,12.0,3.4011973816621555,40.814368579945864,0.0,0.0,0.0,0.0,0.041758241758241756,0.4564102564102564,3.816666666666667,3.726725521669342
1789,66,Male,Blouse,Clothing,41,Illinois,L,Pink,Summer,3.1,No,PayPal,Store Pickup,No,No,23,Cash,Bi-Weekly,41,26.0,3.1780538303479458,82.62939958904659,0.0,0.0,0.0,0.0,0.047619047619047616,0.4564102564102564,3.733076923076923,3.726725521669342
1663,63,Male,Sunglasses,Accessories,24,New Mexico,M,Olive,Winter,4.6,No,Debit Card,Free Shipping,Yes,Yes,46,Debit Card,Fortnightly,24,26.0,3.8501476017100584,100.10383764446152,0.0,1.0,1.0,1.0,0.0380952380952381,0.310989010989011,3.7211538461538463,3.745465253239105
3262,48,Female,Belt,Accessories,52,Rhode Island,L,Cyan,Winter,3.4,No,Bank Transfer,Store Pickup,No,No,50,Debit Card,Weekly,52,52.0,3.9318256327243257,204.45493290166493,0.0,0.0,0.0,0.0,0.04395604395604396,0.310989010989011,3.73,3.745465253239105
1588,41,Male,Socks,Clothing,99,Alabama,M,Beige,Summer,3.5,No,Venmo,Free Shipping,Yes,Yes,33,Credit Card,Fortnightly,99,26.0,3.5263605246161616,91.6853736400202,0.0,1.0,1.0,1.0,0.03882783882783883,0.4564102564102564,3.7150943396226417,3.726725521669342
2510,19,Male,Socks,Clothing,48,Washington,M,Black,Spring,4.4,No,PayPal,Free Shipping,No,No,9,Bank Transfer,Quarterly,48,4.0,2.302585092994046,9.210340371976184,0.0,0.0,0.0,0.0,0.03882783882783883,0.4564102564102564,3.7150943396226417,3.726725521669342
379,54,Male,Dress,Clothing,62,Nevada,L,Orange,Winter,4.9,Yes,Cash,Next Day Air,Yes,Yes,23,Credit Card,Monthly,62,12.0,3.1780538303479458,38.13664596417535,1.0,1.0,1.0,1.0,0.044322344322344324,0.4564102564102564,3.7479338842975207,3.726725521669342
3855,57,Female,T-shirt,Clothing,20,Florida,M,Black,Spring,4.2,No,Venmo,Free Shipping,No,No,4,Venmo,Annually,20,1.0,1.6094379124341003,1.6094379124341003,0.0,0.0,0.0,0.0,0.034432234432234435,0.4564102564102564,3.8138297872340425,3.726725521669342
656,20,Male,Handbag,Accessories,36,Mississippi,S,Purple,Fall,3.1,Yes,Debit Card,Free Shipping,Yes,Yes,19,Venmo,Monthly,36,12.0,2.995732273553991,35.94878728264789,1.0,1.0,1.0,1.0,0.03882783882783883,0.310989010989011,3.7216981132075473,3.745465253239105
524,46,Male,Sandals,Footwear,40,Delaware,M,Orange,Spring,4.9,Yes,Cash,Express,Yes,Yes,5,PayPal,Quarterly,40,4.0,1.791759469228055,7.16703787691222,1.0,1.0,1.0,1.0,0.03882783882783883,0.14908424908424908,3.8367924528301884,3.7808353808353807
981,56,Male,Boots,Footwear,98,Maryland,S,Magenta,Spring,4.0,Yes,Bank Transfer,Free Shipping,Yes,Yes,39,PayPal,Every 3 Months,98,4.0,3.6888794541139363,14.755517816455745,1.0,1.0,1.0,1.0,0.036996336996337,0.14908424908424908,3.8237623762376236,3.7808353808353807
56,40,Male,Jacket,Outerwear,28,South Carolina,M,Lavender,Winter,3.0,Yes,Venmo,2-Day Shipping,Yes,Yes,49,Credit Card,Annually,28,1.0,3.912023005428146,3.912023005428146,1.0,1.0,1.0,1.0,0.04249084249084249,0.08351648351648351,3.752586206896552,3.7504385964912283
3254,36,Female,Backpack,Accessories,60,Nebraska,M,Brown,Fall,3.2,No,Debit Card,2-Day Shipping,No,No,8,Venmo,Fortnightly,60,26.0,2.1972245773362196,57.12783901074171,0.0,0.0,0.0,0.0,0.03553113553113553,0.310989010989011,3.693814432989691,3.745465253239105
1503,37,Male,Pants,Clothing,66,Massachusetts,M,Black,Summer,3.2,No,PayPal,Store Pickup,Yes,Yes,20,Cash,Fortnightly,66,26.0,3.044522437723423,79.157583380809,0.0,1.0,1.0,1.0,0.04652014652014652,0.4564102564102564,3.729133858267717,3.726725521669342
2163,60,Male,Shorts,Clothing,48,Oregon,S,Black,Summer,2.7,No,Credit Card,Free Shipping,No,No,32,PayPal,Weekly,48,52.0,3.4965075614664802,181.81839319625698,0.0,0.0,0.0,0.0,0.04212454212454213,0.4564102564102564,3.6730434782608694,3.726725521669342
116,53,Male,Skirt,Clothing,94,Wyoming,M,Gray,Spring,3.8,Yes,Cash,Standard,Yes,Yes,48,Debit Card,Every 3 Months,94,4.0,3.8918202981106265,15.567281192442506,1.0,1.0,1.0,1.0,0.041758241758241756,0.4564102564102564,3.816666666666667,3.726725521669342
3046,42,Female,Socks,Clothing,37,Florida,L,Black,Winter,4.6,No,Debit Card,2-Day Shipping,No,No,4,PayPal,Bi-Weekly,37,26.0,1.6094379124341003,41.845385723286604,0.0,0.0,0.0,0.0,0.03882783882783883,0.4564102564102564,3.7150943396226417,3.726725521669342
3898,46,Female,Belt,Accessories,33,New Jersey,L,Green,Spring,2.9,No,Credit Card,Standard,No,No,24,Venmo,Quarterly,33,4.0,3.2188758248682006,12.875503299472802,0.0,0.0,0.0,0.0,0.04395604395604396,0.310989010989011,3.73,3.745465253239105
3829,42,Female,Blouse,Clothing,82,Mississippi,M,Charcoal,Spring,3.4,No,Venmo,Free Shipping,No,No,8,Cash,Weekly,82,52.0,2.1972245773362196,114.25567802148342,0.0,0.0,0.0,0.0,0.047619047619047616,0.4564102564102564,3.733076923076923,3.726725521669342
2185,38,Male,Shoes,Footwear,34,Nevada,S,Gold,Spring,3.2,No,PayPal,Free Shipping,No,No,16,PayPal,Every 3 Months,34,4.0,2.833213344056216,11.332853376224865,0.0,0.0,0.0,0.0,0.036996336996337,0.14908424908424908,3.7099009900990096,3.7808353808353807
358,18,Male,Belt,Accessories,56,Arkansas,M,Olive,Spring,4.0,Yes,Bank Transfer,Standard,Yes,Yes,16,Credit Card,Bi-Weekly,56,26.0,2.833213344056216,73.66354694546162,1.0,1.0,1.0,1.0,0.04395604395604396,0.310989010989011,3.73,3.745465253239105
391,25,Male,Gloves,Accessories,71,Indiana,M,Indigo,Winter,3.2,Yes,Debit Card,2-Day Shipping,Yes,Yes,19,PayPal,Annually,71,1.0,2.995732273553991,2.995732273553991,1.0,1.0,1.0,1.0,0.03626373626373627,0.310989010989011,3.8666666666666667,3.745465253239105
2073,39,Male,Backpack,Accessories,66,Massachusetts,M,Beige,Winter,3.9,No,Credit Card,Next Day Air,No,No,22,Bank Transfer,Weekly,66,52.0,3.1354942159291497,163.04569922831578,0.0,0.0,0.0,0.0,0.03553113553113553,0.310989010989011,3.693814432989691,3.745465253239105
3618,48,Female,Belt,Accessories,47,Kentucky,M,Lavender,Fall,4.3,No,Debit Card,Express,No,No,29,Debit Card,Monthly,47,12.0,3.4011973816621555,40.814368579945864,0.0,0.0,0.0,0.0,0.04395604395604396,0.310989010989011,3.73,3.745465253239105
52,59,Male,Skirt,Clothing,59,Vermont,XL,Gray,Winter,4.7,Yes,PayPal,2-Day Shipping,Yes,Yes,7,Credit Card,Quarterly,59,4.0,2.0794415416798357,8.317766166719343,1.0,1.0,1.0,1.0,0.041758241758241756,0.4564102564102564,3.816666666666667,3.726725521669342
281,45,Male,Sandals,Footwear,69,Montana,S,Cyan,Fall,4.2,Yes,Debit Card,2-Day Shipping,Yes,Yes,21,Cash,Bi-Weekly,69,26.0,3.091042453358316,80.36710378731621,1.0,1.0,1.0,1.0,0.03882783882783883,0.14908424908424908,3.8367924528301884,3.7808353808353807
3695,45,Female,Sweater,Clothing,41,Rhode Island,M,Blue,Winter,2.6,No,Venmo,Express,No,No,11,PayPal,Bi-Weekly,41,26.0,2.4849066497880004,64.60757289448802,0.0,0.0,0.0,0.0,0.04468864468864469,0.4564102564102564,3.7147540983606557,3.726725521669342
2747,39,Female,Hoodie,Clothing,25,Ohio,M,Orange,Fall,3.7,No,Bank Transfer,Standard,No,No,21,PayPal,Every 3 Months,25,4.0,3.091042453358316,12.364169813433264,0.0,0.0,0.0,0.0,0.03882783882783883,0.4564102564102564,3.776415094339623,3.726725521669342
1779,49,Male,Belt,Accessories,94,Texas,M,Red,Winter,4.9,No,Debit Card,Store Pickup,No,No,8,Debit Card,Bi-Weekly,94,26.0,2.1972245773362196,57.12783901074171,0.0,0.0,0.0,0.0,0.04395604395604396,0.310989010989011,3.73,3.745465253239105
1499,59,Male,Sweater,Clothing,32,Illinois,M,Teal,Summer,3.1,No,PayPal,Standard,Yes,Yes,46,Venmo,Fortnightly,32,26.0,3.8501476017100584,100.10383764446152,0.0,1.0,1.0,1.0,0.04468864468864469,0.4564102564102564,3.7147540983606557,3.726725521669342
616,67,Male,Sandals,Footwear,100,Maryland,L,Olive,Summer,2.6,Yes,Debit Card,Next Day Air,Yes,Yes,23,Venmo,Annually,100,1.0,3.1780538303479458,3.1780538303479458,1.0,1.0,1.0,1.0,0.03882783882783883,0.14908424908424908,3.8367924528301884,3.7808353808353807
2082,24,Male,Coat,Outerwear,78,Alabama,S,Cyan,Spring,4.3,No,Credit Card,Standard,No,No,48,Bank Transfer,Bi-Weekly,78,26.0,3.8918202981106265,101.18732775087629,0.0,0.0,0.0,0.0,0.041025641025641026,0.08351648351648351,3.748214285714286,3.7504385964912283
3711,60,Female,Jewelry,Accessories,40,Hawaii,M,Yellow,Summer,3.6,No,PayPal,2-Day Shipping,No,No,32,Bank Transfer,Fortnightly,40,26.0,3.4965075614664802,90.90919659812849,0.0,0.0,0.0,0.0,0.04212454212454213,0.310989010989011,3.744347826086957,3.745465253239105
1812,42,Male,Belt,Accessories,77,Wisconsin,L,Blue,Summer,3.6,No,Bank Transfer,Standard,No,No,33,Bank Transfer,Annually,77,1.0,3.5263605246161616,3.5263605246161616,0.0,0.0,0.0,0.0,0.04395604395604396,0.310989010989011,3.73,3.745465253239105
1255,54,Male,Sneakers,Footwear,56,California,XL,Black,Spring,3.3,No,Cash,2-Day Shipping,Yes,Yes,2,Credit Card,Bi-Weekly,56,26.0,1.0986122886681098,28.563919505370855,0.0,1.0,1.0,1.0,0.03626373626373627,0.14908424908424908,3.749494949494949,3.7808353808353807
1393,31,Male,Gloves,Accessories,46,Arkansas,M,Yellow,Spring,4.2,No,Debit Card,Express,Yes,Yes,34,Venmo,Every 3 Months,46,4.0,3.5553480614894135,14.221392245957654,0.0,1.0,1.0,1.0,0.03626373626373627,0.310989010989011,3.8666666666666667,3.745465253239105
1819,58,Male,Sunglasses,Accessories,39,North Carolina,M,White,Fall,3.8,No,Credit Card,Express,No,No,47,Debit Card,Every 3 Months,39,4.0,3.871201010907891,15.484804043631565,0.0,0.0,0.0,0.0,0.0380952380952381,0.310989010989011,3.7211538461538463,3.745465253239105
3234,45,Female,Belt,Accessories,74,Indiana,M,Lavender,Fall,3.8,No,Credit Card,Express,No,No,11,Debit Card,Bi-Weekly,74,26.0,2.4849066497880004,64.60757289448802,0.0,0.0,0.0,0.0,0.04395604395604396,0.310989010989011,3.73,3.745465253239105
2279,61,Male,Gloves,Accessories,25,Maryland,M,Maroon,Fall,3.8,No,Cash,Store Pickup,No,No,6,Cash,Every 3 Months,25,4.0,1.9459101490553132,7.783640596221253,0.0,0.0,0.0,0.0,0.03626373626373627,0.310989010989011,3.8666666666666667,3.745465253239105
2248,34,Male,Jewelry,Accessories,37,Florida,L,Teal,Summer,4.4,No,PayPal,Next Day Air,No,No,18,Venmo,Annually,37,1.0,2.9444389791664403,2.9444389791664403,0.0,0.0,0.0,0.0,0.04212454212454213,0.310989010989011,3.744347826086957,3.745465253239105
357,56,Male,Pants,Clothing,80,Nevada,L,Black,Spring,3.8,Yes,Debit Card,Standard,Yes,Yes,27,Cash,Weekly,80,52.0,3.332204510175204,173.27463452911059,1.0,1.0,1.0,1.0,0.04652014652014652,0.4564102564102564,3.729133858267717,3.726725521669342
3825,54,Female,Shorts,Clothing,26,Georgia,M,Olive,Summer,4.0,No,Credit Card,Free Shipping,No,No,31,Credit Card,Quarterly,26,4.0,3.4657359027997265,13.862943611198906,0.0,0.0,0.0,0.0,0.04212454212454213,0.4564102564102564,3.6730434782608694,3.726725521669342
2033,46,Male,Blouse,Clothing,36,South Carolina,M,Maroon,Winter,4.2,No,Credit Card,Next Day Air,No,No,13,Cash,Annually,36,1.0,2.6390573296152584,2.6390573296152584,0.0,0.0,0.0,0.0,0.047619047619047616,0.4564102564102564,3.733076923076923,3.726725521669342
2236,40,Male,Socks,Clothing,82,Illinois,M,Gray,Spring,4.5,No,Credit Card,2-Day Shipping,No,No,44,Credit Card,Annually,82,1.0,3.8066624897703196,3.8066624897703196,0.0,0.0,0.0,0.0,0.03882783882783883,0.4564102564102564,3.7150943396226417,3.726725521669342
757,62,Male,Belt,Accessories,99,Montana,S,Orange,Summer,4.8,Yes,Cash,Standard,Yes,Yes,24,Cash,Fortnightly,99,26.0,3.2188758248682006,83.69077144657321,1.0,1.0,1.0,1.0,0.04395604395604396,0.310989010989011,3.73,3.745465253239105
1493,62,Male,Jacket,Outerwear,38,North Carolina,M,Maroon,Summer,4.5,No,Venmo,Free Shipping,Yes,Yes,3,Venmo,Quarterly,38,4.0,1.3862943611198906,5.545177444479562,0.0,1.0,1.0,1.0,0.04249084249084249,0.08351648351648351,3.752586206896552,3.7504385964912283
1149,34,Male,Pants,Clothing,66,Florida,M,Violet,Spring,2.6,No,Bank Transfer,Store Pickup,Yes,Yes,10,PayPal,Fortnightly,66,26.0,2.3978952727983707,62.34527709275764,0.0,1.0,1.0,1.0,0.04652014652014652,0.4564102564102564,3.729133858267717,3.726725521669342
1127,23,Male,Scarf,Accessories,58,Iowa,L,Beige,Winter,3.4,No,Venmo,Standard,Yes,Yes,47,Venmo,Fortnightly,58,26.0,3.871201010907891,100.65122628360517,0.0,1.0,1.0,1.0,0.03772893772893773,0.310989010989011,3.721359223300971,3.745465253239105
3379,49,Female,Shorts,Clothing,75,Minnesota,L,Gold,Fall,4.5,No,PayPal,Next Day Air,No,No,6,Cash,Quarterly,75,4.0,1.9459101490553132,7.783640596221253,0.0,0.0,0.0,0.0,0.04212454212454213,0.4564102564102564,3.6730434782608694,3.726725521669342
1907,23,Male,Backpack,Accessories,30,Vermont,M,Green,Spring,4.6,No,Bank Transfer,2-Day Shipping,No,No,24,PayPal,Fortnightly,30,26.0,3.2188758248682006,83.69077144657321,0.0,0.0,0.0,0.0,0.03553113553113553,0.310989010989011,3.693814432989691,3.745465253239105
502,64,Male,Boots,Footwear,45,Florida,M,Cyan,Spring,2.9,Yes,Debit Card,Next Day Air,Yes,Yes,21,Venmo,Annually,45,1.0,3.091042453358316,3.091042453358316,1.0,1.0,1.0,1.0,0.036996336996337,0.14908424908424908,3.8237623762376236,3.7808353808353807
1609,26,Male,Sandals,Footwear,58,Nebraska,XL,Cyan,Fall,4.6,No,Cash,Next Day Air,Yes,Yes,12,Bank Transfer,Bi-Weekly,58,26.0,2.5649493574615367,66.68868329399996,0.0,1.0,1.0,1.0,0.03882783882783883,0.14908424908424908,3.8367924528301884,3.7808353808353807
2257,31,Male,Blouse,Clothing,22,California,M,Turquoise,Fall,5.0,No,Debit Card,Standard,No,No,33,Credit Card,Quarterly,22,4.0,3.5263605246161616,14.105442098464646,0.0,0.0,0.0,0.0,0.047619047619047616,0.4564102564102564,3.733076923076923,3.726725521669342
1814,40,Male,Shorts,Clothing,62,Illinois,M,Olive,Spring,3.5,No,Credit Card,Free Shipping,No,No,24,PayPal,Weekly,62,52.0,3.2188758248682006,167.38154289314642,0.0,0.0,0.0,0.0,0.04212454212454213,0.4564102564102564,3.6730434782608694,3.726725521669342
3036,69,Female,Handbag,Accessories,64,Kentucky,M,Gold,Spring,4.5,No,Bank Transfer,Free Shipping,No,No,18,Cash,Bi-Weekly,64,26.0,2.9444389791664403,76.55541345832745,0.0,0.0,0.0,0.0,0.03882783882783883,0.310989010989011,3.7216981132075473,3.745465253239105
2598,60,Male,Jewelry,Accessories,25,Alabama,XL,Teal,Summer,4.4,No,Bank Transfer,Store Pickup,No,No,13,Venmo,Bi-Weekly,25,26.0,2.6390573296152584,68.61549056999672,0.0,0.0,0.0,0.0,0.04212454212454213,0.310989010989011,3.744347826086957,3.745465253239105
3051,31,Female,Coat,Outerwear,76,Kentucky,S,Green,Spring,3.6,No,Cash,Standard,No,No,28,Venmo,Every 3 Months,76,4.0,3.367295829986474,13.469183319945897,0.0,0.0,0.0,0.0,0.041025641025641026,0.08351648351648351,3.748214285714286,3.7504385964912283
723,27,Male,Sweater,Clothing,32,Wyoming,S,Blue,Summer,4.3,Yes,PayPal,Store Pickup,Yes,Yes,50,Cash,Bi-Weekly,32,26.0,3.9318256327243257,102.22746645083247,1.0,1.0,1.0,1.0,0.04468864468864469,0.4564102564102564,3.7147540983606557,3.726725521669342
1225,62,Male,Shorts,Clothing,50,Illinois,M,Yellow,Summer,3.7,No,Bank Transfer,Store Pickup,Yes,Yes,18,Venmo,Weekly,50,52.0,2.9444389791664403,153.1108269166549,0.0,1.0,1.0,1.0,0.04212454212454213,0.4564102564102564,3.6730434782608694,3.726725521669342
838,25,Male,Hoodie,Clothing,28,Illinois,L,Brown,Spring,4.9,Yes,Credit Card,Express,Yes,Yes,33,Cash,Every 3 Months,28,4.0,3.5263605246161616,14.105442098464646,1.0,1.0,1.0,1.0,0.03882783882783883,0.4564102564102564,3.776415094339623,3.726725521669342
663,24,Male,Gloves,Accessories,98,Illinois,L,Magenta,Fall,2.8,Yes,Debit Card,Express,Yes,Yes,39,Venmo,Bi-Weekly,98,26.0,3.6888794541139363,95.91086580696235,1.0,1.0,1.0,1.0,0.03626373626373627,0.310989010989011,3.8666666666666667,3.745465253239105
1590,42,Male,Sneakers,Footwear,72,Ohio,M,Silver,Summer,2.7,No,Venmo,Store Pickup,Yes,Yes,48,Cash,Weekly,72,52.0,3.8918202981106265,202.37465550175258,0.0,1.0,1.0,1.0,0.03626373626373627,0.14908424908424908,3.749494949494949,3.7808353808353807
3532,54,Female,Shoes,Footwear,52,North Dakota,XL,Violet,Winter,4.6,No,Credit Card,2-Day Shipping,No,No,23,Cash,Quarterly,52,4.0,3.1780538303479458,12.712215321391783,0.0,0.0,0.0,0.0,0.036996336996337,0.14908424908424908,3.7099009900990096,3.7808353808353807
767,57,Male,Gloves,Accessories,48,Nevada,M,Cyan,Winter,3.6,Yes,PayPal,Next Day Air,Yes,Yes,13,PayPal,Monthly,48,12.0,2.6390573296152584,31.6686879553831,1.0,1.0,1.0,1.0,0.03626373626373627,0.310989010989011,3.8666666666666667,3.745465253239105
2821,26,Female,Backpack,Accessories,89,Vermont,L,Yellow,Summer,3.9,No,Venmo,Free Shipping,No,No,5,Cash,Bi-Weekly,89,26.0,1.791759469228055,46.58574619992943,0.0,0.0,0.0,0.0,0.03553113553113553,0.310989010989011,3.693814432989691,3.745465253239105
832,66,Male,Gloves,Accessories,63,Washington,M,Red,Summer,4.3,Yes,Debit Card,Express,Yes,Yes,47,Cash,Every 3 Months,63,4.0,3.871201010907891,15.484804043631565,1.0,1.0,1.0,1.0,0.03626373626373627,0.310989010989011,3.8666666666666667,3.745465253239105
2711,69,Female,Jacket,Outerwear,51,Wisconsin,L,Purple,Summer,4.7,No,Debit Card,Standard,No,No,3,Bank Transfer,Fortnightly,51,26.0,1.3862943611198906,36.04365338911715,0.0,0.0,0.0,0.0,0.04249084249084249,0.08351648351648351,3.752586206896552,3.7504385964912283
2125,47,Male,Skirt,Clothing,60,Rhode Island,M,Teal,Fall,4.2,No,Venmo,Next Day Air,No,No,22,Venmo,Quarterly,60,4.0,3.1354942159291497,12.541976863716599,0.0,0.0,0.0,0.0,0.041758241758241756,0.4564102564102564,3.816666666666667,3.726725521669342
128,24,Male,Sweater,Clothing,89,Mississippi,M,Gray,Winter,4.8,Yes,Venmo,Next Day Air,Yes,Yes,26,Credit Card,Weekly,89,52.0,3.295836866004329,171.38351703222511,1.0,1.0,1.0,1.0,0.04468864468864469,0.4564102564102564,3.7147540983606557,3.726725521669342
3473,31,Female,Blouse,Clothing,42,Georgia,S,White,Summer,4.0,No,Bank Transfer,Free Shipping,No,No,15,Debit Card,Weekly,42,52.0,2.772588722239781,144.1746135564686,0.0,0.0,0.0,0.0,0.047619047619047616,0.4564102564102564,3.733076923076923,3.726725521669342
2541,24,Male,Belt,Accessories,42,New Jersey,M,Charcoal,Summer,3.9,No,PayPal,Free Shipping,No,No,11,Debit Card,Quarterly,42,4.0,2.4849066497880004,9.939626599152001,0.0,0.0,0.0,0.0,0.04395604395604396,0.310989010989011,3.73,3.745465253239105
2625,19,Male,Dress,Clothing,59,South Dakota,M,Indigo,Summer,3.3,No,Debit Card,Standard,No,No,19,Credit Card,Annually,59,1.0,2.995732273553991,2.995732273553991,0.0,0.0,0.0,0.0,0.044322344322344324,0.4564102564102564,3.7479338842975207,3.726725521669342
3770,51,Female,Gloves,Accessories,87,Arizona,L,Green,Summer,3.6,No,Cash,Standard,No,No,31,Venmo,Annually,87,1.0,3.4657359027997265,3.4657359027997265,0.0,0.0,0.0,0.0,0.03626373626373627,0.310989010989011,3.8666666666666667,3.745465253239105
2893,22,Female,Dress,Clothing,39,Nevada,M,Teal,Spring,3.2,No,Bank Transfer,Standard,No,No,47,Credit Card,Monthly,39,12.0,3.871201010907891,46.454412130894696,0.0,0.0,0.0,0.0,0.044322344322344324,0.4564102564102564,3.7479338842975207,3.726725521669342
2668,48,Female,Boots,Footwear,47,Maryland,M,Orange,Summer,4.1,No,Venmo,Free Shipping,No,No,31,Cash,Fortnightly,47,26.0,3.4657359027997265,90.10913347279289,0.0,0.0,0.0,0.0,0.036996336996337,0.14908424908424908,3.8237623762376236,3.7808353808353807
2191,42,Male,Belt,Accessories,75,Alaska,S,Maroon,Spring,4.6,No,Debit Card,Express,No,No,33,Credit Card,Annually,75,1.0,3.5263605246161616,3.5263605246161616,0.0,0.0,0.0,0.0,0.04395604395604396,0.310989010989011,3.73,3.745465253239105
3715,18,Female,Hat,Accessories,31,New York,S,Peach,Winter,3.9,No,Cash,Express,No,No,35,Credit Card,Weekly,31,52.0,3.58351893845611,186.34298479971773,0.0,0.0,0.0,0.0,0.038461538461538464,0.310989010989011,3.7695238095238097,3.745465253239105
2015,51,Male,Skirt,Clothing,26,Wisconsin,L,Black,Summer,3.9,No,Venmo,Standard,No,No,47,PayPal,Bi-Weekly,26,26.0,3.871201010907891,100.65122628360517,0.0,0.0,0.0,0.0,0.041758241758241756,0.4564102564102564,3.816666666666667,3.726725521669342
316,66,Male,Jewelry,Accessories,24,Wisconsin,XL,Orange,Spring,4.5,Yes,Venmo,Express,Yes,Yes,24,Debit Card,Annually,24,1.0,3.2188758248682006,3.2188758248682006,1.0,1.0,1.0,1.0,0.04212454212454213,0.310989010989011,3.744347826086957,3.745465253239105
1048,31,Male,Socks,Clothing,36,Utah,S,Olive,Fall,4.2,Yes,Debit Card,Standard,Yes,Yes,7,Credit Card,Fortnightly,36,26.0,2.0794415416798357,54.06548008367573,1.0,1.0,1.0,1.0,0.03882783882783883,0.4564102564102564,3.7150943396226417,3.726725521669342
1677,27,Male,Sunglasses,Accessories,44,West Virginia,M,Cyan,Winter,3.1,No,PayPal,Next Day Air,Yes,Yes,34,Bank Transfer,Weekly,44,52.0,3.5553480614894135,184.8780991974495,0.0,1.0,1.0,1.0,0.0380952380952381,0.310989010989011,3.7211538461538463,3.745465253239105
1245,70,Male,Socks,Clothing,76,Indiana,S,Silver,Summer,3.9,No,Cash,2-Day Shipping,Yes,Yes,2,Cash,Monthly,76,12.0,1.0986122886681098,13.183347464017316,0.0,1.0,1.0,1.0,0.03882783882783883,0.4564102564102564,3.7150943396226417,3.726725521669342
3725,30,Female,Gloves,Accessories,71,Colorado,L,Green,Winter,3.1,No,PayPal,Express,No,No,18,Bank Transfer,Annually,71,1.0,2.9444389791664403,2.9444389791664403,0.0,0.0,0.0,0.0,0.03626373626373627,0.310989010989011,3.8666666666666667,3.745465253239105
550,31,Male,Backpack,Accessories,29,Arizona,S,Olive,Fall,3.6,Yes,Cash,Express,Yes,Yes,37,Venmo,Bi-Weekly,29,26.0,3.6375861597263857,94.57724015288602,1.0,1.0,1.0,1.0,0.03553113553113553,0.310989010989011,3.693814432989691,3.745465253239105
2702,49,Female,Sweater,Clothing,30,Idaho,L,Silver,Summer,2.8,No,Bank Transfer,Store Pickup,No,No,18,Bank Transfer,Fortnightly,30,26.0,2.9444389791664403,76.55541345832745,0.0,0.0,0.0,0.0,0.04468864468864469,0.4564102564102564,3.7147540983606557,3.726725521669342
581,49,Male,Sweater,Clothing,80,Iowa,M,Orange,Spring,4.1,Yes,PayPal,Free Shipping,Yes,Yes,10,PayPal,Weekly,80,52.0,2.3978952727983707,124.69055418551528,1.0,1.0,1.0,1.0,0.04468864468864469,0.4564102564102564,3.7147540983606557,3.726725521669342
1238,25,Male,Dress,Clothing,92,Michigan,S,Charcoal,Spring,4.4,No,Credit Card,2-Day Shipping,Yes,Yes,42,Credit Card,Quarterly,92,4.0,3.7612001156935624,15.04480046277425,0.0,1.0,1.0,1.0,0.044322344322344324,0.4564102564102564,3.7479338842975207,3.726725521669342
3807,18,Female,Boots,Footwear,71,Missouri,M,Teal,Spring,3.0,No,Cash,Standard,No,No,41,PayPal,Weekly,71,52.0,3.7376696182833684,194.35882015073517,0.0,0.0,0.0,0.0,0.036996336996337,0.14908424908424908,3.8237623762376236,3.7808353808353807
1226,28,Male,Gloves,Accessories,97,North Carolina,S,Turquoise,Fall,2.6,No,Credit Card,Free Shipping,Yes,Yes,16,Debit Card,Weekly,97,52.0,2.833213344056216,147.32709389092324,0.0,1.0,1.0,1.0,0.03626373626373627,0.310989010989011,3.8666666666666667,3.745465253239105
875,25,Male,Jacket,Outerwear,65,Maine,M,Magenta,Fall,4.4,Yes,PayPal,Free Shipping,Yes,Yes,10,Venmo,Every 3 Months,65,4.0,2.3978952727983707,9.591581091193483,1.0,1.0,1.0,1.0,0.04249084249084249,0.08351648351648351,3.752586206896552,3.7504385964912283
308,29,Male,Gloves,Accessories,32,Florida,M,Orange,Winter,3.2,Yes,Cash,Free Shipping,Yes,Yes,3,Credit Card,Every 3 Months,32,4.0,1.3862943611198906,5.545177444479562,1.0,1.0,1.0,1.0,0.03626373626373627,0.310989010989011,3.8666666666666667,3.745465253239105
3786,64,Female,Jeans,Clothing,94,New Hampshire,L,Lavender,Winter,3.8,No,Debit Card,Standard,No,No,6,Cash,Monthly,94,12.0,1.9459101490553132,23.350921788663758,0.0,0.0,0.0,0.0,0.03406593406593406,0.4564102564102564,3.6,3.726725521669342
3850,46,Female,Hoodie,Clothing,68,Florida,S,Cyan,Winter,2.6,No,Venmo,Express,No,No,36,PayPal,Fortnightly,68,26.0,3.6109179126442243,93.88386572874984,0.0,0.0,0.0,0.0,0.03882783882783883,0.4564102564102564,3.776415094339623,3.726725521669342
2827,32,Female,Handbag,Accessories,43,Florida,L,Brown,Fall,3.6,No,Debit Card,Express,No,No,23,Venmo,Annually,43,1.0,3.1780538303479458,3.1780538303479458,0.0,0.0,0.0,0.0,0.03882783882783883,0.310989010989011,3.7216981132075473,3.745465253239105
3047,60,Female,Shoes,Footwear,49,Pennsylvania,M,White,Spring,3.2,No,Bank Transfer,Store Pickup,No,No,25,Cash,Every 3 Months,49,4.0,3.258096538021482,13.032386152085929,0.0,0.0,0.0,0.0,0.036996336996337,0.14908424908424908,3.7099009900990096,3.7808353808353807
3377,22,Female,Hat,Accessories,46,Ohio,M,Green,Winter,4.1,No,Credit Card,Store Pickup,No,No,24,Cash,Quarterly,46,4.0,3.2188758248682006,12.875503299472802,0.0,0.0,0.0,0.0,0.038461538461538464,0.310989010989011,3.7695238095238097,3.745465253239105
91,25,Male,Hat,Accessories,48,South Carolina,L,Violet,Summer,2.9,Yes,Venmo,Express,Yes,Yes,29,Credit Card,Monthly,48,12.0,3.4011973816621555,40.814368579945864,1.0,1.0,1.0,1.0,0.038461538461538464,0.310989010989011,3.7695238095238097,3.745465253239105
1985,26,Male,Skirt,Clothing,58,West Virginia,M,Black,Summer,3.4,No,Bank Transfer,2-Day Shipping,No,No,26,PayPal,Fortnightly,58,26.0,3.295836866004329,85.69175851611256,0.0,0.0,0.0,0.0,0.041758241758241756,0.4564102564102564,3.816666666666667,3.726725521669342
2861,28,Female,Shirt,Clothing,38,Rhode Island,M,Gold,Spring,2.9,No,PayPal,Next Day Air,No,No,49,Bank Transfer,Weekly,38,52.0,3.912023005428146,203.42519628226358,0.0,0.0,0.0,0.0,0.04322344322344322,0.4564102564102564,3.669491525423729,3.726725521669342
145,19,Male,Shoes,Footwear,43,New Jersey,M,Silver,Fall,3.2,Yes,Credit Card,Express,Yes,Yes,25,Cash,Monthly,43,12.0,3.258096538021482,39.09715845625779,1.0,1.0,1.0,1.0,0.036996336996337,0.14908424908424908,3.7099009900990096,3.7808353808353807
236,43,Male,Sunglasses,Accessories,89,New Jersey,M,Cyan,Winter,3.7,Yes,Cash,Free Shipping,Yes,Yes,31,Debit Card,Quarterly,89,4.0,3.4657359027997265,13.862943611198906,1.0,1.0,1.0,1.0,0.0380952380952381,0.310989010989011,3.7211538461538463,3.745465253239105
108,28,Male,Sneakers,Footwear,67,Maryland,L,Olive,Winter,3.1,Yes,Cash,Next Day Air,Yes,Yes,46,PayPal,Fortnightly,67,26.0,3.8501476017100584,100.10383764446152,1.0,1.0,1.0,1.0,0.03626373626373627,0.14908424908424908,3.749494949494949,3.7808353808353807
677,28,Male,Pants,Clothing,60,Connecticut,M,Peach,Winter,2.9,Yes,Debit Card,2-Day Shipping,Yes,Yes,38,Venmo,Bi-Weekly,60,26.0,3.6635616461296463,95.2526027993708,1.0,1.0,1.0,1.0,0.04652014652014652,0.4564102564102564,3.729133858267717,3.726725521669342
3810,57,Female,Shoes,Footwear,33,New York,S,Maroon,Winter,3.7,No,Bank Transfer,Standard,No,No,28,Credit Card,Annually,33,1.0,3.367295829986474,3.367295829986474,0.0,0.0,0.0,0.0,0.036996336996337,0.14908424908424908,3.7099009900990096,3.7808353808353807
1914,49,Male,Skirt,Clothing,48,Kentucky,M,Peach,Winter,3.6,No,Venmo,Express,No,No,29,Cash,Annually,48,1.0,3.4011973816621555,3.4011973816621555,0.0,0.0,0.0,0.0,0.041758241758241756,0.4564102564102564,3.816666666666667,3.726725521669342
913,24,Male,Hoodie,Clothing,56,Arkansas,M,Green,Winter,3.4,Yes,Bank Transfer,Next Day Air,Yes,Yes,32,Bank Transfer,Monthly,56,12.0,3.4965075614664802,41.958090737597765,1.0,1.0,1.0,1.0,0.03882783882783883,0.4564102564102564,3.776415094339623,3.726725521669342
980,64,Male,Hat,Accessories,33,New Hampshire,S,Brown,Fall,3.5,Yes,Venmo,Store Pickup,Yes,Yes,34,Debit Card,Monthly,33,12.0,3.5553480614894135,42.664176737872964,1.0,1.0,1.0,1.0,0.038461538461538464,0.310989010989011,3.7695238095238097,3.745465253239105
3625,22,Female,Hat,Accessories,82,Texas,XL,Peach,Fall,5.0,No,PayPal,Store Pickup,No,No,22,Bank Transfer,Bi-Weekly,82,26.0,3.1354942159291497,81.52284961415789,0.0,0.0,0.0,0.0,0.038461538461538464,0.310989010989011,3.7695238095238097,3.745465253239105
2348,37,Male,Belt,Accessories,64,California,S,Gray,Fall,4.2,No,Credit Card,Express,No,No,46,Cash,Every 3 Months,64,4.0,3.8501476017100584,15.400590406840234,0.0,0.0,0.0,0.0,0.04395604395604396,0.310989010989011,3.73,3.745465253239105
3891,35,Female,Shirt,Clothing,81,Nebraska,XL,Green,Winter,2.6,No,Credit Card,Standard,No,No,33,Debit Card,Annually,81,1.0,3.5263605246161616,3.5263605246161616,0.0,0.0,0.0,0.0,0.04322344322344322,0.4564102564102564,3.669491525423729,3.726725521669342
473,20,Male,Jeans,Clothing,39,Georgia,L,Gray,Winter,3.9,Yes,Cash,Free Shipping,Yes,Yes,3,Bank Transfer,Quarterly,39,4.0,1.3862943611198906,5.545177444479562,1.0,1.0,1.0,1.0,0.03406593406593406,0.4564102564102564,3.6,3.726725521669342
2317,28,Male,Sneakers,Footwear,39,Montana,L,Yellow,Winter,3.8,No,Credit Card,Standard,No,No,7,Debit Card,Annually,39,1.0,2.0794415416798357,2.0794415416798357,0.0,0.0,0.0,0.0,0.03626373626373627,0.14908424908424908,3.749494949494949,3.7808353808353807
3692,63,Female,Sandals,Footwear,21,Michigan,XL,Orange,Summer,4.8,No,Credit Card,Next Day Air,No,No,24,PayPal,Weekly,21,52.0,3.2188758248682006,167.38154289314642,0.0,0.0,0.0,0.0,0.03882783882783883,0.14908424908424908,3.8367924528301884,3.7808353808353807
2554,69,Male,Jewelry,Accessories,25,Vermont,M,Maroon,Summer,4.5,No,Cash,Store Pickup,No,No,28,Venmo,Every 3 Months,25,4.0,3.367295829986474,13.469183319945897,0.0,0.0,0.0,0.0,0.04212454212454213,0.310989010989011,3.744347826086957,3.745465253239105
2973,31,Female,Jacket,Outerwear,39,New York,S,Indigo,Fall,4.2,No,Venmo,Free Shipping,No,No,11,Venmo,Every 3 Months,39,4.0,2.4849066497880004,9.939626599152001,0.0,0.0,0.0,0.0,0.04249084249084249,0.08351648351648351,3.752586206896552,3.7504385964912283
2038,39,Male,Belt,Accessories,87,Illinois,S,Green,Summer,4.3,No,Cash,Express,No,No,7,Venmo,Bi-Weekly,87,26.0,2.0794415416798357,54.06548008367573,0.0,0.0,0.0,0.0,0.04395604395604396,0.310989010989011,3.73,3.745465253239105
756,66,Male,Coat,Outerwear,24,Florida,M,Violet,Spring,3.3,Yes,Venmo,Free Shipping,Yes,Yes,22,PayPal,Weekly,24,52.0,3.1354942159291497,163.04569922831578,1.0,1.0,1.0,1.0,0.041025641025641026,0.08351648351648351,3.748214285714286,3.7504385964912283
218,35,Male,Sunglasses,Accessories,48,Oklahoma,M,Purple,Winter,3.5,Yes,Venmo,Next Day Air,Yes,Yes,24,Bank Transfer,Annually,48,1.0,3.2188758248682006,3.2188758248682006,1.0,1.0,1.0,1.0,0.0380952380952381,0.310989010989011,3.7211538461538463,3.745465253239105
982,27,Male,Belt,Accessories,42,Maryland,M,Silver,Spring,3.5,Yes,Debit Card,Next Day Air,Yes,Yes,47,Credit Card,Quarterly,42,4.0,3.871201010907891,15.484804043631565,1.0,1.0,1.0,1.0,0.04395604395604396,0.310989010989011,3.73,3.745465253239105
2929,40,Female,Jewelry,Accessories,80,Alabama,L,Yellow,Spring,3.6,No,Venmo,Store Pickup,No,No,17,Credit Card,Weekly,80,52.0,2.8903717578961645,150.29933141060056,0.0,0.0,0.0,0.0,0.04212454212454213,0.310989010989011,3.744347826086957,3.745465253239105
2749,24,Female,Jacket,Outerwear,98,Virginia,L,Turquoise,Spring,3.0,No,Cash,Free Shipping,No,No,16,Venmo,Annually,98,1.0,2.833213344056216,2.833213344056216,0.0,0.0,0.0,0.0,0.04249084249084249,0.08351648351648351,3.752586206896552,3.7504385964912283
3553,22,Female,Sunglasses,Accessories,66,Kentucky,M,Blue,Winter,2.9,No,Credit Card,Next Day Air,No,No,3,PayPal,Quarterly,66,4.0,1.3862943611198906,5.545177444479562,0.0,0.0,0.0,0.0,0.0380952380952381,0.310989010989011,3.7211538461538463,3.745465253239105
1405,36,Male,Jewelry,Accessories,28,New Mexico,M,Charcoal,Winter,3.5,No,Venmo,Next Day Air,Yes,Yes,10,Debit Card,Weekly,28,52.0,2.3978952727983707,124.69055418551528,0.0,1.0,1.0,1.0,0.04212454212454213,0.310989010989011,3.744347826086957,3.745465253239105
2867,54,Female,Blouse,Clothing,75,Connecticut,S,Violet,Summer,3.1,No,Venmo,Free Shipping,No,No,19,Cash,Annually,75,1.0,2.995732273553991,2.995732273553991,0.0,0.0,0.0,0.0,0.047619047619047616,0.4564102564102564,3.733076923076923,3.726725521669342
41,69,Male,Handbag,Accessories,76,Louisiana,L,Beige,Winter,4.6,Yes,PayPal,Next Day Air,Yes,Yes,31,Debit Card,Quarterly,76,4.0,3.4657359027997265,13.862943611198906,1.0,1.0,1.0,1.0,0.03882783882783883,0.310989010989011,3.7216981132075473,3.745465253239105
2311,30,Male,Gloves,Accessories,68,Virginia,M,Cyan,Spring,4.6,No,Credit Card,Standard,No,No,15,PayPal,Monthly,68,12.0,2.772588722239781,33.27106466687737,0.0,0.0,0.0,0.0,0.03626373626373627,0.310989010989011,3.8666666666666667,3.745465253239105
2493,50,Male,Sunglasses,Accessories,96,South Dakota,S,Silver,Summer,4.1,No,Venmo,Next Day Air,No,No,34,Bank Transfer,Bi-Weekly,96,26.0,3.5553480614894135,92.43904959872475,0.0,0.0,0.0,0.0,0.0380952380952381,0.310989010989011,3.7211538461538463,3.745465253239105
1328,52,Male,Coat,Outerwear,40,Florida,M,Turquoise,Winter,2.8,No,Credit Card,Standard,Yes,Yes,37,Cash,Weekly,40,52.0,3.6375861597263857,189.15448030577204,0.0,1.0,1.0,1.0,0.041025641025641026,0.08351648351648351,3.748214285714286,3.7504385964912283
2999,31,Female,Hoodie,Clothing,53,Alaska,M,Red,Summer,4.7,No,Venmo,Express,No,No,30,Debit Card,Quarterly,53,4.0,3.4339872044851463,13.735948817940585,0.0,0.0,0.0,0.0,0.03882783882783883,0.4564102564102564,3.776415094339623,3.726725521669342
3127,57,Female,Sunglasses,Accessories,76,Maine,L,Lavender,Winter,2.6,No,PayPal,Store Pickup,No,No,28,Bank Transfer,Bi-Weekly,76,26.0,3.367295829986474,87.54969157964833,0.0,0.0,0.0,0.0,0.0380952380952381,0.310989010989011,3.7211538461538463,3.745465253239105
1791,50,Male,Gloves,Accessories,26,North Carolina,S,Violet,Summer,3.7,No,Credit Card,Store Pickup,No,No,31,PayPal,Bi-Weekly,26,26.0,3.4657359027997265,90.10913347279289,0.0,0.0,0.0,0.0,0.03626373626373627,0.310989010989011,3.8666666666666667,3.745465253239105
3629,53,Female,Blouse,Clothing,88,Georgia,L,Purple,Summer,3.8,No,Cash,Free Shipping,No,No,35,Credit Card,Monthly,88,12.0,3.58351893845611,43.00222726147332,0.0,0.0,0.0,0.0,0.047619047619047616,0.4564102564102564,3.733076923076923,3.726725521669342
2891,39,Female,Jeans,Clothing,55,North Dakota,M,Violet,Winter,3.7,No,PayPal,Free Shipping,No,No,23,Credit Card,Monthly,55,12.0,3.1780538303479458,38.13664596417535,0.0,0.0,0.0,0.0,0.03406593406593406,0.4564102564102564,3.6,3.726725521669342
3899,44,Female,Shoes,Footwear,77,Minnesota,S,Brown,Summer,3.8,No,PayPal,Express,No,No,24,Venmo,Weekly,77,52.0,3.2188758248682006,167.38154289314642,0.0,0.0,0.0,0.0,0.036996336996337,0.14908424908424908,3.7099009900990096,3.7808353808353807
936,58,Male,Hoodie,Clothing,51,Ohio,L,White,Fall,2.6,Yes,Credit Card,Store Pickup,Yes,Yes,2,Bank Transfer,Fortnightly,51,26.0,1.0986122886681098,28.563919505370855,1.0,1.0,1.0,1.0,0.03882783882783883,0.4564102564102564,3.776415094339623,3.726725521669342
755,36,Male,Gloves,Accessories,41,North Carolina,L,Pink,Spring,2.9,Yes,Cash,Store Pickup,Yes,Yes,3,Debit Card,Quarterly,41,4.0,1.3862943611198906,5.545177444479562,1.0,1.0,1.0,1.0,0.03626373626373627,0.310989010989011,3.8666666666666667,3.745465253239105
763,45,Male,Belt,Accessories,46,New Mexico,M,Pink,Fall,3.9,Yes,Credit Card,Standard,Yes,Yes,43,Debit Card,Fortnightly,46,26.0,3.784189633918261,98.38893048187478,1.0,1.0,1.0,1.0,0.04395604395604396,0.310989010989011,3.73,3.745465253239105
3699,25,Female,Skirt,Clothing,54,California,XL,Maroon,Spring,4.0,No,Credit Card,2-Day Shipping,No,No,4,Venmo,Annually,54,1.0,1.6094379124341003,1.6094379124341003,0.0,0.0,0.0,0.0,0.041758241758241756,0.4564102564102564,3.816666666666667,3.726725521669342
330,70,Male,Socks,Clothing,31,Nevada,S,White,Summer,2.9,Yes,Debit Card,2-Day Shipping,Yes,Yes,34,Bank Transfer,Monthly,31,12.0,3.5553480614894135,42.664176737872964,1.0,1.0,1.0,1.0,0.03882783882783883,0.4564102564102564,3.7150943396226417,3.726725521669342
1793,38,Male,Sneakers,Footwear,59,Iowa,M,Peach,Fall,3.0,No,Bank Transfer,Express,No,No,22,Debit Card,Every 3 Months,59,4.0,3.1354942159291497,12.541976863716599,0.0,0.0,0.0,0.0,0.03626373626373627,0.14908424908424908,3.749494949494949,3.7808353808353807
3645,35,Female,Blouse,Clothing,32,Arkansas,M,Violet,Winter,2.6,No,Cash,Next Day Air,No,No,18,Venmo,Weekly,32,52.0,2.9444389791664403,153.1108269166549,0.0,0.0,0.0,0.0,0.047619047619047616,0.4564102564102564,3.733076923076923,3.726725521669342
2354,56,Male,Handbag,Accessories,71,Montana,M,White,Fall,4.1,No,Credit Card,Standard,No,No,25,Debit Card,Every 3 Months,71,4.0,3.258096538021482,13.032386152085929,0.0,0.0,0.0,0.0,0.03882783882783883,0.310989010989011,3.7216981132075473,3.745465253239105
3578,66,Female,Belt,Accessories,35,Missouri,S,Yellow,Winter,2.6,No,PayPal,Standard,No,No,13,Bank Transfer,Weekly,35,52.0,2.6390573296152584,137.23098113999345,0.0,0.0,0.0,0.0,0.04395604395604396,0.310989010989011,3.73,3.745465253239105
1575,18,Male,Skirt,Clothing,25,Minnesota,S,Magenta,Spring,4.2,No,Bank Transfer,Free Shipping,Yes,Yes,32,PayPal,Bi-Weekly,25,26.0,3.4965075614664802,90.90919659812849,0.0,1.0,1.0,1.0,0.041758241758241756,0.4564102564102564,3.816666666666667,3.726725521669342
2269,66,Male,Sweater,Clothing,26,Georgia,L,Charcoal,Spring,2.7,No,Credit Card,2-Day Shipping,No,No,15,Bank Transfer,Monthly,26,12.0,2.772588722239781,33.27106466687737,0.0,0.0,0.0,0.0,0.04468864468864469,0.4564102564102564,3.7147540983606557,3.726725521669342
3394,60,Female,Dress,Clothing,90,Arizona,M,Gold,Fall,3.1,No,PayPal,Next Day Air,No,No,50,Debit Card,Monthly,90,12.0,3.9318256327243257,47.18190759269191,0.0,0.0,0.0,0.0,0.044322344322344324,0.4564102564102564,3.7479338842975207,3.726725521669342
1625,38,Male,Sweater,Clothing,32,Florida,M,White,Winter,3.6,No,Venmo,Free Shipping,Yes,Yes,40,PayPal,Every 3 Months,32,4.0,3.713572066704308,14.854288266817232,0.0,1.0,1.0,1.0,0.04468864468864469,0.4564102564102564,3.7147540983606557,3.726725521669342
968,27,Male,Hoodie,Clothing,26,Georgia,S,Silver,Summer,3.7,Yes,Debit Card,Store Pickup,Yes,Yes,4,Cash,Weekly,26,52.0,1.6094379124341003,83.69077144657321,1.0,1.0,1.0,1.0,0.03882783882783883,0.4564102564102564,3.776415094339623,3.726725521669342
1286,64,Male,Gloves,Accessories,99,North Carolina,M,Charcoal,Fall,3.5,No,Venmo,Next Day Air,Yes,Yes,45,Bank Transfer,Fortnightly,99,26.0,3.828641396489095,99.54467630871648,0.0,1.0,1.0,1.0,0.03626373626373627,0.310989010989011,3.8666666666666667,3.745465253239105
203,57,Male,Hat,Accessories,38,Nebraska,L,Magenta,Spring,2.7,Yes,Bank Transfer,Express,Yes,Yes,33,Venmo,Annually,38,1.0,3.5263605246161616,3.5263605246161616,1.0,1.0,1.0,1.0,0.038461538461538464,0.310989010989011,3.7695238095238097,3.745465253239105
347,49,Male,Jeans,Clothing,50,New Mexico,L,Violet,Spring,4.7,Yes,Credit Card,Next Day Air,Yes,Yes,5,Cash,Weekly,50,52.0,1.791759469228055,93.17149239985886,1.0,1.0,1.0,1.0,0.03406593406593406,0.4564102564102564,3.6,3.726725521669342
1883,44,Male,Scarf,Accessories,54,Tennessee,L,Blue,Winter,5.0,No,Debit Card,Store Pickup,No,No,25,Bank Transfer,Quarterly,54,4.0,3.258096538021482,13.032386152085929,0.0,0.0,0.0,0.0,0.03772893772893773,0.310989010989011,3.721359223300971,3.745465253239105
417,36,Male,Belt,Accessories,55,Oregon,L,Olive,Spring,3.8,Yes,Bank Transfer,Free Shipping,Yes,Yes,24,Bank Transfer,Fortnightly,55,26.0,3.2188758248682006,83.69077144657321,1.0,1.0,1.0,1.0,0.04395604395604396,0.310989010989011,3.73,3.745465253239105
2713,37,Female,Jacket,Outerwear,95,North Dakota,L,Brown,Fall,4.6,No,Credit Card,Standard,No,No,7,Debit Card,Quarterly,95,4.0,2.0794415416798357,8.317766166719343,0.0,0.0,0.0,0.0,0.04249084249084249,0.08351648351648351,3.752586206896552,3.7504385964912283
1202,27,Male,Shoes,Footwear,61,Illinois,XL,Black,Summer,3.1,No,Cash,2-Day Shipping,Yes,Yes,46,Venmo,Fortnightly,61,26.0,3.8501476017100584,100.10383764446152,0.0,1.0,1.0,1.0,0.036996336996337,0.14908424908424908,3.7099009900990096,3.7808353808353807
285,63,Male,Skirt,Clothing,45,Ohio,M,Red,Summer,3.5,Yes,PayPal,Standard,Yes,Yes,4,PayPal,Quarterly,45,4.0,1.6094379124341003,6.437751649736401,1.0,1.0,1.0,1.0,0.041758241758241756,0.4564102564102564,3.816666666666667,3.726725521669342
1107,52,Male,Skirt,Clothing,96,Minnesota,L,Violet,Winter,3.6,No,Credit Card,Store Pickup,Yes,Yes,12,Venmo,Fortnightly,96,26.0,2.5649493574615367,66.68868329399996,0.0,1.0,1.0,1.0,0.041758241758241756,0.4564102564102564,3.816666666666667,3.726725521669342
2004,68,Male,Sneakers,Footwear,72,Maine,S,Blue,Spring,3.1,No,Venmo,Express,No,No,32,Cash,Quarterly,72,4.0,3.4965075614664802,13.986030245865921,0.0,0.0,0.0,0.0,0.03626373626373627,0.14908424908424908,3.749494949494949,3.7808353808353807
1099,49,Male,Handbag,Accessories,98,Idaho,S,Turquoise,Spring,3.6,No,PayPal,Next Day Air,Yes,Yes,27,Credit Card,Weekly,98,52.0,3.332204510175204,173.27463452911059,0.0,1.0,1.0,1.0,0.03882783882783883,0.310989010989011,3.7216981132075473,3.745465253239105
2543,61,Male,Jewelry,Accessories,22,Arkansas,M,White,Winter,3.7,No,PayPal,Express,No,No,27,PayPal,Annually,22,1.0,3.332204510175204,3.332204510175204,0.0,0.0,0.0,0.0,0.04212454212454213,0.310989010989011,3.744347826086957,3.745465253239105
2783,41,Female,Gloves,Accessories,34,Idaho,S,Cyan,Spring,3.8,No,PayPal,Free Shipping,No,No,30,PayPal,Annually,34,1.0,3.4339872044851463,3.4339872044851463,0.0,0.0,0.0,0.0,0.03626373626373627,0.310989010989011,3.8666666666666667,3.745465253239105
3320,23,Female,Shorts,Clothing,31,North Dakota,M,Indigo,Summer,4.3,No,Cash,Next Day Air,No,No,17,Credit Card,Every 3 Months,31,4.0,2.8903717578961645,11.561487031584658,0.0,0.0,0.0,0.0,0.04212454212454213,0.4564102564102564,3.6730434782608694,3.726725521669342
977,34,Male,T-shirt,Clothing,90,Florida,M,Gray,Fall,3.6,Yes,PayPal,Express,Yes,Yes,50,Credit Card,Every 3 Months,90,4.0,3.9318256327243257,15.727302530897303,1.0,1.0,1.0,1.0,0.034432234432234435,0.4564102564102564,3.8138297872340425,3.726725521669342
1351,31,Male,Sunglasses,Accessories,71,Delaware,M,Orange,Fall,4.3,No,Cash,Next Day Air,Yes,Yes,1,Cash,Every 3 Months,71,4.0,0.6931471805599453,2.772588722239781,0.0,1.0,1.0,1.0,0.0380952380952381,0.310989010989011,3.7211538461538463,3.745465253239105
1980,49,Male,Jeans,Clothing,98,Tennessee,L,Blue,Spring,2.8,No,PayPal,Store Pickup,No,No,38,Debit Card,Fortnightly,98,26.0,3.6635616461296463,95.2526027993708,0.0,0.0,0.0,0.0,0.03406593406593406,0.4564102564102564,3.6,3.726725521669342
2987,62,Female,Belt,Accessories,85,Arizona,S,Silver,Summer,3.3,No,Credit Card,2-Day Shipping,No,No,16,Credit Card,Monthly,85,12.0,2.833213344056216,33.9985601286746,0.0,0.0,0.0,0.0,0.04395604395604396,0.310989010989011,3.73,3.745465253239105
1922,47,Male,Shirt,Clothing,36,Michigan,M,Green,Fall,3.5,No,Cash,Store Pickup,No,No,13,Venmo,Annually,36,1.0,2.6390573296152584,2.6390573296152584,0.0,0.0,0.0,0.0,0.04322344322344322,0.4564102564102564,3.669491525423729,3.726725521669342
2162,23,Male,Dress,Clothing,69,Washington,S,Peach,Summer,3.8,No,Credit Card,Express,No,No,5,Debit Card,Fortnightly,69,26.0,1.791759469228055,46.58574619992943,0.0,0.0,0.0,0.0,0.044322344322344324,0.4564102564102564,3.7479338842975207,3.726725521669342
3848,60,Female,Sweater,Clothing,34,Delaware,S,Blue,Fall,3.2,No,Credit Card,2-Day Shipping,No,No,31,PayPal,Fortnightly,34,26.0,3.4657359027997265,90.10913347279289,0.0,0.0,0.0,0.0,0.04468864468864469,0.4564102564102564,3.7147540983606557,3.726725521669342
554,63,Male,Sunglasses,Accessories,59,Florida,M,White,Winter,3.2,Yes,Venmo,Express,Yes,Yes,15,Credit Card,Quarterly,59,4.0,2.772588722239781,11.090354888959125,1.0,1.0,1.0,1.0,0.0380952380952381,0.310989010989011,3.7211538461538463,3.745465253239105
1672,31,Male,Hoodie,Clothing,22,Utah,M,Olive,Winter,4.0,No,PayPal,Free Shipping,Yes,Yes,25,Bank Transfer,Weekly,22,52.0,3.258096538021482,169.42101997711708,0.0,1.0,1.0,1.0,0.03882783882783883,0.4564102564102564,3.776415094339623,3.726725521669342
3736,38,Female,Sandals,Footwear,44,Massachusetts,L,Orange,Spring,3.1,No,Cash,2-Day Shipping,No,No,29,PayPal,Annually,44,1.0,3.4011973816621555,3.4011973816621555,0.0,0.0,0.0,0.0,0.03882783882783883,0.14908424908424908,3.8367924528301884,3.7808353808353807
3095,22,Female,Sandals,Footwear,59,Georgia,M,Gray,Summer,2.7,No,Bank Transfer,Store Pickup,No,No,9,Cash,Weekly,59,52.0,2.302585092994046,119.73442483569039,0.0,0.0,0.0,0.0,0.03882783882783883,0.14908424908424908,3.8367924528301884,3.7808353808353807
1808,34,Male,Sneakers,Footwear,46,Vermont,L,Gold,Summer,3.5,No,PayPal,Standard,No,No,37,Venmo,Fortnightly,46,26.0,3.6375861597263857,94.57724015288602,0.0,0.0,0.0,0.0,0.03626373626373627,0.14908424908424908,3.749494949494949,3.7808353808353807
37,35,Male,T-shirt,Clothing,69,Illinois,M,Maroon,Winter,4.6,Yes,Cash,Free Shipping,Yes,Yes,44,PayPal,Fortnightly,69,26.0,3.8066624897703196,98.9732247340283,1.0,1.0,1.0,1.0,0.034432234432234435,0.4564102564102564,3.8138297872340425,3.726725521669342
303,37,Male,Sweater,Clothing,44,Delaware,L,Olive,Summer,3.6,Yes,Venmo,Express,Yes,Yes,27,Bank Transfer,Every 3 Months,44,4.0,3.332204510175204,13.328818040700815,1.0,1.0,1.0,1.0,0.04468864468864469,0.4564102564102564,3.7147540983606557,3.726725521669342
2796,33,Female,Scarf,Accessories,35,Nebraska,M,Magenta,Winter,3.4,No,Bank Transfer,Store Pickup,No,No,49,PayPal,Annually,35,1.0,3.912023005428146,3.912023005428146,0.0,0.0,0.0,0.0,0.03772893772893773,0.310989010989011,3.721359223300971,3.745465253239105
611,53,Male,Shorts,Clothing,72,Oklahoma,M,Charcoal,Summer,2.5,Yes,Debit Card,Free Shipping,Yes,Yes,27,Bank Transfer,Every 3 Months,72,4.0,3.332204510175204,13.328818040700815,1.0,1.0,1.0,1.0,0.04212454212454213,0.4564102564102564,3.6730434782608694,3.726725521669342
3105,43,Female,Pants,Clothing,56,Georgia,S,Turquoise,Summer,5.0,No,PayPal,2-Day Shipping,No,No,41,Debit Card,Fortnightly,56,26.0,3.7376696182833684,97.17941007536758,0.0,0.0,0.0,0.0,0.04652014652014652,0.4564102564102564,3.729133858267717,3.726725521669342
1112,22,Male,Shoes,Footwear,66,New York,S,Olive,Summer,4.1,No,Bank Transfer,Next Day Air,Yes,Yes,4,Credit Card,Bi-Weekly,66,26.0,1.6094379124341003,41.845385723286604,0.0,1.0,1.0,1.0,0.036996336996337,0.14908424908424908,3.7099009900990096,3.7808353808353807
1135,62,Male,T-shirt,Clothing,81,Wisconsin,M,Brown,Summer,4.6,No,Bank Transfer,Express,Yes,Yes,2,Venmo,Every 3 Months,81,4.0,1.0986122886681098,4.394449154672439,0.0,1.0,1.0,1.0,0.034432234432234435,0.4564102564102564,3.8138297872340425,3.726725521669342
718,21,Male,Socks,Clothing,90,Alaska,L,Green,Spring,4.2,Yes,Debit Card,Express,Yes,Yes,7,Venmo,Every 3 Months,90,4.0,2.0794415416798357,8.317766166719343,1.0,1.0,1.0,1.0,0.03882783882783883,0.4564102564102564,3.7150943396226417,3.726725521669342
1560,43,Male,Scarf,Accessories,94,Oregon,L,Beige,Fall,4.5,No,Venmo,Store Pickup,Yes,Yes,23,PayPal,Fortnightly,94,26.0,3.1780538303479458,82.62939958904659,0.0,1.0,1.0,1.0,0.03772893772893773,0.310989010989011,3.721359223300971,3.745465253239105
883,50,Male,Boots,Footwear,35,Virginia,M,Cyan,Fall,3.8,Yes,Cash,Next Day Air,Yes,Yes,37,Cash,Every 3 Months,35,4.0,3.6375861597263857,14.550344638905543,1.0,1.0,1.0,1.0,0.036996336996337,0.14908424908424908,3.8237623762376236,3.7808353808353807
3776,41,Female,Belt,Accessories,63,South Dakota,S,Pink,Spring,2.7,No,Debit Card,2-Day Shipping,No,No,45,Cash,Quarterly,63,4.0,3.828641396489095,15.31456558595638,0.0,0.0,0.0,0.0,0.04395604395604396,0.310989010989011,3.73,3.745465253239105
2715,53,Female,Sweater,Clothing,45,Iowa,S,Olive,Winter,3.6,No,Debit Card,Store Pickup,No,No,16,Credit Card,Bi-Weekly,45,26.0,2.833213344056216,73.66354694546162,0.0,0.0,0.0,0.0,0.04468864468864469,0.4564102564102564,3.7147540983606557,3.726725521669342
2576,53,Male,Shorts,Clothing,96,Minnesota,M,Silver,Fall,4.0,No,Cash,Express,No,No,9,PayPal,Annually,96,1.0,2.302585092994046,2.302585092994046,0.0,0.0,0.0,0.0,0.04212454212454213,0.4564102564102564,3.6730434782608694,3.726725521669342
2841,40,Female,T-shirt,Clothing,47,West Virginia,L,Pink,Spring,3.5,No,Bank Transfer,Store Pickup,No,No,41,Cash,Annually,47,1.0,3.7376696182833684,3.7376696182833684,0.0,0.0,0.0,0.0,0.034432234432234435,0.4564102564102564,3.8138297872340425,3.726725521669342
3640,26,Female,Coat,Outerwear,44,Illinois,M,Brown,Summer,3.6,No,Venmo,2-Day Shipping,No,No,39,Venmo,Annually,44,1.0,3.6888794541139363,3.6888794541139363,0.0,0.0,0.0,0.0,0.041025641025641026,0.08351648351648351,3.748214285714286,3.7504385964912283
1906,47,Male,Boots,Footwear,35,Idaho,M,Teal,Summer,4.9,No,Debit Card,2-Day Shipping,No,No,14,Bank Transfer,Fortnightly,35,26.0,2.70805020110221,70.40930522865746,0.0,0.0,0.0,0.0,0.036996336996337,0.14908424908424908,3.8237623762376236,3.7808353808353807
3197,24,Female,Belt,Accessories,59,Wisconsin,L,Maroon,Winter,2.8,No,Debit Card,Express,No,No,21,Debit Card,Fortnightly,59,26.0,3.091042453358316,80.36710378731621,0.0,0.0,0.0,0.0,0.04395604395604396,0.310989010989011,3.73,3.745465253239105
2905,41,Female,Sandals,Footwear,41,Iowa,M,Gray,Spring,4.0,No,Bank Transfer,2-Day Shipping,No,No,43,Venmo,Monthly,41,12.0,3.784189633918261,45.41027560701913,0.0,0.0,0.0,0.0,0.03882783882783883,0.14908424908424908,3.8367924528301884,3.7808353808353807
1887,18,Male,Gloves,Accessories,91,Arkansas,L,Beige,Spring,4.4,No,Cash,Next Day Air,No,No,46,Cash,Bi-Weekly,91,26.0,3.8501476017100584,100.10383764446152,0.0,0.0,0.0,0.0,0.03626373626373627,0.310989010989011,3.8666666666666667,3.745465253239105
3861,57,Female,Sunglasses,Accessories,64,Pennsylvania,M,Turquoise,Summer,4.4,No,Credit Card,Next Day Air,No,No,44,Cash,Annually,64,1.0,3.8066624897703196,3.8066624897703196,0.0,0.0,0.0,0.0,0.0380952380952381,0.310989010989011,3.7211538461538463,3.745465253239105
1375,22,Male,Handbag,Accessories,97,New York,M,Red,Fall,2.7,No,Debit Card,Free Shipping,Yes,Yes,5,Bank Transfer,Quarterly,97,4.0,1.791759469228055,7.16703787691222,0.0,1.0,1.0,1.0,0.03882783882783883,0.310989010989011,3.7216981132075473,3.745465253239105
112,26,Male,Belt,Accessories,75,Massachusetts,L,Purple,Summer,5.0,Yes,PayPal,Free Shipping,Yes,Yes,9,Credit Card,Annually,75,1.0,2.302585092994046,2.302585092994046,1.0,1.0,1.0,1.0,0.04395604395604396,0.310989010989011,3.73,3.745465253239105
2981,70,Female,Gloves,Accessories,93,New Jersey,L,Teal,Fall,4.4,No,Cash,2-Day Shipping,No,No,9,Bank Transfer,Monthly,93,12.0,2.302585092994046,27.63102111592855,0.0,0.0,0.0,0.0,0.03626373626373627,0.310989010989011,3.8666666666666667,3.745465253239105
3417,25,Female,Sandals,Footwear,53,Alabama,M,Purple,Spring,3.2,No,PayPal,Store Pickup,No,No,11,Bank Transfer,Every 3 Months,53,4.0,2.4849066497880004,9.939626599152001,0.0,0.0,0.0,0.0,0.03882783882783883,0.14908424908424908,3.8367924528301884,3.7808353808353807
3017,30,Female,Blouse,Clothing,26,Indiana,L,Lavender,Summer,4.9,No,Credit Card,Store Pickup,No,No,31,Bank Transfer,Quarterly,26,4.0,3.4657359027997265,13.862943611198906,0.0,0.0,0.0,0.0,0.047619047619047616,0.4564102564102564,3.733076923076923,3.726725521669342
1711,19,Male,Pants,Clothing,59,Arkansas,XL,Orange,Fall,3.8,No,Debit Card,Store Pickup,No,No,7,Credit Card,Quarterly,59,4.0,2.0794415416798357,8.317766166719343,0.0,0.0,0.0,0.0,0.04652014652014652,0.4564102564102564,3.729133858267717,3.726725521669342
1091,38,Male,Scarf,Accessories,58,Connecticut,M,Violet,Spring,4.2,No,Bank Transfer,Store Pickup,Yes,Yes,27,Cash,Fortnightly,58,26.0,3.332204510175204,86.63731726455529,0.0,1.0,1.0,1.0,0.03772893772893773,0.310989010989011,3.721359223300971,3.745465253239105
1939,46,Male,Jeans,Clothing,23,Kentucky,L,Blue,Spring,3.8,No,Bank Transfer,Standard,No,No,39,Debit Card,Bi-Weekly,23,26.0,3.6888794541139363,95.91086580696235,0.0,0.0,0.0,0.0,0.03406593406593406,0.4564102564102564,3.6,3.726725521669342
549,36,Male,Backpack,Accessories,64,Nebraska,M,Black,Winter,4.6,Yes,PayPal,Store Pickup,Yes,Yes,41,Debit Card,Every 3 Months,64,4.0,3.7376696182833684,14.950678473133474,1.0,1.0,1.0,1.0,0.03553113553113553,0.310989010989011,3.693814432989691,3.745465253239105
1192,34,Male,T-shirt,Clothing,70,Indiana,L,Charcoal,Winter,4.1,No,Debit Card,Free Shipping,Yes,Yes,50,Venmo,Quarterly,70,4.0,3.9318256327243257,15.727302530897303,0.0,1.0,1.0,1.0,0.034432234432234435,0.4564102564102564,3.8138297872340425,3.726725521669342
2780,61,Female,Sunglasses,Accessories,66,Montana,L,Blue,Winter,4.3,No,Bank Transfer,Express,No,No,14,Credit Card,Fortnightly,66,26.0,2.70805020110221,70.40930522865746,0.0,0.0,0.0,0.0,0.0380952380952381,0.310989010989011,3.7211538461538463,3.745465253239105
3828,62,Female,Jewelry,Accessories,73,Montana,M,Red,Summer,4.1,No,Cash,Standard,No,No,47,Cash,Fortnightly,73,26.0,3.871201010907891,100.65122628360517,0.0,0.0,0.0,0.0,0.04212454212454213,0.310989010989011,3.744347826086957,3.745465253239105
1274,41,Male,Jeans,Clothing,29,Mississippi,L,Silver,Spring,4.1,No,Cash,Next Day Air,Yes,Yes,32,Credit Card,Every 3 Months,29,4.0,3.4965075614664802,13.986030245865921,0.0,1.0,1.0,1.0,0.03406593406593406,0.4564102564102564,3.6,3.726725521669342
104,54,Male,Boots,Footwear,89,West Virginia,L,Red,Winter,4.0,Yes,Debit Card,Next Day Air,Yes,Yes,22,Venmo,Bi-Weekly,89,26.0,3.1354942159291497,81.52284961415789,1.0,1.0,1.0,1.0,0.036996336996337,0.14908424908424908,3.8237623762376236,3.7808353808353807
2939,28,Female,Sunglasses,Accessories,53,Maine,M,Violet,Fall,3.0,No,Cash,Standard,No,No,15,Cash,Monthly,53,12.0,2.772588722239781,33.27106466687737,0.0,0.0,0.0,0.0,0.0380952380952381,0.310989010989011,3.7211538461538463,3.745465253239105
3781,54,Female,Sneakers,Footwear,57,Mississippi,L,Yellow,Fall,4.1,No,Bank Transfer,Free Shipping,No,No,41,Venmo,Quarterly,57,4.0,3.7376696182833684,14.950678473133474,0.0,0.0,0.0,0.0,0.03626373626373627,0.14908424908424908,3.749494949494949,3.7808353808353807
2305,26,Male,Hoodie,Clothing,73,Louisiana,L,Silver,Winter,4.7,No,Bank Transfer,Free Shipping,No,No,9,Debit Card,Fortnightly,73,26.0,2.302585092994046,59.867212417845195,0.0,0.0,0.0,0.0,0.03882783882783883,0.4564102564102564,3.776415094339623,3.726725521669342
731,48,Male,Boots,Footwear,25,Massachusetts,M,Indigo,Summer,3.9,Yes,Venmo,Standard,Yes,Yes,28,Venmo,Fortnightly,25,26.0,3.367295829986474,87.54969157964833,1.0,1.0,1.0,1.0,0.036996336996337,0.14908424908424908,3.8237623762376236,3.7808353808353807
3472,43,Female,Sandals,Footwear,66,North Carolina,S,Blue,Spring,3.1,No,Cash,Store Pickup,No,No,31,Cash,Bi-Weekly,66,26.0,3.4657359027997265,90.10913347279289,0.0,0.0,0.0,0.0,0.03882783882783883,0.14908424908424908,3.8367924528301884,3.7808353808353807
2482,41,Male,Belt,Accessories,92,New Jersey,XL,Cyan,Fall,2.9,No,Venmo,Free Shipping,No,No,35,Debit Card,Weekly,92,52.0,3.58351893845611,186.34298479971773,0.0,0.0,0.0,0.0,0.04395604395604396,0.310989010989011,3.73,3.745465253239105
3900,52,Female,Handbag,Accessories,81,California,M,Beige,Spring,3.1,No,Bank Transfer,Store Pickup,No,No,33,Venmo,Quarterly,81,4.0,3.5263605246161616,14.105442098464646,0.0,0.0,0.0,0.0,0.03882783882783883,0.310989010989011,3.7216981132075473,3.745465253239105
2189,41,Male,Coat,Outerwear,54,California,M,Brown,Winter,4.7,No,PayPal,Next Day Air,No,No,9,Credit Card,Weekly,54,52.0,2.302585092994046,119.73442483569039,0.0,0.0,0.0,0.0,0.041025641025641026,0.08351648351648351,3.748214285714286,3.7504385964912283
385,70,Male,Sweater,Clothing,33,California,M,Beige,Fall,4.5,Yes,Credit Card,2-Day Shipping,Yes,Yes,6,Venmo,Annually,33,1.0,1.9459101490553132,1.9459101490553132,1.0,1.0,1.0,1.0,0.04468864468864469,0.4564102564102564,3.7147540983606557,3.726725521669342
1321,56,Male,Hat,Accessories,31,California,XL,Teal,Fall,3.1,No,PayPal,Free Shipping,Yes,Yes,19,Debit Card,Annually,31,1.0,2.995732273553991,2.995732273553991,0.0,1.0,1.0,1.0,0.038461538461538464,0.310989010989011,3.7695238095238097,3.745465253239105
580,58,Male,Sandals,Footwear,41,California,M,Violet,Winter,3.7,Yes,Debit Card,Free Shipping,Yes,Yes,48,Credit Card,Annually,41,1.0,3.8918202981106265,3.8918202981106265,1.0,1.0,1.0,1.0,0.03882783882783883,0.14908424908424908,3.8367924528301884,3.7808353808353807
151,35,Male,Boots,Footwear,96,California,L,Cyan,Fall,4.9,Yes,Bank Transfer,Standard,Yes,Yes,17,Debit Card,Every 3 Months,96,4.0,2.8903717578961645,11.561487031584658,1.0,1.0,1.0,1.0,0.036996336996337,0.14908424908424908,3.8237623762376236,3.7808353808353807
1929,25,Male,Sunglasses,Accessories,92,Mississippi,S,Lavender,Summer,3.7,No,PayPal,Standard,No,No,10,PayPal,Weekly,92,52.0,2.3978952727983707,124.69055418551528,0.0,0.0,0.0,0.0,0.0380952380952381,0.310989010989011,3.7211538461538463,3.745465253239105
219,28,Male,T-shirt,Clothing,45,California,S,Magenta,Spring,2.9,Yes,Credit Card,Store Pickup,Yes,Yes,8,Credit Card,Quarterly,45,4.0,2.1972245773362196,8.788898309344878,1.0,1.0,1.0,1.0,0.034432234432234435,0.4564102564102564,3.8138297872340425,3.726725521669342
1389,62,Male,Dress,Clothing,23,Arkansas,M,Lavender,Spring,3.9,No,Cash,Express,Yes,Yes,40,Cash,Quarterly,23,4.0,3.713572066704308,14.854288266817232,0.0,1.0,1.0,1.0,0.044322344322344324,0.4564102564102564,3.7479338842975207,3.726725521669342
2856,29,Female,Boots,Footwear,95,Mississippi,S,Maroon,Winter,3.8,No,Debit Card,2-Day Shipping,No,No,33,PayPal,Quarterly,95,4.0,3.5263605246161616,14.105442098464646,0.0,0.0,0.0,0.0,0.036996336996337,0.14908424908424908,3.8237623762376236,3.7808353808353807
3070,62,Female,Jeans,Clothing,73,Delaware,L,Magenta,Spring,4.6,No,Venmo,Express,No,No,17,Debit Card,Quarterly,73,4.0,2.8903717578961645,11.561487031584658,0.0,0.0,0.0,0.0,0.03406593406593406,0.4564102564102564,3.6,3.726725521669342
3628,39,Female,Belt,Accessories,54,Delaware,M,Silver,Winter,3.3,No,Credit Card,Next Day Air,No,No,48,Cash,Every 3 Months,54,4.0,3.8918202981106265,15.567281192442506,0.0,0.0,0.0,0.0,0.04395604395604396,0.310989010989011,3.73,3.745465253239105
1077,33,Male,Coat,Outerwear,72,North Dakota,L,Charcoal,Spring,2.9,No,Bank Transfer,Standard,Yes,Yes,47,Venmo,Bi-Weekly,72,26.0,3.871201010907891,100.65122628360517,0.0,1.0,1.0,1.0,0.041025641025641026,0.08351648351648351,3.748214285714286,3.7504385964912283
1355,64,Male,Backpack,Accessories,42,Maryland,M,Gray,Spring,3.6,No,Debit Card,2-Day Shipping,Yes,Yes,21,Bank Transfer,Quarterly,42,4.0,3.091042453358316,12.364169813433264,0.0,1.0,1.0,1.0,0.03553113553113553,0.310989010989011,3.693814432989691,3.745465253239105
820,55,Male,Sunglasses,Accessories,36,Colorado,S,Teal,Winter,4.8,Yes,Bank Transfer,Next Day Air,Yes,Yes,28,Debit Card,Quarterly,36,4.0,3.367295829986474,13.469183319945897,1.0,1.0,1.0,1.0,0.0380952380952381,0.310989010989011,3.7211538461538463,3.745465253239105
1742,41,Male,Pants,Clothing,51,Delaware,XL,Teal,Winter,3.6,No,Venmo,Next Day Air,No,No,20,Bank Transfer,Monthly,51,12.0,3.044522437723423,36.53426925268108,0.0,0.0,0.0,0.0,0.04652014652014652,0.4564102564102564,3.729133858267717,3.726725521669342
1017,20,Male,Belt,Accessories,30,Idaho,XL,Blue,Summer,3.4,Yes,Cash,Express,Yes,Yes,15,Bank Transfer,Every 3 Months,30,4.0,2.772588722239781,11.090354888959125,1.0,1.0,1.0,1.0,0.04395604395604396,0.310989010989011,3.73,3.745465253239105
2053,45,Male,Backpack,Accessories,48,New Hampshire,M,Gray,Winter,3.7,No,PayPal,2-Day Shipping,No,No,30,Bank Transfer,Annually,48,1.0,3.4339872044851463,3.4339872044851463,0.0,0.0,0.0,0.0,0.03553113553113553,0.310989010989011,3.693814432989691,3.745465253239105
1891,36,Male,Sunglasses,Accessories,57,Hawaii,M,Lavender,Spring,3.4,No,Debit Card,Store Pickup,No,No,5,Credit Card,Weekly,57,52.0,1.791759469228055,93.17149239985886,0.0,0.0,0.0,0.0,0.0380952380952381,0.310989010989011,3.7211538461538463,3.745465253239105
335,41,Male,Blouse,Clothing,46,Kansas,M,Lavender,Fall,2.6,Yes,PayPal,Next Day Air,Yes,Yes,30,Credit Card,Annually,46,1.0,3.4339872044851463,3.4339872044851463,1.0,1.0,1.0,1.0,0.047619047619047616,0.4564102564102564,3.733076923076923,3.726725521669342
1131,67,Male,Jewelry,Accessories,41,Kentucky,M,Lavender,Summer,3.9,No,Cash,Standard,Yes,Yes,30,PayPal,Bi-Weekly,41,26.0,3.4339872044851463,89.2836673166138,0.0,1.0,1.0,1.0,0.04212454212454213,0.310989010989011,3.744347826086957,3.745465253239105
870,38,Male,Hat,Accessories,54,New Hampshire,M,Silver,Spring,2.7,Yes,PayPal,2-Day Shipping,Yes,Yes,33,PayPal,Weekly,54,52.0,3.5263605246161616,183.3707472800404,1.0,1.0,1.0,1.0,0.038461538461538464,0.310989010989011,3.7695238095238097,3.745465253239105
1918,38,Male,Skirt,Clothing,71,Hawaii,L,Black,Winter,3.4,No,Venmo,Free Shipping,No,No,35,PayPal,Bi-Weekly,71,26.0,3.58351893845611,93.17149239985886,0.0,0.0,0.0,0.0,0.041758241758241756,0.4564102564102564,3.816666666666667,3.726725521669342
2039,53,Male,Blouse,Clothing,70,Arkansas,L,Orange,Spring,4.4,No,Debit Card,Next Day Air,No,No,35,Credit Card,Fortnightly,70,26.0,3.58351893845611,93.17149239985886,0.0,0.0,0.0,0.0,0.047619047619047616,0.4564102564102564,3.733076923076923,3.726725521669342
600,51,Male,Boots,Footwear,26,Massachusetts,L,Teal,Spring,4.2,Yes,Cash,Standard,Yes,Yes,27,Debit Card,Every 3 Months,26,4.0,3.332204510175204,13.328818040700815,1.0,1.0,1.0,1.0,0.036996336996337,0.14908424908424908,3.8237623762376236,3.7808353808353807
3255,21,Female,Sweater,Clothing,31,Indiana,S,Magenta,Winter,4.9,No,Venmo,Store Pickup,No,No,11,Bank Transfer,Every 3 Months,31,4.0,2.4849066497880004,9.939626599152001,0.0,0.0,0.0,0.0,0.04468864468864469,0.4564102564102564,3.7147540983606557,3.726725521669342
1620,57,Male,Handbag,Accessories,78,Hawaii,L,Beige,Winter,3.5,No,Cash,Store Pickup,Yes,Yes,50,Venmo,Bi-Weekly,78,26.0,3.9318256327243257,102.22746645083247,0.0,1.0,1.0,1.0,0.03882783882783883,0.310989010989011,3.7216981132075473,3.745465253239105
2026,42,Male,Shirt,Clothing,29,Delaware,M,Turquoise,Summer,3.0,No,Bank Transfer,Express,No,No,43,Debit Card,Fortnightly,29,26.0,3.784189633918261,98.38893048187478,0.0,0.0,0.0,0.0,0.04322344322344322,0.4564102564102564,3.669491525423729,3.726725521669342
2079,49,Male,Dress,Clothing,42,Hawaii,M,Blue,Spring,3.2,No,Venmo,Next Day Air,No,No,40,Debit Card,Weekly,42,52.0,3.713572066704308,193.105747468624,0.0,0.0,0.0,0.0,0.044322344322344324,0.4564102564102564,3.7479338842975207,3.726725521669342
1815,32,Male,Jeans,Clothing,92,Montana,M,White,Summer,3.8,No,Debit Card,Free Shipping,No,No,24,Cash,Quarterly,92,4.0,3.2188758248682006,12.875503299472802,0.0,0.0,0.0,0.0,0.03406593406593406,0.4564102564102564,3.6,3.726725521669342
2774,39,Female,Pants,Clothing,98,Arizona,S,Maroon,Spring,4.6,No,Credit Card,Express,No,No,45,Bank Transfer,Quarterly,98,4.0,3.828641396489095,15.31456558595638,0.0,0.0,0.0,0.0,0.04652014652014652,0.4564102564102564,3.729133858267717,3.726725521669342
33,36,Male,Jacket,Outerwear,67,Kansas,M,Silver,Summer,4.9,Yes,Bank Transfer,Free Shipping,Yes,Yes,37,Venmo,Annually,67,1.0,3.6375861597263857,3.6375861597263857,1.0,1.0,1.0,1.0,0.04249084249084249,0.08351648351648351,3.752586206896552,3.7504385964912283
2140,40,Male,Boots,Footwear,95,New York,M,Red,Winter,3.0,No,Credit Card,Free Shipping,No,No,33,Cash,Weekly,95,52.0,3.5263605246161616,183.3707472800404,0.0,0.0,0.0,0.0,0.036996336996337,0.14908424908424908,3.8237623762376236,3.7808353808353807
1165,68,Male,Dress,Clothing,96,Montana,M,Green,Winter,4.2,No,Credit Card,Standard,Yes,Yes,47,PayPal,Quarterly,96,4.0,3.871201010907891,15.484804043631565,0.0,1.0,1.0,1.0,0.044322344322344324,0.4564102564102564,3.7479338842975207,3.726725521669342
339,69,Male,Hoodie,Clothing,79,Massachusetts,M,Silver,Winter,3.5,Yes,Venmo,Express,Yes,Yes,16,Cash,Weekly,79,52.0,2.833213344056216,147.32709389092324,1.0,1.0,1.0,1.0,0.03882783882783883,0.4564102564102564,3.776415094339623,3.726725521669342
1854,29,Male,Blouse,Clothing,67,North Dakota,XL,Olive,Spring,2.9,No,Bank Transfer,Express,No,No,11,PayPal,Fortnightly,67,26.0,2.4849066497880004,64.60757289448802,0.0,0.0,0.0,0.0,0.047619047619047616,0.4564102564102564,3.733076923076923,3.726725521669342
2446,63,Male,Scarf,Accessories,96,Tennessee,M,Brown,Summer,4.1,No,PayPal,Store Pickup,No,No,50,Cash,Weekly,96,52.0,3.9318256327243257,204.45493290166493,0.0,0.0,0.0,0.0,0.03772893772893773,0.310989010989011,3.721359223300971,3.745465253239105
665,63,Male,Pants,Clothing,83,Colorado,M,Indigo,Winter,4.4,Yes,Cash,Express,Yes,Yes,41,PayPal,Bi-Weekly,83,26.0,3.7376696182833684,97.17941007536758,1.0,1.0,1.0,1.0,0.04652014652014652,0.4564102564102564,3.729133858267717,3.726725521669342
395,43,Male,Scarf,Accessories,29,North Dakota,M,Beige,Spring,4.8,Yes,PayPal,Store Pickup,Yes,Yes,7,Debit Card,Bi-Weekly,29,26.0,2.0794415416798357,54.06548008367573,1.0,1.0,1.0,1.0,0.03772893772893773,0.310989010989011,3.721359223300971,3.745465253239105
1846,51,Male,Sandals,Footwear,78,Delaware,M,Orange,Winter,2.8,No,Debit Card,2-Day Shipping,No,No,39,Bank Transfer,Quarterly,78,4.0,3.6888794541139363,14.755517816455745,0.0,0.0,0.0,0.0,0.03882783882783883,0.14908424908424908,3.8367924528301884,3.7808353808353807
510,41,Male,T-shirt,Clothing,80,Delaware,L,Cyan,Summer,3.9,Yes,Bank Transfer,Free Shipping,Yes,Yes,17,Debit Card,Weekly,80,52.0,2.8903717578961645,150.29933141060056,1.0,1.0,1.0,1.0,0.034432234432234435,0.4564102564102564,3.8138297872340425,3.726725521669342
3892,36,Female,Dress,Clothing,30,Colorado,L,Peach,Winter,4.7,No,Cash,Free Shipping,No,No,6,Bank Transfer,Quarterly,30,4.0,1.9459101490553132,7.783640596221253,0.0,0.0,0.0,0.0,0.044322344322344324,0.4564102564102564,3.7479338842975207,3.726725521669342
3158,21,Female,Belt,Accessories,34,Maine,L,Red,Fall,3.1,No,Bank Transfer,Store Pickup,No,No,5,Debit Card,Fortnightly,34,26.0,1.791759469228055,46.58574619992943,0.0,0.0,0.0,0.0,0.04395604395604396,0.310989010989011,3.73,3.745465253239105
3188,67,Female,Blouse,Clothing,72,Texas,L,Indigo,Winter,3.2,No,Credit Card,Free Shipping,No,No,28,Debit Card,Weekly,72,52.0,3.367295829986474,175.09938315929665,0.0,0.0,0.0,0.0,0.047619047619047616,0.4564102564102564,3.733076923076923,3.726725521669342
3642,51,Female,Jacket,Outerwear,45,New York,M,Cyan,Fall,2.7,No,Debit Card,Free Shipping,No,No,39,Bank Transfer,Every 3 Months,45,4.0,3.6888794541139363,14.755517816455745,0.0,0.0,0.0,0.0,0.04249084249084249,0.08351648351648351,3.752586206896552,3.7504385964912283
1847,68,Male,Scarf,Accessories,53,Wisconsin,M,Yellow,Summer,2.9,No,Debit Card,Standard,No,No,9,Venmo,Quarterly,53,4.0,2.302585092994046,9.210340371976184,0.0,0.0,0.0,0.0,0.03772893772893773,0.310989010989011,3.721359223300971,3.745465253239105
1256,30,Male,Hat,Accessories,68,Indiana,M,Peach,Fall,4.1,No,Credit Card,Standard,Yes,Yes,38,Cash,Fortnightly,68,26.0,3.6635616461296463,95.2526027993708,0.0,1.0,1.0,1.0,0.038461538461538464,0.310989010989011,3.7695238095238097,3.745465253239105
3762,60,Female,Backpack,Accessories,30,Nevada,M,Green,Summer,2.8,No,Venmo,Next Day Air,No,No,3,Venmo,Every 3 Months,30,4.0,1.3862943611198906,5.545177444479562,0.0,0.0,0.0,0.0,0.03553113553113553,0.310989010989011,3.693814432989691,3.745465253239105
922,70,Male,Coat,Outerwear,24,South Dakota,L,Silver,Summer,4.1,Yes,Venmo,Express,Yes,Yes,18,PayPal,Weekly,24,52.0,2.9444389791664403,153.1108269166549,1.0,1.0,1.0,1.0,0.041025641025641026,0.08351648351648351,3.748214285714286,3.7504385964912283
3727,47,Female,Belt,Accessories,85,Idaho,XL,Orange,Fall,4.3,No,Debit Card,Next Day Air,No,No,36,Debit Card,Every 3 Months,85,4.0,3.6109179126442243,14.443671650576897,0.0,0.0,0.0,0.0,0.04395604395604396,0.310989010989011,3.73,3.745465253239105
1370,32,Male,Shoes,Footwear,75,Iowa,M,Green,Winter,3.2,No,Cash,Standard,Yes,Yes,48,Venmo,Fortnightly,75,26.0,3.8918202981106265,101.18732775087629,0.0,1.0,1.0,1.0,0.036996336996337,0.14908424908424908,3.7099009900990096,3.7808353808353807
3604,45,Female,Jeans,Clothing,51,Louisiana,M,Gold,Spring,2.7,No,Debit Card,Free Shipping,No,No,5,Cash,Weekly,51,52.0,1.791759469228055,93.17149239985886,0.0,0.0,0.0,0.0,0.03406593406593406,0.4564102564102564,3.6,3.726725521669342
1483,28,Male,Gloves,Accessories,67,Wisconsin,S,Magenta,Spring,4.1,No,Venmo,2-Day Shipping,Yes,Yes,43,Bank Transfer,Weekly,67,52.0,3.784189633918261,196.77786096374956,0.0,1.0,1.0,1.0,0.03626373626373627,0.310989010989011,3.8666666666666667,3.745465253239105
1894,28,Male,Dress,Clothing,20,Delaware,L,Red,Summer,3.7,No,Venmo,Express,No,No,10,PayPal,Fortnightly,20,26.0,2.3978952727983707,62.34527709275764,0.0,0.0,0.0,0.0,0.044322344322344324,0.4564102564102564,3.7479338842975207,3.726725521669342
240,49,Male,Pants,Clothing,51,Vermont,L,Yellow,Summer,2.9,Yes,PayPal,Express,Yes,Yes,47,Credit Card,Bi-Weekly,51,26.0,3.871201010907891,100.65122628360517,1.0,1.0,1.0,1.0,0.04652014652014652,0.4564102564102564,3.729133858267717,3.726725521669342
1302,42,Male,Shirt,Clothing,54,Maine,M,Orange,Fall,5.0,No,Venmo,Express,Yes,Yes,21,Debit Card,Weekly,54,52.0,3.091042453358316,160.73420757463242,0.0,1.0,1.0,1.0,0.04322344322344322,0.4564102564102564,3.669491525423729,3.726725521669342
2750,64,Female,Jacket,Outerwear,53,Vermont,M,Cyan,Spring,3.4,No,Venmo,Standard,No,No,15,Bank Transfer,Annually,53,1.0,2.772588722239781,2.772588722239781,0.0,0.0,0.0,0.0,0.04249084249084249,0.08351648351648351,3.752586206896552,3.7504385964912283
3085,46,Female,Scarf,Accessories,37,Idaho,S,Indigo,Spring,3.2,No,Bank Transfer,Store Pickup,No,No,43,PayPal,Monthly,37,12.0,3.784189633918261,45.41027560701913,0.0,0.0,0.0,0.0,0.03772893772893773,0.310989010989011,3.721359223300971,3.745465253239105
3227,57,Female,Sneakers,Footwear,71,Minnesota,XL,Beige,Spring,3.3,No,Debit Card,Next Day Air,No,No,38,Bank Transfer,Fortnightly,71,26.0,3.6635616461296463,95.2526027993708,0.0,0.0,0.0,0.0,0.03626373626373627,0.14908424908424908,3.749494949494949,3.7808353808353807
2131,25,Male,Backpack,Accessories,68,Arizona,L,Violet,Summer,3.7,No,Debit Card,Free Shipping,No,No,33,Credit Card,Annually,68,1.0,3.5263605246161616,3.5263605246161616,0.0,0.0,0.0,0.0,0.03553113553113553,0.310989010989011,3.693814432989691,3.745465253239105
3272,35,Female,Socks,Clothing,55,Nevada,XL,Magenta,Spring,4.4,No,Debit Card,Standard,No,No,30,Credit Card,Weekly,55,52.0,3.4339872044851463,178.5673346332276,0.0,0.0,0.0,0.0,0.03882783882783883,0.4564102564102564,3.7150943396226417,3.726725521669342
3191,41,Female,Jeans,Clothing,78,California,S,Purple,Fall,3.4,No,Bank Transfer,Free Shipping,No,No,5,Credit Card,Fortnightly,78,26.0,1.791759469228055,46.58574619992943,0.0,0.0,0.0,0.0,0.03406593406593406,0.4564102564102564,3.6,3.726725521669342
2603,65,Male,Coat,Outerwear,44,South Carolina,M,Black,Fall,2.9,No,Venmo,Free Shipping,No,No,1,Venmo,Quarterly,44,4.0,0.6931471805599453,2.772588722239781,0.0,0.0,0.0,0.0,0.041025641025641026,0.08351648351648351,3.748214285714286,3.7504385964912283
1181,23,Male,Skirt,Clothing,23,Oregon,S,Beige,Spring,4.9,No,Cash,Standard,Yes,Yes,34,Cash,Monthly,23,12.0,3.5553480614894135,42.664176737872964,0.0,1.0,1.0,1.0,0.041758241758241756,0.4564102564102564,3.816666666666667,3.726725521669342
1467,58,Male,Shorts,Clothing,71,Alabama,M,Green,Summer,4.5,No,PayPal,Store Pickup,Yes,Yes,3,PayPal,Annually,71,1.0,1.3862943611198906,1.3862943611198906,0.0,1.0,1.0,1.0,0.04212454212454213,0.4564102564102564,3.6730434782608694,3.726725521669342
1304,34,Male,Blouse,Clothing,32,New York,L,Silver,Summer,3.1,No,Venmo,Next Day Air,Yes,Yes,10,Credit Card,Annually,32,1.0,2.3978952727983707,2.3978952727983707,0.0,1.0,1.0,1.0,0.047619047619047616,0.4564102564102564,3.733076923076923,3.726725521669342
2476,69,Male,Dress,Clothing,43,California,S,Lavender,Summer,3.5,No,Bank Transfer,Next Day Air,No,No,36,Venmo,Monthly,43,12.0,3.6109179126442243,43.331014951730694,0.0,0.0,0.0,0.0,0.044322344322344324,0.4564102564102564,3.7479338842975207,3.726725521669342
3837,62,Female,Skirt,Clothing,84,Alaska,M,Violet,Spring,2.5,No,Venmo,Free Shipping,No,No,38,PayPal,Fortnightly,84,26.0,3.6635616461296463,95.2526027993708,0.0,0.0,0.0,0.0,0.041758241758241756,0.4564102564102564,3.816666666666667,3.726725521669342
3041,18,Female,Handbag,Accessories,32,Nebraska,M,Gold,Fall,4.1,No,PayPal,Express,No,No,10,Cash,Fortnightly,32,26.0,2.3978952727983707,62.34527709275764,0.0,0.0,0.0,0.0,0.03882783882783883,0.310989010989011,3.7216981132075473,3.745465253239105
1684,23,Male,Coat,Outerwear,57,Arkansas,S,Lavender,Spring,3.5,No,Debit Card,Next Day Air,No,No,37,Venmo,Quarterly,57,4.0,3.6375861597263857,14.550344638905543,0.0,0.0,0.0,0.0,0.041025641025641026,0.08351648351648351,3.748214285714286,3.7504385964912283
490,49,Male,Socks,Clothing,85,South Dakota,M,Green,Summer,3.2,Yes,Venmo,Standard,Yes,Yes,40,PayPal,Annually,85,1.0,3.713572066704308,3.713572066704308,1.0,1.0,1.0,1.0,0.03882783882783883,0.4564102564102564,3.7150943396226417,3.726725521669342
748,51,Male,Shorts,Clothing,74,Oklahoma,L,Gold,Spring,4.4,Yes,Venmo,Next Day Air,Yes,Yes,13,Bank Transfer,Weekly,74,52.0,2.6390573296152584,137.23098113999345,1.0,1.0,1.0,1.0,0.04212454212454213,0.4564102564102564,3.6730434782608694,3.726725521669342
1248,65,Male,T-shirt,Clothing,99,Virginia,M,Charcoal,Spring,3.5,No,Bank Transfer,Express,Yes,Yes,18,Venmo,Bi-Weekly,99,26.0,2.9444389791664403,76.55541345832745,0.0,1.0,1.0,1.0,0.034432234432234435,0.4564102564102564,3.8138297872340425,3.726725521669342
2995,69,Female,Sweater,Clothing,100,Nevada,S,White,Winter,3.5,No,Cash,Store Pickup,No,No,14,Bank Transfer,Quarterly,100,4.0,2.70805020110221,10.83220080440884,0.0,0.0,0.0,0.0,0.04468864468864469,0.4564102564102564,3.7147540983606557,3.726725521669342
2725,52,Female,Sneakers,Footwear,91,Missouri,M,Brown,Spring,2.5,No,Bank Transfer,Next Day Air,No,No,11,Debit Card,Fortnightly,91,26.0,2.4849066497880004,64.60757289448802,0.0,0.0,0.0,0.0,0.03626373626373627,0.14908424908424908,3.749494949494949,3.7808353808353807
774,29,Male,Hat,Accessories,84,California,L,Indigo,Winter,2.6,Yes,Venmo,Express,Yes,Yes,14,Debit Card,Bi-Weekly,84,26.0,2.70805020110221,70.40930522865746,1.0,1.0,1.0,1.0,0.038461538461538464,0.310989010989011,3.7695238095238097,3.745465253239105
3362,47,Female,Shoes,Footwear,26,Florida,M,Silver,Spring,4.1,No,Credit Card,Free Shipping,No,No,47,Credit Card,Bi-Weekly,26,26.0,3.871201010907891,100.65122628360517,0.0,0.0,0.0,0.0,0.036996336996337,0.14908424908424908,3.7099009900990096,3.7808353808353807
3662,63,Female,Sandals,Footwear,39,Kansas,S,White,Winter,3.5,No,Cash,Next Day Air,No,No,5,Credit Card,Fortnightly,39,26.0,1.791759469228055,46.58574619992943,0.0,0.0,0.0,0.0,0.03882783882783883,0.14908424908424908,3.8367924528301884,3.7808353808353807
2700,25,Female,Boots,Footwear,96,Utah,M,Violet,Fall,3.6,No,Venmo,2-Day Shipping,No,No,49,Debit Card,Annually,96,1.0,3.912023005428146,3.912023005428146,0.0,0.0,0.0,0.0,0.036996336996337,0.14908424908424908,3.8237623762376236,3.7808353808353807
3302,36,Female,Pants,Clothing,58,Oklahoma,XL,Charcoal,Summer,2.5,No,PayPal,Free Shipping,No,No,31,Credit Card,Fortnightly,58,26.0,3.4657359027997265,90.10913347279289,0.0,0.0,0.0,0.0,0.04652014652014652,0.4564102564102564,3.729133858267717,3.726725521669342
3719,36,Female,Pants,Clothing,50,Tennessee,L,Turquoise,Fall,2.9,No,Credit Card,Standard,No,No,44,Bank Transfer,Bi-Weekly,50,26.0,3.8066624897703196,98.9732247340283,0.0,0.0,0.0,0.0,0.04652014652014652,0.4564102564102564,3.729133858267717,3.726725521669342
461,64,Male,Shoes,Footwear,65,South Carolina,L,Teal,Summer,3.7,Yes,Venmo,Store Pickup,Yes,Yes,27,Bank Transfer,Weekly,65,52.0,3.332204510175204,173.27463452911059,1.0,1.0,1.0,1.0,0.036996336996337,0.14908424908424908,3.7099009900990096,3.7808353808353807
1722,34,Male,Jewelry,Accessories,28,Delaware,S,Magenta,Spring,4.3,No,Venmo,Free Shipping,No,No,24,Credit Card,Monthly,28,12.0,3.2188758248682006,38.626509898418405,0.0,0.0,0.0,0.0,0.04212454212454213,0.310989010989011,3.744347826086957,3.745465253239105
1,55,Male,Blouse,Clothing,53,Kentucky,L,Gray,Winter,3.1,Yes,Credit Card,Express,Yes,Yes,14,Venmo,Fortnightly,53,26.0,2.70805020110221,70.40930522865746,1.0,1.0,1.0,1.0,0.047619047619047616,0.4564102564102564,3.733076923076923,3.726725521669342
412,59,Male,Jeans,Clothing,29,Michigan,M,Indigo,Summer,2.8,Yes,Cash,Express,Yes,Yes,15,PayPal,Annually,29,1.0,2.772588722239781,2.772588722239781,1.0,1.0,1.0,1.0,0.03406593406593406,0.4564102564102564,3.6,3.726725521669342
569,44,Male,Pants,Clothing,88,Utah,L,Red,Summer,4.0,Yes,Bank Transfer,Free Shipping,Yes,Yes,36,PayPal,Monthly,88,12.0,3.6109179126442243,43.331014951730694,1.0,1.0,1.0,1.0,0.04652014652014652,0.4564102564102564,3.729133858267717,3.726725521669342
3847,57,Female,Blouse,Clothing,58,Pennsylvania,L,Orange,Summer,4.0,No,Credit Card,Express,No,No,40,PayPal,Every 3 Months,58,4.0,3.713572066704308,14.854288266817232,0.0,0.0,0.0,0.0,0.047619047619047616,0.4564102564102564,3.733076923076923,3.726725521669342
1327,40,Male,Shoes,Footwear,50,Texas,M,Indigo,Spring,4.6,No,Bank Transfer,Free Shipping,Yes,Yes,17,Cash,Monthly,50,12.0,2.8903717578961645,34.68446109475397,0.0,1.0,1.0,1.0,0.036996336996337,0.14908424908424908,3.7099009900990096,3.7808353808353807
1910,50,Male,Sweater,Clothing,84,Kentucky,S,Black,Spring,4.3,No,PayPal,Store Pickup,No,No,12,Credit Card,Monthly,84,12.0,2.5649493574615367,30.779392289538443,0.0,0.0,0.0,0.0,0.04468864468864469,0.4564102564102564,3.7147540983606557,3.726725521669342
1643,18,Male,Coat,Outerwear,70,Mississippi,M,Beige,Spring,4.2,No,Bank Transfer,Store Pickup,Yes,Yes,16,PayPal,Fortnightly,70,26.0,2.833213344056216,73.66354694546162,0.0,1.0,1.0,1.0,0.041025641025641026,0.08351648351648351,3.748214285714286,3.7504385964912283
2778,52,Female,Blouse,Clothing,24,Idaho,M,Magenta,Fall,4.8,No,Debit Card,Standard,No,No,28,Credit Card,Every 3 Months,24,4.0,3.367295829986474,13.469183319945897,0.0,0.0,0.0,0.0,0.047619047619047616,0.4564102564102564,3.733076923076923,3.726725521669342
1706,39,Male,Jewelry,Accessories,29,South Dakota,L,Cyan,Summer,3.4,No,Venmo,2-Day Shipping,No,No,49,Venmo,Bi-Weekly,29,26.0,3.912023005428146,101.71259814113179,0.0,0.0,0.0,0.0,0.04212454212454213,0.310989010989011,3.744347826086957,3.745465253239105
1185,63,Male,Belt,Accessories,73,South Carolina,S,Indigo,Fall,3.4,No,Bank Transfer,Express,Yes,Yes,19,Credit Card,Annually,73,1.0,2.995732273553991,2.995732273553991,0.0,1.0,1.0,1.0,0.04395604395604396,0.310989010989011,3.73,3.745465253239105
2851,57,Female,Sweater,Clothing,79,Nebraska,M,Silver,Spring,3.0,No,Credit Card,Store Pickup,No,No,36,Debit Card,Annually,79,1.0,3.6109179126442243,3.6109179126442243,0.0,0.0,0.0,0.0,0.04468864468864469,0.4564102564102564,3.7147540983606557,3.726725521669342
3529,38,Female,Scarf,Accessories,67,Maine,L,Gray,Summer,4.5,No,Cash,Free Shipping,No,No,33,PayPal,Annually,67,1.0,3.5263605246161616,3.5263605246161616,0.0,0.0,0.0,0.0,0.03772893772893773,0.310989010989011,3.721359223300971,3.745465253239105
3731,46,Female,Shirt,Clothing,79,Florida,M,Teal,Summer,2.5,No,Bank Transfer,2-Day Shipping,No,No,3,Credit Card,Bi-Weekly,79,26.0,1.3862943611198906,36.04365338911715,0.0,0.0,0.0,0.0,0.04322344322344322,0.4564102564102564,3.669491525423729,3.726725521669342
2663,25,Female,Skirt,Clothing,98,Nebraska,M,Cyan,Summer,2.8,No,PayPal,2-Day Shipping,No,No,44,PayPal,Fortnightly,98,26.0,3.8066624897703196,98.9732247340283,0.0,0.0,0.0,0.0,0.041758241758241756,0.4564102564102564,3.816666666666667,3.726725521669342
1769,25,Male,Sandals,Footwear,45,Nebraska,M,Indigo,Summer,3.9,No,Venmo,2-Day Shipping,No,No,2,PayPal,Every 3 Months,45,4.0,1.0986122886681098,4.394449154672439,0.0,0.0,0.0,0.0,0.03882783882783883,0.14908424908424908,3.8367924528301884,3.7808353808353807
3568,32,Female,Scarf,Accessories,56,New Mexico,S,Silver,Summer,4.0,No,Venmo,Next Day Air,No,No,26,Credit Card,Monthly,56,12.0,3.295836866004329,39.55004239205195,0.0,0.0,0.0,0.0,0.03772893772893773,0.310989010989011,3.721359223300971,3.745465253239105
570,65,Male,Skirt,Clothing,33,Alabama,M,Pink,Fall,4.4,Yes,PayPal,Express,Yes,Yes,46,Credit Card,Every 3 Months,33,4.0,3.8501476017100584,15.400590406840234,1.0,1.0,1.0,1.0,0.041758241758241756,0.4564102564102564,3.816666666666667,3.726725521669342
2596,29,Male,Blouse,Clothing,56,Iowa,XL,Maroon,Summer,3.2,No,Credit Card,Free Shipping,No,No,3,Bank Transfer,Bi-Weekly,56,26.0,1.3862943611198906,36.04365338911715,0.0,0.0,0.0,0.0,0.047619047619047616,0.4564102564102564,3.733076923076923,3.726725521669342
2816,33,Female,Blouse,Clothing,67,Idaho,L,Black,Fall,3.9,No,Cash,Free Shipping,No,No,40,Venmo,Every 3 Months,67,4.0,3.713572066704308,14.854288266817232,0.0,0.0,0.0,0.0,0.047619047619047616,0.4564102564102564,3.733076923076923,3.726725521669342
1257,45,Male,Coat,Outerwear,48,West Virginia,S,Olive,Winter,3.6,No,Cash,Express,Yes,Yes,4,Cash,Fortnightly,48,26.0,1.6094379124341003,41.845385723286604,0.0,1.0,1.0,1.0,0.041025641025641026,0.08351648351648351,3.748214285714286,3.7504385964912283
118,50,Male,Sandals,Footwear,32,South Dakota,L,Yellow,Summer,4.6,Yes,Bank Transfer,Express,Yes,Yes,29,Cash,Fortnightly,32,26.0,3.4011973816621555,88.43113192321604,1.0,1.0,1.0,1.0,0.03882783882783883,0.14908424908424908,3.8367924528301884,3.7808353808353807
21,21,Male,Pants,Clothing,51,Louisiana,M,Black,Winter,2.8,Yes,Credit Card,Express,Yes,Yes,50,Cash,Every 3 Months,51,4.0,3.9318256327243257,15.727302530897303,1.0,1.0,1.0,1.0,0.04652014652014652,0.4564102564102564,3.729133858267717,3.726725521669342
2382,62,Male,Sandals,Footwear,23,Wisconsin,M,Teal,Summer,4.5,No,Bank Transfer,Free Shipping,No,No,23,PayPal,Annually,23,1.0,3.1780538303479458,3.1780538303479458,0.0,0.0,0.0,0.0,0.03882783882783883,0.14908424908424908,3.8367924528301884,3.7808353808353807
1106,33,Male,T-shirt,Clothing,83,Massachusetts,S,Olive,Spring,3.0,No,Credit Card,Next Day Air,Yes,Yes,6,Venmo,Every 3 Months,83,4.0,1.9459101490553132,7.783640596221253,0.0,1.0,1.0,1.0,0.034432234432234435,0.4564102564102564,3.8138297872340425,3.726725521669342
800,55,Male,Belt,Accessories,55,Nevada,L,Brown,Summer,3.3,Yes,Venmo,Free Shipping,Yes,Yes,31,PayPal,Annually,55,1.0,3.4657359027997265,3.4657359027997265,1.0,1.0,1.0,1.0,0.04395604395604396,0.310989010989011,3.73,3.745465253239105
3006,18,Female,Shorts,Clothing,65,Alaska,XL,Brown,Spring,3.5,No,Bank Transfer,Express,No,No,5,Venmo,Weekly,65,52.0,1.791759469228055,93.17149239985886,0.0,0.0,0.0,0.0,0.04212454212454213,0.4564102564102564,3.6730434782608694,3.726725521669342
1007,21,Male,Pants,Clothing,83,Michigan,S,Lavender,Summer,4.5,Yes,Credit Card,Next Day Air,Yes,Yes,50,Venmo,Quarterly,83,4.0,3.9318256327243257,15.727302530897303,1.0,1.0,1.0,1.0,0.04652014652014652,0.4564102564102564,3.729133858267717,3.726725521669342
180,64,Male,Boots,Footwear,31,Illinois,M,Violet,Fall,4.9,Yes,Debit Card,Store Pickup,Yes,Yes,9,Bank Transfer,Fortnightly,31,26.0,2.302585092994046,59.867212417845195,1.0,1.0,1.0,1.0,0.036996336996337,0.14908424908424908,3.8237623762376236,3.7808353808353807
190,36,Male,Blouse,Clothing,82,West Virginia,M,Maroon,Fall,4.4,Yes,Venmo,Next Day Air,Yes,Yes,4,Credit Card,Weekly,82,52.0,1.6094379124341003,83.69077144657321,1.0,1.0,1.0,1.0,0.047619047619047616,0.4564102564102564,3.733076923076923,3.726725521669342
3650,68,Female,Skirt,Clothing,57,Minnesota,M,Brown,Fall,4.4,No,Debit Card,Standard,No,No,33,Credit Card,Fortnightly,57,26.0,3.5263605246161616,91.6853736400202,0.0,0.0,0.0,0.0,0.041758241758241756,0.4564102564102564,3.816666666666667,3.726725521669342
3323,52,Female,Sweater,Clothing,92,Indiana,XL,Orange,Winter,4.6,No,Credit Card,Next Day Air,No,No,43,PayPal,Weekly,92,52.0,3.784189633918261,196.77786096374956,0.0,0.0,0.0,0.0,0.04468864468864469,0.4564102564102564,3.7147540983606557,3.726725521669342
1365,68,Male,Hat,Accessories,75,Delaware,L,Yellow,Fall,4.7,No,Cash,Express,Yes,Yes,5,Cash,Every 3 Months,75,4.0,1.791759469228055,7.16703787691222,0.0,1.0,1.0,1.0,0.038461538461538464,0.310989010989011,3.7695238095238097,3.745465253239105
2953,50,Female,Belt,Accessories,24,Alabama,M,Peach,Spring,4.9,No,PayPal,Next Day Air,No,No,5,Debit Card,Monthly,24,12.0,1.791759469228055,21.50111363073666,0.0,0.0,0.0,0.0,0.04395604395604396,0.310989010989011,3.73,3.745465253239105
803,38,Male,Pants,Clothing,41,Delaware,M,Teal,Winter,3.5,Yes,Venmo,Next Day Air,Yes,Yes,2,Bank Transfer,Weekly,41,52.0,1.0986122886681098,57.12783901074171,1.0,1.0,1.0,1.0,0.04652014652014652,0.4564102564102564,3.729133858267717,3.726725521669342
3198,27,Female,Sweater,Clothing,71,Maine,M,Teal,Spring,3.2,No,Bank Transfer,Free Shipping,No,No,29,Credit Card,Every 3 Months,71,4.0,3.4011973816621555,13.604789526648622,0.0,0.0,0.0,0.0,0.04468864468864469,0.4564102564102564,3.7147540983606557,3.726725521669342
853,34,Male,Dress,Clothing,60,Florida,L,Yellow,Spring,4.2,Yes,Venmo,Next Day Air,Yes,Yes,23,Debit Card,Every 3 Months,60,4.0,3.1780538303479458,12.712215321391783,1.0,1.0,1.0,1.0,0.044322344322344324,0.4564102564102564,3.7479338842975207,3.726725521669342
3378,37,Female,Shirt,Clothing,32,Kentucky,M,Yellow,Winter,4.6,No,Bank Transfer,Next Day Air,No,No,18,PayPal,Fortnightly,32,26.0,2.9444389791664403,76.55541345832745,0.0,0.0,0.0,0.0,0.04322344322344322,0.4564102564102564,3.669491525423729,3.726725521669342
45,39,Male,Hat,Accessories,53,Kentucky,S,Silver,Summer,4.6,Yes,Bank Transfer,Free Shipping,Yes,Yes,45,PayPal,Weekly,53,52.0,3.828641396489095,199.08935261743295,1.0,1.0,1.0,1.0,0.038461538461538464,0.310989010989011,3.7695238095238097,3.745465253239105
2220,33,Male,Blouse,Clothing,91,Minnesota,S,Purple,Fall,2.8,No,PayPal,Store Pickup,No,No,16,Bank Transfer,Fortnightly,91,26.0,2.833213344056216,73.66354694546162,0.0,0.0,0.0,0.0,0.047619047619047616,0.4564102564102564,3.733076923076923,3.726725521669342
384,50,Male,Sunglasses,Accessories,77,West Virginia,S,Magenta,Fall,2.9,Yes,Credit Card,Standard,Yes,Yes,6,PayPal,Quarterly,77,4.0,1.9459101490553132,7.783640596221253,1.0,1.0,1.0,1.0,0.0380952380952381,0.310989010989011,3.7211538461538463,3.745465253239105
26,18,Male,Hoodie,Clothing,25,Texas,M,Silver,Summer,3.6,Yes,Bank Transfer,Express,Yes,Yes,14,PayPal,Annually,25,1.0,2.70805020110221,2.70805020110221,1.0,1.0,1.0,1.0,0.03882783882783883,0.4564102564102564,3.776415094339623,3.726725521669342
2520,40,Male,Jacket,Outerwear,90,Michigan,L,Magenta,Spring,4.9,No,Credit Card,Standard,No,No,21,Credit Card,Quarterly,90,4.0,3.091042453358316,12.364169813433264,0.0,0.0,0.0,0.0,0.04249084249084249,0.08351648351648351,3.752586206896552,3.7504385964912283
61,50,Male,Sweater,Clothing,37,Idaho,L,Brown,Summer,4.0,Yes,Credit Card,Express,Yes,Yes,17,Cash,Weekly,37,52.0,2.8903717578961645,150.29933141060056,1.0,1.0,1.0,1.0,0.04468864468864469,0.4564102564102564,3.7147540983606557,3.726725521669342
3032,61,Female,Blouse,Clothing,74,Idaho,L,Teal,Summer,4.9,No,PayPal,2-Day Shipping,No,No,30,Credit Card,Monthly,74,12.0,3.4339872044851463,41.20784645382176,0.0,0.0,0.0,0.0,0.047619047619047616,0.4564102564102564,3.733076923076923,3.726725521669342
729,29,Male,Jeans,Clothing,78,Nebraska,M,Pink,Winter,3.7,Yes,Debit Card,Next Day Air,Yes,Yes,12,PayPal,Every 3 Months,78,4.0,2.5649493574615367,10.259797429846147,1.0,1.0,1.0,1.0,0.03406593406593406,0.4564102564102564,3.6,3.726725521669342
2377,21,Male,Gloves,Accessories,94,Tennessee,XL,Cyan,Spring,4.1,No,Venmo,Express,No,No,5,Cash,Weekly,94,52.0,1.791759469228055,93.17149239985886,0.0,0.0,0.0,0.0,0.03626373626373627,0.310989010989011,3.8666666666666667,3.745465253239105
3013,42,Female,Belt,Accessories,65,Idaho,M,Teal,Fall,3.5,No,Credit Card,Standard,No,No,16,PayPal,Annually,65,1.0,2.833213344056216,2.833213344056216,0.0,0.0,0.0,0.0,0.04395604395604396,0.310989010989011,3.73,3.745465253239105
1740,21,Male,Jewelry,Accessories,98,Minnesota,L,Silver,Winter,4.2,No,Credit Card,Express,No,No,23,Cash,Weekly,98,52.0,3.1780538303479458,165.25879917809317,0.0,0.0,0.0,0.0,0.04212454212454213,0.310989010989011,3.744347826086957,3.745465253239105
2724,54,Female,Shoes,Footwear,49,Texas,XL,Brown,Summer,2.9,No,Bank Transfer,Store Pickup,No,No,3,PayPal,Every 3 Months,49,4.0,1.3862943611198906,5.545177444479562,0.0,0.0,0.0,0.0,0.036996336996337,0.14908424908424908,3.7099009900990096,3.7808353808353807
3515,25,Female,Sneakers,Footwear,50,Georgia,XL,Gray,Winter,4.7,No,Venmo,Express,No,No,32,Cash,Monthly,50,12.0,3.4965075614664802,41.958090737597765,0.0,0.0,0.0,0.0,0.03626373626373627,0.14908424908424908,3.749494949494949,3.7808353808353807
341,40,Male,Shorts,Clothing,47,New Jersey,L,Blue,Summer,3.5,Yes,Cash,Express,Yes,Yes,39,Venmo,Every 3 Months,47,4.0,3.6888794541139363,14.755517816455745,1.0,1.0,1.0,1.0,0.04212454212454213,0.4564102564102564,3.6730434782608694,3.726725521669342
2538,44,Male,Coat,Outerwear,49,Maine,M,Purple,Summer,4.1,No,Debit Card,2-Day Shipping,No,No,30,PayPal,Fortnightly,49,26.0,3.4339872044851463,89.2836673166138,0.0,0.0,0.0,0.0,0.041025641025641026,0.08351648351648351,3.748214285714286,3.7504385964912283
2040,35,Male,T-shirt,Clothing,51,Minnesota,M,Olive,Spring,3.1,No,Cash,Next Day Air,No,No,31,Debit Card,Bi-Weekly,51,26.0,3.4657359027997265,90.10913347279289,0.0,0.0,0.0,0.0,0.034432234432234435,0.4564102564102564,3.8138297872340425,3.726725521669342
3796,45,Female,Gloves,Accessories,92,Arkansas,M,Charcoal,Spring,2.5,No,Bank Transfer,Express,No,No,3,Cash,Weekly,92,52.0,1.3862943611198906,72.0873067782343,0.0,0.0,0.0,0.0,0.03626373626373627,0.310989010989011,3.8666666666666667,3.745465253239105
1655,43,Male,Belt,Accessories,25,Indiana,L,Gray,Spring,2.6,No,Venmo,Store Pickup,Yes,Yes,14,Credit Card,Quarterly,25,4.0,2.70805020110221,10.83220080440884,0.0,1.0,1.0,1.0,0.04395604395604396,0.310989010989011,3.73,3.745465253239105
2423,30,Male,Jewelry,Accessories,82,Georgia,M,Peach,Winter,4.8,No,Credit Card,Store Pickup,No,No,45,Credit Card,Weekly,82,52.0,3.828641396489095,199.08935261743295,0.0,0.0,0.0,0.0,0.04212454212454213,0.310989010989011,3.744347826086957,3.745465253239105
876,37,Male,Sandals,Footwear,39,North Dakota,L,Gray,Summer,4.1,Yes,Venmo,Free Shipping,Yes,Yes,7,Bank Transfer,Every 3 Months,39,4.0,2.0794415416798357,8.317766166719343,1.0,1.0,1.0,1.0,0.03882783882783883,0.14908424908424908,3.8367924528301884,3.7808353808353807
2386,41,Male,Scarf,Accessories,31,Oklahoma,M,Brown,Fall,3.8,No,Venmo,Express,No,No,12,PayPal,Weekly,31,52.0,2.5649493574615367,133.37736658799992,0.0,0.0,0.0,0.0,0.03772893772893773,0.310989010989011,3.721359223300971,3.745465253239105
1749,34,Male,Skirt,Clothing,93,Montana,L,Teal,Winter,3.9,No,Bank Transfer,2-Day Shipping,No,No,41,Bank Transfer,Annually,93,1.0,3.7376696182833684,3.7376696182833684,0.0,0.0,0.0,0.0,0.041758241758241756,0.4564102564102564,3.816666666666667,3.726725521669342
1427,60,Male,Pants,Clothing,38,Michigan,M,Yellow,Summer,4.8,No,Credit Card,Free Shipping,Yes,Yes,35,PayPal,Every 3 Months,38,4.0,3.58351893845611,14.33407575382444,0.0,1.0,1.0,1.0,0.04652014652014652,0.4564102564102564,3.729133858267717,3.726725521669342
2153,38,Male,Shorts,Clothing,48,New Jersey,L,Magenta,Summer,4.5,No,Bank Transfer,Next Day Air,No,No,43,Bank Transfer,Bi-Weekly,48,26.0,3.784189633918261,98.38893048187478,0.0,0.0,0.0,0.0,0.04212454212454213,0.4564102564102564,3.6730434782608694,3.726725521669342
1653,65,Male,Sweater,Clothing,35,New Mexico,M,Orange,Summer,4.0,No,Cash,Next Day Air,Yes,Yes,1,Bank Transfer,Fortnightly,35,26.0,0.6931471805599453,18.021826694558577,0.0,1.0,1.0,1.0,0.04468864468864469,0.4564102564102564,3.7147540983606557,3.726725521669342
1168,60,Male,Socks,Clothing,83,New Jersey,XL,Beige,Summer,3.6,No,PayPal,Free Shipping,Yes,Yes,16,PayPal,Quarterly,83,4.0,2.833213344056216,11.332853376224865,0.0,1.0,1.0,1.0,0.03882783882783883,0.4564102564102564,3.7150943396226417,3.726725521669342
1681,61,Male,Shoes,Footwear,37,Louisiana,M,Olive,Summer,3.4,No,Credit Card,Store Pickup,No,No,6,Credit Card,Annually,37,1.0,1.9459101490553132,1.9459101490553132,0.0,0.0,0.0,0.0,0.036996336996337,0.14908424908424908,3.7099009900990096,3.7808353808353807
728,62,Male,Sweater,Clothing,97,Arkansas,S,Gray,Winter,4.8,Yes,Credit Card,Next Day Air,Yes,Yes,37,Venmo,Every 3 Months,97,4.0,3.6375861597263857,14.550344638905543,1.0,1.0,1.0,1.0,0.04468864468864469,0.4564102564102564,3.7147540983606557,3.726725521669342
2100,31,Male,T-shirt,Clothing,78,Oklahoma,L,Green,Summer,2.9,No,Debit Card,Express,No,No,50,PayPal,Annually,78,1.0,3.9318256327243257,3.9318256327243257,0.0,0.0,0.0,0.0,0.034432234432234435,0.4564102564102564,3.8138297872340425,3.726725521669342
591,64,Male,Belt,Accessories,39,Alaska,S,Turquoise,Fall,4.6,Yes,Credit Card,Standard,Yes,Yes,30,Venmo,Fortnightly,39,26.0,3.4339872044851463,89.2836673166138,1.0,1.0,1.0,1.0,0.04395604395604396,0.310989010989011,3.73,3.745465253239105
2684,68,Female,Backpack,Accessories,30,Montana,M,Indigo,Summer,4.2,No,Cash,Next Day Air,No,No,21,Cash,Fortnightly,30,26.0,3.091042453358316,80.36710378731621,0.0,0.0,0.0,0.0,0.03553113553113553,0.310989010989011,3.693814432989691,3.745465253239105
2063,54,Male,Coat,Outerwear,63,South Carolina,L,Silver,Fall,2.8,No,PayPal,Standard,No,No,15,Cash,Quarterly,63,4.0,2.772588722239781,11.090354888959125,0.0,0.0,0.0,0.0,0.041025641025641026,0.08351648351648351,3.748214285714286,3.7504385964912283
1958,68,Male,Gloves,Accessories,54,South Carolina,M,Cyan,Spring,4.5,No,Venmo,Store Pickup,No,No,26,Cash,Bi-Weekly,54,26.0,3.295836866004329,85.69175851611256,0.0,0.0,0.0,0.0,0.03626373626373627,0.310989010989011,3.8666666666666667,3.745465253239105
596,30,Male,Shoes,Footwear,77,Delaware,M,Silver,Summer,3.6,Yes,Credit Card,Next Day Air,Yes,Yes,47,PayPal,Quarterly,77,4.0,3.871201010907891,15.484804043631565,1.0,1.0,1.0,1.0,0.036996336996337,0.14908424908424908,3.7099009900990096,3.7808353808353807
2601,21,Male,Belt,Accessories,83,New York,M,Gray,Fall,3.9,No,Debit Card,Express,No,No,6,Bank Transfer,Bi-Weekly,83,26.0,1.9459101490553132,50.593663875438146,0.0,0.0,0.0,0.0,0.04395604395604396,0.310989010989011,3.73,3.745465253239105
2410,26,Male,Jewelry,Accessories,37,Washington,L,Yellow,Spring,3.0,No,Credit Card,Store Pickup,No,No,47,Cash,Every 3 Months,37,4.0,3.871201010907891,15.484804043631565,0.0,0.0,0.0,0.0,0.04212454212454213,0.310989010989011,3.744347826086957,3.745465253239105
3400,40,Female,Pants,Clothing,55,Montana,XL,Yellow,Winter,3.3,No,Debit Card,Standard,No,No,36,Debit Card,Annually,55,1.0,3.6109179126442243,3.6109179126442243,0.0,0.0,0.0,0.0,0.04652014652014652,0.4564102564102564,3.729133858267717,3.726725521669342
791,22,Male,Sweater,Clothing,37,Louisiana,M,Indigo,Summer,4.9,Yes,Venmo,Store Pickup,Yes,Yes,12,Bank Transfer,Quarterly,37,4.0,2.5649493574615367,10.259797429846147,1.0,1.0,1.0,1.0,0.04468864468864469,0.4564102564102564,3.7147540983606557,3.726725521669342
277,25,Male,Skirt,Clothing,30,South Dakota,XL,Turquoise,Fall,3.5,Yes,Debit Card,Express,Yes,Yes,11,Bank Transfer,Fortnightly,30,26.0,2.4849066497880004,64.60757289448802,1.0,1.0,1.0,1.0,0.041758241758241756,0.4564102564102564,3.816666666666667,3.726725521669342
137,39,Male,Blouse,Clothing,86,South Carolina,M,White,Winter,3.3,Yes,Credit Card,Free Shipping,Yes,Yes,4,Debit Card,Quarterly,86,4.0,1.6094379124341003,6.437751649736401,1.0,1.0,1.0,1.0,0.047619047619047616,0.4564102564102564,3.733076923076923,3.726725521669342
932,24,Male,Coat,Outerwear,36,Nebraska,M,Silver,Winter,4.1,Yes,Cash,Standard,Yes,Yes,24,Bank Transfer,Fortnightly,36,26.0,3.2188758248682006,83.69077144657321,1.0,1.0,1.0,1.0,0.041025641025641026,0.08351648351648351,3.748214285714286,3.7504385964912283
1501,63,Male,Jeans,Clothing,69,Alabama,L,Maroon,Summer,4.8,No,Venmo,Next Day Air,Yes,Yes,22,Debit Card,Monthly,69,12.0,3.1354942159291497,37.625930591149796,0.0,1.0,1.0,1.0,0.03406593406593406,0.4564102564102564,3.6,3.726725521669342
667,35,Male,Hoodie,Clothing,26,Colorado,L,Turquoise,Winter,3.1,Yes,Cash,Free Shipping,Yes,Yes,30,Debit Card,Quarterly,26,4.0,3.4339872044851463,13.735948817940585,1.0,1.0,1.0,1.0,0.03882783882783883,0.4564102564102564,3.776415094339623,3.726725521669342
354,63,Male,Sneakers,Footwear,64,Missouri,L,Yellow,Fall,4.1,Yes,Credit Card,Store Pickup,Yes,Yes,35,Debit Card,Monthly,64,12.0,3.58351893845611,43.00222726147332,1.0,1.0,1.0,1.0,0.03626373626373627,0.14908424908424908,3.749494949494949,3.7808353808353807
1997,67,Male,Sneakers,Footwear,27,South Dakota,L,Indigo,Summer,3.3,No,Cash,Next Day Air,No,No,18,Cash,Every 3 Months,27,4.0,2.9444389791664403,11.777755916665761,0.0,0.0,0.0,0.0,0.03626373626373627,0.14908424908424908,3.749494949494949,3.7808353808353807
1556,43,Male,Shorts,Clothing,47,Ohio,S,Cyan,Winter,4.5,No,Bank Transfer,Free Shipping,Yes,Yes,44,Cash,Quarterly,47,4.0,3.8066624897703196,15.226649959081278,0.0,1.0,1.0,1.0,0.04212454212454213,0.4564102564102564,3.6730434782608694,3.726725521669342
1122,63,Male,T-shirt,Clothing,58,Florida,XL,Peach,Fall,3.2,No,Cash,Express,Yes,Yes,25,Cash,Quarterly,58,4.0,3.258096538021482,13.032386152085929,0.0,1.0,1.0,1.0,0.034432234432234435,0.4564102564102564,3.8138297872340425,3.726725521669342
1909,18,Male,Scarf,Accessories,71,Georgia,XL,Charcoal,Winter,2.7,No,Credit Card,Next Day Air,No,No,19,Debit Card,Bi-Weekly,71,26.0,2.995732273553991,77.88903911240376,0.0,0.0,0.0,0.0,0.03772893772893773,0.310989010989011,3.721359223300971,3.745465253239105
2049,45,Male,Sneakers,Footwear,64,Michigan,XL,Pink,Winter,3.9,No,Credit Card,Express,No,No,35,Bank Transfer,Quarterly,64,4.0,3.58351893845611,14.33407575382444,0.0,0.0,0.0,0.0,0.03626373626373627,0.14908424908424908,3.749494949494949,3.7808353808353807
1031,58,Male,Coat,Outerwear,89,Kentucky,L,Blue,Winter,3.3,Yes,Credit Card,Next Day Air,Yes,Yes,37,Debit Card,Quarterly,89,4.0,3.6375861597263857,14.550344638905543,1.0,1.0,1.0,1.0,0.041025641025641026,0.08351648351648351,3.748214285714286,3.7504385964912283
2544,27,Male,Scarf,Accessories,56,West Virginia,L,Peach,Spring,2.7,No,Debit Card,Next Day Air,No,No,30,PayPal,Bi-Weekly,56,26.0,3.4339872044851463,89.2836673166138,0.0,0.0,0.0,0.0,0.03772893772893773,0.310989010989011,3.721359223300971,3.745465253239105
1688,67,Male,Skirt,Clothing,70,Georgia,S,Magenta,Winter,3.7,No,Venmo,Free Shipping,No,No,4,PayPal,Annually,70,1.0,1.6094379124341003,1.6094379124341003,0.0,0.0,0.0,0.0,0.041758241758241756,0.4564102564102564,3.816666666666667,3.726725521669342
1519,68,Male,Belt,Accessories,73,New York,M,Yellow,Winter,4.1,No,Cash,Next Day Air,Yes,Yes,14,Venmo,Fortnightly,73,26.0,2.70805020110221,70.40930522865746,0.0,1.0,1.0,1.0,0.04395604395604396,0.310989010989011,3.73,3.745465253239105
3586,39,Female,Gloves,Accessories,41,New York,XL,Gray,Winter,4.1,No,Cash,Standard,No,No,4,Venmo,Bi-Weekly,41,26.0,1.6094379124341003,41.845385723286604,0.0,0.0,0.0,0.0,0.03626373626373627,0.310989010989011,3.8666666666666667,3.745465253239105
1154,27,Male,Shirt,Clothing,41,Idaho,M,Pink,Summer,4.0,No,PayPal,Free Shipping,Yes,Yes,6,Bank Transfer,Quarterly,41,4.0,1.9459101490553132,7.783640596221253,0.0,1.0,1.0,1.0,0.04322344322344322,0.4564102564102564,3.669491525423729,3.726725521669342
255,67,Male,Sunglasses,Accessories,42,Indiana,M,White,Winter,3.5,Yes,Credit Card,Store Pickup,Yes,Yes,4,PayPal,Bi-Weekly,42,26.0,1.6094379124341003,41.845385723286604,1.0,1.0,1.0,1.0,0.0380952380952381,0.310989010989011,3.7211538461538463,3.745465253239105
2120,58,Male,Jewelry,Accessories,57,Nebraska,M,Indigo,Spring,3.5,No,Debit Card,Store Pickup,No,No,36,Venmo,Bi-Weekly,57,26.0,3.6109179126442243,93.88386572874984,0.0,0.0,0.0,0.0,0.04212454212454213,0.310989010989011,3.744347826086957,3.745465253239105
1586,37,Male,Sweater,Clothing,25,Alabama,M,Charcoal,Fall,3.0,No,Cash,Next Day Air,Yes,Yes,40,Debit Card,Fortnightly,25,26.0,3.713572066704308,96.552873734312,0.0,1.0,1.0,1.0,0.04468864468864469,0.4564102564102564,3.7147540983606557,3.726725521669342
472,55,Male,Scarf,Accessories,72,Missouri,XL,White,Winter,4.9,Yes,Credit Card,2-Day Shipping,Yes,Yes,36,Bank Transfer,Quarterly,72,4.0,3.6109179126442243,14.443671650576897,1.0,1.0,1.0,1.0,0.03772893772893773,0.310989010989011,3.721359223300971,3.745465253239105
1932,54,Male,Jewelry,Accessories,42,Illinois,S,Olive,Spring,2.7,No,PayPal,Store Pickup,No,No,6,Debit Card,Every 3 Months,42,4.0,1.9459101490553132,7.783640596221253,0.0,0.0,0.0,0.0,0.04212454212454213,0.310989010989011,3.744347826086957,3.745465253239105
1109,27,Male,Shorts,Clothing,25,Nebraska,M,Teal,Fall,2.8,No,Venmo,Standard,Yes,Yes,50,Cash,Fortnightly,25,26.0,3.9318256327243257,102.22746645083247,0.0,1.0,1.0,1.0,0.04212454212454213,0.4564102564102564,3.6730434782608694,3.726725521669342
1872,56,Male,Jeans,Clothing,96,Illinois,XL,Violet,Fall,2.7,No,Bank Transfer,Standard,No,No,14,Cash,Every 3 Months,96,4.0,2.70805020110221,10.83220080440884,0.0,0.0,0.0,0.0,0.03406593406593406,0.4564102564102564,3.6,3.726725521669342
172,29,Male,Shorts,Clothing,35,Virginia,M,Blue,Summer,3.6,Yes,Debit Card,Store Pickup,Yes,Yes,4,Credit Card,Weekly,35,52.0,1.6094379124341003,83.69077144657321,1.0,1.0,1.0,1.0,0.04212454212454213,0.4564102564102564,3.6730434782608694,3.726725521669342
3052,44,Female,Sunglasses,Accessories,64,Wyoming,L,Gold,Summer,4.6,No,Venmo,Express,No,No,49,Debit Card,Every 3 Months,64,4.0,3.912023005428146,15.648092021712584,0.0,0.0,0.0,0.0,0.0380952380952381,0.310989010989011,3.7211538461538463,3.745465253239105
1217,62,Male,Pants,Clothing,32,Utah,XL,Lavender,Summer,3.7,No,PayPal,Free Shipping,Yes,Yes,3,Venmo,Every 3 Months,32,4.0,1.3862943611198906,5.545177444479562,0.0,1.0,1.0,1.0,0.04652014652014652,0.4564102564102564,3.729133858267717,3.726725521669342
1615,30,Male,T-shirt,Clothing,41,Kansas,S,Gray,Summer,3.4,No,Cash,Free Shipping,Yes,Yes,22,Cash,Bi-Weekly,41,26.0,3.1354942159291497,81.52284961415789,0.0,1.0,1.0,1.0,0.034432234432234435,0.4564102564102564,3.8138297872340425,3.726725521669342
900,65,Male,Sweater,Clothing,58,Rhode Island,M,Peach,Summer,4.0,Yes,Debit Card,Standard,Yes,Yes,20,PayPal,Annually,58,1.0,3.044522437723423,3.044522437723423,1.0,1.0,1.0,1.0,0.04468864468864469,0.4564102564102564,3.7147540983606557,3.726725521669342
695,41,Male,Dress,Clothing,21,Kentucky,S,Charcoal,Fall,3.5,Yes,Venmo,2-Day Shipping,Yes,Yes,38,Venmo,Every 3 Months,21,4.0,3.6635616461296463,14.654246584518585,1.0,1.0,1.0,1.0,0.044322344322344324,0.4564102564102564,3.7479338842975207,3.726725521669342
139,68,Male,Skirt,Clothing,29,Georgia,M,Maroon,Winter,4.4,Yes,Cash,Store Pickup,Yes,Yes,42,Bank Transfer,Weekly,29,52.0,3.7612001156935624,195.58240601606525,1.0,1.0,1.0,1.0,0.041758241758241756,0.4564102564102564,3.816666666666667,3.726725521669342
3728,41,Female,Socks,Clothing,83,Maine,M,Gold,Summer,3.5,No,Credit Card,Next Day Air,No,No,17,Debit Card,Bi-Weekly,83,26.0,2.8903717578961645,75.14966570530028,0.0,0.0,0.0,0.0,0.03882783882783883,0.4564102564102564,3.7150943396226417,3.726725521669342
2388,36,Male,Hat,Accessories,95,Tennessee,M,Gold,Summer,4.0,No,Credit Card,2-Day Shipping,No,No,14,Debit Card,Monthly,95,12.0,2.70805020110221,32.49660241322652,0.0,0.0,0.0,0.0,0.038461538461538464,0.310989010989011,3.7695238095238097,3.745465253239105
3043,53,Female,Coat,Outerwear,27,South Dakota,L,Turquoise,Winter,2.9,No,Credit Card,Next Day Air,No,No,14,PayPal,Every 3 Months,27,4.0,2.70805020110221,10.83220080440884,0.0,0.0,0.0,0.0,0.041025641025641026,0.08351648351648351,3.748214285714286,3.7504385964912283
1582,69,Male,Jewelry,Accessories,77,Ohio,L,Teal,Fall,4.2,No,PayPal,Free Shipping,Yes,Yes,46,Cash,Quarterly,77,4.0,3.8501476017100584,15.400590406840234,0.0,1.0,1.0,1.0,0.04212454212454213,0.310989010989011,3.744347826086957,3.745465253239105
2080,32,Male,Jeans,Clothing,24,Montana,L,Violet,Summer,3.1,No,Debit Card,Next Day Air,No,No,16,PayPal,Quarterly,24,4.0,2.833213344056216,11.332853376224865,0.0,0.0,0.0,0.0,0.03406593406593406,0.4564102564102564,3.6,3.726725521669342
970,40,Male,Coat,Outerwear,31,California,S,Pink,Fall,3.2,Yes,Debit Card,Express,Yes,Yes,37,PayPal,Monthly,31,12.0,3.6375861597263857,43.65103391671663,1.0,1.0,1.0,1.0,0.041025641025641026,0.08351648351648351,3.748214285714286,3.7504385964912283
576,58,Male,Jeans,Clothing,86,Nebraska,M,Peach,Fall,4.8,Yes,Venmo,Express,Yes,Yes,38,PayPal,Monthly,86,12.0,3.6635616461296463,43.96273975355575,1.0,1.0,1.0,1.0,0.03406593406593406,0.4564102564102564,3.6,3.726725521669342
2565,42,Male,Scarf,Accessories,90,Kentucky,L,Indigo,Winter,3.0,No,Debit Card,2-Day Shipping,No,No,27,Bank Transfer,Weekly,90,52.0,3.332204510175204,173.27463452911059,0.0,0.0,0.0,0.0,0.03772893772893773,0.310989010989011,3.721359223300971,3.745465253239105
567,55,Male,Sneakers,Footwear,93,Alabama,M,Indigo,Spring,3.6,Yes,PayPal,Store Pickup,Yes,Yes,1,Debit Card,Fortnightly,93,26.0,0.6931471805599453,18.021826694558577,1.0,1.0,1.0,1.0,0.03626373626373627,0.14908424908424908,3.749494949494949,3.7808353808353807
859,19,Male,Jacket,Outerwear,26,Oklahoma,L,Olive,Fall,3.1,Yes,PayPal,Free Shipping,Yes,Yes,33,PayPal,Weekly,26,52.0,3.5263605246161616,183.3707472800404,1.0,1.0,1.0,1.0,0.04249084249084249,0.08351648351648351,3.752586206896552,3.7504385964912283
1444,58,Male,Sandals,Footwear,47,Idaho,L,Teal,Fall,4.2,No,PayPal,Next Day Air,Yes,Yes,2,Cash,Monthly,47,12.0,1.0986122886681098,13.183347464017316,0.0,1.0,1.0,1.0,0.03882783882783883,0.14908424908424908,3.8367924528301884,3.7808353808353807
2060,56,Male,Shorts,Clothing,50,California,XL,Beige,Spring,3.7,No,Cash,Express,No,No,50,PayPal,Weekly,50,52.0,3.9318256327243257,204.45493290166493,0.0,0.0,0.0,0.0,0.04212454212454213,0.4564102564102564,3.6730434782608694,3.726725521669342
3430,27,Female,Skirt,Clothing,96,Alaska,S,Purple,Winter,4.6,No,Debit Card,Express,No,No,34,Debit Card,Weekly,96,52.0,3.5553480614894135,184.8780991974495,0.0,0.0,0.0,0.0,0.041758241758241756,0.4564102564102564,3.816666666666667,3.726725521669342
229,18,Male,Socks,Clothing,79,New Hampshire,M,White,Spring,2.9,Yes,Credit Card,Store Pickup,Yes,Yes,11,Credit Card,Annually,79,1.0,2.4849066497880004,2.4849066497880004,1.0,1.0,1.0,1.0,0.03882783882783883,0.4564102564102564,3.7150943396226417,3.726725521669342
3383,34,Female,Sweater,Clothing,35,Nebraska,M,Maroon,Spring,2.8,No,Bank Transfer,Express,No,No,2,Bank Transfer,Weekly,35,52.0,1.0986122886681098,57.12783901074171,0.0,0.0,0.0,0.0,0.04468864468864469,0.4564102564102564,3.7147540983606557,3.726725521669342
1511,55,Male,Blouse,Clothing,30,Maryland,XL,Gray,Fall,3.0,No,Credit Card,Free Shipping,Yes,Yes,31,Venmo,Annually,30,1.0,3.4657359027997265,3.4657359027997265,0.0,1.0,1.0,1.0,0.047619047619047616,0.4564102564102564,3.733076923076923,3.726725521669342
674,35,Male,Shirt,Clothing,66,Oklahoma,M,Indigo,Spring,4.2,Yes,Cash,Free Shipping,Yes,Yes,27,Venmo,Bi-Weekly,66,26.0,3.332204510175204,86.63731726455529,1.0,1.0,1.0,1.0,0.04322344322344322,0.4564102564102564,3.669491525423729,3.726725521669342
2075,36,Male,Scarf,Accessories,53,Florida,M,White,Summer,3.1,No,Credit Card,Free Shipping,No,No,44,Debit Card,Fortnightly,53,26.0,3.8066624897703196,98.9732247340283,0.0,0.0,0.0,0.0,0.03772893772893773,0.310989010989011,3.721359223300971,3.745465253239105
1578,68,Male,Boots,Footwear,34,Delaware,S,Olive,Spring,4.0,No,Debit Card,Standard,Yes,Yes,7,Venmo,Fortnightly,34,26.0,2.0794415416798357,54.06548008367573,0.0,1.0,1.0,1.0,0.036996336996337,0.14908424908424908,3.8237623762376236,3.7808353808353807
3031,43,Female,Sneakers,Footwear,24,Maryland,XL,Purple,Spring,2.6,No,PayPal,2-Day Shipping,No,No,23,Credit Card,Weekly,24,52.0,3.1780538303479458,165.25879917809317,0.0,0.0,0.0,0.0,0.03626373626373627,0.14908424908424908,3.749494949494949,3.7808353808353807
1426,59,Male,Coat,Outerwear,40,Wyoming,S,White,Winter,3.7,No,Debit Card,Next Day Air,Yes,Yes,39,Credit Card,Annually,40,1.0,3.6888794541139363,3.6888794541139363,0.0,1.0,1.0,1.0,0.041025641025641026,0.08351648351648351,3.748214285714286,3.7504385964912283
2135,55,Male,Sandals,Footwear,41,Virginia,XL,Maroon,Winter,2.9,No,Venmo,Standard,No,No,35,Credit Card,Fortnightly,41,26.0,3.58351893845611,93.17149239985886,0.0,0.0,0.0,0.0,0.03882783882783883,0.14908424908424908,3.8367924528301884,3.7808353808353807
1682,24,Male,Sneakers,Footwear,95,Virginia,L,Green,Winter,3.7,No,Cash,2-Day Shipping,No,No,14,Credit Card,Bi-Weekly,95,26.0,2.70805020110221,70.40930522865746,0.0,0.0,0.0,0.0,0.03626373626373627,0.14908424908424908,3.749494949494949,3.7808353808353807
1604,23,Male,Shorts,Clothing,98,Iowa,L,Black,Summer,4.3,No,Debit Card,Next Day Air,Yes,Yes,17,Debit Card,Bi-Weekly,98,26.0,2.8903717578961645,75.14966570530028,0.0,1.0,1.0,1.0,0.04212454212454213,0.4564102564102564,3.6730434782608694,3.726725521669342
494,28,Male,Backpack,Accessories,48,Nevada,XL,Red,Summer,4.7,Yes,Debit Card,Store Pickup,Yes,Yes,19,Cash,Bi-Weekly,48,26.0,2.995732273553991,77.88903911240376,1.0,1.0,1.0,1.0,0.03553113553113553,0.310989010989011,3.693814432989691,3.745465253239105
1773,58,Male,Shoes,Footwear,34,Hawaii,M,Gold,Summer,3.1,No,PayPal,2-Day Shipping,No,No,1,Bank Transfer,Annually,34,1.0,0.6931471805599453,0.6931471805599453,0.0,0.0,0.0,0.0,0.036996336996337,0.14908424908424908,3.7099009900990096,3.7808353808353807
237,38,Male,Coat,Outerwear,68,North Dakota,L,Green,Winter,3.4,Yes,Debit Card,Next Day Air,Yes,Yes,39,PayPal,Fortnightly,68,26.0,3.6888794541139363,95.91086580696235,1.0,1.0,1.0,1.0,0.041025641025641026,0.08351648351648351,3.748214285714286,3.7504385964912283
2569,52,Male,T-shirt,Clothing,98,Texas,XL,Green,Winter,4.3,No,Cash,Express,No,No,29,PayPal,Fortnightly,98,26.0,3.4011973816621555,88.43113192321604,0.0,0.0,0.0,0.0,0.034432234432234435,0.4564102564102564,3.8138297872340425,3.726725521669342
2820,67,Female,Shirt,Clothing,27,Georgia,L,Lavender,Spring,3.0,No,Credit Card,Free Shipping,No,No,19,Cash,Monthly,27,12.0,2.995732273553991,35.94878728264789,0.0,0.0,0.0,0.0,0.04322344322344322,0.4564102564102564,3.669491525423729,3.726725521669342
631,41,Male,Jewelry,Accessories,94,Mississippi,S,Silver,Fall,4.3,Yes,Cash,2-Day Shipping,Yes,Yes,33,Debit Card,Annually,94,1.0,3.5263605246161616,3.5263605246161616,1.0,1.0,1.0,1.0,0.04212454212454213,0.310989010989011,3.744347826086957,3.745465253239105
2912,28,Female,Socks,Clothing,38,Ohio,XL,Orange,Fall,2.9,No,Debit Card,Next Day Air,No,No,34,Venmo,Quarterly,38,4.0,3.5553480614894135,14.221392245957654,0.0,0.0,0.0,0.0,0.03882783882783883,0.4564102564102564,3.7150943396226417,3.726725521669342
1709,35,Male,Boots,Footwear,58,Florida,L,Cyan,Spring,3.2,No,Bank Transfer,Express,No,No,1,Credit Card,Quarterly,58,4.0,0.6931471805599453,2.772588722239781,0.0,0.0,0.0,0.0,0.036996336996337,0.14908424908424908,3.8237623762376236,3.7808353808353807
3897,52,Female,Backpack,Accessories,49,Iowa,L,White,Spring,4.5,No,PayPal,Store Pickup,No,No,41,Bank Transfer,Bi-Weekly,49,26.0,3.7376696182833684,97.17941007536758,0.0,0.0,0.0,0.0,0.03553113553113553,0.310989010989011,3.693814432989691,3.745465253239105
1361,56,Male,Skirt,Clothing,43,Alabama,L,Black,Fall,2.8,No,Bank Transfer,Express,Yes,Yes,4,Bank Transfer,Annually,43,1.0,1.6094379124341003,1.6094379124341003,0.0,1.0,1.0,1.0,0.041758241758241756,0.4564102564102564,3.816666666666667,3.726725521669342
22,31,Male,Pants,Clothing,62,North Carolina,M,Charcoal,Winter,4.1,Yes,Credit Card,Store Pickup,Yes,Yes,22,Debit Card,Quarterly,62,4.0,3.1354942159291497,12.541976863716599,1.0,1.0,1.0,1.0,0.04652014652014652,0.4564102564102564,3.729133858267717,3.726725521669342
998,64,Male,Pants,Clothing,30,Kentucky,M,Cyan,Spring,3.6,Yes,Debit Card,Express,Yes,Yes,31,Cash,Fortnightly,30,26.0,3.4657359027997265,90.10913347279289,1.0,1.0,1.0,1.0,0.04652014652014652,0.4564102564102564,3.729133858267717,3.726725521669342
270,68,Male,Blouse,Clothing,44,Georgia,M,Charcoal,Winter,3.3,Yes,PayPal,Next Day Air,Yes,Yes,9,Cash,Bi-Weekly,44,26.0,2.302585092994046,59.867212417845195,1.0,1.0,1.0,1.0,0.047619047619047616,0.4564102564102564,3.733076923076923,3.726725521669342
3049,69,Female,Jewelry,Accessories,93,Colorado,M,Olive,Summer,3.9,No,PayPal,Standard,No,No,47,Venmo,Fortnightly,93,26.0,3.871201010907891,100.65122628360517,0.0,0.0,0.0,0.0,0.04212454212454213,0.310989010989011,3.744347826086957,3.745465253239105
682,30,Male,Shirt,Clothing,59,Louisiana,XL,Purple,Winter,3.8,Yes,PayPal,2-Day Shipping,Yes,Yes,24,Credit Card,Every 3 Months,59,4.0,3.2188758248682006,12.875503299472802,1.0,1.0,1.0,1.0,0.04322344322344322,0.4564102564102564,3.669491525423729,3.726725521669342
2809,49,Female,Skirt,Clothing,62,Tennessee,M,Beige,Spring,3.9,No,Credit Card,Free Shipping,No,No,45,PayPal,Every 3 Months,62,4.0,3.828641396489095,15.31456558595638,0.0,0.0,0.0,0.0,0.041758241758241756,0.4564102564102564,3.816666666666667,3.726725521669342
1092,44,Male,Sweater,Clothing,80,North Carolina,L,Lavender,Spring,4.7,No,Cash,Store Pickup,Yes,Yes,6,Credit Card,Fortnightly,80,26.0,1.9459101490553132,50.593663875438146,0.0,1.0,1.0,1.0,0.04468864468864469,0.4564102564102564,3.7147540983606557,3.726725521669342
2253,48,Male,Shoes,Footwear,96,Nebraska,S,Maroon,Summer,3.9,No,Venmo,Express,No,No,21,Bank Transfer,Annually,96,1.0,3.091042453358316,3.091042453358316,0.0,0.0,0.0,0.0,0.036996336996337,0.14908424908424908,3.7099009900990096,3.7808353808353807
548,38,Male,Jacket,Outerwear,50,Nevada,M,Blue,Winter,2.8,Yes,Debit Card,Free Shipping,Yes,Yes,26,Venmo,Weekly,50,52.0,3.295836866004329,171.38351703222511,1.0,1.0,1.0,1.0,0.04249084249084249,0.08351648351648351,3.752586206896552,3.7504385964912283
293,60,Male,Shoes,Footwear,99,Utah,M,Green,Spring,4.7,Yes,Credit Card,Free Shipping,Yes,Yes,24,Cash,Quarterly,99,4.0,3.2188758248682006,12.875503299472802,1.0,1.0,1.0,1.0,0.036996336996337,0.14908424908424908,3.7099009900990096,3.7808353808353807
1755,66,Male,Dress,Clothing,93,Massachusetts,S,Beige,Fall,3.8,No,Debit Card,2-Day Shipping,No,No,18,Credit Card,Fortnightly,93,26.0,2.9444389791664403,76.55541345832745,0.0,0.0,0.0,0.0,0.044322344322344324,0.4564102564102564,3.7479338842975207,3.726725521669342
3814,61,Female,Pants,Clothing,89,Georgia,M,Orange,Summer,4.1,No,Credit Card,Express,No,No,31,Venmo,Bi-Weekly,89,26.0,3.4657359027997265,90.10913347279289,0.0,0.0,0.0,0.0,0.04652014652014652,0.4564102564102564,3.729133858267717,3.726725521669342
1371,27,Male,Scarf,Accessories,67,Montana,L,Peach,Summer,2.9,No,PayPal,2-Day Shipping,Yes,Yes,41,Bank Transfer,Every 3 Months,67,4.0,3.7376696182833684,14.950678473133474,0.0,1.0,1.0,1.0,0.03772893772893773,0.310989010989011,3.721359223300971,3.745465253239105
1383,68,Male,Jacket,Outerwear,55,Michigan,L,Brown,Winter,4.8,No,Venmo,Express,Yes,Yes,16,Bank Transfer,Quarterly,55,4.0,2.833213344056216,11.332853376224865,0.0,1.0,1.0,1.0,0.04249084249084249,0.08351648351648351,3.752586206896552,3.7504385964912283
3877,60,Female,Shoes,Footwear,85,Wisconsin,S,Cyan,Fall,2.6,No,Bank Transfer,2-Day Shipping,No,No,7,Cash,Annually,85,1.0,2.0794415416798357,2.0794415416798357,0.0,0.0,0.0,0.0,0.036996336996337,0.14908424908424908,3.7099009900990096,3.7808353808353807
505,42,Male,Shoes,Footwear,22,Missouri,M,Maroon,Winter,3.9,Yes,Bank Transfer,Free Shipping,Yes,Yes,26,PayPal,Annually,22,1.0,3.295836866004329,3.295836866004329,1.0,1.0,1.0,1.0,0.036996336996337,0.14908424908424908,3.7099009900990096,3.7808353808353807
1572,28,Male,Jewelry,Accessories,88,Colorado,L,Silver,Winter,4.5,No,Cash,Next Day Air,Yes,Yes,11,Bank Transfer,Fortnightly,88,26.0,2.4849066497880004,64.60757289448802,0.0,1.0,1.0,1.0,0.04212454212454213,0.310989010989011,3.744347826086957,3.745465253239105
1455,66,Male,Sneakers,Footwear,50,Georgia,L,Maroon,Winter,2.9,No,Bank Transfer,Free Shipping,Yes,Yes,17,Credit Card,Annually,50,1.0,2.8903717578961645,2.8903717578961645,0.0,1.0,1.0,1.0,0.03626373626373627,0.14908424908424908,3.749494949494949,3.7808353808353807
742,22,Male,T-shirt,Clothing,79,West Virginia,XL,Yellow,Summer,4.7,Yes,Debit Card,Free Shipping,Yes,Yes,23,Bank Transfer,Every 3 Months,79,4.0,3.1780538303479458,12.712215321391783,1.0,1.0,1.0,1.0,0.034432234432234435,0.4564102564102564,3.8138297872340425,3.726725521669342
746,46,Male,T-shirt,Clothing,92,Michigan,L,Orange,Fall,4.7,Yes,Credit Card,Standard,Yes,Yes,4,Venmo,Monthly,92,12.0,1.6094379124341003,19.313254949209202,1.0,1.0,1.0,1.0,0.034432234432234435,0.4564102564102564,3.8138297872340425,3.726725521669342
3390,38,Female,Pants,Clothing,57,North Carolina,L,Maroon,Fall,3.8,No,Credit Card,Free Shipping,No,No,39,Venmo,Annually,57,1.0,3.6888794541139363,3.6888794541139363,0.0,0.0,0.0,0.0,0.04652014652014652,0.4564102564102564,3.729133858267717,3.726725521669342
3375,22,Female,Blouse,Clothing,47,Nevada,S,Lavender,Spring,3.7,No,Debit Card,2-Day Shipping,No,No,41,Debit Card,Annually,47,1.0,3.7376696182833684,3.7376696182833684,0.0,0.0,0.0,0.0,0.047619047619047616,0.4564102564102564,3.733076923076923,3.726725521669342
1767,60,Male,Sweater,Clothing,54,Alaska,S,Cyan,Winter,4.3,No,Venmo,2-Day Shipping,No,No,27,Cash,Bi-Weekly,54,26.0,3.332204510175204,86.63731726455529,0.0,0.0,0.0,0.0,0.04468864468864469,0.4564102564102564,3.7147540983606557,3.726725521669342
3815,45,Female,Dress,Clothing,95,Michigan,M,Orange,Winter,4.2,No,Credit Card,Free Shipping,No,No,26,Bank Transfer,Every 3 Months,95,4.0,3.295836866004329,13.183347464017316,0.0,0.0,0.0,0.0,0.044322344322344324,0.4564102564102564,3.7479338842975207,3.726725521669342
699,55,Male,Boots,Footwear,41,Iowa,M,Yellow,Winter,3.8,Yes,PayPal,Standard,Yes,Yes,40,Debit Card,Weekly,41,52.0,3.713572066704308,193.105747468624,1.0,1.0,1.0,1.0,0.036996336996337,0.14908424908424908,3.8237623762376236,3.7808353808353807
1018,21,Male,Jacket,Outerwear,53,Oklahoma,L,Orange,Fall,2.5,Yes,Cash,Express,Yes,Yes,14,Credit Card,Annually,53,1.0,2.70805020110221,2.70805020110221,1.0,1.0,1.0,1.0,0.04249084249084249,0.08351648351648351,3.752586206896552,3.7504385964912283
3361,22,Female,Jacket,Outerwear,81,Minnesota,M,Maroon,Spring,3.3,No,Venmo,2-Day Shipping,No,No,47,Cash,Every 3 Months,81,4.0,3.871201010907891,15.484804043631565,0.0,0.0,0.0,0.0,0.04249084249084249,0.08351648351648351,3.752586206896552,3.7504385964912283
2599,64,Male,Backpack,Accessories,86,Nevada,XL,Olive,Fall,3.3,No,Credit Card,Express,No,No,31,Debit Card,Annually,86,1.0,3.4657359027997265,3.4657359027997265,0.0,0.0,0.0,0.0,0.03553113553113553,0.310989010989011,3.693814432989691,3.745465253239105
2825,39,Female,Hat,Accessories,90,Utah,M,Purple,Fall,4.0,No,Debit Card,Free Shipping,No,No,49,Debit Card,Quarterly,90,4.0,3.912023005428146,15.648092021712584,0.0,0.0,0.0,0.0,0.038461538461538464,0.310989010989011,3.7695238095238097,3.745465253239105
3443,28,Female,Skirt,Clothing,78,Michigan,M,Violet,Spring,4.3,No,Venmo,Next Day Air,No,No,12,PayPal,Weekly,78,52.0,2.5649493574615367,133.37736658799992,0.0,0.0,0.0,0.0,0.041758241758241756,0.4564102564102564,3.816666666666667,3.726725521669342
3528,25,Female,Blouse,Clothing,97,Washington,S,Charcoal,Spring,4.7,No,Cash,Free Shipping,No,No,1,Cash,Weekly,97,52.0,0.6931471805599453,36.04365338911715,0.0,0.0,0.0,0.0,0.047619047619047616,0.4564102564102564,3.733076923076923,3.726725521669342
127,43,Male,Shorts,Clothing,36,Mississippi,L,Pink,Spring,3.9,Yes,Bank Transfer,Store Pickup,Yes,Yes,48,Cash,Every 3 Months,36,4.0,3.8918202981106265,15.567281192442506,1.0,1.0,1.0,1.0,0.04212454212454213,0.4564102564102564,3.6730434782608694,3.726725521669342
307,26,Male,Jacket,Outerwear,49,North Dakota,S,White,Summer,3.6,Yes,Debit Card,Express,Yes,Yes,4,Cash,Annually,49,1.0,1.6094379124341003,1.6094379124341003,1.0,1.0,1.0,1.0,0.04249084249084249,0.08351648351648351,3.752586206896552,3.7504385964912283
260,32,Male,Jeans,Clothing,57,Louisiana,M,Gold,Fall,2.9,Yes,Credit Card,Standard,Yes,Yes,13,Debit Card,Annually,57,1.0,2.6390573296152584,2.6390573296152584,1.0,1.0,1.0,1.0,0.03406593406593406,0.4564102564102564,3.6,3.726725521669342
2396,62,Male,Blouse,Clothing,83,Connecticut,M,Cyan,Winter,3.5,No,Debit Card,2-Day Shipping,No,No,47,PayPal,Bi-Weekly,83,26.0,3.871201010907891,100.65122628360517,0.0,0.0,0.0,0.0,0.047619047619047616,0.4564102564102564,3.733076923076923,3.726725521669342
562,65,Male,Jacket,Outerwear,65,Alabama,M,Blue,Fall,2.6,Yes,Credit Card,Next Day Air,Yes,Yes,25,PayPal,Fortnightly,65,26.0,3.258096538021482,84.71050998855854,1.0,1.0,1.0,1.0,0.04249084249084249,0.08351648351648351,3.752586206896552,3.7504385964912283
2102,49,Male,Shirt,Clothing,23,Oregon,M,Blue,Winter,3.6,No,Cash,Next Day Air,No,No,12,Bank Transfer,Bi-Weekly,23,26.0,2.5649493574615367,66.68868329399996,0.0,0.0,0.0,0.0,0.04322344322344322,0.4564102564102564,3.669491525423729,3.726725521669342
3236,27,Female,Belt,Accessories,68,Kansas,M,Green,Summer,4.0,No,Venmo,Free Shipping,No,No,18,Venmo,Monthly,68,12.0,2.9444389791664403,35.33326774999728,0.0,0.0,0.0,0.0,0.04395604395604396,0.310989010989011,3.73,3.745465253239105
1289,66,Male,Belt,Accessories,93,South Dakota,XL,Charcoal,Winter,4.1,No,Venmo,Standard,Yes,Yes,34,PayPal,Bi-Weekly,93,26.0,3.5553480614894135,92.43904959872475,0.0,1.0,1.0,1.0,0.04395604395604396,0.310989010989011,3.73,3.745465253239105
2637,41,Male,Jacket,Outerwear,40,Utah,S,Magenta,Winter,4.2,No,PayPal,Store Pickup,No,No,6,Venmo,Annually,40,1.0,1.9459101490553132,1.9459101490553132,0.0,0.0,0.0,0.0,0.04249084249084249,0.08351648351648351,3.752586206896552,3.7504385964912283
2712,30,Female,Sunglasses,Accessories,22,Nebraska,L,Red,Spring,4.0,No,Credit Card,Standard,No,No,50,Venmo,Monthly,22,12.0,3.9318256327243257,47.18190759269191,0.0,0.0,0.0,0.0,0.0380952380952381,0.310989010989011,3.7211538461538463,3.745465253239105
2282,28,Male,Hoodie,Clothing,27,Kansas,XL,Maroon,Summer,3.0,No,Bank Transfer,Store Pickup,No,No,41,Bank Transfer,Annually,27,1.0,3.7376696182833684,3.7376696182833684,0.0,0.0,0.0,0.0,0.03882783882783883,0.4564102564102564,3.776415094339623,3.726725521669342
2308,28,Male,Skirt,Clothing,96,Missouri,L,Green,Fall,3.5,No,Bank Transfer,Next Day Air,No,No,30,Debit Card,Annually,96,1.0,3.4339872044851463,3.4339872044851463,0.0,0.0,0.0,0.0,0.041758241758241756,0.4564102564102564,3.816666666666667,3.726725521669342
2468,27,Male,Shorts,Clothing,72,New Jersey,M,Lavender,Spring,3.6,No,Debit Card,Express,No,No,28,Credit Card,Annually,72,1.0,3.367295829986474,3.367295829986474,0.0,0.0,0.0,0.0,0.04212454212454213,0.4564102564102564,3.6730434782608694,3.726725521669342
336,20,Male,Sweater,Clothing,85,Oregon,L,Maroon,Spring,3.7,Yes,Cash,Standard,Yes,Yes,44,Venmo,Every 3 Months,85,4.0,3.8066624897703196,15.226649959081278,1.0,1.0,1.0,1.0,0.04468864468864469,0.4564102564102564,3.7147540983606557,3.726725521669342
3467,49,Female,Socks,Clothing,42,Maryland,S,Purple,Summer,4.6,No,Debit Card,Standard,No,No,43,Bank Transfer,Annually,42,1.0,3.784189633918261,3.784189633918261,0.0,0.0,0.0,0.0,0.03882783882783883,0.4564102564102564,3.7150943396226417,3.726725521669342
381,39,Male,Backpack,Accessories,69,New Hampshire,XL,Beige,Fall,3.0,Yes,PayPal,Store Pickup,Yes,Yes,19,Bank Transfer,Weekly,69,52.0,2.995732273553991,155.77807822480753,1.0,1.0,1.0,1.0,0.03553113553113553,0.310989010989011,3.693814432989691,3.745465253239105
201,25,Male,Dress,Clothing,61,Pennsylvania,S,Teal,Summer,3.3,Yes,PayPal,Next Day Air,Yes,Yes,29,Venmo,Monthly,61,12.0,3.4011973816621555,40.814368579945864,1.0,1.0,1.0,1.0,0.044322344322344324,0.4564102564102564,3.7479338842975207,3.726725521669342
704,63,Male,Dress,Clothing,87,Connecticut,L,Pink,Summer,3.0,Yes,Debit Card,Standard,Yes,Yes,21,Venmo,Weekly,87,52.0,3.091042453358316,160.73420757463242,1.0,1.0,1.0,1.0,0.044322344322344324,0.4564102564102564,3.7479338842975207,3.726725521669342
188,19,Male,Shoes,Footwear,94,Georgia,S,Purple,Spring,3.3,Yes,Credit Card,Store Pickup,Yes,Yes,1,Bank Transfer,Bi-Weekly,94,26.0,0.6931471805599453,18.021826694558577,1.0,1.0,1.0,1.0,0.036996336996337,0.14908424908424908,3.7099009900990096,3.7808353808353807
3721,21,Female,Hat,Accessories,56,South Carolina,M,Peach,Fall,3.6,No,Debit Card,Free Shipping,No,No,13,Credit Card,Quarterly,56,4.0,2.6390573296152584,10.556229318461034,0.0,0.0,0.0,0.0,0.038461538461538464,0.310989010989011,3.7695238095238097,3.745465253239105
920,41,Male,Shirt,Clothing,82,Massachusetts,L,Green,Winter,2.6,Yes,PayPal,2-Day Shipping,Yes,Yes,17,Debit Card,Bi-Weekly,82,26.0,2.8903717578961645,75.14966570530028,1.0,1.0,1.0,1.0,0.04322344322344322,0.4564102564102564,3.669491525423729,3.726725521669342
3454,31,Female,Shirt,Clothing,60,Alabama,L,Pink,Winter,4.3,No,Venmo,Standard,No,No,48,Venmo,Bi-Weekly,60,26.0,3.8918202981106265,101.18732775087629,0.0,0.0,0.0,0.0,0.04322344322344322,0.4564102564102564,3.669491525423729,3.726725521669342
3627,69,Female,Blouse,Clothing,98,Mississippi,L,Teal,Fall,3.5,No,Bank Transfer,Express,No,No,32,Venmo,Quarterly,98,4.0,3.4965075614664802,13.986030245865921,0.0,0.0,0.0,0.0,0.047619047619047616,0.4564102564102564,3.733076923076923,3.726725521669342
157,35,Male,Shorts,Clothing,26,Missouri,M,Lavender,Fall,4.0,Yes,Venmo,Standard,Yes,Yes,40,Debit Card,Annually,26,1.0,3.713572066704308,3.713572066704308,1.0,1.0,1.0,1.0,0.04212454212454213,0.4564102564102564,3.6730434782608694,3.726725521669342
1036,61,Male,Blouse,Clothing,89,Georgia,M,Brown,Fall,2.8,Yes,Venmo,Express,Yes,Yes,32,Venmo,Annually,89,1.0,3.4965075614664802,3.4965075614664802,1.0,1.0,1.0,1.0,0.047619047619047616,0.4564102564102564,3.733076923076923,3.726725521669342
1232,66,Male,Socks,Clothing,79,Pennsylvania,M,Gold,Spring,4.0,No,Credit Card,2-Day Shipping,Yes,Yes,43,Credit Card,Fortnightly,79,26.0,3.784189633918261,98.38893048187478,0.0,1.0,1.0,1.0,0.03882783882783883,0.4564102564102564,3.7150943396226417,3.726725521669342
1075,48,Male,Jewelry,Accessories,71,Tennessee,S,White,Fall,2.6,No,PayPal,Standard,Yes,Yes,45,Bank Transfer,Fortnightly,71,26.0,3.828641396489095,99.54467630871648,0.0,1.0,1.0,1.0,0.04212454212454213,0.310989010989011,3.744347826086957,3.745465253239105
13,61,Male,Coat,Outerwear,72,Delaware,M,Gold,Winter,4.5,Yes,PayPal,Express,Yes,Yes,37,Venmo,Fortnightly,72,26.0,3.6375861597263857,94.57724015288602,1.0,1.0,1.0,1.0,0.041025641025641026,0.08351648351648351,3.748214285714286,3.7504385964912283
649,22,Male,Hoodie,Clothing,31,Michigan,M,Brown,Winter,4.1,Yes,Bank Transfer,Store Pickup,Yes,Yes,35,Credit Card,Weekly,31,52.0,3.58351893845611,186.34298479971773,1.0,1.0,1.0,1.0,0.03882783882783883,0.4564102564102564,3.776415094339623,3.726725521669342
3455,55,Female,Handbag,Accessories,71,Louisiana,S,Lavender,Fall,4.6,No,Cash,Store Pickup,No,No,15,PayPal,Bi-Weekly,71,26.0,2.772588722239781,72.0873067782343,0.0,0.0,0.0,0.0,0.03882783882783883,0.310989010989011,3.7216981132075473,3.745465253239105
3594,63,Female,Sandals,Footwear,80,Wyoming,M,Black,Spring,4.6,No,Bank Transfer,Next Day Air,No,No,24,PayPal,Monthly,80,12.0,3.2188758248682006,38.626509898418405,0.0,0.0,0.0,0.0,0.03882783882783883,0.14908424908424908,3.8367924528301884,3.7808353808353807
3215,53,Female,Skirt,Clothing,78,Washington,M,Yellow,Spring,3.1,No,Bank Transfer,Free Shipping,No,No,6,Debit Card,Annually,78,1.0,1.9459101490553132,1.9459101490553132,0.0,0.0,0.0,0.0,0.041758241758241756,0.4564102564102564,3.816666666666667,3.726725521669342
1163,47,Male,Sandals,Footwear,92,North Carolina,M,Blue,Winter,4.2,No,Venmo,Express,Yes,Yes,13,PayPal,Weekly,92,52.0,2.6390573296152584,137.23098113999345,0.0,1.0,1.0,1.0,0.03882783882783883,0.14908424908424908,3.8367924528301884,3.7808353808353807
223,47,Male,Gloves,Accessories,94,New York,XL,Gray,Spring,4.5,Yes,Venmo,2-Day Shipping,Yes,Yes,14,PayPal,Fortnightly,94,26.0,2.70805020110221,70.40930522865746,1.0,1.0,1.0,1.0,0.03626373626373627,0.310989010989011,3.8666666666666667,3.745465253239105
1884,25,Male,Backpack,Accessories,58,Georgia,M,Cyan,Spring,4.9,No,PayPal,Store Pickup,No,No,39,Debit Card,Fortnightly,58,26.0,3.6888794541139363,95.91086580696235,0.0,0.0,0.0,0.0,0.03553113553113553,0.310989010989011,3.693814432989691,3.745465253239105
935,45,Male,Jeans,Clothing,47,Oregon,S,Yellow,Spring,3.7,Yes,Bank Transfer,Express,Yes,Yes,21,Bank Transfer,Monthly,47,12.0,3.091042453358316,37.09250944029979,1.0,1.0,1.0,1.0,0.03406593406593406,0.4564102564102564,3.6,3.726725521669342
1454,36,Male,Boots,Footwear,93,Virginia,S,Teal,Winter,3.2,No,PayPal,2-Day Shipping,Yes,Yes,41,Bank Transfer,Fortnightly,93,26.0,3.7376696182833684,97.17941007536758,0.0,1.0,1.0,1.0,0.036996336996337,0.14908424908424908,3.8237623762376236,3.7808353808353807
2834,43,Female,Jeans,Clothing,56,Arkansas,M,Teal,Fall,3.3,No,PayPal,Free Shipping,No,No,19,Cash,Monthly,56,12.0,2.995732273553991,35.94878728264789,0.0,0.0,0.0,0.0,0.03406593406593406,0.4564102564102564,3.6,3.726725521669342
543,27,Male,Boots,Footwear,79,Illinois,XL,Teal,Spring,4.6,Yes,Venmo,Next Day Air,Yes,Yes,35,Cash,Bi-Weekly,79,26.0,3.58351893845611,93.17149239985886,1.0,1.0,1.0,1.0,0.036996336996337,0.14908424908424908,3.8237623762376236,3.7808353808353807
574,58,Male,Pants,Clothing,68,California,M,Charcoal,Summer,3.2,Yes,Cash,2-Day Shipping,Yes,Yes,23,Credit Card,Bi-Weekly,68,26.0,3.1780538303479458,82.62939958904659,1.0,1.0,1.0,1.0,0.04652014652014652,0.4564102564102564,3.729133858267717,3.726725521669342
2370,24,Male,Sweater,Clothing,23,Vermont,M,Cyan,Winter,4.6,No,Debit Card,Standard,No,No,24,PayPal,Monthly,23,12.0,3.2188758248682006,38.626509898418405,0.0,0.0,0.0,0.0,0.04468864468864469,0.4564102564102564,3.7147540983606557,3.726725521669342
619,61,Male,Jacket,Outerwear,94,Indiana,L,Cyan,Spring,4.0,Yes,Credit Card,Express,Yes,Yes,21,Debit Card,Bi-Weekly,94,26.0,3.091042453358316,80.36710378731621,1.0,1.0,1.0,1.0,0.04249084249084249,0.08351648351648351,3.752586206896552,3.7504385964912283
856,70,Male,Socks,Clothing,76,Oregon,L,Gold,Spring,3.0,Yes,Cash,2-Day Shipping,Yes,Yes,14,Credit Card,Quarterly,76,4.0,2.70805020110221,10.83220080440884,1.0,1.0,1.0,1.0,0.03882783882783883,0.4564102564102564,3.7150943396226417,3.726725521669342
1849,19,Male,Jeans,Clothing,73,Maine,XL,Yellow,Winter,2.7,No,Credit Card,Express,No,No,34,Cash,Every 3 Months,73,4.0,3.5553480614894135,14.221392245957654,0.0,0.0,0.0,0.0,0.03406593406593406,0.4564102564102564,3.6,3.726725521669342
1502,37,Male,Jeans,Clothing,55,Alaska,XL,Silver,Spring,2.7,No,Bank Transfer,Standard,Yes,Yes,13,Debit Card,Every 3 Months,55,4.0,2.6390573296152584,10.556229318461034,0.0,1.0,1.0,1.0,0.03406593406593406,0.4564102564102564,3.6,3.726725521669342
1542,24,Male,Handbag,Accessories,77,Illinois,S,Indigo,Winter,2.9,No,Cash,Store Pickup,Yes,Yes,35,Cash,Bi-Weekly,77,26.0,3.58351893845611,93.17149239985886,0.0,1.0,1.0,1.0,0.03882783882783883,0.310989010989011,3.7216981132075473,3.745465253239105
1581,65,Male,Sneakers,Footwear,71,North Dakota,L,Cyan,Summer,3.7,No,Credit Card,Standard,Yes,Yes,30,Cash,Annually,71,1.0,3.4339872044851463,3.4339872044851463,0.0,1.0,1.0,1.0,0.03626373626373627,0.14908424908424908,3.749494949494949,3.7808353808353807
3214,27,Female,Sunglasses,Accessories,56,Texas,M,Brown,Winter,3.3,No,Venmo,Standard,No,No,33,Credit Card,Monthly,56,12.0,3.5263605246161616,42.316326295393935,0.0,0.0,0.0,0.0,0.0380952380952381,0.310989010989011,3.7211538461538463,3.745465253239105
2123,32,Male,Jacket,Outerwear,36,Virginia,L,Teal,Fall,4.0,No,PayPal,Express,No,No,42,Debit Card,Weekly,36,52.0,3.7612001156935624,195.58240601606525,0.0,0.0,0.0,0.0,0.04249084249084249,0.08351648351648351,3.752586206896552,3.7504385964912283
3111,19,Female,Handbag,Accessories,46,Texas,L,Lavender,Fall,4.6,No,Bank Transfer,Next Day Air,No,No,2,Bank Transfer,Bi-Weekly,46,26.0,1.0986122886681098,28.563919505370855,0.0,0.0,0.0,0.0,0.03882783882783883,0.310989010989011,3.7216981132075473,3.745465253239105
67,31,Male,Blouse,Clothing,94,Pennsylvania,S,Magenta,Winter,4.7,Yes,Bank Transfer,2-Day Shipping,Yes,Yes,3,Venmo,Every 3 Months,94,4.0,1.3862943611198906,5.545177444479562,1.0,1.0,1.0,1.0,0.047619047619047616,0.4564102564102564,3.733076923076923,3.726725521669342
2920,64,Female,Shoes,Footwear,67,Minnesota,L,Charcoal,Winter,3.8,No,Bank Transfer,Standard,No,No,31,Debit Card,Monthly,67,12.0,3.4657359027997265,41.58883083359672,0.0,0.0,0.0,0.0,0.036996336996337,0.14908424908424908,3.7099009900990096,3.7808353808353807
2307,27,Male,Gloves,Accessories,78,Florida,L,Silver,Winter,3.4,No,Cash,Standard,No,No,8,Cash,Bi-Weekly,78,26.0,2.1972245773362196,57.12783901074171,0.0,0.0,0.0,0.0,0.03626373626373627,0.310989010989011,3.8666666666666667,3.745465253239105
1823,66,Male,Shirt,Clothing,85,Connecticut,S,Cyan,Summer,4.4,No,Cash,Standard,No,No,4,Cash,Annually,85,1.0,1.6094379124341003,1.6094379124341003,0.0,0.0,0.0,0.0,0.04322344322344322,0.4564102564102564,3.669491525423729,3.726725521669342
2479,18,Male,Socks,Clothing,93,Vermont,S,Maroon,Winter,4.8,No,Cash,2-Day Shipping,No,No,9,Bank Transfer,Every 3 Months,93,4.0,2.302585092994046,9.210340371976184,0.0,0.0,0.0,0.0,0.03882783882783883,0.4564102564102564,3.7150943396226417,3.726725521669342
3889,45,Female,Sneakers,Footwear,69,Virginia,M,Violet,Spring,3.4,No,Bank Transfer,Standard,No,No,14,Venmo,Bi-Weekly,69,26.0,2.70805020110221,70.40930522865746,0.0,0.0,0.0,0.0,0.03626373626373627,0.14908424908424908,3.749494949494949,3.7808353808353807
173,54,Male,Jewelry,Accessories,67,Nebraska,M,Violet,Summer,3.9,Yes,Bank Transfer,Next Day Air,Yes,Yes,42,Credit Card,Bi-Weekly,67,26.0,3.7612001156935624,97.79120300803262,1.0,1.0,1.0,1.0,0.04212454212454213,0.310989010989011,3.744347826086957,3.745465253239105
2960,38,Female,Handbag,Accessories,28,Texas,L,Maroon,Summer,4.7,No,PayPal,Free Shipping,No,No,9,PayPal,Quarterly,28,4.0,2.302585092994046,9.210340371976184,0.0,0.0,0.0,0.0,0.03882783882783883,0.310989010989011,3.7216981132075473,3.745465253239105
1170,25,Male,Backpack,Accessories,94,Wyoming,S,Gray,Fall,4.5,No,Venmo,2-Day Shipping,Yes,Yes,3,Cash,Annually,94,1.0,1.3862943611198906,1.3862943611198906,0.0,1.0,1.0,1.0,0.03553113553113553,0.310989010989011,3.693814432989691,3.745465253239105
2889,70,Female,Hoodie,Clothing,42,Wisconsin,L,Green,Spring,5.0,No,Venmo,2-Day Shipping,No,No,25,Debit Card,Quarterly,42,4.0,3.258096538021482,13.032386152085929,0.0,0.0,0.0,0.0,0.03882783882783883,0.4564102564102564,3.776415094339623,3.726725521669342
3011,70,Female,Belt,Accessories,45,Ohio,M,Violet,Winter,3.3,No,Bank Transfer,Free Shipping,No,No,15,Credit Card,Annually,45,1.0,2.772588722239781,2.772588722239781,0.0,0.0,0.0,0.0,0.04395604395604396,0.310989010989011,3.73,3.745465253239105
607,27,Male,Scarf,Accessories,90,Colorado,M,Blue,Spring,4.5,Yes,Credit Card,Standard,Yes,Yes,44,PayPal,Monthly,90,12.0,3.8066624897703196,45.679949877243835,1.0,1.0,1.0,1.0,0.03772893772893773,0.310989010989011,3.721359223300971,3.745465253239105
1152,41,Male,Blouse,Clothing,86,Ohio,M,Gray,Spring,4.2,No,Bank Transfer,Express,Yes,Yes,24,Credit Card,Weekly,86,52.0,3.2188758248682006,167.38154289314642,0.0,1.0,1.0,1.0,0.047619047619047616,0.4564102564102564,3.733076923076923,3.726725521669342
2605,47,Male,Sweater,Clothing,54,Colorado,M,Beige,Spring,3.4,No,Credit Card,Store Pickup,No,No,6,Debit Card,Weekly,54,52.0,1.9459101490553132,101.18732775087629,0.0,0.0,0.0,0.0,0.04468864468864469,0.4564102564102564,3.7147540983606557,3.726725521669342
3482,52,Female,Socks,Clothing,67,Ohio,S,Maroon,Summer,3.4,No,Credit Card,Store Pickup,No,No,41,Debit Card,Bi-Weekly,67,26.0,3.7376696182833684,97.17941007536758,0.0,0.0,0.0,0.0,0.03882783882783883,0.4564102564102564,3.7150943396226417,3.726725521669342
3593,61,Female,Boots,Footwear,82,New Jersey,L,Lavender,Spring,4.4,No,Cash,2-Day Shipping,No,No,18,Venmo,Fortnightly,82,26.0,2.9444389791664403,76.55541345832745,0.0,0.0,0.0,0.0,0.036996336996337,0.14908424908424908,3.8237623762376236,3.7808353808353807
3534,50,Female,Sneakers,Footwear,98,Texas,L,Yellow,Fall,4.7,No,Venmo,Standard,No,No,30,Venmo,Fortnightly,98,26.0,3.4339872044851463,89.2836673166138,0.0,0.0,0.0,0.0,0.03626373626373627,0.14908424908424908,3.749494949494949,3.7808353808353807
2630,61,Male,Scarf,Accessories,44,New Hampshire,M,Peach,Winter,3.8,No,Venmo,Free Shipping,No,No,25,Venmo,Annually,44,1.0,3.258096538021482,3.258096538021482,0.0,0.0,0.0,0.0,0.03772893772893773,0.310989010989011,3.721359223300971,3.745465253239105
20,66,Male,Pants,Clothing,90,Rhode Island,M,Green,Summer,3.3,Yes,Venmo,Standard,Yes,Yes,46,Debit Card,Bi-Weekly,90,26.0,3.8501476017100584,100.10383764446152,1.0,1.0,1.0,1.0,0.04652014652014652,0.4564102564102564,3.729133858267717,3.726725521669342
364,55,Male,Shorts,Clothing,88,Florida,L,Yellow,Winter,3.1,Yes,Cash,Free Shipping,Yes,Yes,42,Bank Transfer,Fortnightly,88,26.0,3.7612001156935624,97.79120300803262,1.0,1.0,1.0,1.0,0.04212454212454213,0.4564102564102564,3.6730434782608694,3.726725521669342
2595,59,Male,Skirt,Clothing,81,Montana,L,Indigo,Fall,3.6,No,Credit Card,Free Shipping,No,No,25,Cash,Every 3 Months,81,4.0,3.258096538021482,13.032386152085929,0.0,0.0,0.0,0.0,0.041758241758241756,0.4564102564102564,3.816666666666667,3.726725521669342
525,59,Male,Shirt,Clothing,39,Pennsylvania,M,Gold,Summer,4.8,Yes,Venmo,Free Shipping,Yes,Yes,44,PayPal,Annually,39,1.0,3.8066624897703196,3.8066624897703196,1.0,1.0,1.0,1.0,0.04322344322344322,0.4564102564102564,3.669491525423729,3.726725521669342
1155,49,Male,Dress,Clothing,82,Georgia,L,Cyan,Spring,2.9,No,Venmo,2-Day Shipping,Yes,Yes,44,Credit Card,Bi-Weekly,82,26.0,3.8066624897703196,98.9732247340283,0.0,1.0,1.0,1.0,0.044322344322344324,0.4564102564102564,3.7479338842975207,3.726725521669342
3446,42,Female,Hat,Accessories,58,Florida,M,Magenta,Fall,4.9,No,Venmo,Standard,No,No,3,Debit Card,Annually,58,1.0,1.3862943611198906,1.3862943611198906,0.0,0.0,0.0,0.0,0.038461538461538464,0.310989010989011,3.7695238095238097,3.745465253239105
3270,27,Female,Blouse,Clothing,60,Ohio,M,Blue,Winter,4.9,No,Venmo,Express,No,No,25,Cash,Monthly,60,12.0,3.258096538021482,39.09715845625779,0.0,0.0,0.0,0.0,0.047619047619047616,0.4564102564102564,3.733076923076923,3.726725521669342
2089,39,Male,Sandals,Footwear,89,California,L,Orange,Spring,4.0,No,Cash,Standard,No,No,49,Debit Card,Annually,89,1.0,3.912023005428146,3.912023005428146,0.0,0.0,0.0,0.0,0.03882783882783883,0.14908424908424908,3.8367924528301884,3.7808353808353807
1537,18,Male,Sunglasses,Accessories,82,Michigan,M,Indigo,Summer,2.6,No,Cash,Store Pickup,Yes,Yes,17,Cash,Quarterly,82,4.0,2.8903717578961645,11.561487031584658,0.0,1.0,1.0,1.0,0.0380952380952381,0.310989010989011,3.7211538461538463,3.745465253239105
1236,23,Male,Sweater,Clothing,22,Idaho,M,Red,Spring,3.0,No,Bank Transfer,Store Pickup,Yes,Yes,46,PayPal,Every 3 Months,22,4.0,3.8501476017100584,15.400590406840234,0.0,1.0,1.0,1.0,0.04468864468864469,0.4564102564102564,3.7147540983606557,3.726725521669342
1338,37,Male,Sweater,Clothing,86,Tennessee,L,Silver,Spring,3.4,No,Venmo,Express,Yes,Yes,19,Credit Card,Bi-Weekly,86,26.0,2.995732273553991,77.88903911240376,0.0,1.0,1.0,1.0,0.04468864468864469,0.4564102564102564,3.7147540983606557,3.726725521669342
926,22,Male,Jeans,Clothing,88,Arizona,L,Teal,Winter,4.9,Yes,Credit Card,Express,Yes,Yes,8,Cash,Monthly,88,12.0,2.1972245773362196,26.366694928034633,1.0,1.0,1.0,1.0,0.03406593406593406,0.4564102564102564,3.6,3.726725521669342
614,61,Male,Coat,Outerwear,51,Pennsylvania,L,Lavender,Fall,2.6,Yes,Cash,Standard,Yes,Yes,46,Cash,Bi-Weekly,51,26.0,3.8501476017100584,100.10383764446152,1.0,1.0,1.0,1.0,0.041025641025641026,0.08351648351648351,3.748214285714286,3.7504385964912283
1788,20,Male,Sweater,Clothing,38,Montana,L,Gold,Fall,4.9,No,Bank Transfer,2-Day Shipping,No,No,10,Bank Transfer,Quarterly,38,4.0,2.3978952727983707,9.591581091193483,0.0,0.0,0.0,0.0,0.04468864468864469,0.4564102564102564,3.7147540983606557,3.726725521669342
1262,20,Male,Shirt,Clothing,29,Connecticut,L,Maroon,Summer,2.8,No,Venmo,Next Day Air,Yes,Yes,2,Credit Card,Fortnightly,29,26.0,1.0986122886681098,28.563919505370855,0.0,1.0,1.0,1.0,0.04322344322344322,0.4564102564102564,3.669491525423729,3.726725521669342
812,18,Male,Sneakers,Footwear,35,Illinois,M,Green,Winter,2.7,Yes,Debit Card,Free Shipping,Yes,Yes,36,Venmo,Quarterly,35,4.0,3.6109179126442243,14.443671650576897,1.0,1.0,1.0,1.0,0.03626373626373627,0.14908424908424908,3.749494949494949,3.7808353808353807
24,31,Male,Pants,Clothing,88,Oklahoma,XL,White,Winter,4.4,Yes,Credit Card,Express,Yes,Yes,40,Credit Card,Weekly,88,52.0,3.713572066704308,193.105747468624,1.0,1.0,1.0,1.0,0.04652014652014652,0.4564102564102564,3.729133858267717,3.726725521669342
3805,37,Female,Hat,Accessories,77,Florida,M,Olive,Fall,2.7,No,Venmo,2-Day Shipping,No,No,45,Cash,Annually,77,1.0,3.828641396489095,3.828641396489095,0.0,0.0,0.0,0.0,0.038461538461538464,0.310989010989011,3.7695238095238097,3.745465253239105
2118,27,Male,Dress,Clothing,28,Colorado,L,Brown,Summer,3.8,No,Bank Transfer,Free Shipping,No,No,11,Debit Card,Annually,28,1.0,2.4849066497880004,2.4849066497880004,0.0,0.0,0.0,0.0,0.044322344322344324,0.4564102564102564,3.7479338842975207,3.726725521669342
1645,68,Male,Coat,Outerwear,90,North Carolina,S,Beige,Summer,3.9,No,PayPal,Next Day Air,Yes,Yes,21,Debit Card,Monthly,90,12.0,3.091042453358316,37.09250944029979,0.0,1.0,1.0,1.0,0.041025641025641026,0.08351648351648351,3.748214285714286,3.7504385964912283
2844,51,Female,Sweater,Clothing,26,Ohio,M,White,Summer,3.6,No,Cash,Store Pickup,No,No,41,Venmo,Weekly,26,52.0,3.7376696182833684,194.35882015073517,0.0,0.0,0.0,0.0,0.04468864468864469,0.4564102564102564,3.7147540983606557,3.726725521669342
1399,30,Male,Dress,Clothing,45,Texas,M,Cyan,Summer,2.5,No,Bank Transfer,Free Shipping,Yes,Yes,25,Credit Card,Weekly,45,52.0,3.258096538021482,169.42101997711708,0.0,1.0,1.0,1.0,0.044322344322344324,0.4564102564102564,3.7479338842975207,3.726725521669342
2757,42,Female,Hat,Accessories,23,Minnesota,L,Violet,Winter,4.1,No,Bank Transfer,Free Shipping,No,No,41,PayPal,Monthly,23,12.0,3.7376696182833684,44.85203541940042,0.0,0.0,0.0,0.0,0.038461538461538464,0.310989010989011,3.7695238095238097,3.745465253239105
279,57,Male,Sweater,Clothing,95,Hawaii,M,Orange,Spring,3.7,Yes,Bank Transfer,Express,Yes,Yes,23,Debit Card,Annually,95,1.0,3.1780538303479458,3.1780538303479458,1.0,1.0,1.0,1.0,0.04468864468864469,0.4564102564102564,3.7147540983606557,3.726725521669342
194,36,Male,Belt,Accessories,100,North Dakota,S,Silver,Fall,3.0,Yes,PayPal,Standard,Yes,Yes,29,Venmo,Annually,100,1.0,3.4011973816621555,3.4011973816621555,1.0,1.0,1.0,1.0,0.04395604395604396,0.310989010989011,3.73,3.745465253239105
2602,61,Male,Dress,Clothing,33,Mississippi,L,Orange,Winter,2.9,No,PayPal,Store Pickup,No,No,43,Cash,Monthly,33,12.0,3.784189633918261,45.41027560701913,0.0,0.0,0.0,0.0,0.044322344322344324,0.4564102564102564,3.7479338842975207,3.726725521669342
1517,20,Male,Jeans,Clothing,68,Nevada,L,Indigo,Winter,4.5,No,Bank Transfer,Express,Yes,Yes,5,Bank Transfer,Bi-Weekly,68,26.0,1.791759469228055,46.58574619992943,0.0,1.0,1.0,1.0,0.03406593406593406,0.4564102564102564,3.6,3.726725521669342
1608,49,Male,Shorts,Clothing,72,Vermont,S,Gray,Fall,2.7,No,Venmo,Free Shipping,Yes,Yes,43,Debit Card,Quarterly,72,4.0,3.784189633918261,15.136758535673044,0.0,1.0,1.0,1.0,0.04212454212454213,0.4564102564102564,3.6730434782608694,3.726725521669342
1534,50,Male,Shoes,Footwear,59,New Hampshire,M,Gold,Summer,3.6,No,Bank Transfer,2-Day Shipping,Yes,Yes,16,Bank Transfer,Quarterly,59,4.0,2.833213344056216,11.332853376224865,0.0,1.0,1.0,1.0,0.036996336996337,0.14908424908424908,3.7099009900990096,3.7808353808353807
2824,26,Female,Dress,Clothing,63,Utah,M,Olive,Summer,4.5,No,Venmo,Standard,No,No,47,Debit Card,Bi-Weekly,63,26.0,3.871201010907891,100.65122628360517,0.0,0.0,0.0,0.0,0.044322344322344324,0.4564102564102564,3.7479338842975207,3.726725521669342
1345,56,Male,T-shirt,Clothing,37,New York,S,Violet,Fall,4.9,No,Credit Card,Next Day Air,Yes,Yes,14,Cash,Annually,37,1.0,2.70805020110221,2.70805020110221,0.0,1.0,1.0,1.0,0.034432234432234435,0.4564102564102564,3.8138297872340425,3.726725521669342
1978,24,Male,Sandals,Footwear,49,Florida,M,Teal,Summer,2.6,No,Debit Card,Free Shipping,No,No,32,Bank Transfer,Annually,49,1.0,3.4965075614664802,3.4965075614664802,0.0,0.0,0.0,0.0,0.03882783882783883,0.14908424908424908,3.8367924528301884,3.7808353808353807
3156,22,Female,Handbag,Accessories,90,Montana,M,Brown,Fall,4.3,No,PayPal,Free Shipping,No,No,34,Cash,Annually,90,1.0,3.5553480614894135,3.5553480614894135,0.0,0.0,0.0,0.0,0.03882783882783883,0.310989010989011,3.7216981132075473,3.745465253239105
717,30,Male,Jewelry,Accessories,29,Missouri,M,Olive,Spring,3.6,Yes,PayPal,Express,Yes,Yes,9,Venmo,Bi-Weekly,29,26.0,2.302585092994046,59.867212417845195,1.0,1.0,1.0,1.0,0.04212454212454213,0.310989010989011,3.744347826086957,3.745465253239105
239,64,Male,Skirt,Clothing,34,Ohio,M,Peach,Fall,4.2,Yes,Debit Card,Free Shipping,Yes,Yes,5,Cash,Annually,34,1.0,1.791759469228055,1.791759469228055,1.0,1.0,1.0,1.0,0.041758241758241756,0.4564102564102564,3.816666666666667,3.726725521669342
1381,51,Male,Sneakers,Footwear,35,Massachusetts,S,Beige,Winter,4.6,No,Bank Transfer,Standard,Yes,Yes,41,Cash,Fortnightly,35,26.0,3.7376696182833684,97.17941007536758,0.0,1.0,1.0,1.0,0.03626373626373627,0.14908424908424908,3.749494949494949,3.7808353808353807
2056,28,Male,Handbag,Accessories,33,Texas,M,Silver,Fall,3.4,No,Debit Card,2-Day Shipping,No,No,28,Bank Transfer,Weekly,33,52.0,3.367295829986474,175.09938315929665,0.0,0.0,0.0,0.0,0.03882783882783883,0.310989010989011,3.7216981132075473,3.745465253239105
3874,42,Female,Sandals,Footwear,43,Louisiana,L,Silver,Summer,4.0,No,PayPal,Standard,No,No,22,Credit Card,Weekly,43,52.0,3.1354942159291497,163.04569922831578,0.0,0.0,0.0,0.0,0.03882783882783883,0.14908424908424908,3.8367924528301884,3.7808353808353807
2741,19,Female,Sunglasses,Accessories,70,Pennsylvania,M,Lavender,Summer,4.9,No,Credit Card,Free Shipping,No,No,34,Bank Transfer,Fortnightly,70,26.0,3.5553480614894135,92.43904959872475,0.0,0.0,0.0,0.0,0.0380952380952381,0.310989010989011,3.7211538461538463,3.745465253239105
3015,24,Female,T-shirt,Clothing,65,Utah,M,Maroon,Spring,4.5,No,Credit Card,Express,No,No,38,PayPal,Every 3 Months,65,4.0,3.6635616461296463,14.654246584518585,0.0,0.0,0.0,0.0,0.034432234432234435,0.4564102564102564,3.8138297872340425,3.726725521669342
2909,43,Female,Blouse,Clothing,87,Texas,M,Beige,Winter,3.1,No,Debit Card,Store Pickup,No,No,15,Debit Card,Every 3 Months,87,4.0,2.772588722239781,11.090354888959125,0.0,0.0,0.0,0.0,0.047619047619047616,0.4564102564102564,3.733076923076923,3.726725521669342
44,25,Male,Scarf,Accessories,69,Ohio,L,Lavender,Fall,3.7,Yes,PayPal,Store Pickup,Yes,Yes,19,PayPal,Fortnightly,69,26.0,2.995732273553991,77.88903911240376,1.0,1.0,1.0,1.0,0.03772893772893773,0.310989010989011,3.721359223300971,3.745465253239105
1668,51,Male,Handbag,Accessories,40,Oklahoma,L,Brown,Winter,3.4,No,Bank Transfer,2-Day Shipping,Yes,Yes,24,Bank Transfer,Every 3 Months,40,4.0,3.2188758248682006,12.875503299472802,0.0,1.0,1.0,1.0,0.03882783882783883,0.310989010989011,3.7216981132075473,3.745465253239105
1116,30,Male,Hat,Accessories,58,New York,S,Peach,Fall,4.0,No,Bank Transfer,2-Day Shipping,Yes,Yes,37,Cash,Weekly,58,52.0,3.6375861597263857,189.15448030577204,0.0,1.0,1.0,1.0,0.038461538461538464,0.310989010989011,3.7695238095238097,3.745465253239105
325,37,Male,Shirt,Clothing,82,Wyoming,M,Olive,Summer,4.8,Yes,Credit Card,Standard,Yes,Yes,37,Venmo,Quarterly,82,4.0,3.6375861597263857,14.550344638905543,1.0,1.0,1.0,1.0,0.04322344322344322,0.4564102564102564,3.669491525423729,3.726725521669342
3635,59,Female,Socks,Clothing,22,Ohio,M,Pink,Winter,3.3,No,Bank Transfer,Standard,No,No,17,PayPal,Annually,22,1.0,2.8903717578961645,2.8903717578961645,0.0,0.0,0.0,0.0,0.03882783882783883,0.4564102564102564,3.7150943396226417,3.726725521669342
318,58,Male,Sweater,Clothing,82,West Virginia,L,Teal,Fall,4.3,Yes,Bank Transfer,Standard,Yes,Yes,42,Cash,Every 3 Months,82,4.0,3.7612001156935624,15.04480046277425,1.0,1.0,1.0,1.0,0.04468864468864469,0.4564102564102564,3.7147540983606557,3.726725521669342
1388,21,Male,Blouse,Clothing,85,Maryland,M,Gold,Winter,3.8,No,Credit Card,Standard,Yes,Yes,20,Credit Card,Monthly,85,12.0,3.044522437723423,36.53426925268108,0.0,1.0,1.0,1.0,0.047619047619047616,0.4564102564102564,3.733076923076923,3.726725521669342
3435,31,Female,Pants,Clothing,72,Ohio,S,Orange,Summer,3.3,No,PayPal,2-Day Shipping,No,No,6,Venmo,Fortnightly,72,26.0,1.9459101490553132,50.593663875438146,0.0,0.0,0.0,0.0,0.04652014652014652,0.4564102564102564,3.729133858267717,3.726725521669342
15,64,Male,Coat,Outerwear,53,New York,L,Teal,Winter,4.7,Yes,PayPal,Free Shipping,Yes,Yes,34,Debit Card,Weekly,53,52.0,3.5553480614894135,184.8780991974495,1.0,1.0,1.0,1.0,0.041025641025641026,0.08351648351648351,3.748214285714286,3.7504385964912283
2681,44,Female,Socks,Clothing,37,Nebraska,L,Indigo,Fall,3.3,No,PayPal,Next Day Air,No,No,21,Venmo,Annually,37,1.0,3.091042453358316,3.091042453358316,0.0,0.0,0.0,0.0,0.03882783882783883,0.4564102564102564,3.7150943396226417,3.726725521669342
446,42,Male,Boots,Footwear,29,Iowa,M,Olive,Fall,4.9,Yes,Bank Transfer,Standard,Yes,Yes,18,Venmo,Annually,29,1.0,2.9444389791664403,2.9444389791664403,1.0,1.0,1.0,1.0,0.036996336996337,0.14908424908424908,3.8237623762376236,3.7808353808353807
1193,49,Male,Coat,Outerwear,56,Florida,M,Turquoise,Summer,4.0,No,PayPal,2-Day Shipping,Yes,Yes,42,Venmo,Quarterly,56,4.0,3.7612001156935624,15.04480046277425,0.0,1.0,1.0,1.0,0.041025641025641026,0.08351648351648351,3.748214285714286,3.7504385964912283
198,59,Male,Scarf,Accessories,78,South Carolina,M,Black,Fall,3.2,Yes,Debit Card,2-Day Shipping,Yes,Yes,41,Credit Card,Monthly,78,12.0,3.7376696182833684,44.85203541940042,1.0,1.0,1.0,1.0,0.03772893772893773,0.310989010989011,3.721359223300971,3.745465253239105
1251,52,Male,Jeans,Clothing,26,New Hampshire,XL,Purple,Winter,4.1,No,Cash,Free Shipping,Yes,Yes,24,Cash,Monthly,26,12.0,3.2188758248682006,38.626509898418405,0.0,1.0,1.0,1.0,0.03406593406593406,0.4564102564102564,3.6,3.726725521669342
3124,57,Female,Handbag,Accessories,77,Iowa,XL,Red,Fall,3.3,No,PayPal,Next Day Air,No,No,40,Venmo,Bi-Weekly,77,26.0,3.713572066704308,96.552873734312,0.0,0.0,0.0,0.0,0.03882783882783883,0.310989010989011,3.7216981132075473,3.745465253239105
3579,46,Female,Shoes,Footwear,22,Georgia,L,Olive,Winter,2.6,No,Credit Card,Standard,No,No,22,Bank Transfer,Quarterly,22,4.0,3.1354942159291497,12.541976863716599,0.0,0.0,0.0,0.0,0.036996336996337,0.14908424908424908,3.7099009900990096,3.7808353808353807
816,30,Male,Hat,Accessories,84,West Virginia,L,Teal,Spring,3.0,Yes,Cash,Next Day Air,Yes,Yes,27,Venmo,Bi-Weekly,84,26.0,3.332204510175204,86.63731726455529,1.0,1.0,1.0,1.0,0.038461538461538464,0.310989010989011,3.7695238095238097,3.745465253239105
1167,48,Male,Dress,Clothing,48,Connecticut,S,Lavender,Winter,3.7,No,Cash,Store Pickup,Yes,Yes,22,Venmo,Fortnightly,48,26.0,3.1354942159291497,81.52284961415789,0.0,1.0,1.0,1.0,0.044322344322344324,0.4564102564102564,3.7479338842975207,3.726725521669342
1416,54,Male,Belt,Accessories,90,Illinois,M,Blue,Winter,3.7,No,Bank Transfer,Free Shipping,Yes,Yes,12,Credit Card,Every 3 Months,90,4.0,2.5649493574615367,10.259797429846147,0.0,1.0,1.0,1.0,0.04395604395604396,0.310989010989011,3.73,3.745465253239105
3630,52,Female,T-shirt,Clothing,43,Kansas,L,Lavender,Summer,4.5,No,Credit Card,Standard,No,No,44,Debit Card,Fortnightly,43,26.0,3.8066624897703196,98.9732247340283,0.0,0.0,0.0,0.0,0.034432234432234435,0.4564102564102564,3.8138297872340425,3.726725521669342
306,60,Male,Sweater,Clothing,59,Utah,M,Teal,Fall,3.5,Yes,Debit Card,2-Day Shipping,Yes,Yes,26,PayPal,Annually,59,1.0,3.295836866004329,3.295836866004329,1.0,1.0,1.0,1.0,0.04468864468864469,0.4564102564102564,3.7147540983606557,3.726725521669342
2553,61,Male,Belt,Accessories,48,Maryland,XL,Purple,Spring,3.2,No,Cash,2-Day Shipping,No,No,13,Credit Card,Annually,48,1.0,2.6390573296152584,2.6390573296152584,0.0,0.0,0.0,0.0,0.04395604395604396,0.310989010989011,3.73,3.745465253239105
1281,30,Male,Pants,Clothing,78,Georgia,L,White,Winter,4.4,No,PayPal,2-Day Shipping,Yes,Yes,39,Venmo,Every 3 Months,78,4.0,3.6888794541139363,14.755517816455745,0.0,1.0,1.0,1.0,0.04652014652014652,0.4564102564102564,3.729133858267717,3.726725521669342
3759,61,Female,Sandals,Footwear,54,Indiana,S,Black,Spring,2.7,No,Cash,Store Pickup,No,No,23,Bank Transfer,Quarterly,54,4.0,3.1780538303479458,12.712215321391783,0.0,0.0,0.0,0.0,0.03882783882783883,0.14908424908424908,3.8367924528301884,3.7808353808353807
92,44,Male,Scarf,Accessories,99,South Carolina,S,Green,Winter,4.6,Yes,PayPal,Standard,Yes,Yes,18,Credit Card,Every 3 Months,99,4.0,2.9444389791664403,11.777755916665761,1.0,1.0,1.0,1.0,0.03772893772893773,0.310989010989011,3.721359223300971,3.745465253239105
1401,36,Male,Backpack,Accessories,23,Nevada,M,Red,Fall,3.6,No,Venmo,Next Day Air,Yes,Yes,22,Credit Card,Every 3 Months,23,4.0,3.1354942159291497,12.541976863716599,0.0,1.0,1.0,1.0,0.03553113553113553,0.310989010989011,3.693814432989691,3.745465253239105
2648,60,Male,Shoes,Footwear,58,South Carolina,M,Red,Summer,3.3,No,Debit Card,2-Day Shipping,No,No,25,Debit Card,Annually,58,1.0,3.258096538021482,3.258096538021482,0.0,0.0,0.0,0.0,0.036996336996337,0.14908424908424908,3.7099009900990096,3.7808353808353807
3795,44,Female,Scarf,Accessories,82,South Dakota,M,Violet,Summer,3.6,No,Debit Card,2-Day Shipping,No,No,27,Venmo,Weekly,82,52.0,3.332204510175204,173.27463452911059,0.0,0.0,0.0,0.0,0.03772893772893773,0.310989010989011,3.721359223300971,3.745465253239105
1992,46,Male,Sneakers,Footwear,29,Missouri,M,Brown,Summer,3.7,No,Venmo,Next Day Air,No,No,1,Venmo,Every 3 Months,29,4.0,0.6931471805599453,2.772588722239781,0.0,0.0,0.0,0.0,0.03626373626373627,0.14908424908424908,3.749494949494949,3.7808353808353807
2933,65,Female,Backpack,Accessories,88,Alaska,L,Black,Spring,3.9,No,Credit Card,Express,No,No,3,PayPal,Quarterly,88,4.0,1.3862943611198906,5.545177444479562,0.0,0.0,0.0,0.0,0.03553113553113553,0.310989010989011,3.693814432989691,3.745465253239105
3631,65,Female,Hat,Accessories,73,Oklahoma,M,Lavender,Winter,4.8,No,Credit Card,Store Pickup,No,No,29,Cash,Weekly,73,52.0,3.4011973816621555,176.86226384643209,0.0,0.0,0.0,0.0,0.038461538461538464,0.310989010989011,3.7695238095238097,3.745465253239105
1425,66,Male,Jacket,Outerwear,23,Connecticut,S,Indigo,Fall,3.5,No,Cash,Standard,Yes,Yes,34,Bank Transfer,Every 3 Months,23,4.0,3.5553480614894135,14.221392245957654,0.0,1.0,1.0,1.0,0.04249084249084249,0.08351648351648351,3.752586206896552,3.7504385964912283
1320,65,Male,Sunglasses,Accessories,24,Oklahoma,M,Magenta,Spring,4.0,No,Credit Card,Standard,Yes,Yes,48,Bank Transfer,Weekly,24,52.0,3.8918202981106265,202.37465550175258,0.0,1.0,1.0,1.0,0.0380952380952381,0.310989010989011,3.7211538461538463,3.745465253239105
1601,20,Male,Boots,Footwear,26,Montana,S,Yellow,Spring,4.7,No,PayPal,Next Day Air,Yes,Yes,24,PayPal,Weekly,26,52.0,3.2188758248682006,167.38154289314642,0.0,1.0,1.0,1.0,0.036996336996337,0.14908424908424908,3.8237623762376236,3.7808353808353807
468,19,Male,Backpack,Accessories,51,Nebraska,S,Orange,Spring,4.5,Yes,Credit Card,2-Day Shipping,Yes,Yes,37,Debit Card,Every 3 Months,51,4.0,3.6375861597263857,14.550344638905543,1.0,1.0,1.0,1.0,0.03553113553113553,0.310989010989011,3.693814432989691,3.745465253239105
509,27,Male,Jewelry,Accessories,20,Illinois,S,Yellow,Winter,3.7,Yes,Cash,Store Pickup,Yes,Yes,31,PayPal,Quarterly,20,4.0,3.4657359027997265,13.862943611198906,1.0,1.0,1.0,1.0,0.04212454212454213,0.310989010989011,3.744347826086957,3.745465253239105
2359,53,Male,Sweater,Clothing,93,Texas,L,Pink,Spring,3.8,No,Bank Transfer,Standard,No,No,38,Credit Card,Quarterly,93,4.0,3.6635616461296463,14.654246584518585,0.0,0.0,0.0,0.0,0.04468864468864469,0.4564102564102564,3.7147540983606557,3.726725521669342
1198,54,Male,Sneakers,Footwear,92,Vermont,L,Violet,Fall,3.9,No,Debit Card,Standard,Yes,Yes,26,PayPal,Annually,92,1.0,3.295836866004329,3.295836866004329,0.0,1.0,1.0,1.0,0.03626373626373627,0.14908424908424908,3.749494949494949,3.7808353808353807
1270,43,Male,Jewelry,Accessories,53,Vermont,M,Lavender,Spring,3.0,No,PayPal,Standard,Yes,Yes,47,PayPal,Quarterly,53,4.0,3.871201010907891,15.484804043631565,0.0,1.0,1.0,1.0,0.04212454212454213,0.310989010989011,3.744347826086957,3.745465253239105
3137,58,Female,Skirt,Clothing,32,Minnesota,M,Gray,Fall,3.1,No,Bank Transfer,Next Day Air,No,No,29,Cash,Bi-Weekly,32,26.0,3.4011973816621555,88.43113192321604,0.0,0.0,0.0,0.0,0.041758241758241756,0.4564102564102564,3.816666666666667,3.726725521669342
432,43,Male,Hat,Accessories,76,New Hampshire,L,Cyan,Winter,3.4,Yes,Credit Card,Store Pickup,Yes,Yes,33,Cash,Fortnightly,76,26.0,3.5263605246161616,91.6853736400202,1.0,1.0,1.0,1.0,0.038461538461538464,0.310989010989011,3.7695238095238097,3.745465253239105
521,51,Male,Sunglasses,Accessories,84,South Carolina,M,White,Spring,3.9,Yes,Bank Transfer,Free Shipping,Yes,Yes,20,Debit Card,Quarterly,84,4.0,3.044522437723423,12.178089750893692,1.0,1.0,1.0,1.0,0.0380952380952381,0.310989010989011,3.7211538461538463,3.745465253239105
54,29,Male,Skirt,Clothing,24,Mississippi,S,Peach,Winter,3.9,Yes,Debit Card,Next Day Air,Yes,Yes,35,Credit Card,Weekly,24,52.0,3.58351893845611,186.34298479971773,1.0,1.0,1.0,1.0,0.041758241758241756,0.4564102564102564,3.816666666666667,3.726725521669342
63,30,Male,Sneakers,Footwear,21,Mississippi,S,Magenta,Spring,3.8,Yes,Credit Card,Free Shipping,Yes,Yes,31,Credit Card,Fortnightly,21,26.0,3.4657359027997265,90.10913347279289,1.0,1.0,1.0,1.0,0.03626373626373627,0.14908424908424908,3.749494949494949,3.7808353808353807
34,54,Male,Pants,Clothing,38,Colorado,L,Green,Summer,3.3,Yes,Venmo,Store Pickup,Yes,Yes,45,Cash,Quarterly,38,4.0,3.828641396489095,15.31456558595638,1.0,1.0,1.0,1.0,0.04652014652014652,0.4564102564102564,3.729133858267717,3.726725521669342
2108,46,Male,Pants,Clothing,75,Delaware,M,Black,Winter,3.3,No,PayPal,Standard,No,No,35,PayPal,Quarterly,75,4.0,3.58351893845611,14.33407575382444,0.0,0.0,0.0,0.0,0.04652014652014652,0.4564102564102564,3.729133858267717,3.726725521669342
1475,31,Male,Sweater,Clothing,72,New Jersey,S,Pink,Fall,3.9,No,Bank Transfer,Next Day Air,Yes,Yes,6,Credit Card,Monthly,72,12.0,1.9459101490553132,23.350921788663758,0.0,1.0,1.0,1.0,0.04468864468864469,0.4564102564102564,3.7147540983606557,3.726725521669342
3374,70,Female,Sandals,Footwear,52,Minnesota,M,Purple,Spring,3.5,No,Debit Card,Store Pickup,No,No,12,Debit Card,Every 3 Months,52,4.0,2.5649493574615367,10.259797429846147,0.0,0.0,0.0,0.0,0.03882783882783883,0.14908424908424908,3.8367924528301884,3.7808353808353807
1296,30,Male,Sneakers,Footwear,60,New Mexico,M,Olive,Fall,2.8,No,PayPal,Standard,Yes,Yes,50,PayPal,Weekly,60,52.0,3.9318256327243257,204.45493290166493,0.0,1.0,1.0,1.0,0.03626373626373627,0.14908424908424908,3.749494949494949,3.7808353808353807
214,30,Male,Handbag,Accessories,93,Nevada,L,Peach,Fall,4.4,Yes,Cash,Store Pickup,Yes,Yes,11,Debit Card,Every 3 Months,93,4.0,2.4849066497880004,9.939626599152001,1.0,1.0,1.0,1.0,0.03882783882783883,0.310989010989011,3.7216981132075473,3.745465253239105
1160,66,Male,Handbag,Accessories,55,New Hampshire,L,Blue,Fall,3.6,No,Debit Card,2-Day Shipping,Yes,Yes,46,Venmo,Every 3 Months,55,4.0,3.8501476017100584,15.400590406840234,0.0,1.0,1.0,1.0,0.03882783882783883,0.310989010989011,3.7216981132075473,3.745465253239105
2997,70,Female,Jewelry,Accessories,91,Utah,M,White,Spring,2.9,No,Credit Card,Express,No,No,6,Venmo,Every 3 Months,91,4.0,1.9459101490553132,7.783640596221253,0.0,0.0,0.0,0.0,0.04212454212454213,0.310989010989011,3.744347826086957,3.745465253239105
3,50,Male,Jeans,Clothing,73,Massachusetts,S,Maroon,Spring,3.1,Yes,Cash,Free Shipping,Yes,Yes,23,Credit Card,Weekly,73,52.0,3.1780538303479458,165.25879917809317,1.0,1.0,1.0,1.0,0.03406593406593406,0.4564102564102564,3.6,3.726725521669342
1086,25,Male,Jewelry,Accessories,85,Utah,M,Turquoise,Winter,3.0,No,PayPal,Store Pickup,Yes,Yes,23,Venmo,Fortnightly,85,26.0,3.1780538303479458,82.62939958904659,0.0,1.0,1.0,1.0,0.04212454212454213,0.310989010989011,3.744347826086957,3.745465253239105
1081,65,Male,Scarf,Accessories,59,Pennsylvania,L,Blue,Fall,3.8,No,Bank Transfer,Express,Yes,Yes,22,Cash,Every 3 Months,59,4.0,3.1354942159291497,12.541976863716599,0.0,1.0,1.0,1.0,0.03772893772893773,0.310989010989011,3.721359223300971,3.745465253239105
3257,60,Female,Sunglasses,Accessories,26,Wisconsin,L,Teal,Winter,4.7,No,Cash,Free Shipping,No,No,50,Venmo,Every 3 Months,26,4.0,3.9318256327243257,15.727302530897303,0.0,0.0,0.0,0.0,0.0380952380952381,0.310989010989011,3.7211538461538463,3.745465253239105
1829,33,Male,Coat,Outerwear,80,New Hampshire,L,Gray,Spring,3.9,No,Debit Card,Express,No,No,45,Cash,Every 3 Months,80,4.0,3.828641396489095,15.31456558595638,0.0,0.0,0.0,0.0,0.041025641025641026,0.08351648351648351,3.748214285714286,3.7504385964912283
2076,46,Male,Sweater,Clothing,28,South Carolina,S,Turquoise,Fall,4.7,No,Bank Transfer,Express,No,No,49,Debit Card,Monthly,28,12.0,3.912023005428146,46.94427606513775,0.0,0.0,0.0,0.0,0.04468864468864469,0.4564102564102564,3.7147540983606557,3.726725521669342
2661,24,Female,Pants,Clothing,85,South Carolina,L,Yellow,Spring,4.9,No,Debit Card,Express,No,No,44,Venmo,Annually,85,1.0,3.8066624897703196,3.8066624897703196,0.0,0.0,0.0,0.0,0.04652014652014652,0.4564102564102564,3.729133858267717,3.726725521669342
2894,69,Female,Belt,Accessories,20,Kentucky,S,Orange,Spring,3.1,No,Credit Card,Free Shipping,No,No,44,Debit Card,Every 3 Months,20,4.0,3.8066624897703196,15.226649959081278,0.0,0.0,0.0,0.0,0.04395604395604396,0.310989010989011,3.73,3.745465253239105
1821,19,Male,Shirt,Clothing,94,Washington,XL,Gold,Fall,5.0,No,PayPal,Express,No,No,31,PayPal,Monthly,94,12.0,3.4657359027997265,41.58883083359672,0.0,0.0,0.0,0.0,0.04322344322344322,0.4564102564102564,3.669491525423729,3.726725521669342
3822,20,Female,Sneakers,Footwear,48,Oregon,M,Gold,Summer,4.6,No,PayPal,Free Shipping,No,No,34,Credit Card,Every 3 Months,48,4.0,3.5553480614894135,14.221392245957654,0.0,0.0,0.0,0.0,0.03626373626373627,0.14908424908424908,3.749494949494949,3.7808353808353807
475,62,Male,Sweater,Clothing,76,Arkansas,XL,Maroon,Summer,2.6,Yes,Debit Card,2-Day Shipping,Yes,Yes,15,Cash,Quarterly,76,4.0,2.772588722239781,11.090354888959125,1.0,1.0,1.0,1.0,0.04468864468864469,0.4564102564102564,3.7147540983606557,3.726725521669342
2149,19,Male,T-shirt,Clothing,45,Nebraska,XL,Turquoise,Winter,4.6,No,PayPal,2-Day Shipping,No,No,19,PayPal,Bi-Weekly,45,26.0,2.995732273553991,77.88903911240376,0.0,0.0,0.0,0.0,0.034432234432234435,0.4564102564102564,3.8138297872340425,3.726725521669342
1062,36,Male,Coat,Outerwear,62,Idaho,M,Gray,Summer,4.4,No,Debit Card,Free Shipping,Yes,Yes,12,Venmo,Every 3 Months,62,4.0,2.5649493574615367,10.259797429846147,0.0,1.0,1.0,1.0,0.041025641025641026,0.08351648351648351,3.748214285714286,3.7504385964912283
1991,32,Male,Backpack,Accessories,95,Connecticut,L,White,Spring,3.4,No,Debit Card,2-Day Shipping,No,No,15,PayPal,Annually,95,1.0,2.772588722239781,2.772588722239781,0.0,0.0,0.0,0.0,0.03553113553113553,0.310989010989011,3.693814432989691,3.745465253239105
1337,23,Male,Sneakers,Footwear,85,Oregon,M,Charcoal,Spring,4.8,No,PayPal,Store Pickup,Yes,Yes,44,Debit Card,Fortnightly,85,26.0,3.8066624897703196,98.9732247340283,0.0,1.0,1.0,1.0,0.03626373626373627,0.14908424908424908,3.749494949494949,3.7808353808353807
2197,25,Male,Dress,Clothing,58,Vermont,M,Gray,Spring,4.8,No,Venmo,Next Day Air,No,No,31,PayPal,Weekly,58,52.0,3.4657359027997265,180.21826694558578,0.0,0.0,0.0,0.0,0.044322344322344324,0.4564102564102564,3.7479338842975207,3.726725521669342
58,21,Male,Coat,Outerwear,64,West Virginia,M,White,Summer,4.4,Yes,PayPal,Store Pickup,Yes,Yes,17,Debit Card,Fortnightly,64,26.0,2.8903717578961645,75.14966570530028,1.0,1.0,1.0,1.0,0.041025641025641026,0.08351648351648351,3.748214285714286,3.7504385964912283
925,52,Male,Socks,Clothing,78,Kansas,XL,Beige,Winter,3.1,Yes,Credit Card,Standard,Yes,Yes,37,Cash,Quarterly,78,4.0,3.6375861597263857,14.550344638905543,1.0,1.0,1.0,1.0,0.03882783882783883,0.4564102564102564,3.7150943396226417,3.726725521669342
1521,21,Male,Hat,Accessories,66,Iowa,M,Brown,Summer,4.4,No,Venmo,2-Day Shipping,Yes,Yes,39,Cash,Quarterly,66,4.0,3.6888794541139363,14.755517816455745,0.0,1.0,1.0,1.0,0.038461538461538464,0.310989010989011,3.7695238095238097,3.745465253239105
1478,24,Male,Belt,Accessories,32,Oregon,XL,Silver,Summer,4.3,No,Credit Card,Standard,Yes,Yes,1,PayPal,Every 3 Months,32,4.0,0.6931471805599453,2.772588722239781,0.0,1.0,1.0,1.0,0.04395604395604396,0.310989010989011,3.73,3.745465253239105
40,70,Male,Pants,Clothing,60,Arizona,S,Turquoise,Summer,4.2,Yes,Bank Transfer,Express,Yes,Yes,18,Credit Card,Monthly,60,12.0,2.9444389791664403,35.33326774999728,1.0,1.0,1.0,1.0,0.04652014652014652,0.4564102564102564,3.729133858267717,3.726725521669342
601,22,Male,Hat,Accessories,63,South Carolina,M,Charcoal,Spring,5.0,Yes,Debit Card,2-Day Shipping,Yes,Yes,25,Venmo,Monthly,63,12.0,3.258096538021482,39.09715845625779,1.0,1.0,1.0,1.0,0.038461538461538464,0.310989010989011,3.7695238095238097,3.745465253239105
3678,32,Female,Backpack,Accessories,30,Michigan,M,Gray,Fall,2.8,No,Cash,Standard,No,No,43,Cash,Annually,30,1.0,3.784189633918261,3.784189633918261,0.0,0.0,0.0,0.0,0.03553113553113553,0.310989010989011,3.693814432989691,3.745465253239105
3260,57,Female,Hat,Accessories,95,Oklahoma,XL,Indigo,Fall,3.7,No,PayPal,2-Day Shipping,No,No,5,Debit Card,Every 3 Months,95,4.0,1.791759469228055,7.16703787691222,0.0,0.0,0.0,0.0,0.038461538461538464,0.310989010989011,3.7695238095238097,3.745465253239105
506,61,Male,T-shirt,Clothing,63,Maine,L,Gray,Spring,4.3,Yes,Credit Card,Express,Yes,Yes,9,Cash,Bi-Weekly,63,26.0,2.302585092994046,59.867212417845195,1.0,1.0,1.0,1.0,0.034432234432234435,0.4564102564102564,3.8138297872340425,3.726725521669342
2688,61,Female,Dress,Clothing,75,Delaware,M,White,Fall,3.6,No,Cash,2-Day Shipping,No,No,12,Debit Card,Bi-Weekly,75,26.0,2.5649493574615367,66.68868329399996,0.0,0.0,0.0,0.0,0.044322344322344324,0.4564102564102564,3.7479338842975207,3.726725521669342
3341,42,Female,T-shirt,Clothing,36,Virginia,XL,Maroon,Fall,4.4,No,Credit Card,Free Shipping,No,No,47,Credit Card,Fortnightly,36,26.0,3.871201010907891,100.65122628360517,0.0,0.0,0.0,0.0,0.034432234432234435,0.4564102564102564,3.8138297872340425,3.726725521669342
3212,53,Female,Pants,Clothing,65,Rhode Island,L,Turquoise,Winter,4.9,No,Credit Card,Standard,No,No,12,Cash,Monthly,65,12.0,2.5649493574615367,30.779392289538443,0.0,0.0,0.0,0.0,0.04652014652014652,0.4564102564102564,3.729133858267717,3.726725521669342
648,54,Male,Blouse,Clothing,70,Mississippi,XL,Charcoal,Summer,3.7,Yes,Bank Transfer,Express,Yes,Yes,23,Credit Card,Fortnightly,70,26.0,3.1780538303479458,82.62939958904659,1.0,1.0,1.0,1.0,0.047619047619047616,0.4564102564102564,3.733076923076923,3.726725521669342
1433,34,Male,Hat,Accessories,33,Florida,L,Black,Winter,4.4,No,Cash,Express,Yes,Yes,32,Debit Card,Quarterly,33,4.0,3.4965075614664802,13.986030245865921,0.0,1.0,1.0,1.0,0.038461538461538464,0.310989010989011,3.7695238095238097,3.745465253239105
2785,33,Female,Skirt,Clothing,70,Idaho,M,Black,Winter,3.1,No,Bank Transfer,Express,No,No,12,PayPal,Every 3 Months,70,4.0,2.5649493574615367,10.259797429846147,0.0,0.0,0.0,0.0,0.041758241758241756,0.4564102564102564,3.816666666666667,3.726725521669342
2899,23,Female,Sneakers,Footwear,33,New Jersey,XL,Peach,Summer,4.6,No,Credit Card,Express,No,No,29,Credit Card,Annually,33,1.0,3.4011973816621555,3.4011973816621555,0.0,0.0,0.0,0.0,0.03626373626373627,0.14908424908424908,3.749494949494949,3.7808353808353807
1818,32,Male,T-shirt,Clothing,27,Delaware,M,White,Summer,4.7,No,Credit Card,Free Shipping,No,No,20,Cash,Weekly,27,52.0,3.044522437723423,158.315166761618,0.0,0.0,0.0,0.0,0.034432234432234435,0.4564102564102564,3.8138297872340425,3.726725521669342
2321,28,Male,Shoes,Footwear,55,New Mexico,M,Olive,Spring,3.7,No,Credit Card,Free Shipping,No,No,9,Debit Card,Every 3 Months,55,4.0,2.302585092994046,9.210340371976184,0.0,0.0,0.0,0.0,0.036996336996337,0.14908424908424908,3.7099009900990096,3.7808353808353807
3071,52,Female,Shoes,Footwear,26,Alabama,XL,Red,Fall,2.6,No,Debit Card,Free Shipping,No,No,43,PayPal,Bi-Weekly,26,26.0,3.784189633918261,98.38893048187478,0.0,0.0,0.0,0.0,0.036996336996337,0.14908424908424908,3.7099009900990096,3.7808353808353807
1480,48,Male,Coat,Outerwear,100,Washington,L,Black,Spring,4.0,No,Debit Card,Standard,Yes,Yes,2,Bank Transfer,Weekly,100,52.0,1.0986122886681098,57.12783901074171,0.0,1.0,1.0,1.0,0.041025641025641026,0.08351648351648351,3.748214285714286,3.7504385964912283
2611,66,Male,Jeans,Clothing,93,West Virginia,M,Violet,Spring,3.1,No,Bank Transfer,Express,No,No,25,Cash,Quarterly,93,4.0,3.258096538021482,13.032386152085929,0.0,0.0,0.0,0.0,0.03406593406593406,0.4564102564102564,3.6,3.726725521669342
3624,39,Female,Jewelry,Accessories,89,Arkansas,M,Violet,Winter,2.7,No,Venmo,2-Day Shipping,No,No,4,PayPal,Weekly,89,52.0,1.6094379124341003,83.69077144657321,0.0,0.0,0.0,0.0,0.04212454212454213,0.310989010989011,3.744347826086957,3.745465253239105
1385,46,Male,Sneakers,Footwear,96,Alaska,M,Beige,Fall,4.6,No,Cash,Standard,Yes,Yes,8,Bank Transfer,Weekly,96,52.0,2.1972245773362196,114.25567802148342,0.0,1.0,1.0,1.0,0.03626373626373627,0.14908424908424908,3.749494949494949,3.7808353808353807
1792,62,Male,Jeans,Clothing,98,Montana,S,Purple,Winter,4.0,No,Debit Card,Store Pickup,No,No,38,Cash,Annually,98,1.0,3.6635616461296463,3.6635616461296463,0.0,0.0,0.0,0.0,0.03406593406593406,0.4564102564102564,3.6,3.726725521669342
1555,64,Male,Shorts,Clothing,48,Utah,S,Lavender,Winter,2.7,No,Credit Card,Standard,Yes,Yes,18,Cash,Bi-Weekly,48,26.0,2.9444389791664403,76.55541345832745,0.0,1.0,1.0,1.0,0.04212454212454213,0.4564102564102564,3.6730434782608694,3.726725521669342
1760,68,Male,Sweater,Clothing,58,Louisiana,L,Green,Spring,4.0,No,Venmo,Next Day Air,No,No,1,PayPal,Weekly,58,52.0,0.6931471805599453,36.04365338911715,0.0,0.0,0.0,0.0,0.04468864468864469,0.4564102564102564,3.7147540983606557,3.726725521669342
3244,45,Female,Hoodie,Clothing,99,Idaho,L,Black,Summer,5.0,No,Venmo,Store Pickup,No,No,11,Bank Transfer,Every 3 Months,99,4.0,2.4849066497880004,9.939626599152001,0.0,0.0,0.0,0.0,0.03882783882783883,0.4564102564102564,3.776415094339623,3.726725521669342
2268,32,Male,Gloves,Accessories,49,Kentucky,S,Blue,Spring,3.8,No,Venmo,Express,No,No,37,Venmo,Weekly,49,52.0,3.6375861597263857,189.15448030577204,0.0,0.0,0.0,0.0,0.03626373626373627,0.310989010989011,3.8666666666666667,3.745465253239105
2246,49,Male,Socks,Clothing,90,Delaware,L,Gray,Fall,4.9,No,Venmo,Free Shipping,No,No,45,PayPal,Fortnightly,90,26.0,3.828641396489095,99.54467630871648,0.0,0.0,0.0,0.0,0.03882783882783883,0.4564102564102564,3.7150943396226417,3.726725521669342
3121,46,Female,Shirt,Clothing,76,Louisiana,M,Magenta,Fall,4.0,No,Venmo,Store Pickup,No,No,32,Debit Card,Fortnightly,76,26.0,3.4965075614664802,90.90919659812849,0.0,0.0,0.0,0.0,0.04322344322344322,0.4564102564102564,3.669491525423729,3.726725521669342
3190,25,Female,Boots,Footwear,87,Kansas,M,Beige,Summer,4.2,No,PayPal,Store Pickup,No,No,30,PayPal,Bi-Weekly,87,26.0,3.4339872044851463,89.2836673166138,0.0,0.0,0.0,0.0,0.036996336996337,0.14908424908424908,3.8237623762376236,3.7808353808353807
3192,62,Female,Hoodie,Clothing,68,Mississippi,XL,Maroon,Winter,4.7,No,Bank Transfer,Store Pickup,No,No,42,Credit Card,Every 3 Months,68,4.0,3.7612001156935624,15.04480046277425,0.0,0.0,0.0,0.0,0.03882783882783883,0.4564102564102564,3.776415094339623,3.726725521669342
2970,36,Female,Belt,Accessories,62,Vermont,S,Blue,Fall,4.3,No,Bank Transfer,Next Day Air,No,No,20,Cash,Every 3 Months,62,4.0,3.044522437723423,12.178089750893692,0.0,0.0,0.0,0.0,0.04395604395604396,0.310989010989011,3.73,3.745465253239105
2034,57,Male,Jeans,Clothing,55,Illinois,L,Olive,Summer,3.6,No,Cash,Express,No,No,33,Venmo,Annually,55,1.0,3.5263605246161616,3.5263605246161616,0.0,0.0,0.0,0.0,0.03406593406593406,0.4564102564102564,3.6,3.726725521669342
3875,70,Female,Sweater,Clothing,54,Nevada,XL,Beige,Summer,3.9,No,Cash,2-Day Shipping,No,No,33,Credit Card,Bi-Weekly,54,26.0,3.5263605246161616,91.6853736400202,0.0,0.0,0.0,0.0,0.04468864468864469,0.4564102564102564,3.7147540983606557,3.726725521669342
712,64,Male,Boots,Footwear,60,New Hampshire,M,Maroon,Spring,3.5,Yes,PayPal,2-Day Shipping,Yes,Yes,13,Bank Transfer,Bi-Weekly,60,26.0,2.6390573296152584,68.61549056999672,1.0,1.0,1.0,1.0,0.036996336996337,0.14908424908424908,3.8237623762376236,3.7808353808353807
1750,43,Male,Hoodie,Clothing,70,Wyoming,L,Pink,Fall,3.2,No,Credit Card,2-Day Shipping,No,No,36,Debit Card,Every 3 Months,70,4.0,3.6109179126442243,14.443671650576897,0.0,0.0,0.0,0.0,0.03882783882783883,0.4564102564102564,3.776415094339623,3.726725521669342
1626,34,Male,Skirt,Clothing,45,Minnesota,L,Beige,Winter,3.0,No,PayPal,Next Day Air,Yes,Yes,3,PayPal,Bi-Weekly,45,26.0,1.3862943611198906,36.04365338911715,0.0,1.0,1.0,1.0,0.041758241758241756,0.4564102564102564,3.816666666666667,3.726725521669342
1798,62,Male,Belt,Accessories,35,Oregon,L,Maroon,Spring,3.9,No,PayPal,2-Day Shipping,No,No,26,Venmo,Weekly,35,52.0,3.295836866004329,171.38351703222511,0.0,0.0,0.0,0.0,0.04395604395604396,0.310989010989011,3.73,3.745465253239105
476,21,Male,Sneakers,Footwear,66,Ohio,L,Magenta,Summer,2.7,Yes,Cash,Free Shipping,Yes,Yes,18,Debit Card,Annually,66,1.0,2.9444389791664403,2.9444389791664403,1.0,1.0,1.0,1.0,0.03626373626373627,0.14908424908424908,3.749494949494949,3.7808353808353807
3813,50,Female,Skirt,Clothing,75,Michigan,M,Pink,Spring,2.8,No,PayPal,Next Day Air,No,No,7,Bank Transfer,Every 3 Months,75,4.0,2.0794415416798357,8.317766166719343,0.0,0.0,0.0,0.0,0.041758241758241756,0.4564102564102564,3.816666666666667,3.726725521669342
3606,68,Female,Jeans,Clothing,41,Alabama,M,Gold,Fall,4.3,No,Venmo,Store Pickup,No,No,36,Bank Transfer,Every 3 Months,41,4.0,3.6109179126442243,14.443671650576897,0.0,0.0,0.0,0.0,0.03406593406593406,0.4564102564102564,3.6,3.726725521669342
1424,51,Male,Sandals,Footwear,60,Michigan,S,Black,Fall,3.5,No,PayPal,Free Shipping,Yes,Yes,12,Venmo,Every 3 Months,60,4.0,2.5649493574615367,10.259797429846147,0.0,1.0,1.0,1.0,0.03882783882783883,0.14908424908424908,3.8367924528301884,3.7808353808353807
869,40,Male,Dress,Clothing,83,North Carolina,M,Green,Summer,3.2,Yes,Credit Card,Next Day Air,Yes,Yes,2,Credit Card,Every 3 Months,83,4.0,1.0986122886681098,4.394449154672439,1.0,1.0,1.0,1.0,0.044322344322344324,0.4564102564102564,3.7479338842975207,3.726725521669342
244,25,Male,Jewelry,Accessories,100,Kentucky,M,Olive,Winter,2.8,Yes,Credit Card,2-Day Shipping,Yes,Yes,4,Debit Card,Monthly,100,12.0,1.6094379124341003,19.313254949209202,1.0,1.0,1.0,1.0,0.04212454212454213,0.310989010989011,3.744347826086957,3.745465253239105
3402,44,Female,Backpack,Accessories,71,Nevada,L,Peach,Winter,3.4,No,Venmo,Standard,No,No,39,Credit Card,Weekly,71,52.0,3.6888794541139363,191.8217316139247,0.0,0.0,0.0,0.0,0.03553113553113553,0.310989010989011,3.693814432989691,3.745465253239105
1148,59,Male,Hat,Accessories,36,Tennessee,XL,Red,Winter,4.3,No,PayPal,Next Day Air,Yes,Yes,17,Debit Card,Annually,36,1.0,2.8903717578961645,2.8903717578961645,0.0,1.0,1.0,1.0,0.038461538461538464,0.310989010989011,3.7695238095238097,3.745465253239105
508,65,Male,Shorts,Clothing,20,Maine,M,Magenta,Spring,5.0,Yes,Bank Transfer,Store Pickup,Yes,Yes,33,Debit Card,Fortnightly,20,26.0,3.5263605246161616,91.6853736400202,1.0,1.0,1.0,1.0,0.04212454212454213,0.4564102564102564,3.6730434782608694,3.726725521669342
111,56,Male,Backpack,Accessories,26,New York,M,Black,Summer,4.0,Yes,Bank Transfer,Standard,Yes,Yes,26,Venmo,Fortnightly,26,26.0,3.295836866004329,85.69175851611256,1.0,1.0,1.0,1.0,0.03553113553113553,0.310989010989011,3.693814432989691,3.745465253239105
2838,65,Female,Shoes,Footwear,88,Alabama,M,Brown,Summer,4.5,No,Venmo,Express,No,No,44,PayPal,Weekly,88,52.0,3.8066624897703196,197.9464494680566,0.0,0.0,0.0,0.0,0.036996336996337,0.14908424908424908,3.7099009900990096,3.7808353808353807
924,55,Male,Shirt,Clothing,24,Arkansas,M,Silver,Spring,4.2,Yes,PayPal,2-Day Shipping,Yes,Yes,7,PayPal,Weekly,24,52.0,2.0794415416798357,108.13096016735146,1.0,1.0,1.0,1.0,0.04322344322344322,0.4564102564102564,3.669491525423729,3.726725521669342
2289,28,Male,Jewelry,Accessories,91,California,M,Orange,Fall,3.8,No,Credit Card,Next Day Air,No,No,50,PayPal,Weekly,91,52.0,3.9318256327243257,204.45493290166493,0.0,0.0,0.0,0.0,0.04212454212454213,0.310989010989011,3.744347826086957,3.745465253239105
3094,29,Female,Socks,Clothing,63,Pennsylvania,L,Red,Summer,4.8,No,Bank Transfer,Store Pickup,No,No,17,Cash,Every 3 Months,63,4.0,2.8903717578961645,11.561487031584658,0.0,0.0,0.0,0.0,0.03882783882783883,0.4564102564102564,3.7150943396226417,3.726725521669342
3062,33,Female,T-shirt,Clothing,59,South Dakota,L,Olive,Fall,4.5,No,Debit Card,Express,No,No,20,PayPal,Every 3 Months,59,4.0,3.044522437723423,12.178089750893692,0.0,0.0,0.0,0.0,0.034432234432234435,0.4564102564102564,3.8138297872340425,3.726725521669342
627,31,Male,Sunglasses,Accessories,79,New Hampshire,M,Indigo,Spring,3.9,Yes,Credit Card,Standard,Yes,Yes,10,Venmo,Annually,79,1.0,2.3978952727983707,2.3978952727983707,1.0,1.0,1.0,1.0,0.0380952380952381,0.310989010989011,3.7211538461538463,3.745465253239105
3081,69,Female,Hoodie,Clothing,42,Colorado,L,Yellow,Spring,4.1,No,PayPal,Next Day Air,No,No,5,Cash,Bi-Weekly,42,26.0,1.791759469228055,46.58574619992943,0.0,0.0,0.0,0.0,0.03882783882783883,0.4564102564102564,3.776415094339623,3.726725521669342
3780,60,Female,Jeans,Clothing,75,California,XL,Lavender,Spring,4.0,No,Venmo,Express,No,No,45,PayPal,Annually,75,1.0,3.828641396489095,3.828641396489095,0.0,0.0,0.0,0.0,0.03406593406593406,0.4564102564102564,3.6,3.726725521669342
2732,52,Female,Handbag,Accessories,33,Wisconsin,M,Red,Summer,2.5,No,PayPal,2-Day Shipping,No,No,44,Bank Transfer,Quarterly,33,4.0,3.8066624897703196,15.226649959081278,0.0,0.0,0.0,0.0,0.03882783882783883,0.310989010989011,3.7216981132075473,3.745465253239105
1489,23,Male,Hat,Accessories,44,Hawaii,L,Pink,Winter,4.0,No,Venmo,Standard,Yes,Yes,37,Credit Card,Weekly,44,52.0,3.6375861597263857,189.15448030577204,0.0,1.0,1.0,1.0,0.038461538461538464,0.310989010989011,3.7695238095238097,3.745465253239105
572,54,Male,Jacket,Outerwear,76,Kentucky,XL,Cyan,Spring,3.6,Yes,Venmo,Free Shipping,Yes,Yes,37,Venmo,Weekly,76,52.0,3.6375861597263857,189.15448030577204,1.0,1.0,1.0,1.0,0.04249084249084249,0.08351648351648351,3.752586206896552,3.7504385964912283
2051,35,Male,Hat,Accessories,96,Mississippi,M,Teal,Summer,3.4,No,Credit Card,Store Pickup,No,No,10,Debit Card,Annually,96,1.0,2.3978952727983707,2.3978952727983707,0.0,0.0,0.0,0.0,0.038461538461538464,0.310989010989011,3.7695238095238097,3.745465253239105
226,25,Male,Jacket,Outerwear,22,Arkansas,M,Olive,Spring,3.2,Yes,Debit Card,Next Day Air,Yes,Yes,11,Bank Transfer,Annually,22,1.0,2.4849066497880004,2.4849066497880004,1.0,1.0,1.0,1.0,0.04249084249084249,0.08351648351648351,3.752586206896552,3.7504385964912283
637,41,Male,Handbag,Accessories,30,Wisconsin,M,Indigo,Summer,2.8,Yes,Cash,Store Pickup,Yes,Yes,14,Bank Transfer,Every 3 Months,30,4.0,2.70805020110221,10.83220080440884,1.0,1.0,1.0,1.0,0.03882783882783883,0.310989010989011,3.7216981132075473,3.745465253239105
3581,51,Female,Blouse,Clothing,83,New Hampshire,M,Magenta,Summer,3.2,No,Bank Transfer,2-Day Shipping,No,No,3,Cash,Bi-Weekly,83,26.0,1.3862943611198906,36.04365338911715,0.0,0.0,0.0,0.0,0.047619047619047616,0.4564102564102564,3.733076923076923,3.726725521669342
3507,18,Female,Shirt,Clothing,57,Illinois,L,Olive,Winter,3.7,No,Venmo,2-Day Shipping,No,No,12,Cash,Fortnightly,57,26.0,2.5649493574615367,66.68868329399996,0.0,0.0,0.0,0.0,0.04322344322344322,0.4564102564102564,3.669491525423729,3.726725521669342
458,25,Male,Gloves,Accessories,99,Rhode Island,M,Blue,Spring,4.9,Yes,Credit Card,Next Day Air,Yes,Yes,48,Debit Card,Every 3 Months,99,4.0,3.8918202981106265,15.567281192442506,1.0,1.0,1.0,1.0,0.03626373626373627,0.310989010989011,3.8666666666666667,3.745465253239105
1000,50,Male,Socks,Clothing,28,New Mexico,L,Brown,Spring,2.9,Yes,Venmo,Standard,Yes,Yes,23,Debit Card,Monthly,28,12.0,3.1780538303479458,38.13664596417535,1.0,1.0,1.0,1.0,0.03882783882783883,0.4564102564102564,3.7150943396226417,3.726725521669342
1524,54,Male,Socks,Clothing,88,Georgia,M,White,Summer,3.3,No,Venmo,2-Day Shipping,Yes,Yes,35,Debit Card,Annually,88,1.0,3.58351893845611,3.58351893845611,0.0,1.0,1.0,1.0,0.03882783882783883,0.4564102564102564,3.7150943396226417,3.726725521669342
751,25,Male,T-shirt,Clothing,95,Maryland,L,Violet,Fall,3.4,Yes,Bank Transfer,Free Shipping,Yes,Yes,5,Venmo,Annually,95,1.0,1.791759469228055,1.791759469228055,1.0,1.0,1.0,1.0,0.034432234432234435,0.4564102564102564,3.8138297872340425,3.726725521669342
2469,65,Male,Skirt,Clothing,21,Connecticut,L,Cyan,Winter,3.7,No,Credit Card,2-Day Shipping,No,No,6,Venmo,Weekly,21,52.0,1.9459101490553132,101.18732775087629,0.0,0.0,0.0,0.0,0.041758241758241756,0.4564102564102564,3.816666666666667,3.726725521669342
3109,50,Female,Socks,Clothing,69,Oregon,M,Purple,Fall,3.2,No,Bank Transfer,2-Day Shipping,No,No,7,PayPal,Monthly,69,12.0,2.0794415416798357,24.953298500158027,0.0,0.0,0.0,0.0,0.03882783882783883,0.4564102564102564,3.7150943396226417,3.726725521669342
3271,59,Female,Socks,Clothing,25,Illinois,M,Indigo,Winter,4.7,No,Cash,Express,No,No,48,PayPal,Annually,25,1.0,3.8918202981106265,3.8918202981106265,0.0,0.0,0.0,0.0,0.03882783882783883,0.4564102564102564,3.7150943396226417,3.726725521669342
1972,54,Male,Hat,Accessories,29,Pennsylvania,XL,Indigo,Spring,3.4,No,PayPal,Next Day Air,No,No,1,Venmo,Monthly,29,12.0,0.6931471805599453,8.317766166719343,0.0,0.0,0.0,0.0,0.038461538461538464,0.310989010989011,3.7695238095238097,3.745465253239105
2737,44,Female,Hoodie,Clothing,25,Montana,M,Pink,Spring,4.8,No,PayPal,Store Pickup,No,No,45,Credit Card,Annually,25,1.0,3.828641396489095,3.828641396489095,0.0,0.0,0.0,0.0,0.03882783882783883,0.4564102564102564,3.776415094339623,3.726725521669342
1801,22,Male,Coat,Outerwear,58,Mississippi,XL,Indigo,Winter,2.7,No,Cash,Express,No,No,30,Credit Card,Weekly,58,52.0,3.4339872044851463,178.5673346332276,0.0,0.0,0.0,0.0,0.041025641025641026,0.08351648351648351,3.748214285714286,3.7504385964912283
3183,50,Female,Sunglasses,Accessories,97,Georgia,L,Green,Fall,3.6,No,PayPal,Free Shipping,No,No,4,Credit Card,Annually,97,1.0,1.6094379124341003,1.6094379124341003,0.0,0.0,0.0,0.0,0.0380952380952381,0.310989010989011,3.7211538461538463,3.745465253239105
2518,64,Male,Shirt,Clothing,38,Wyoming,L,Orange,Spring,2.9,No,Credit Card,Standard,No,No,10,Venmo,Annually,38,1.0,2.3978952727983707,2.3978952727983707,0.0,0.0,0.0,0.0,0.04322344322344322,0.4564102564102564,3.669491525423729,3.726725521669342
1795,60,Male,Backpack,Accessories,40,Ohio,L,Indigo,Spring,3.7,No,Bank Transfer,Express,No,No,21,Debit Card,Fortnightly,40,26.0,3.091042453358316,80.36710378731621,0.0,0.0,0.0,0.0,0.03553113553113553,0.310989010989011,3.693814432989691,3.745465253239105
2917,62,Female,Shorts,Clothing,66,Oklahoma,M,Green,Winter,2.7,No,Credit Card,Express,No,No,13,Credit Card,Bi-Weekly,66,26.0,2.6390573296152584,68.61549056999672,0.0,0.0,0.0,0.0,0.04212454212454213,0.4564102564102564,3.6730434782608694,3.726725521669342
2228,40,Male,Scarf,Accessories,74,Washington,S,Gray,Summer,4.4,No,Venmo,Next Day Air,No,No,42,Credit Card,Fortnightly,74,26.0,3.7612001156935624,97.79120300803262,0.0,0.0,0.0,0.0,0.03772893772893773,0.310989010989011,3.721359223300971,3.745465253239105
1458,58,Male,Shirt,Clothing,57,Pennsylvania,S,Gray,Spring,4.7,No,Bank Transfer,Express,Yes,Yes,47,Venmo,Fortnightly,57,26.0,3.871201010907891,100.65122628360517,0.0,1.0,1.0,1.0,0.04322344322344322,0.4564102564102564,3.669491525423729,3.726725521669342
1498,69,Male,Jacket,Outerwear,33,Michigan,S,Magenta,Spring,3.8,No,Debit Card,2-Day Shipping,Yes,Yes,16,Debit Card,Every 3 Months,33,4.0,2.833213344056216,11.332853376224865,0.0,1.0,1.0,1.0,0.04249084249084249,0.08351648351648351,3.752586206896552,3.7504385964912283
3868,46,Female,Jacket,Outerwear,21,Maryland,L,Lavender,Summer,2.7,No,Cash,Standard,No,No,28,Credit Card,Monthly,21,12.0,3.367295829986474,40.40754995983769,0.0,0.0,0.0,0.0,0.04249084249084249,0.08351648351648351,3.752586206896552,3.7504385964912283
2542,33,Male,Scarf,Accessories,58,Washington,M,Silver,Spring,2.7,No,Venmo,Next Day Air,No,No,13,Venmo,Every 3 Months,58,4.0,2.6390573296152584,10.556229318461034,0.0,0.0,0.0,0.0,0.03772893772893773,0.310989010989011,3.721359223300971,3.745465253239105
3304,20,Female,Belt,Accessories,60,Mississippi,S,Turquoise,Summer,3.4,No,PayPal,Next Day Air,No,No,4,Credit Card,Fortnightly,60,26.0,1.6094379124341003,41.845385723286604,0.0,0.0,0.0,0.0,0.04395604395604396,0.310989010989011,3.73,3.745465253239105
1730,47,Male,Shorts,Clothing,21,Illinois,M,Brown,Winter,3.8,No,Venmo,Store Pickup,No,No,12,Venmo,Fortnightly,21,26.0,2.5649493574615367,66.68868329399996,0.0,0.0,0.0,0.0,0.04212454212454213,0.4564102564102564,3.6730434782608694,3.726725521669342
1839,37,Male,Gloves,Accessories,24,Vermont,L,Blue,Fall,4.1,No,Credit Card,Next Day Air,No,No,11,Credit Card,Quarterly,24,4.0,2.4849066497880004,9.939626599152001,0.0,0.0,0.0,0.0,0.03626373626373627,0.310989010989011,3.8666666666666667,3.745465253239105
2104,30,Male,Pants,Clothing,86,Indiana,S,Red,Summer,3.7,No,PayPal,Store Pickup,No,No,21,Venmo,Weekly,86,52.0,3.091042453358316,160.73420757463242,0.0,0.0,0.0,0.0,0.04652014652014652,0.4564102564102564,3.729133858267717,3.726725521669342
2146,38,Male,Skirt,Clothing,73,Connecticut,S,White,Winter,4.8,No,Debit Card,Standard,No,No,32,PayPal,Annually,73,1.0,3.4965075614664802,3.4965075614664802,0.0,0.0,0.0,0.0,0.041758241758241756,0.4564102564102564,3.816666666666667,3.726725521669342
3114,46,Female,Shirt,Clothing,93,Nebraska,L,Green,Summer,2.6,No,PayPal,Express,No,No,2,Debit Card,Weekly,93,52.0,1.0986122886681098,57.12783901074171,0.0,0.0,0.0,0.0,0.04322344322344322,0.4564102564102564,3.669491525423729,3.726725521669342
3146,57,Female,Handbag,Accessories,29,Texas,XL,Purple,Spring,4.6,No,Debit Card,Standard,No,No,16,PayPal,Fortnightly,29,26.0,2.833213344056216,73.66354694546162,0.0,0.0,0.0,0.0,0.03882783882783883,0.310989010989011,3.7216981132075473,3.745465253239105
2934,27,Female,Hat,Accessories,52,Illinois,M,Brown,Summer,3.8,No,Credit Card,Standard,No,No,28,Venmo,Monthly,52,12.0,3.367295829986474,40.40754995983769,0.0,0.0,0.0,0.0,0.038461538461538464,0.310989010989011,3.7695238095238097,3.745465253239105
3159,30,Female,Jewelry,Accessories,77,Mississippi,M,Gray,Winter,4.9,No,PayPal,2-Day Shipping,No,No,44,Credit Card,Monthly,77,12.0,3.8066624897703196,45.679949877243835,0.0,0.0,0.0,0.0,0.04212454212454213,0.310989010989011,3.744347826086957,3.745465253239105
685,63,Male,Hat,Accessories,82,Alabama,M,Yellow,Summer,4.7,Yes,Bank Transfer,Express,Yes,Yes,42,Debit Card,Monthly,82,12.0,3.7612001156935624,45.13440138832275,1.0,1.0,1.0,1.0,0.038461538461538464,0.310989010989011,3.7695238095238097,3.745465253239105
2550,41,Male,Jacket,Outerwear,60,Virginia,M,Red,Fall,2.7,No,Credit Card,Standard,No,No,11,Debit Card,Every 3 Months,60,4.0,2.4849066497880004,9.939626599152001,0.0,0.0,0.0,0.0,0.04249084249084249,0.08351648351648351,3.752586206896552,3.7504385964912283
2540,33,Male,Sandals,Footwear,73,Massachusetts,M,Purple,Fall,4.1,No,PayPal,Next Day Air,No,No,24,Cash,Bi-Weekly,73,26.0,3.2188758248682006,83.69077144657321,0.0,0.0,0.0,0.0,0.03882783882783883,0.14908424908424908,3.8367924528301884,3.7808353808353807
421,32,Male,Socks,Clothing,54,North Carolina,S,Peach,Spring,3.8,Yes,Credit Card,Free Shipping,Yes,Yes,18,Debit Card,Bi-Weekly,54,26.0,2.9444389791664403,76.55541345832745,1.0,1.0,1.0,1.0,0.03882783882783883,0.4564102564102564,3.7150943396226417,3.726725521669342
2137,47,Male,Sunglasses,Accessories,93,New York,M,Red,Summer,2.8,No,Bank Transfer,Standard,No,No,25,Bank Transfer,Fortnightly,93,26.0,3.258096538021482,84.71050998855854,0.0,0.0,0.0,0.0,0.0380952380952381,0.310989010989011,3.7211538461538463,3.745465253239105
908,32,Male,Sweater,Clothing,43,Missouri,L,Cyan,Winter,4.4,Yes,PayPal,Express,Yes,Yes,34,Credit Card,Bi-Weekly,43,26.0,3.5553480614894135,92.43904959872475,1.0,1.0,1.0,1.0,0.04468864468864469,0.4564102564102564,3.7147540983606557,3.726725521669342
2656,26,Female,Sunglasses,Accessories,83,Wyoming,M,Gray,Summer,3.4,No,Credit Card,Standard,No,No,2,Credit Card,Fortnightly,83,26.0,1.0986122886681098,28.563919505370855,0.0,0.0,0.0,0.0,0.0380952380952381,0.310989010989011,3.7211538461538463,3.745465253239105
1332,38,Male,Socks,Clothing,91,Maryland,M,Lavender,Spring,3.2,No,Credit Card,Standard,Yes,Yes,8,PayPal,Bi-Weekly,91,26.0,2.1972245773362196,57.12783901074171,0.0,1.0,1.0,1.0,0.03882783882783883,0.4564102564102564,3.7150943396226417,3.726725521669342
940,25,Male,T-shirt,Clothing,89,New York,L,Indigo,Winter,4.8,Yes,Venmo,Next Day Air,Yes,Yes,24,Credit Card,Monthly,89,12.0,3.2188758248682006,38.626509898418405,1.0,1.0,1.0,1.0,0.034432234432234435,0.4564102564102564,3.8138297872340425,3.726725521669342
2182,22,Male,Handbag,Accessories,63,Hawaii,M,Black,Fall,3.2,No,Venmo,Free Shipping,No,No,32,Bank Transfer,Bi-Weekly,63,26.0,3.4965075614664802,90.90919659812849,0.0,0.0,0.0,0.0,0.03882783882783883,0.310989010989011,3.7216981132075473,3.745465253239105
3334,55,Female,Jeans,Clothing,35,Minnesota,M,Violet,Spring,4.2,No,Debit Card,Express,No,No,3,PayPal,Monthly,35,12.0,1.3862943611198906,16.635532333438686,0.0,0.0,0.0,0.0,0.03406593406593406,0.4564102564102564,3.6,3.726725521669342
818,25,Male,Handbag,Accessories,21,Nevada,S,Gray,Spring,4.7,Yes,Credit Card,Store Pickup,Yes,Yes,30,PayPal,Fortnightly,21,26.0,3.4339872044851463,89.2836673166138,1.0,1.0,1.0,1.0,0.03882783882783883,0.310989010989011,3.7216981132075473,3.745465253239105
2371,51,Male,Shoes,Footwear,71,Alaska,M,Black,Spring,3.9,No,Debit Card,Store Pickup,No,No,38,Venmo,Weekly,71,52.0,3.6635616461296463,190.5052055987416,0.0,0.0,0.0,0.0,0.036996336996337,0.14908424908424908,3.7099009900990096,3.7808353808353807
1080,18,Male,Coat,Outerwear,33,Oklahoma,S,Blue,Summer,4.4,No,Bank Transfer,Free Shipping,Yes,Yes,48,Bank Transfer,Monthly,33,12.0,3.8918202981106265,46.701843577327516,0.0,1.0,1.0,1.0,0.041025641025641026,0.08351648351648351,3.748214285714286,3.7504385964912283
3449,18,Female,Coat,Outerwear,28,Kentucky,S,Yellow,Winter,4.1,No,PayPal,Express,No,No,32,Bank Transfer,Fortnightly,28,26.0,3.4965075614664802,90.90919659812849,0.0,0.0,0.0,0.0,0.041025641025641026,0.08351648351648351,3.748214285714286,3.7504385964912283
1025,28,Male,T-shirt,Clothing,66,Pennsylvania,M,Purple,Summer,3.5,Yes,Debit Card,Free Shipping,Yes,Yes,18,Venmo,Quarterly,66,4.0,2.9444389791664403,11.777755916665761,1.0,1.0,1.0,1.0,0.034432234432234435,0.4564102564102564,3.8138297872340425,3.726725521669342
97,32,Male,Gloves,Accessories,73,Delaware,S,Gold,Spring,3.6,Yes,Venmo,Express,Yes,Yes,43,Venmo,Every 3 Months,73,4.0,3.784189633918261,15.136758535673044,1.0,1.0,1.0,1.0,0.03626373626373627,0.310989010989011,3.8666666666666667,3.745465253239105
3738,19,Female,Jewelry,Accessories,23,Kentucky,S,Maroon,Winter,4.9,No,Debit Card,Free Shipping,No,No,43,PayPal,Bi-Weekly,23,26.0,3.784189633918261,98.38893048187478,0.0,0.0,0.0,0.0,0.04212454212454213,0.310989010989011,3.744347826086957,3.745465253239105
3224,68,Female,Shirt,Clothing,65,Montana,S,Gray,Spring,3.9,No,PayPal,Standard,No,No,36,Venmo,Bi-Weekly,65,26.0,3.6109179126442243,93.88386572874984,0.0,0.0,0.0,0.0,0.04322344322344322,0.4564102564102564,3.669491525423729,3.726725521669342
3425,33,Female,Scarf,Accessories,64,Florida,L,Green,Summer,3.6,No,Venmo,2-Day Shipping,No,No,23,Credit Card,Monthly,64,12.0,3.1780538303479458,38.13664596417535,0.0,0.0,0.0,0.0,0.03772893772893773,0.310989010989011,3.721359223300971,3.745465253239105
1140,58,Male,Coat,Outerwear,53,Alabama,L,Purple,Spring,3.9,No,PayPal,Standard,Yes,Yes,42,Debit Card,Bi-Weekly,53,26.0,3.7612001156935624,97.79120300803262,0.0,1.0,1.0,1.0,0.041025641025641026,0.08351648351648351,3.748214285714286,3.7504385964912283
906,46,Male,Dress,Clothing,68,Mississippi,S,Cyan,Spring,2.8,Yes,Credit Card,Standard,Yes,Yes,16,Venmo,Annually,68,1.0,2.833213344056216,2.833213344056216,1.0,1.0,1.0,1.0,0.044322344322344324,0.4564102564102564,3.7479338842975207,3.726725521669342
3116,26,Female,Scarf,Accessories,53,South Dakota,M,Charcoal,Fall,4.1,No,PayPal,Free Shipping,No,No,9,Bank Transfer,Bi-Weekly,53,26.0,2.302585092994046,59.867212417845195,0.0,0.0,0.0,0.0,0.03772893772893773,0.310989010989011,3.721359223300971,3.745465253239105
3498,35,Female,Handbag,Accessories,48,Colorado,M,Red,Spring,4.3,No,PayPal,Store Pickup,No,No,16,Venmo,Every 3 Months,48,4.0,2.833213344056216,11.332853376224865,0.0,0.0,0.0,0.0,0.03882783882783883,0.310989010989011,3.7216981132075473,3.745465253239105
944,32,Male,Hat,Accessories,63,Oklahoma,L,Cyan,Winter,3.8,Yes,PayPal,Next Day Air,Yes,Yes,13,Venmo,Fortnightly,63,26.0,2.6390573296152584,68.61549056999672,1.0,1.0,1.0,1.0,0.038461538461538464,0.310989010989011,3.7695238095238097,3.745465253239105
2860,31,Female,Shorts,Clothing,32,Utah,L,Yellow,Fall,3.4,No,Venmo,Express,No,No,29,Bank Transfer,Annually,32,1.0,3.4011973816621555,3.4011973816621555,0.0,0.0,0.0,0.0,0.04212454212454213,0.4564102564102564,3.6730434782608694,3.726725521669342
809,46,Male,Shoes,Footwear,96,Wisconsin,L,Lavender,Fall,4.6,Yes,PayPal,Next Day Air,Yes,Yes,38,Cash,Every 3 Months,96,4.0,3.6635616461296463,14.654246584518585,1.0,1.0,1.0,1.0,0.036996336996337,0.14908424908424908,3.7099009900990096,3.7808353808353807
3413,61,Female,Sandals,Footwear,83,Indiana,M,Magenta,Fall,3.8,No,Credit Card,Store Pickup,No,No,31,Venmo,Quarterly,83,4.0,3.4657359027997265,13.862943611198906,0.0,0.0,0.0,0.0,0.03882783882783883,0.14908424908424908,3.8367924528301884,3.7808353808353807
1888,64,Male,Hoodie,Clothing,44,North Dakota,XL,Gold,Fall,3.5,No,Cash,Express,No,No,3,PayPal,Monthly,44,12.0,1.3862943611198906,16.635532333438686,0.0,0.0,0.0,0.0,0.03882783882783883,0.4564102564102564,3.776415094339623,3.726725521669342
1190,64,Male,Shirt,Clothing,97,Arkansas,XL,Teal,Summer,4.9,No,Venmo,Free Shipping,Yes,Yes,28,Debit Card,Annually,97,1.0,3.367295829986474,3.367295829986474,0.0,1.0,1.0,1.0,0.04322344322344322,0.4564102564102564,3.669491525423729,3.726725521669342
174,25,Male,Hat,Accessories,46,Hawaii,M,Turquoise,Fall,3.4,Yes,PayPal,Standard,Yes,Yes,30,Cash,Annually,46,1.0,3.4339872044851463,3.4339872044851463,1.0,1.0,1.0,1.0,0.038461538461538464,0.310989010989011,3.7695238095238097,3.745465253239105
834,43,Male,Handbag,Accessories,68,Oklahoma,M,Purple,Fall,3.5,Yes,Debit Card,Standard,Yes,Yes,11,Credit Card,Annually,68,1.0,2.4849066497880004,2.4849066497880004,1.0,1.0,1.0,1.0,0.03882783882783883,0.310989010989011,3.7216981132075473,3.745465253239105
1948,59,Male,Shirt,Clothing,32,New York,M,Gray,Summer,2.6,No,Debit Card,Store Pickup,No,No,2,PayPal,Monthly,32,12.0,1.0986122886681098,13.183347464017316,0.0,0.0,0.0,0.0,0.04322344322344322,0.4564102564102564,3.669491525423729,3.726725521669342
2011,24,Male,Sweater,Clothing,21,Texas,M,Maroon,Summer,4.4,No,Venmo,2-Day Shipping,No,No,3,Debit Card,Bi-Weekly,21,26.0,1.3862943611198906,36.04365338911715,0.0,0.0,0.0,0.0,0.04468864468864469,0.4564102564102564,3.7147540983606557,3.726725521669342
923,63,Male,Sneakers,Footwear,60,Georgia,M,Cyan,Fall,4.2,Yes,Venmo,Standard,Yes,Yes,13,Credit Card,Monthly,60,12.0,2.6390573296152584,31.6686879553831,1.0,1.0,1.0,1.0,0.03626373626373627,0.14908424908424908,3.749494949494949,3.7808353808353807
3670,25,Female,Socks,Clothing,52,Washington,S,Silver,Fall,4.6,No,Credit Card,Store Pickup,No,No,43,PayPal,Quarterly,52,4.0,3.784189633918261,15.136758535673044,0.0,0.0,0.0,0.0,0.03882783882783883,0.4564102564102564,3.7150943396226417,3.726725521669342
830,42,Male,Socks,Clothing,57,Idaho,S,Silver,Spring,3.1,Yes,Debit Card,2-Day Shipping,Yes,Yes,14,Credit Card,Fortnightly,57,26.0,2.70805020110221,70.40930522865746,1.0,1.0,1.0,1.0,0.03882783882783883,0.4564102564102564,3.7150943396226417,3.726725521669342
2523,20,Male,Belt,Accessories,53,Massachusetts,S,Olive,Winter,2.5,No,Cash,2-Day Shipping,No,No,20,Debit Card,Weekly,53,52.0,3.044522437723423,158.315166761618,0.0,0.0,0.0,0.0,0.04395604395604396,0.310989010989011,3.73,3.745465253239105
98,21,Male,Shoes,Footwear,92,Virginia,M,Teal,Winter,4.8,Yes,PayPal,Store Pickup,Yes,Yes,37,Cash,Annually,92,1.0,3.6375861597263857,3.6375861597263857,1.0,1.0,1.0,1.0,0.036996336996337,0.14908424908424908,3.7099009900990096,3.7808353808353807
113,37,Male,Gloves,Accessories,65,Florida,M,Red,Spring,4.3,Yes,Credit Card,Free Shipping,Yes,Yes,28,PayPal,Bi-Weekly,65,26.0,3.367295829986474,87.54969157964833,1.0,1.0,1.0,1.0,0.03626373626373627,0.310989010989011,3.8666666666666667,3.745465253239105
2402,43,Male,Boots,Footwear,76,Oregon,M,Pink,Winter,4.2,No,Cash,Standard,No,No,25,PayPal,Bi-Weekly,76,26.0,3.258096538021482,84.71050998855854,0.0,0.0,0.0,0.0,0.036996336996337,0.14908424908424908,3.8237623762376236,3.7808353808353807
1591,54,Male,Jeans,Clothing,80,Wisconsin,S,Pink,Winter,3.0,No,Cash,Free Shipping,Yes,Yes,8,PayPal,Annually,80,1.0,2.1972245773362196,2.1972245773362196,0.0,1.0,1.0,1.0,0.03406593406593406,0.4564102564102564,3.6,3.726725521669342
422,38,Male,Shirt,Clothing,40,Kentucky,M,Violet,Winter,3.5,Yes,Cash,Standard,Yes,Yes,48,Cash,Bi-Weekly,40,26.0,3.8918202981106265,101.18732775087629,1.0,1.0,1.0,1.0,0.04322344322344322,0.4564102564102564,3.669491525423729,3.726725521669342
706,25,Male,Pants,Clothing,90,Arkansas,XL,Indigo,Summer,4.5,Yes,PayPal,Free Shipping,Yes,Yes,49,Cash,Quarterly,90,4.0,3.912023005428146,15.648092021712584,1.0,1.0,1.0,1.0,0.04652014652014652,0.4564102564102564,3.729133858267717,3.726725521669342
3093,52,Female,Sunglasses,Accessories,54,Utah,L,Silver,Fall,3.5,No,Cash,Next Day Air,No,No,14,Bank Transfer,Bi-Weekly,54,26.0,2.70805020110221,70.40930522865746,0.0,0.0,0.0,0.0,0.0380952380952381,0.310989010989011,3.7211538461538463,3.745465253239105
696,30,Male,Shorts,Clothing,67,Nevada,XL,Peach,Summer,3.7,Yes,Bank Transfer,Next Day Air,Yes,Yes,15,Debit Card,Every 3 Months,67,4.0,2.772588722239781,11.090354888959125,1.0,1.0,1.0,1.0,0.04212454212454213,0.4564102564102564,3.6730434782608694,3.726725521669342
485,68,Male,Hat,Accessories,73,Missouri,L,Lavender,Summer,4.7,Yes,Credit Card,Free Shipping,Yes,Yes,28,Bank Transfer,Quarterly,73,4.0,3.367295829986474,13.469183319945897,1.0,1.0,1.0,1.0,0.038461538461538464,0.310989010989011,3.7695238095238097,3.745465253239105
3782,52,Female,Boots,Footwear,99,Tennessee,M,Pink,Winter,3.7,No,Venmo,Standard,No,No,40,PayPal,Fortnightly,99,26.0,3.713572066704308,96.552873734312,0.0,0.0,0.0,0.0,0.036996336996337,0.14908424908424908,3.8237623762376236,3.7808353808353807
227,29,Male,Shoes,Footwear,74,Texas,L,Violet,Spring,3.3,Yes,Cash,Free Shipping,Yes,Yes,5,PayPal,Monthly,74,12.0,1.791759469228055,21.50111363073666,1.0,1.0,1.0,1.0,0.036996336996337,0.14908424908424908,3.7099009900990096,3.7808353808353807
2924,28,Female,Shirt,Clothing,70,Pennsylvania,M,Magenta,Spring,4.2,No,Bank Transfer,2-Day Shipping,No,No,12,Cash,Quarterly,70,4.0,2.5649493574615367,10.259797429846147,0.0,0.0,0.0,0.0,0.04322344322344322,0.4564102564102564,3.669491525423729,3.726725521669342
1641,65,Male,Scarf,Accessories,51,Tennessee,S,Magenta,Spring,4.0,No,Debit Card,2-Day Shipping,Yes,Yes,13,PayPal,Weekly,51,52.0,2.6390573296152584,137.23098113999345,0.0,1.0,1.0,1.0,0.03772893772893773,0.310989010989011,3.721359223300971,3.745465253239105
633,35,Male,Backpack,Accessories,51,Wyoming,M,Red,Winter,3.9,Yes,Venmo,Next Day Air,Yes,Yes,19,Venmo,Fortnightly,51,26.0,2.995732273553991,77.88903911240376,1.0,1.0,1.0,1.0,0.03553113553113553,0.310989010989011,3.693814432989691,3.745465253239105
12,30,Male,Shorts,Clothing,68,Hawaii,S,Olive,Winter,4.9,Yes,PayPal,Store Pickup,Yes,Yes,10,Bank Transfer,Fortnightly,68,26.0,2.3978952727983707,62.34527709275764,1.0,1.0,1.0,1.0,0.04212454212454213,0.4564102564102564,3.6730434782608694,3.726725521669342
2961,57,Female,Coat,Outerwear,48,Indiana,S,Olive,Spring,3.6,No,Venmo,Standard,No,No,47,Credit Card,Weekly,48,52.0,3.871201010907891,201.30245256721034,0.0,0.0,0.0,0.0,0.041025641025641026,0.08351648351648351,3.748214285714286,3.7504385964912283
2404,64,Male,Shorts,Clothing,22,Missouri,M,Magenta,Fall,4.4,No,Bank Transfer,Standard,No,No,40,Debit Card,Weekly,22,52.0,3.713572066704308,193.105747468624,0.0,0.0,0.0,0.0,0.04212454212454213,0.4564102564102564,3.6730434782608694,3.726725521669342
1540,32,Male,Belt,Accessories,55,Hawaii,M,Turquoise,Spring,5.0,No,Credit Card,2-Day Shipping,Yes,Yes,19,Cash,Every 3 Months,55,4.0,2.995732273553991,11.982929094215963,0.0,1.0,1.0,1.0,0.04395604395604396,0.310989010989011,3.73,3.745465253239105
1852,28,Male,Skirt,Clothing,80,Delaware,S,Lavender,Fall,3.1,No,Venmo,Free Shipping,No,No,4,Bank Transfer,Fortnightly,80,26.0,1.6094379124341003,41.845385723286604,0.0,0.0,0.0,0.0,0.041758241758241756,0.4564102564102564,3.816666666666667,3.726725521669342
2436,21,Male,Sneakers,Footwear,27,Hawaii,S,Black,Fall,4.5,No,Cash,Free Shipping,No,No,29,Cash,Bi-Weekly,27,26.0,3.4011973816621555,88.43113192321604,0.0,0.0,0.0,0.0,0.03626373626373627,0.14908424908424908,3.749494949494949,3.7808353808353807
3110,60,Female,Jacket,Outerwear,92,Illinois,M,Gray,Winter,4.3,No,Credit Card,Free Shipping,No,No,47,Bank Transfer,Fortnightly,92,26.0,3.871201010907891,100.65122628360517,0.0,0.0,0.0,0.0,0.04249084249084249,0.08351648351648351,3.752586206896552,3.7504385964912283
1701,62,Male,Hoodie,Clothing,70,West Virginia,L,Black,Fall,4.1,No,Credit Card,Express,No,No,36,Bank Transfer,Monthly,70,12.0,3.6109179126442243,43.331014951730694,0.0,0.0,0.0,0.0,0.03882783882783883,0.4564102564102564,3.776415094339623,3.726725521669342
689,25,Male,Scarf,Accessories,59,Michigan,S,Peach,Summer,4.7,Yes,Cash,Store Pickup,Yes,Yes,44,Venmo,Monthly,59,12.0,3.8066624897703196,45.679949877243835,1.0,1.0,1.0,1.0,0.03772893772893773,0.310989010989011,3.721359223300971,3.745465253239105
2117,67,Male,Jacket,Outerwear,23,Kansas,M,Teal,Summer,2.9,No,PayPal,Express,No,No,50,Debit Card,Bi-Weekly,23,26.0,3.9318256327243257,102.22746645083247,0.0,0.0,0.0,0.0,0.04249084249084249,0.08351648351648351,3.752586206896552,3.7504385964912283
2852,58,Female,Blouse,Clothing,73,Nevada,L,Teal,Summer,3.0,No,Bank Transfer,Store Pickup,No,No,42,Debit Card,Monthly,73,12.0,3.7612001156935624,45.13440138832275,0.0,0.0,0.0,0.0,0.047619047619047616,0.4564102564102564,3.733076923076923,3.726725521669342
2013,48,Male,Jeans,Clothing,53,Nevada,L,Green,Fall,3.2,No,Bank Transfer,Store Pickup,No,No,5,Cash,Fortnightly,53,26.0,1.791759469228055,46.58574619992943,0.0,0.0,0.0,0.0,0.03406593406593406,0.4564102564102564,3.6,3.726725521669342
2871,47,Female,Jewelry,Accessories,34,North Dakota,M,Blue,Winter,4.8,No,Debit Card,Free Shipping,No,No,49,Debit Card,Every 3 Months,34,4.0,3.912023005428146,15.648092021712584,0.0,0.0,0.0,0.0,0.04212454212454213,0.310989010989011,3.744347826086957,3.745465253239105
390,27,Male,Boots,Footwear,42,Virginia,L,Purple,Spring,4.2,Yes,Venmo,Standard,Yes,Yes,28,Bank Transfer,Monthly,42,12.0,3.367295829986474,40.40754995983769,1.0,1.0,1.0,1.0,0.036996336996337,0.14908424908424908,3.8237623762376236,3.7808353808353807
1741,69,Male,Pants,Clothing,21,Wisconsin,L,Charcoal,Fall,3.3,No,Cash,Next Day Air,No,No,10,Bank Transfer,Every 3 Months,21,4.0,2.3978952727983707,9.591581091193483,0.0,0.0,0.0,0.0,0.04652014652014652,0.4564102564102564,3.729133858267717,3.726725521669342
62,55,Male,Scarf,Accessories,68,Texas,M,Orange,Winter,4.7,Yes,Bank Transfer,Store Pickup,Yes,Yes,21,Credit Card,Every 3 Months,68,4.0,3.091042453358316,12.364169813433264,1.0,1.0,1.0,1.0,0.03772893772893773,0.310989010989011,3.721359223300971,3.745465253239105
2842,19,Female,Dress,Clothing,33,Ohio,XL,Magenta,Winter,3.0,No,Credit Card,2-Day Shipping,No,No,31,Cash,Weekly,33,52.0,3.4657359027997265,180.21826694558578,0.0,0.0,0.0,0.0,0.044322344322344324,0.4564102564102564,3.7479338842975207,3.726725521669342
1658,69,Male,Skirt,Clothing,36,Indiana,L,Turquoise,Spring,3.2,No,Cash,Store Pickup,Yes,Yes,4,Debit Card,Bi-Weekly,36,26.0,1.6094379124341003,41.845385723286604,0.0,1.0,1.0,1.0,0.041758241758241756,0.4564102564102564,3.816666666666667,3.726725521669342
938,32,Male,Shorts,Clothing,24,Iowa,M,Magenta,Summer,2.7,Yes,Debit Card,Express,Yes,Yes,18,Venmo,Quarterly,24,4.0,2.9444389791664403,11.777755916665761,1.0,1.0,1.0,1.0,0.04212454212454213,0.4564102564102564,3.6730434782608694,3.726725521669342
3223,45,Female,Sunglasses,Accessories,84,Texas,S,Maroon,Fall,4.6,No,Debit Card,Store Pickup,No,No,22,PayPal,Quarterly,84,4.0,3.1354942159291497,12.541976863716599,0.0,0.0,0.0,0.0,0.0380952380952381,0.310989010989011,3.7211538461538463,3.745465253239105
129,20,Male,Scarf,Accessories,32,California,M,Gold,Spring,4.7,Yes,Venmo,Standard,Yes,Yes,21,Credit Card,Fortnightly,32,26.0,3.091042453358316,80.36710378731621,1.0,1.0,1.0,1.0,0.03772893772893773,0.310989010989011,3.721359223300971,3.745465253239105
3882,56,Female,Scarf,Accessories,25,Georgia,L,Silver,Spring,2.8,No,PayPal,2-Day Shipping,No,No,17,Debit Card,Weekly,25,52.0,2.8903717578961645,150.29933141060056,0.0,0.0,0.0,0.0,0.03772893772893773,0.310989010989011,3.721359223300971,3.745465253239105
3653,27,Female,Handbag,Accessories,29,Kentucky,S,Magenta,Fall,3.8,No,Venmo,Store Pickup,No,No,23,Debit Card,Monthly,29,12.0,3.1780538303479458,38.13664596417535,0.0,0.0,0.0,0.0,0.03882783882783883,0.310989010989011,3.7216981132075473,3.745465253239105
1067,49,Male,Coat,Outerwear,96,Mississippi,M,Red,Winter,4.0,No,Credit Card,Store Pickup,Yes,Yes,11,PayPal,Bi-Weekly,96,26.0,2.4849066497880004,64.60757289448802,0.0,1.0,1.0,1.0,0.041025641025641026,0.08351648351648351,3.748214285714286,3.7504385964912283
2759,32,Female,Blouse,Clothing,98,Illinois,M,Purple,Summer,3.2,No,Debit Card,Standard,No,No,8,Bank Transfer,Bi-Weekly,98,26.0,2.1972245773362196,57.12783901074171,0.0,0.0,0.0,0.0,0.047619047619047616,0.4564102564102564,3.733076923076923,3.726725521669342
2563,57,Male,Shorts,Clothing,62,Arizona,XL,Yellow,Spring,4.7,No,Debit Card,Standard,No,No,27,Cash,Fortnightly,62,26.0,3.332204510175204,86.63731726455529,0.0,0.0,0.0,0.0,0.04212454212454213,0.4564102564102564,3.6730434782608694,3.726725521669342
2578,52,Male,Socks,Clothing,39,Minnesota,L,Black,Fall,4.5,No,Debit Card,Next Day Air,No,No,37,Bank Transfer,Monthly,39,12.0,3.6375861597263857,43.65103391671663,0.0,0.0,0.0,0.0,0.03882783882783883,0.4564102564102564,3.7150943396226417,3.726725521669342
1935,34,Male,Jacket,Outerwear,43,Michigan,L,Gold,Winter,2.7,No,Debit Card,Free Shipping,No,No,23,Bank Transfer,Annually,43,1.0,3.1780538303479458,3.1780538303479458,0.0,0.0,0.0,0.0,0.04249084249084249,0.08351648351648351,3.752586206896552,3.7504385964912283
3431,67,Female,Socks,Clothing,73,Montana,M,Lavender,Winter,4.2,No,Credit Card,Next Day Air,No,No,17,Bank Transfer,Every 3 Months,73,4.0,2.8903717578961645,11.561487031584658,0.0,0.0,0.0,0.0,0.03882783882783883,0.4564102564102564,3.7150943396226417,3.726725521669342
3366,43,Female,Skirt,Clothing,58,Tennessee,L,Teal,Fall,3.9,No,Bank Transfer,Express,No,No,45,Credit Card,Every 3 Months,58,4.0,3.828641396489095,15.31456558595638,0.0,0.0,0.0,0.0,0.041758241758241756,0.4564102564102564,3.816666666666667,3.726725521669342
2205,20,Male,Jeans,Clothing,41,Oregon,S,Lavender,Winter,3.4,No,Venmo,2-Day Shipping,No,No,6,Debit Card,Monthly,41,12.0,1.9459101490553132,23.350921788663758,0.0,0.0,0.0,0.0,0.03406593406593406,0.4564102564102564,3.6,3.726725521669342
3311,45,Female,Jacket,Outerwear,27,Iowa,M,Pink,Winter,3.6,No,Debit Card,Free Shipping,No,No,12,PayPal,Fortnightly,27,26.0,2.5649493574615367,66.68868329399996,0.0,0.0,0.0,0.0,0.04249084249084249,0.08351648351648351,3.752586206896552,3.7504385964912283
7,63,Male,Shirt,Clothing,85,Montana,M,Gray,Fall,3.2,Yes,Debit Card,Free Shipping,Yes,Yes,49,Cash,Quarterly,85,4.0,3.912023005428146,15.648092021712584,1.0,1.0,1.0,1.0,0.04322344322344322,0.4564102564102564,3.669491525423729,3.726725521669342
1996,67,Male,Boots,Footwear,80,Missouri,S,Teal,Spring,3.0,No,Credit Card,Standard,No,No,29,Debit Card,Quarterly,80,4.0,3.4011973816621555,13.604789526648622,0.0,0.0,0.0,0.0,0.036996336996337,0.14908424908424908,3.8237623762376236,3.7808353808353807
2790,28,Female,Sweater,Clothing,85,North Carolina,L,Orange,Fall,5.0,No,Cash,Express,No,No,28,Credit Card,Bi-Weekly,85,26.0,3.367295829986474,87.54969157964833,0.0,0.0,0.0,0.0,0.04468864468864469,0.4564102564102564,3.7147540983606557,3.726725521669342
1293,26,Male,Belt,Accessories,61,Kentucky,M,Maroon,Summer,3.9,No,Debit Card,Free Shipping,Yes,Yes,42,Bank Transfer,Annually,61,1.0,3.7612001156935624,3.7612001156935624,0.0,1.0,1.0,1.0,0.04395604395604396,0.310989010989011,3.73,3.745465253239105
444,22,Male,Sunglasses,Accessories,67,Hawaii,M,Magenta,Summer,3.6,Yes,PayPal,Free Shipping,Yes,Yes,24,PayPal,Annually,67,1.0,3.2188758248682006,3.2188758248682006,1.0,1.0,1.0,1.0,0.0380952380952381,0.310989010989011,3.7211538461538463,3.745465253239105
1004,56,Male,Hat,Accessories,68,Ohio,M,Green,Fall,4.0,Yes,Cash,Store Pickup,Yes,Yes,3,Cash,Bi-Weekly,68,26.0,1.3862943611198906,36.04365338911715,1.0,1.0,1.0,1.0,0.038461538461538464,0.310989010989011,3.7695238095238097,3.745465253239105
1956,50,Male,Hoodie,Clothing,56,Maine,M,Pink,Winter,4.9,No,Credit Card,Express,No,No,37,Cash,Monthly,56,12.0,3.6375861597263857,43.65103391671663,0.0,0.0,0.0,0.0,0.03882783882783883,0.4564102564102564,3.776415094339623,3.726725521669342
1507,35,Male,Shirt,Clothing,30,South Carolina,L,Beige,Fall,3.0,No,Venmo,2-Day Shipping,Yes,Yes,44,PayPal,Quarterly,30,4.0,3.8066624897703196,15.226649959081278,0.0,1.0,1.0,1.0,0.04322344322344322,0.4564102564102564,3.669491525423729,3.726725521669342
3205,57,Female,Jacket,Outerwear,92,New Mexico,XL,Lavender,Fall,4.3,No,Credit Card,Free Shipping,No,No,23,Debit Card,Bi-Weekly,92,26.0,3.1780538303479458,82.62939958904659,0.0,0.0,0.0,0.0,0.04249084249084249,0.08351648351648351,3.752586206896552,3.7504385964912283
960,36,Male,Skirt,Clothing,99,Nevada,M,Cyan,Spring,2.6,Yes,Cash,Standard,Yes,Yes,12,Cash,Fortnightly,99,26.0,2.5649493574615367,66.68868329399996,1.0,1.0,1.0,1.0,0.041758241758241756,0.4564102564102564,3.816666666666667,3.726725521669342
72,36,Male,Dress,Clothing,48,Virginia,L,Gold,Summer,2.9,Yes,Debit Card,Express,Yes,Yes,34,Bank Transfer,Annually,48,1.0,3.5553480614894135,3.5553480614894135,1.0,1.0,1.0,1.0,0.044322344322344324,0.4564102564102564,3.7479338842975207,3.726725521669342
3707,26,Female,Sandals,Footwear,55,Kansas,M,Green,Spring,4.0,No,Credit Card,Store Pickup,No,No,17,Cash,Bi-Weekly,55,26.0,2.8903717578961645,75.14966570530028,0.0,0.0,0.0,0.0,0.03882783882783883,0.14908424908424908,3.8367924528301884,3.7808353808353807
2650,23,Male,Gloves,Accessories,21,Minnesota,M,Magenta,Fall,3.9,No,Credit Card,Store Pickup,No,No,14,Bank Transfer,Fortnightly,21,26.0,2.70805020110221,70.40930522865746,0.0,0.0,0.0,0.0,0.03626373626373627,0.310989010989011,3.8666666666666667,3.745465253239105
3713,51,Female,Blouse,Clothing,72,Oregon,M,Turquoise,Spring,3.7,No,Venmo,2-Day Shipping,No,No,24,PayPal,Quarterly,72,4.0,3.2188758248682006,12.875503299472802,0.0,0.0,0.0,0.0,0.047619047619047616,0.4564102564102564,3.733076923076923,3.726725521669342
3550,44,Female,T-shirt,Clothing,34,Oregon,M,Cyan,Summer,3.4,No,Credit Card,2-Day Shipping,No,No,11,Bank Transfer,Fortnightly,34,26.0,2.4849066497880004,64.60757289448802,0.0,0.0,0.0,0.0,0.034432234432234435,0.4564102564102564,3.8138297872340425,3.726725521669342
1151,29,Male,Jewelry,Accessories,36,Kentucky,S,Red,Winter,2.7,No,Debit Card,Next Day Air,Yes,Yes,50,Venmo,Bi-Weekly,36,26.0,3.9318256327243257,102.22746645083247,0.0,1.0,1.0,1.0,0.04212454212454213,0.310989010989011,3.744347826086957,3.745465253239105
2225,18,Male,Gloves,Accessories,25,Nebraska,L,Charcoal,Winter,4.3,No,Credit Card,Standard,No,No,38,Cash,Quarterly,25,4.0,3.6635616461296463,14.654246584518585,0.0,0.0,0.0,0.0,0.03626373626373627,0.310989010989011,3.8666666666666667,3.745465253239105
2526,39,Male,Sweater,Clothing,72,Kentucky,M,Purple,Winter,4.2,No,PayPal,Standard,No,No,20,PayPal,Weekly,72,52.0,3.044522437723423,158.315166761618,0.0,0.0,0.0,0.0,0.04468864468864469,0.4564102564102564,3.7147540983606557,3.726725521669342
230,70,Male,Sandals,Footwear,28,Ohio,S,Silver,Spring,4.6,Yes,Cash,Next Day Air,Yes,Yes,27,PayPal,Every 3 Months,28,4.0,3.332204510175204,13.328818040700815,1.0,1.0,1.0,1.0,0.03882783882783883,0.14908424908424908,3.8367924528301884,3.7808353808353807
383,28,Male,Jeans,Clothing,76,California,M,Peach,Winter,3.2,Yes,PayPal,Store Pickup,Yes,Yes,47,PayPal,Quarterly,76,4.0,3.871201010907891,15.484804043631565,1.0,1.0,1.0,1.0,0.03406593406593406,0.4564102564102564,3.6,3.726725521669342
2557,24,Male,T-shirt,Clothing,88,Montana,XL,Magenta,Fall,3.1,No,PayPal,Standard,No,No,4,Bank Transfer,Quarterly,88,4.0,1.6094379124341003,6.437751649736401,0.0,0.0,0.0,0.0,0.034432234432234435,0.4564102564102564,3.8138297872340425,3.726725521669342
851,68,Male,Shoes,Footwear,20,Connecticut,L,Turquoise,Winter,2.6,Yes,Bank Transfer,Store Pickup,Yes,Yes,13,Venmo,Monthly,20,12.0,2.6390573296152584,31.6686879553831,1.0,1.0,1.0,1.0,0.036996336996337,0.14908424908424908,3.7099009900990096,3.7808353808353807
882,52,Male,Sandals,Footwear,61,South Carolina,M,Silver,Summer,2.7,Yes,Credit Card,Next Day Air,Yes,Yes,18,Venmo,Annually,61,1.0,2.9444389791664403,2.9444389791664403,1.0,1.0,1.0,1.0,0.03882783882783883,0.14908424908424908,3.8367924528301884,3.7808353808353807
840,48,Male,Shirt,Clothing,31,Illinois,L,Teal,Spring,2.6,Yes,Cash,Free Shipping,Yes,Yes,10,Debit Card,Every 3 Months,31,4.0,2.3978952727983707,9.591581091193483,1.0,1.0,1.0,1.0,0.04322344322344322,0.4564102564102564,3.669491525423729,3.726725521669342
1235,38,Male,Gloves,Accessories,99,New Jersey,M,Indigo,Fall,4.1,No,Cash,Store Pickup,Yes,Yes,2,Bank Transfer,Bi-Weekly,99,26.0,1.0986122886681098,28.563919505370855,0.0,1.0,1.0,1.0,0.03626373626373627,0.310989010989011,3.8666666666666667,3.745465253239105
3053,48,Female,Shoes,Footwear,38,Maine,XL,Olive,Spring,4.5,No,Credit Card,Store Pickup,No,No,7,Bank Transfer,Fortnightly,38,26.0,2.0794415416798357,54.06548008367573,0.0,0.0,0.0,0.0,0.036996336996337,0.14908424908424908,3.7099009900990096,3.7808353808353807
2966,48,Female,Scarf,Accessories,45,Delaware,M,Blue,Summer,4.4,No,Bank Transfer,Standard,No,No,25,PayPal,Fortnightly,45,26.0,3.258096538021482,84.71050998855854,0.0,0.0,0.0,0.0,0.03772893772893773,0.310989010989011,3.721359223300971,3.745465253239105
312,69,Male,Jeans,Clothing,52,Rhode Island,L,Silver,Winter,4.1,Yes,Debit Card,Store Pickup,Yes,Yes,19,Bank Transfer,Monthly,52,12.0,2.995732273553991,35.94878728264789,1.0,1.0,1.0,1.0,0.03406593406593406,0.4564102564102564,3.6,3.726725521669342
2232,34,Male,Jacket,Outerwear,49,Utah,M,Beige,Fall,4.1,No,Cash,Store Pickup,No,No,1,Credit Card,Weekly,49,52.0,0.6931471805599453,36.04365338911715,0.0,0.0,0.0,0.0,0.04249084249084249,0.08351648351648351,3.752586206896552,3.7504385964912283
884,28,Male,Sneakers,Footwear,37,Pennsylvania,S,Gold,Fall,4.3,Yes,Venmo,Free Shipping,Yes,Yes,30,Bank Transfer,Monthly,37,12.0,3.4339872044851463,41.20784645382176,1.0,1.0,1.0,1.0,0.03626373626373627,0.14908424908424908,3.749494949494949,3.7808353808353807
3372,49,Female,Hoodie,Clothing,99,Colorado,S,Turquoise,Winter,4.0,No,PayPal,Next Day Air,No,No,28,PayPal,Annually,99,1.0,3.367295829986474,3.367295829986474,0.0,0.0,0.0,0.0,0.03882783882783883,0.4564102564102564,3.776415094339623,3.726725521669342
1428,31,Male,Backpack,Accessories,90,South Dakota,S,Orange,Summer,4.9,No,PayPal,Store Pickup,Yes,Yes,8,Credit Card,Annually,90,1.0,2.1972245773362196,2.1972245773362196,0.0,1.0,1.0,1.0,0.03553113553113553,0.310989010989011,3.693814432989691,3.745465253239105
2884,22,Female,Socks,Clothing,48,Rhode Island,XL,Silver,Spring,3.2,No,Debit Card,Standard,No,No,10,PayPal,Weekly,48,52.0,2.3978952727983707,124.69055418551528,0.0,0.0,0.0,0.0,0.03882783882783883,0.4564102564102564,3.7150943396226417,3.726725521669342
2330,49,Male,Hat,Accessories,97,Nebraska,S,Teal,Spring,4.8,No,Venmo,Free Shipping,No,No,42,Bank Transfer,Annually,97,1.0,3.7612001156935624,3.7612001156935624,0.0,0.0,0.0,0.0,0.038461538461538464,0.310989010989011,3.7695238095238097,3.745465253239105
3531,62,Female,Sunglasses,Accessories,45,Oklahoma,L,Black,Spring,3.4,No,Bank Transfer,Express,No,No,37,PayPal,Weekly,45,52.0,3.6375861597263857,189.15448030577204,0.0,0.0,0.0,0.0,0.0380952380952381,0.310989010989011,3.7211538461538463,3.745465253239105
3735,38,Female,Hoodie,Clothing,88,California,M,Beige,Spring,3.4,No,Venmo,Next Day Air,No,No,33,Debit Card,Every 3 Months,88,4.0,3.5263605246161616,14.105442098464646,0.0,0.0,0.0,0.0,0.03882783882783883,0.4564102564102564,3.776415094339623,3.726725521669342
1157,20,Male,Shoes,Footwear,21,Hawaii,M,Gold,Summer,4.8,No,PayPal,Express,Yes,Yes,6,Venmo,Every 3 Months,21,4.0,1.9459101490553132,7.783640596221253,0.0,1.0,1.0,1.0,0.036996336996337,0.14908424908424908,3.7099009900990096,3.7808353808353807
389,22,Male,Handbag,Accessories,82,Washington,M,Orange,Summer,2.7,Yes,Credit Card,Store Pickup,Yes,Yes,10,PayPal,Quarterly,82,4.0,2.3978952727983707,9.591581091193483,1.0,1.0,1.0,1.0,0.03882783882783883,0.310989010989011,3.7216981132075473,3.745465253239105
3348,22,Female,Shoes,Footwear,70,Iowa,XL,Cyan,Summer,4.4,No,Credit Card,Standard,No,No,28,PayPal,Bi-Weekly,70,26.0,3.367295829986474,87.54969157964833,0.0,0.0,0.0,0.0,0.036996336996337,0.14908424908424908,3.7099009900990096,3.7808353808353807
369,24,Male,Handbag,Accessories,39,Oklahoma,M,Charcoal,Spring,4.5,Yes,Venmo,Standard,Yes,Yes,29,Cash,Monthly,39,12.0,3.4011973816621555,40.814368579945864,1.0,1.0,1.0,1.0,0.03882783882783883,0.310989010989011,3.7216981132075473,3.745465253239105
2787,54,Female,Handbag,Accessories,51,Colorado,M,Violet,Spring,3.8,No,PayPal,Next Day Air,No,No,41,Debit Card,Every 3 Months,51,4.0,3.7376696182833684,14.950678473133474,0.0,0.0,0.0,0.0,0.03882783882783883,0.310989010989011,3.7216981132075473,3.745465253239105
427,43,Male,Pants,Clothing,71,Louisiana,M,Violet,Winter,4.7,Yes,Cash,Express,Yes,Yes,19,Credit Card,Quarterly,71,4.0,2.995732273553991,11.982929094215963,1.0,1.0,1.0,1.0,0.04652014652014652,0.4564102564102564,3.729133858267717,3.726725521669342
3808,38,Female,Blouse,Clothing,39,Michigan,L,Peach,Spring,2.9,No,PayPal,Next Day Air,No,No,36,PayPal,Annually,39,1.0,3.6109179126442243,3.6109179126442243,0.0,0.0,0.0,0.0,0.047619047619047616,0.4564102564102564,3.733076923076923,3.726725521669342
3018,58,Female,Sunglasses,Accessories,71,Wisconsin,S,Purple,Summer,3.3,No,Bank Transfer,Next Day Air,No,No,24,Cash,Bi-Weekly,71,26.0,3.2188758248682006,83.69077144657321,0.0,0.0,0.0,0.0,0.0380952380952381,0.310989010989011,3.7211538461538463,3.745465253239105
584,25,Male,Shorts,Clothing,78,California,L,Yellow,Spring,4.0,Yes,PayPal,Store Pickup,Yes,Yes,38,PayPal,Monthly,78,12.0,3.6635616461296463,43.96273975355575,1.0,1.0,1.0,1.0,0.04212454212454213,0.4564102564102564,3.6730434782608694,3.726725521669342
309,66,Male,Handbag,Accessories,29,Maryland,M,Beige,Fall,3.7,Yes,Bank Transfer,Standard,Yes,Yes,45,Venmo,Bi-Weekly,29,26.0,3.828641396489095,99.54467630871648,1.0,1.0,1.0,1.0,0.03882783882783883,0.310989010989011,3.7216981132075473,3.745465253239105
2989,69,Female,Socks,Clothing,55,Nevada,S,Pink,Spring,5.0,No,Debit Card,2-Day Shipping,No,No,31,Debit Card,Monthly,55,12.0,3.4657359027997265,41.58883083359672,0.0,0.0,0.0,0.0,0.03882783882783883,0.4564102564102564,3.7150943396226417,3.726725521669342
254,52,Male,Boots,Footwear,73,Oklahoma,L,Cyan,Winter,4.9,Yes,PayPal,2-Day Shipping,Yes,Yes,15,Bank Transfer,Bi-Weekly,73,26.0,2.772588722239781,72.0873067782343,1.0,1.0,1.0,1.0,0.036996336996337,0.14908424908424908,3.8237623762376236,3.7808353808353807
2313,19,Male,T-shirt,Clothing,30,Vermont,L,Violet,Summer,3.7,No,PayPal,Free Shipping,No,No,19,Cash,Every 3 Months,30,4.0,2.995732273553991,11.982929094215963,0.0,0.0,0.0,0.0,0.034432234432234435,0.4564102564102564,3.8138297872340425,3.726725521669342
3349,28,Female,T-shirt,Clothing,74,New Hampshire,L,Gray,Winter,2.8,No,PayPal,Standard,No,No,15,Cash,Every 3 Months,74,4.0,2.772588722239781,11.090354888959125,0.0,0.0,0.0,0.0,0.034432234432234435,0.4564102564102564,3.8138297872340425,3.726725521669342
2200,39,Male,Scarf,Accessories,47,North Carolina,M,Maroon,Summer,4.9,No,Bank Transfer,Store Pickup,No,No,40,Debit Card,Monthly,47,12.0,3.713572066704308,44.56286480045169,0.0,0.0,0.0,0.0,0.03772893772893773,0.310989010989011,3.721359223300971,3.745465253239105
3548,52,Female,Scarf,Accessories,31,Pennsylvania,L,Magenta,Summer,3.8,No,Debit Card,Standard,No,No,23,Credit Card,Annually,31,1.0,3.1780538303479458,3.1780538303479458,0.0,0.0,0.0,0.0,0.03772893772893773,0.310989010989011,3.721359223300971,3.745465253239105
3468,18,Female,Scarf,Accessories,45,Texas,M,Charcoal,Fall,5.0,No,Bank Transfer,Next Day Air,No,No,5,Credit Card,Annually,45,1.0,1.791759469228055,1.791759469228055,0.0,0.0,0.0,0.0,0.03772893772893773,0.310989010989011,3.721359223300971,3.745465253239105
3145,23,Female,Boots,Footwear,70,Maine,L,Beige,Spring,2.6,No,Bank Transfer,Free Shipping,No,No,12,Debit Card,Quarterly,70,4.0,2.5649493574615367,10.259797429846147,0.0,0.0,0.0,0.0,0.036996336996337,0.14908424908424908,3.8237623762376236,3.7808353808353807
1476,44,Male,Blouse,Clothing,61,Rhode Island,M,Teal,Spring,4.0,No,Bank Transfer,Express,Yes,Yes,24,Cash,Monthly,61,12.0,3.2188758248682006,38.626509898418405,0.0,1.0,1.0,1.0,0.047619047619047616,0.4564102564102564,3.733076923076923,3.726725521669342
683,23,Male,Jacket,Outerwear,29,Missouri,M,Brown,Summer,4.0,Yes,Debit Card,Standard,Yes,Yes,49,Credit Card,Bi-Weekly,29,26.0,3.912023005428146,101.71259814113179,1.0,1.0,1.0,1.0,0.04249084249084249,0.08351648351648351,3.752586206896552,3.7504385964912283
2697,57,Female,Coat,Outerwear,20,South Dakota,M,White,Spring,4.7,No,Credit Card,Free Shipping,No,No,12,Debit Card,Monthly,20,12.0,2.5649493574615367,30.779392289538443,0.0,0.0,0.0,0.0,0.041025641025641026,0.08351648351648351,3.748214285714286,3.7504385964912283
2527,47,Male,Shorts,Clothing,28,Rhode Island,S,Peach,Spring,3.4,No,Bank Transfer,Express,No,No,30,PayPal,Bi-Weekly,28,26.0,3.4339872044851463,89.2836673166138,0.0,0.0,0.0,0.0,0.04212454212454213,0.4564102564102564,3.6730434782608694,3.726725521669342
1908,69,Male,Skirt,Clothing,74,New Mexico,L,Orange,Fall,4.8,No,Cash,Store Pickup,No,No,36,Credit Card,Every 3 Months,74,4.0,3.6109179126442243,14.443671650576897,0.0,0.0,0.0,0.0,0.041758241758241756,0.4564102564102564,3.816666666666667,3.726725521669342
3228,28,Female,Scarf,Accessories,69,Alaska,XL,White,Fall,2.7,No,Credit Card,Free Shipping,No,No,42,Debit Card,Quarterly,69,4.0,3.7612001156935624,15.04480046277425,0.0,0.0,0.0,0.0,0.03772893772893773,0.310989010989011,3.721359223300971,3.745465253239105
2941,61,Female,Handbag,Accessories,85,Massachusetts,L,Beige,Summer,4.8,No,Venmo,Next Day Air,No,No,13,Cash,Monthly,85,12.0,2.6390573296152584,31.6686879553831,0.0,0.0,0.0,0.0,0.03882783882783883,0.310989010989011,3.7216981132075473,3.745465253239105
3014,41,Female,Skirt,Clothing,55,Arizona,L,Peach,Summer,4.2,No,Debit Card,Store Pickup,No,No,13,Cash,Monthly,55,12.0,2.6390573296152584,31.6686879553831,0.0,0.0,0.0,0.0,0.041758241758241756,0.4564102564102564,3.816666666666667,3.726725521669342
2562,32,Male,Hoodie,Clothing,20,New York,L,Magenta,Spring,2.7,No,Credit Card,Free Shipping,No,No,22,Debit Card,Quarterly,20,4.0,3.1354942159291497,12.541976863716599,0.0,0.0,0.0,0.0,0.03882783882783883,0.4564102564102564,3.776415094339623,3.726725521669342
2400,55,Male,Dress,Clothing,44,New Hampshire,L,Beige,Spring,3.2,No,Debit Card,Store Pickup,No,No,31,Cash,Monthly,44,12.0,3.4657359027997265,41.58883083359672,0.0,0.0,0.0,0.0,0.044322344322344324,0.4564102564102564,3.7479338842975207,3.726725521669342
1561,57,Male,Hat,Accessories,84,Oregon,M,Teal,Winter,3.8,No,Venmo,Free Shipping,Yes,Yes,3,Debit Card,Weekly,84,52.0,1.3862943611198906,72.0873067782343,0.0,1.0,1.0,1.0,0.038461538461538464,0.310989010989011,3.7695238095238097,3.745465253239105
2143,47,Male,Hat,Accessories,39,North Dakota,M,Maroon,Winter,4.3,No,Venmo,Next Day Air,No,No,21,Venmo,Quarterly,39,4.0,3.091042453358316,12.364169813433264,0.0,0.0,0.0,0.0,0.038461538461538464,0.310989010989011,3.7695238095238097,3.745465253239105
1564,68,Male,Pants,Clothing,44,Kansas,M,Teal,Fall,4.3,No,Credit Card,Next Day Air,Yes,Yes,8,Cash,Weekly,44,52.0,2.1972245773362196,114.25567802148342,0.0,1.0,1.0,1.0,0.04652014652014652,0.4564102564102564,3.729133858267717,3.726725521669342
1268,47,Male,T-shirt,Clothing,83,Oregon,S,Gray,Spring,2.7,No,Credit Card,Standard,Yes,Yes,41,Cash,Weekly,83,52.0,3.7376696182833684,194.35882015073517,0.0,1.0,1.0,1.0,0.034432234432234435,0.4564102564102564,3.8138297872340425,3.726725521669342
140,49,Male,Coat,Outerwear,95,Florida,M,White,Fall,3.8,Yes,Debit Card,Store Pickup,Yes,Yes,30,Venmo,Annually,95,1.0,3.4339872044851463,3.4339872044851463,1.0,1.0,1.0,1.0,0.041025641025641026,0.08351648351648351,3.748214285714286,3.7504385964912283
612,43,Male,Scarf,Accessories,33,California,M,Black,Winter,4.7,Yes,Credit Card,Store Pickup,Yes,Yes,19,Cash,Monthly,33,12.0,2.995732273553991,35.94878728264789,1.0,1.0,1.0,1.0,0.03772893772893773,0.310989010989011,3.721359223300971,3.745465253239105
2320,56,Male,Sandals,Footwear,38,Maine,XL,Turquoise,Winter,5.0,No,Debit Card,Free Shipping,No,No,29,PayPal,Monthly,38,12.0,3.4011973816621555,40.814368579945864,0.0,0.0,0.0,0.0,0.03882783882783883,0.14908424908424908,3.8367924528301884,3.7808353808353807
1536,36,Male,Sandals,Footwear,74,West Virginia,S,Turquoise,Fall,4.0,No,PayPal,2-Day Shipping,Yes,Yes,8,Venmo,Monthly,74,12.0,2.1972245773362196,26.366694928034633,0.0,1.0,1.0,1.0,0.03882783882783883,0.14908424908424908,3.8367924528301884,3.7808353808353807
3034,22,Female,Sweater,Clothing,56,Alabama,L,Orange,Spring,2.6,No,PayPal,Store Pickup,No,No,9,PayPal,Weekly,56,52.0,2.302585092994046,119.73442483569039,0.0,0.0,0.0,0.0,0.04468864468864469,0.4564102564102564,3.7147540983606557,3.726725521669342
1243,56,Male,Socks,Clothing,27,Nevada,M,Lavender,Summer,4.0,No,Bank Transfer,Next Day Air,Yes,Yes,15,Bank Transfer,Quarterly,27,4.0,2.772588722239781,11.090354888959125,0.0,1.0,1.0,1.0,0.03882783882783883,0.4564102564102564,3.7150943396226417,3.726725521669342
36,54,Male,Blouse,Clothing,33,Massachusetts,M,Cyan,Summer,4.0,Yes,Bank Transfer,2-Day Shipping,Yes,Yes,48,Credit Card,Bi-Weekly,33,26.0,3.8918202981106265,101.18732775087629,1.0,1.0,1.0,1.0,0.047619047619047616,0.4564102564102564,3.733076923076923,3.726725521669342
2990,46,Female,Belt,Accessories,20,Rhode Island,XL,Teal,Summer,4.3,No,Cash,2-Day Shipping,No,No,6,Credit Card,Weekly,20,52.0,1.9459101490553132,101.18732775087629,0.0,0.0,0.0,0.0,0.04395604395604396,0.310989010989011,3.73,3.745465253239105
246,49,Male,Sandals,Footwear,53,Rhode Island,L,Charcoal,Summer,3.3,Yes,Cash,Next Day Air,Yes,Yes,45,Venmo,Fortnightly,53,26.0,3.828641396489095,99.54467630871648,1.0,1.0,1.0,1.0,0.03882783882783883,0.14908424908424908,3.8367924528301884,3.7808353808353807
2986,46,Female,Belt,Accessories,36,Hawaii,S,Teal,Summer,3.0,No,Venmo,Express,No,No,21,Cash,Bi-Weekly,36,26.0,3.091042453358316,80.36710378731621,0.0,0.0,0.0,0.0,0.04395604395604396,0.310989010989011,3.73,3.745465253239105
1203,48,Male,Scarf,Accessories,29,Maryland,S,Olive,Spring,2.9,No,Bank Transfer,Standard,Yes,Yes,14,Venmo,Every 3 Months,29,4.0,2.70805020110221,10.83220080440884,0.0,1.0,1.0,1.0,0.03772893772893773,0.310989010989011,3.721359223300971,3.745465253239105
2674,67,Female,Hoodie,Clothing,21,Nevada,M,Olive,Summer,2.6,No,Cash,2-Day Shipping,No,No,4,Cash,Monthly,21,12.0,1.6094379124341003,19.313254949209202,0.0,0.0,0.0,0.0,0.03882783882783883,0.4564102564102564,3.776415094339623,3.726725521669342
2675,40,Female,Hat,Accessories,41,Florida,S,Charcoal,Fall,3.3,No,Debit Card,Express,No,No,15,Cash,Every 3 Months,41,4.0,2.772588722239781,11.090354888959125,0.0,0.0,0.0,0.0,0.038461538461538464,0.310989010989011,3.7695238095238097,3.745465253239105
2415,26,Male,Socks,Clothing,26,Virginia,M,Lavender,Summer,3.7,No,PayPal,Next Day Air,No,No,14,Credit Card,Bi-Weekly,26,26.0,2.70805020110221,70.40930522865746,0.0,0.0,0.0,0.0,0.03882783882783883,0.4564102564102564,3.7150943396226417,3.726725521669342
551,62,Male,Belt,Accessories,62,Georgia,M,Olive,Summer,3.3,Yes,Cash,Store Pickup,Yes,Yes,12,PayPal,Weekly,62,52.0,2.5649493574615367,133.37736658799992,1.0,1.0,1.0,1.0,0.04395604395604396,0.310989010989011,3.73,3.745465253239105
1447,63,Male,Jeans,Clothing,35,Wyoming,XL,Red,Summer,3.2,No,Debit Card,Express,Yes,Yes,6,Credit Card,Quarterly,35,4.0,1.9459101490553132,7.783640596221253,0.0,1.0,1.0,1.0,0.03406593406593406,0.4564102564102564,3.6,3.726725521669342
2753,48,Female,Sweater,Clothing,64,Colorado,S,Peach,Winter,4.0,No,Cash,Free Shipping,No,No,30,Venmo,Bi-Weekly,64,26.0,3.4339872044851463,89.2836673166138,0.0,0.0,0.0,0.0,0.04468864468864469,0.4564102564102564,3.7147540983606557,3.726725521669342
1103,52,Male,Sweater,Clothing,83,Texas,M,Peach,Fall,2.9,No,Credit Card,Express,Yes,Yes,24,Cash,Fortnightly,83,26.0,3.2188758248682006,83.69077144657321,0.0,1.0,1.0,1.0,0.04468864468864469,0.4564102564102564,3.7147540983606557,3.726725521669342
3312,29,Female,Hat,Accessories,52,Florida,L,Blue,Summer,4.0,No,PayPal,Express,No,No,18,Bank Transfer,Annually,52,1.0,2.9444389791664403,2.9444389791664403,0.0,0.0,0.0,0.0,0.038461538461538464,0.310989010989011,3.7695238095238097,3.745465253239105
370,38,Male,Belt,Accessories,40,Wisconsin,M,Silver,Summer,3.3,Yes,Cash,Store Pickup,Yes,Yes,45,PayPal,Quarterly,40,4.0,3.828641396489095,15.31456558595638,1.0,1.0,1.0,1.0,0.04395604395604396,0.310989010989011,3.73,3.745465253239105
3441,45,Female,Handbag,Accessories,63,Maryland,L,Magenta,Fall,4.3,No,Credit Card,2-Day Shipping,No,No,2,PayPal,Weekly,63,52.0,1.0986122886681098,57.12783901074171,0.0,0.0,0.0,0.0,0.03882783882783883,0.310989010989011,3.7216981132075473,3.745465253239105
3520,31,Female,Shorts,Clothing,66,Wisconsin,M,White,Winter,3.7,No,Credit Card,Next Day Air,No,No,14,Bank Transfer,Fortnightly,66,26.0,2.70805020110221,70.40930522865746,0.0,0.0,0.0,0.0,0.04212454212454213,0.4564102564102564,3.6730434782608694,3.726725521669342
2800,23,Female,T-shirt,Clothing,89,Maine,L,Pink,Spring,3.9,No,Credit Card,Free Shipping,No,No,9,Bank Transfer,Every 3 Months,89,4.0,2.302585092994046,9.210340371976184,0.0,0.0,0.0,0.0,0.034432234432234435,0.4564102564102564,3.8138297872340425,3.726725521669342
797,42,Male,Socks,Clothing,78,Arizona,XL,Black,Fall,4.0,Yes,Debit Card,2-Day Shipping,Yes,Yes,43,Credit Card,Annually,78,1.0,3.784189633918261,3.784189633918261,1.0,1.0,1.0,1.0,0.03882783882783883,0.4564102564102564,3.7150943396226417,3.726725521669342
951,54,Male,Backpack,Accessories,37,New Mexico,XL,Turquoise,Winter,4.1,Yes,Cash,Free Shipping,Yes,Yes,30,PayPal,Quarterly,37,4.0,3.4339872044851463,13.735948817940585,1.0,1.0,1.0,1.0,0.03553113553113553,0.310989010989011,3.693814432989691,3.745465253239105
1292,69,Male,Sandals,Footwear,68,South Dakota,S,Beige,Spring,3.2,No,Venmo,2-Day Shipping,Yes,Yes,23,Debit Card,Fortnightly,68,26.0,3.1780538303479458,82.62939958904659,0.0,1.0,1.0,1.0,0.03882783882783883,0.14908424908424908,3.8367924528301884,3.7808353808353807
776,49,Male,Handbag,Accessories,53,Kentucky,S,Gold,Winter,3.0,Yes,PayPal,Store Pickup,Yes,Yes,8,PayPal,Monthly,53,12.0,2.1972245773362196,26.366694928034633,1.0,1.0,1.0,1.0,0.03882783882783883,0.310989010989011,3.7216981132075473,3.745465253239105
1877,54,Male,Skirt,Clothing,36,Illinois,M,Gray,Fall,2.6,No,Credit Card,Standard,No,No,20,Venmo,Quarterly,36,4.0,3.044522437723423,12.178089750893692,0.0,0.0,0.0,0.0,0.041758241758241756,0.4564102564102564,3.816666666666667,3.726725521669342
1184,23,Male,Pants,Clothing,39,Louisiana,M,Yellow,Spring,4.5,No,PayPal,2-Day Shipping,Yes,Yes,4,Credit Card,Weekly,39,52.0,1.6094379124341003,83.69077144657321,0.0,1.0,1.0,1.0,0.04652014652014652,0.4564102564102564,3.729133858267717,3.726725521669342
1523,38,Male,Shorts,Clothing,72,Tennessee,L,Yellow,Spring,4.8,No,Venmo,Free Shipping,Yes,Yes,5,Debit Card,Monthly,72,12.0,1.791759469228055,21.50111363073666,0.0,1.0,1.0,1.0,0.04212454212454213,0.4564102564102564,3.6730434782608694,3.726725521669342
1975,27,Male,Gloves,Accessories,44,Tennessee,M,Peach,Winter,4.6,No,Credit Card,2-Day Shipping,No,No,2,PayPal,Fortnightly,44,26.0,1.0986122886681098,28.563919505370855,0.0,0.0,0.0,0.0,0.03626373626373627,0.310989010989011,3.8666666666666667,3.745465253239105
2372,67,Male,Socks,Clothing,25,Indiana,M,Charcoal,Winter,3.7,No,PayPal,Next Day Air,No,No,28,Debit Card,Annually,25,1.0,3.367295829986474,3.367295829986474,0.0,0.0,0.0,0.0,0.03882783882783883,0.4564102564102564,3.7150943396226417,3.726725521669342
969,57,Male,Shorts,Clothing,67,North Carolina,L,Gray,Summer,3.1,Yes,Debit Card,Next Day Air,Yes,Yes,48,Bank Transfer,Quarterly,67,4.0,3.8918202981106265,15.567281192442506,1.0,1.0,1.0,1.0,0.04212454212454213,0.4564102564102564,3.6730434782608694,3.726725521669342
3414,34,Female,Gloves,Accessories,90,Delaware,XL,Black,Winter,2.5,No,Cash,Express,No,No,16,PayPal,Bi-Weekly,90,26.0,2.833213344056216,73.66354694546162,0.0,0.0,0.0,0.0,0.03626373626373627,0.310989010989011,3.8666666666666667,3.745465253239105
971,45,Male,Jeans,Clothing,66,California,S,Maroon,Winter,4.4,Yes,PayPal,Free Shipping,Yes,Yes,4,Cash,Monthly,66,12.0,1.6094379124341003,19.313254949209202,1.0,1.0,1.0,1.0,0.03406593406593406,0.4564102564102564,3.6,3.726725521669342
654,20,Male,Scarf,Accessories,68,North Dakota,M,Olive,Winter,3.6,Yes,Credit Card,2-Day Shipping,Yes,Yes,45,Cash,Fortnightly,68,26.0,3.828641396489095,99.54467630871648,1.0,1.0,1.0,1.0,0.03772893772893773,0.310989010989011,3.721359223300971,3.745465253239105
3380,61,Female,Handbag,Accessories,51,Tennessee,L,Turquoise,Summer,5.0,No,Debit Card,Store Pickup,No,No,40,Cash,Weekly,51,52.0,3.713572066704308,193.105747468624,0.0,0.0,0.0,0.0,0.03882783882783883,0.310989010989011,3.7216981132075473,3.745465253239105
3680,53,Female,Coat,Outerwear,91,Idaho,M,Violet,Summer,2.5,No,PayPal,Store Pickup,No,No,5,Cash,Bi-Weekly,91,26.0,1.791759469228055,46.58574619992943,0.0,0.0,0.0,0.0,0.041025641025641026,0.08351648351648351,3.748214285714286,3.7504385964912283
245,53,Male,Belt,Accessories,42,Oregon,S,Indigo,Spring,4.9,Yes,Debit Card,2-Day Shipping,Yes,Yes,39,PayPal,Weekly,42,52.0,3.6888794541139363,191.8217316139247,1.0,1.0,1.0,1.0,0.04395604395604396,0.310989010989011,3.73,3.745465253239105
1522,29,Male,Backpack,Accessories,59,Washington,M,White,Summer,2.7,No,Credit Card,2-Day Shipping,Yes,Yes,50,Bank Transfer,Weekly,59,52.0,3.9318256327243257,204.45493290166493,0.0,1.0,1.0,1.0,0.03553113553113553,0.310989010989011,3.693814432989691,3.745465253239105
559,50,Male,Sneakers,Footwear,77,Iowa,L,Teal,Fall,3.2,Yes,Venmo,Express,Yes,Yes,43,Debit Card,Every 3 Months,77,4.0,3.784189633918261,15.136758535673044,1.0,1.0,1.0,1.0,0.03626373626373627,0.14908424908424908,3.749494949494949,3.7808353808353807
1463,38,Male,Sneakers,Footwear,90,Utah,S,Charcoal,Summer,4.8,No,Venmo,2-Day Shipping,Yes,Yes,2,Venmo,Quarterly,90,4.0,1.0986122886681098,4.394449154672439,0.0,1.0,1.0,1.0,0.03626373626373627,0.14908424908424908,3.749494949494949,3.7808353808353807
3644,53,Female,Scarf,Accessories,96,Tennessee,XL,Magenta,Fall,3.2,No,Bank Transfer,Standard,No,No,47,Debit Card,Annually,96,1.0,3.871201010907891,3.871201010907891,0.0,0.0,0.0,0.0,0.03772893772893773,0.310989010989011,3.721359223300971,3.745465253239105
679,27,Male,Blouse,Clothing,74,Maine,M,Teal,Fall,3.3,Yes,Credit Card,Store Pickup,Yes,Yes,25,Debit Card,Every 3 Months,74,4.0,3.258096538021482,13.032386152085929,1.0,1.0,1.0,1.0,0.047619047619047616,0.4564102564102564,3.733076923076923,3.726725521669342
3726,18,Female,Dress,Clothing,100,Oklahoma,S,Turquoise,Winter,4.4,No,Bank Transfer,Next Day Air,No,No,2,PayPal,Annually,100,1.0,1.0986122886681098,1.0986122886681098,0.0,0.0,0.0,0.0,0.044322344322344324,0.4564102564102564,3.7479338842975207,3.726725521669342
3636,52,Female,Sandals,Footwear,32,Colorado,L,Cyan,Fall,3.3,No,Cash,Free Shipping,No,No,17,Credit Card,Fortnightly,32,26.0,2.8903717578961645,75.14966570530028,0.0,0.0,0.0,0.0,0.03882783882783883,0.14908424908424908,3.8367924528301884,3.7808353808353807
2385,24,Male,Blouse,Clothing,35,Alabama,L,Green,Winter,3.3,No,Debit Card,2-Day Shipping,No,No,40,PayPal,Quarterly,35,4.0,3.713572066704308,14.854288266817232,0.0,0.0,0.0,0.0,0.047619047619047616,0.4564102564102564,3.733076923076923,3.726725521669342
589,47,Male,Boots,Footwear,60,South Dakota,M,Violet,Fall,3.0,Yes,Debit Card,Standard,Yes,Yes,9,Debit Card,Quarterly,60,4.0,2.302585092994046,9.210340371976184,1.0,1.0,1.0,1.0,0.036996336996337,0.14908424908424908,3.8237623762376236,3.7808353808353807
25,18,Male,Jacket,Outerwear,22,Florida,M,Green,Fall,2.9,Yes,Cash,Store Pickup,Yes,Yes,16,Debit Card,Weekly,22,52.0,2.833213344056216,147.32709389092324,1.0,1.0,1.0,1.0,0.04249084249084249,0.08351648351648351,3.752586206896552,3.7504385964912283
3839,47,Female,Dress,Clothing,25,Rhode Island,L,Green,Summer,4.2,No,Bank Transfer,Express,No,No,24,Venmo,Every 3 Months,25,4.0,3.2188758248682006,12.875503299472802,0.0,0.0,0.0,0.0,0.044322344322344324,0.4564102564102564,3.7479338842975207,3.726725521669342
3557,70,Female,Sweater,Clothing,88,Arizona,M,Brown,Fall,4.2,No,Bank Transfer,Express,No,No,43,Cash,Bi-Weekly,88,26.0,3.784189633918261,98.38893048187478,0.0,0.0,0.0,0.0,0.04468864468864469,0.4564102564102564,3.7147540983606557,3.726725521669342
1592,18,Male,Skirt,Clothing,100,South Dakota,L,Gold,Winter,2.9,No,Bank Transfer,Next Day Air,Yes,Yes,24,PayPal,Annually,100,1.0,3.2188758248682006,3.2188758248682006,0.0,1.0,1.0,1.0,0.041758241758241756,0.4564102564102564,3.816666666666667,3.726725521669342
3061,47,Female,Coat,Outerwear,80,California,S,Charcoal,Summer,4.7,No,Credit Card,Store Pickup,No,No,1,Venmo,Monthly,80,12.0,0.6931471805599453,8.317766166719343,0.0,0.0,0.0,0.0,0.041025641025641026,0.08351648351648351,3.748214285714286,3.7504385964912283
892,20,Male,Skirt,Clothing,26,Pennsylvania,S,Lavender,Summer,3.9,Yes,Venmo,Store Pickup,Yes,Yes,24,PayPal,Every 3 Months,26,4.0,3.2188758248682006,12.875503299472802,1.0,1.0,1.0,1.0,0.041758241758241756,0.4564102564102564,3.816666666666667,3.726725521669342
3286,58,Female,Hat,Accessories,31,Hawaii,XL,Magenta,Fall,4.6,No,PayPal,Free Shipping,No,No,11,Cash,Weekly,31,52.0,2.4849066497880004,129.21514578897603,0.0,0.0,0.0,0.0,0.038461538461538464,0.310989010989011,3.7695238095238097,3.745465253239105
575,54,Male,Sneakers,Footwear,79,Maine,L,Red,Fall,4.8,Yes,PayPal,Free Shipping,Yes,Yes,20,Bank Transfer,Bi-Weekly,79,26.0,3.044522437723423,79.157583380809,1.0,1.0,1.0,1.0,0.03626373626373627,0.14908424908424908,3.749494949494949,3.7808353808353807
8,27,Male,Shorts,Clothing,34,Louisiana,L,Charcoal,Winter,3.2,Yes,Debit Card,Free Shipping,Yes,Yes,19,Credit Card,Weekly,34,52.0,2.995732273553991,155.77807822480753,1.0,1.0,1.0,1.0,0.04212454212454213,0.4564102564102564,3.6730434782608694,3.726725521669342
2983,33,Female,Dress,Clothing,45,Wisconsin,M,Orange,Summer,3.6,No,Venmo,Store Pickup,No,No,4,Credit Card,Weekly,45,52.0,1.6094379124341003,83.69077144657321,0.0,0.0,0.0,0.0,0.044322344322344324,0.4564102564102564,3.7479338842975207,3.726725521669342
1654,31,Male,Belt,Accessories,93,Colorado,L,Silver,Winter,3.0,No,Venmo,2-Day Shipping,Yes,Yes,29,Debit Card,Bi-Weekly,93,26.0,3.4011973816621555,88.43113192321604,0.0,1.0,1.0,1.0,0.04395604395604396,0.310989010989011,3.73,3.745465253239105
766,54,Male,Sneakers,Footwear,99,Alaska,M,Pink,Summer,3.0,Yes,Bank Transfer,Store Pickup,Yes,Yes,13,Cash,Quarterly,99,4.0,2.6390573296152584,10.556229318461034,1.0,1.0,1.0,1.0,0.03626373626373627,0.14908424908424908,3.749494949494949,3.7808353808353807
2859,34,Female,Jeans,Clothing,87,Maryland,L,Teal,Summer,3.8,No,Cash,2-Day Shipping,No,No,46,Bank Transfer,Monthly,87,12.0,3.8501476017100584,46.2017712205207,0.0,0.0,0.0,0.0,0.03406593406593406,0.4564102564102564,3.6,3.726725521669342
1563,37,Male,Scarf,Accessories,75,Alabama,M,Purple,Winter,3.2,No,Credit Card,Next Day Air,Yes,Yes,23,Venmo,Bi-Weekly,75,26.0,3.1780538303479458,82.62939958904659,0.0,1.0,1.0,1.0,0.03772893772893773,0.310989010989011,3.721359223300971,3.745465253239105
2071,56,Male,Jewelry,Accessories,88,Nebraska,XL,Red,Spring,3.1,No,Cash,Express,No,No,14,Cash,Monthly,88,12.0,2.70805020110221,32.49660241322652,0.0,0.0,0.0,0.0,0.04212454212454213,0.310989010989011,3.744347826086957,3.745465253239105
1635,28,Male,Coat,Outerwear,23,South Carolina,S,Orange,Summer,3.6,No,Debit Card,Store Pickup,Yes,Yes,30,Cash,Every 3 Months,23,4.0,3.4339872044851463,13.735948817940585,0.0,1.0,1.0,1.0,0.041025641025641026,0.08351648351648351,3.748214285714286,3.7504385964912283
2084,41,Male,Scarf,Accessories,59,Mississippi,L,Orange,Fall,2.7,No,Credit Card,Store Pickup,No,No,26,Credit Card,Fortnightly,59,26.0,3.295836866004329,85.69175851611256,0.0,0.0,0.0,0.0,0.03772893772893773,0.310989010989011,3.721359223300971,3.745465253239105
953,36,Male,Hat,Accessories,71,Idaho,S,Red,Fall,3.1,Yes,Bank Transfer,2-Day Shipping,Yes,Yes,28,PayPal,Monthly,71,12.0,3.367295829986474,40.40754995983769,1.0,1.0,1.0,1.0,0.038461538461538464,0.310989010989011,3.7695238095238097,3.745465253239105
3112,21,Female,Belt,Accessories,81,Kansas,XL,Indigo,Spring,4.9,No,PayPal,Free Shipping,No,No,25,Debit Card,Quarterly,81,4.0,3.258096538021482,13.032386152085929,0.0,0.0,0.0,0.0,0.04395604395604396,0.310989010989011,3.73,3.745465253239105
2652,51,Male,Sneakers,Footwear,43,Tennessee,M,Cyan,Summer,4.6,No,Venmo,Store Pickup,No,No,27,PayPal,Quarterly,43,4.0,3.332204510175204,13.328818040700815,0.0,0.0,0.0,0.0,0.03626373626373627,0.14908424908424908,3.749494949494949,3.7808353808353807
3704,30,Female,Sandals,Footwear,83,Michigan,S,Teal,Fall,2.9,No,Bank Transfer,Standard,No,No,23,PayPal,Every 3 Months,83,4.0,3.1780538303479458,12.712215321391783,0.0,0.0,0.0,0.0,0.03882783882783883,0.14908424908424908,3.8367924528301884,3.7808353808353807
1630,35,Male,Blouse,Clothing,88,North Dakota,S,Silver,Spring,3.3,No,Credit Card,Next Day Air,Yes,Yes,13,Venmo,Quarterly,88,4.0,2.6390573296152584,10.556229318461034,0.0,1.0,1.0,1.0,0.047619047619047616,0.4564102564102564,3.733076923076923,3.726725521669342
3404,30,Female,Boots,Footwear,65,Illinois,M,Olive,Summer,3.9,No,Credit Card,Standard,No,No,1,Cash,Bi-Weekly,65,26.0,0.6931471805599453,18.021826694558577,0.0,0.0,0.0,0.0,0.036996336996337,0.14908424908424908,3.8237623762376236,3.7808353808353807
329,48,Male,Coat,Outerwear,50,Florida,M,Yellow,Fall,2.8,Yes,Debit Card,Free Shipping,Yes,Yes,9,Credit Card,Weekly,50,52.0,2.302585092994046,119.73442483569039,1.0,1.0,1.0,1.0,0.041025641025641026,0.08351648351648351,3.748214285714286,3.7504385964912283
298,48,Male,Shoes,Footwear,26,Delaware,XL,Purple,Summer,4.4,Yes,Bank Transfer,Standard,Yes,Yes,4,Credit Card,Bi-Weekly,26,26.0,1.6094379124341003,41.845385723286604,1.0,1.0,1.0,1.0,0.036996336996337,0.14908424908424908,3.7099009900990096,3.7808353808353807
989,50,Male,Pants,Clothing,84,Ohio,M,Orange,Winter,4.9,Yes,Venmo,2-Day Shipping,Yes,Yes,47,PayPal,Fortnightly,84,26.0,3.871201010907891,100.65122628360517,1.0,1.0,1.0,1.0,0.04652014652014652,0.4564102564102564,3.729133858267717,3.726725521669342
2019,60,Male,Backpack,Accessories,97,Arkansas,S,Gold,Fall,4.5,No,Debit Card,Store Pickup,No,No,20,Bank Transfer,Weekly,97,52.0,3.044522437723423,158.315166761618,0.0,0.0,0.0,0.0,0.03553113553113553,0.310989010989011,3.693814432989691,3.745465253239105
1725,42,Male,Shoes,Footwear,72,Delaware,S,Teal,Winter,3.3,No,PayPal,Free Shipping,No,No,21,PayPal,Weekly,72,52.0,3.091042453358316,160.73420757463242,0.0,0.0,0.0,0.0,0.036996336996337,0.14908424908424908,3.7099009900990096,3.7808353808353807
3486,50,Female,Shirt,Clothing,21,Massachusetts,XL,Brown,Winter,3.4,No,Debit Card,Standard,No,No,23,Debit Card,Fortnightly,21,26.0,3.1780538303479458,82.62939958904659,0.0,0.0,0.0,0.0,0.04322344322344322,0.4564102564102564,3.669491525423729,3.726725521669342
3685,29,Female,Skirt,Clothing,86,Pennsylvania,L,Charcoal,Spring,4.4,No,PayPal,Free Shipping,No,No,47,Credit Card,Bi-Weekly,86,26.0,3.871201010907891,100.65122628360517,0.0,0.0,0.0,0.0,0.041758241758241756,0.4564102564102564,3.816666666666667,3.726725521669342
778,55,Male,Socks,Clothing,32,Wyoming,XL,Silver,Spring,2.5,Yes,Credit Card,Express,Yes,Yes,37,Venmo,Weekly,32,52.0,3.6375861597263857,189.15448030577204,1.0,1.0,1.0,1.0,0.03882783882783883,0.4564102564102564,3.7150943396226417,3.726725521669342
327,62,Male,Scarf,Accessories,41,New Jersey,M,White,Fall,3.2,Yes,Cash,Store Pickup,Yes,Yes,48,Bank Transfer,Weekly,41,52.0,3.8918202981106265,202.37465550175258,1.0,1.0,1.0,1.0,0.03772893772893773,0.310989010989011,3.721359223300971,3.745465253239105
2962,33,Female,Hoodie,Clothing,43,New Hampshire,S,Gold,Fall,2.8,No,Credit Card,Free Shipping,No,No,21,Debit Card,Bi-Weekly,43,26.0,3.091042453358316,80.36710378731621,0.0,0.0,0.0,0.0,0.03882783882783883,0.4564102564102564,3.776415094339623,3.726725521669342
2326,44,Male,Boots,Footwear,55,New York,M,Charcoal,Summer,4.4,No,Debit Card,2-Day Shipping,No,No,47,Cash,Weekly,55,52.0,3.871201010907891,201.30245256721034,0.0,0.0,0.0,0.0,0.036996336996337,0.14908424908424908,3.8237623762376236,3.7808353808353807
701,57,Male,Pants,Clothing,79,Wisconsin,L,Olive,Winter,4.1,Yes,Venmo,Standard,Yes,Yes,5,PayPal,Monthly,79,12.0,1.791759469228055,21.50111363073666,1.0,1.0,1.0,1.0,0.04652014652014652,0.4564102564102564,3.729133858267717,3.726725521669342
2064,61,Male,Shorts,Clothing,86,Indiana,M,Cyan,Fall,2.9,No,Venmo,Standard,No,No,32,Cash,Monthly,86,12.0,3.4965075614664802,41.958090737597765,0.0,0.0,0.0,0.0,0.04212454212454213,0.4564102564102564,3.6730434782608694,3.726725521669342
672,38,Male,Jacket,Outerwear,30,Iowa,L,Black,Winter,4.7,Yes,PayPal,Express,Yes,Yes,45,Cash,Weekly,30,52.0,3.828641396489095,199.08935261743295,1.0,1.0,1.0,1.0,0.04249084249084249,0.08351648351648351,3.752586206896552,3.7504385964912283
375,69,Male,Jewelry,Accessories,78,Ohio,S,Purple,Spring,5.0,Yes,Bank Transfer,Store Pickup,Yes,Yes,39,Bank Transfer,Monthly,78,12.0,3.6888794541139363,44.26655344936724,1.0,1.0,1.0,1.0,0.04212454212454213,0.310989010989011,3.744347826086957,3.745465253239105
2413,53,Male,Jacket,Outerwear,51,Oregon,M,Pink,Winter,4.3,No,Debit Card,2-Day Shipping,No,No,8,Bank Transfer,Bi-Weekly,51,26.0,2.1972245773362196,57.12783901074171,0.0,0.0,0.0,0.0,0.04249084249084249,0.08351648351648351,3.752586206896552,3.7504385964912283
1830,30,Male,Hat,Accessories,96,Oregon,M,White,Spring,4.9,No,Venmo,2-Day Shipping,No,No,50,Credit Card,Quarterly,96,4.0,3.9318256327243257,15.727302530897303,0.0,0.0,0.0,0.0,0.038461538461538464,0.310989010989011,3.7695238095238097,3.745465253239105
3785,54,Female,Socks,Clothing,53,Virginia,M,Violet,Winter,4.5,No,Cash,Next Day Air,No,No,4,Venmo,Annually,53,1.0,1.6094379124341003,1.6094379124341003,0.0,0.0,0.0,0.0,0.03882783882783883,0.4564102564102564,3.7150943396226417,3.726725521669342
3751,42,Female,Hoodie,Clothing,88,Arizona,M,Gold,Fall,3.1,No,Debit Card,Free Shipping,No,No,5,PayPal,Monthly,88,12.0,1.791759469228055,21.50111363073666,0.0,0.0,0.0,0.0,0.03882783882783883,0.4564102564102564,3.776415094339623,3.726725521669342
448,60,Male,Shorts,Clothing,82,Washington,S,Turquoise,Spring,3.6,Yes,Venmo,Standard,Yes,Yes,7,Bank Transfer,Every 3 Months,82,4.0,2.0794415416798357,8.317766166719343,1.0,1.0,1.0,1.0,0.04212454212454213,0.4564102564102564,3.6730434782608694,3.726725521669342
1126,27,Male,Sandals,Footwear,90,North Dakota,M,Lavender,Summer,2.7,No,Debit Card,2-Day Shipping,Yes,Yes,10,Bank Transfer,Weekly,90,52.0,2.3978952727983707,124.69055418551528,0.0,1.0,1.0,1.0,0.03882783882783883,0.14908424908424908,3.8367924528301884,3.7808353808353807
1038,52,Male,Jewelry,Accessories,25,Rhode Island,XL,Brown,Spring,3.4,Yes,Bank Transfer,Standard,Yes,Yes,48,Debit Card,Quarterly,25,4.0,3.8918202981106265,15.567281192442506,1.0,1.0,1.0,1.0,0.04212454212454213,0.310989010989011,3.744347826086957,3.745465253239105
2381,41,Male,Scarf,Accessories,66,Pennsylvania,M,Black,Fall,2.5,No,Credit Card,Next Day Air,No,No,36,PayPal,Fortnightly,66,26.0,3.6109179126442243,93.88386572874984,0.0,0.0,0.0,0.0,0.03772893772893773,0.310989010989011,3.721359223300971,3.745465253239105
202,69,Male,Blouse,Clothing,22,Missouri,S,Beige,Fall,4.3,Yes,Bank Transfer,Free Shipping,Yes,Yes,15,Bank Transfer,Annually,22,1.0,2.772588722239781,2.772588722239781,1.0,1.0,1.0,1.0,0.047619047619047616,0.4564102564102564,3.733076923076923,3.726725521669342
1642,50,Male,Hoodie,Clothing,32,Colorado,L,Violet,Summer,3.4,No,Bank Transfer,Free Shipping,Yes,Yes,1,Bank Transfer,Every 3 Months,32,4.0,0.6931471805599453,2.772588722239781,0.0,1.0,1.0,1.0,0.03882783882783883,0.4564102564102564,3.776415094339623,3.726725521669342
2529,52,Male,Jewelry,Accessories,47,Alabama,S,Peach,Fall,4.7,No,Bank Transfer,2-Day Shipping,No,No,31,Debit Card,Monthly,47,12.0,3.4657359027997265,41.58883083359672,0.0,0.0,0.0,0.0,0.04212454212454213,0.310989010989011,3.744347826086957,3.745465253239105
3364,58,Female,Sweater,Clothing,23,California,M,Turquoise,Winter,3.0,No,PayPal,Next Day Air,No,No,46,Bank Transfer,Bi-Weekly,23,26.0,3.8501476017100584,100.10383764446152,0.0,0.0,0.0,0.0,0.04468864468864469,0.4564102564102564,3.7147540983606557,3.726725521669342
1632,65,Male,Sweater,Clothing,36,Indiana,L,Violet,Summer,3.9,No,PayPal,2-Day Shipping,Yes,Yes,7,Bank Transfer,Fortnightly,36,26.0,2.0794415416798357,54.06548008367573,0.0,1.0,1.0,1.0,0.04468864468864469,0.4564102564102564,3.7147540983606557,3.726725521669342
1639,68,Male,Jacket,Outerwear,51,Tennessee,M,Black,Spring,4.6,No,PayPal,Free Shipping,Yes,Yes,18,Venmo,Weekly,51,52.0,2.9444389791664403,153.1108269166549,0.0,1.0,1.0,1.0,0.04249084249084249,0.08351648351648351,3.752586206896552,3.7504385964912283
2635,26,Male,Sandals,Footwear,58,North Carolina,S,Black,Summer,3.2,No,Cash,Store Pickup,No,No,20,PayPal,Every 3 Months,58,4.0,3.044522437723423,12.178089750893692,0.0,0.0,0.0,0.0,0.03882783882783883,0.14908424908424908,3.8367924528301884,3.7808353808353807
896,40,Male,Hat,Accessories,69,Mississippi,XL,Olive,Spring,4.7,Yes,Debit Card,Next Day Air,Yes,Yes,33,Debit Card,Quarterly,69,4.0,3.5263605246161616,14.105442098464646,1.0,1.0,1.0,1.0,0.038461538461538464,0.310989010989011,3.7695238095238097,3.745465253239105
3118,43,Female,Hoodie,Clothing,50,Florida,M,Olive,Fall,3.0,No,Credit Card,Free Shipping,No,No,4,PayPal,Bi-Weekly,50,26.0,1.6094379124341003,41.845385723286604,0.0,0.0,0.0,0.0,0.03882783882783883,0.4564102564102564,3.776415094339623,3.726725521669342
3887,37,Female,Jewelry,Accessories,92,Iowa,S,Brown,Summer,3.9,No,Bank Transfer,Express,No,No,40,Debit Card,Quarterly,92,4.0,3.713572066704308,14.854288266817232,0.0,0.0,0.0,0.0,0.04212454212454213,0.310989010989011,3.744347826086957,3.745465253239105
3201,67,Female,Socks,Clothing,24,Missouri,L,Black,Spring,4.8,No,PayPal,Free Shipping,No,No,32,Credit Card,Monthly,24,12.0,3.4965075614664802,41.958090737597765,0.0,0.0,0.0,0.0,0.03882783882783883,0.4564102564102564,3.7150943396226417,3.726725521669342
225,63,Male,Socks,Clothing,83,South Dakota,S,Beige,Summer,2.9,Yes,PayPal,Free Shipping,Yes,Yes,12,Cash,Every 3 Months,83,4.0,2.5649493574615367,10.259797429846147,1.0,1.0,1.0,1.0,0.03882783882783883,0.4564102564102564,3.7150943396226417,3.726725521669342
2450,26,Male,Coat,Outerwear,56,Alabama,S,Violet,Fall,4.1,No,Debit Card,Express,No,No,31,Venmo,Fortnightly,56,26.0,3.4657359027997265,90.10913347279289,0.0,0.0,0.0,0.0,0.041025641025641026,0.08351648351648351,3.748214285714286,3.7504385964912283
3846,58,Female,Sweater,Clothing,52,California,M,Green,Winter,4.9,No,Venmo,Standard,No,No,46,Venmo,Annually,52,1.0,3.8501476017100584,3.8501476017100584,0.0,0.0,0.0,0.0,0.04468864468864469,0.4564102564102564,3.7147540983606557,3.726725521669342
3432,46,Female,Belt,Accessories,49,New Mexico,S,Green,Summer,4.2,No,Cash,Express,No,No,20,Venmo,Annually,49,1.0,3.044522437723423,3.044522437723423,0.0,0.0,0.0,0.0,0.04395604395604396,0.310989010989011,3.73,3.745465253239105
974,60,Male,Jacket,Outerwear,75,Colorado,M,Teal,Fall,3.5,Yes,Venmo,2-Day Shipping,Yes,Yes,30,Bank Transfer,Quarterly,75,4.0,3.4339872044851463,13.735948817940585,1.0,1.0,1.0,1.0,0.04249084249084249,0.08351648351648351,3.752586206896552,3.7504385964912283
28,56,Male,Shorts,Clothing,56,Kentucky,L,Cyan,Summer,5.0,Yes,Debit Card,Next Day Air,Yes,Yes,7,Bank Transfer,Every 3 Months,56,4.0,2.0794415416798357,8.317766166719343,1.0,1.0,1.0,1.0,0.04212454212454213,0.4564102564102564,3.6730434782608694,3.726725521669342
3291,52,Female,Coat,Outerwear,82,North Dakota,L,Black,Spring,3.1,No,Bank Transfer,Free Shipping,No,No,2,PayPal,Monthly,82,12.0,1.0986122886681098,13.183347464017316,0.0,0.0,0.0,0.0,0.041025641025641026,0.08351648351648351,3.748214285714286,3.7504385964912283
3789,43,Female,Hat,Accessories,65,Kansas,XL,Teal,Spring,3.2,No,Cash,Next Day Air,No,No,27,Debit Card,Monthly,65,12.0,3.332204510175204,39.986454122102444,0.0,0.0,0.0,0.0,0.038461538461538464,0.310989010989011,3.7695238095238097,3.745465253239105
3784,39,Female,Gloves,Accessories,66,Maine,XL,Orange,Summer,3.2,No,Cash,Free Shipping,No,No,17,Debit Card,Fortnightly,66,26.0,2.8903717578961645,75.14966570530028,0.0,0.0,0.0,0.0,0.03626373626373627,0.310989010989011,3.8666666666666667,3.745465253239105
1423,44,Male,Dress,Clothing,27,Texas,L,Charcoal,Fall,3.4,No,PayPal,Free Shipping,Yes,Yes,3,PayPal,Bi-Weekly,27,26.0,1.3862943611198906,36.04365338911715,0.0,1.0,1.0,1.0,0.044322344322344324,0.4564102564102564,3.7479338842975207,3.726725521669342
257,58,Male,Jewelry,Accessories,30,South Dakota,XL,Violet,Spring,4.7,Yes,Venmo,Express,Yes,Yes,20,Credit Card,Every 3 Months,30,4.0,3.044522437723423,12.178089750893692,1.0,1.0,1.0,1.0,0.04212454212454213,0.310989010989011,3.744347826086957,3.745465253239105
1940,66,Male,Gloves,Accessories,57,Ohio,L,Magenta,Winter,3.7,No,Bank Transfer,Store Pickup,No,No,20,PayPal,Every 3 Months,57,4.0,3.044522437723423,12.178089750893692,0.0,0.0,0.0,0.0,0.03626373626373627,0.310989010989011,3.8666666666666667,3.745465253239105
404,19,Male,Sneakers,Footwear,45,Nevada,M,Orange,Winter,4.5,Yes,Credit Card,Next Day Air,Yes,Yes,12,Bank Transfer,Annually,45,1.0,2.5649493574615367,2.5649493574615367,1.0,1.0,1.0,1.0,0.03626373626373627,0.14908424908424908,3.749494949494949,3.7808353808353807
3806,48,Female,Scarf,Accessories,57,New Jersey,M,Green,Fall,3.1,No,Debit Card,Standard,No,No,31,Credit Card,Quarterly,57,4.0,3.4657359027997265,13.862943611198906,0.0,0.0,0.0,0.0,0.03772893772893773,0.310989010989011,3.721359223300971,3.745465253239105
1259,47,Male,Boots,Footwear,87,Ohio,XL,Gold,Spring,4.1,No,Debit Card,2-Day Shipping,Yes,Yes,34,Debit Card,Every 3 Months,87,4.0,3.5553480614894135,14.221392245957654,0.0,1.0,1.0,1.0,0.036996336996337,0.14908424908424908,3.8237623762376236,3.7808353808353807
3076,54,Female,Shorts,Clothing,90,Utah,XL,Beige,Winter,3.6,No,Credit Card,Standard,No,No,21,PayPal,Every 3 Months,90,4.0,3.091042453358316,12.364169813433264,0.0,0.0,0.0,0.0,0.04212454212454213,0.4564102564102564,3.6730434782608694,3.726725521669342
1568,30,Male,Backpack,Accessories,33,Minnesota,M,Turquoise,Spring,4.1,No,Venmo,Standard,Yes,Yes,9,Cash,Monthly,33,12.0,2.302585092994046,27.63102111592855,0.0,1.0,1.0,1.0,0.03553113553113553,0.310989010989011,3.693814432989691,3.745465253239105
2251,41,Male,Shoes,Footwear,89,Colorado,L,Pink,Summer,4.6,No,Venmo,Store Pickup,No,No,19,Credit Card,Weekly,89,52.0,2.995732273553991,155.77807822480753,0.0,0.0,0.0,0.0,0.036996336996337,0.14908424908424908,3.7099009900990096,3.7808353808353807
361,51,Male,Pants,Clothing,30,Rhode Island,M,Teal,Summer,3.0,Yes,Bank Transfer,Standard,Yes,Yes,18,Debit Card,Fortnightly,30,26.0,2.9444389791664403,76.55541345832745,1.0,1.0,1.0,1.0,0.04652014652014652,0.4564102564102564,3.729133858267717,3.726725521669342
3831,22,Female,Hat,Accessories,27,Pennsylvania,M,Indigo,Summer,3.0,No,PayPal,2-Day Shipping,No,No,33,Bank Transfer,Every 3 Months,27,4.0,3.5263605246161616,14.105442098464646,0.0,0.0,0.0,0.0,0.038461538461538464,0.310989010989011,3.7695238095238097,3.745465253239105
1836,65,Male,Scarf,Accessories,75,Kentucky,M,Lavender,Fall,3.2,No,Cash,2-Day Shipping,No,No,45,Credit Card,Quarterly,75,4.0,3.828641396489095,15.31456558595638,0.0,0.0,0.0,0.0,0.03772893772893773,0.310989010989011,3.721359223300971,3.745465253239105
907,41,Male,Pants,Clothing,56,South Carolina,M,Red,Spring,4.2,Yes,Debit Card,Standard,Yes,Yes,21,Debit Card,Bi-Weekly,56,26.0,3.091042453358316,80.36710378731621,1.0,1.0,1.0,1.0,0.04652014652014652,0.4564102564102564,3.729133858267717,3.726725521669342
732,43,Male,Coat,Outerwear,28,Arkansas,M,Red,Spring,3.5,Yes,Credit Card,Free Shipping,Yes,Yes,30,PayPal,Fortnightly,28,26.0,3.4339872044851463,89.2836673166138,1.0,1.0,1.0,1.0,0.041025641025641026,0.08351648351648351,3.748214285714286,3.7504385964912283
541,49,Male,Dress,Clothing,37,South Carolina,M,Lavender,Spring,3.1,Yes,Venmo,Next Day Air,Yes,Yes,33,Cash,Every 3 Months,37,4.0,3.5263605246161616,14.105442098464646,1.0,1.0,1.0,1.0,0.044322344322344324,0.4564102564102564,3.7479338842975207,3.726725521669342
758,41,Male,Hoodie,Clothing,32,Minnesota,M,Red,Fall,3.8,Yes,Debit Card,Store Pickup,Yes,Yes,18,Debit Card,Quarterly,32,4.0,2.9444389791664403,11.777755916665761,1.0,1.0,1.0,1.0,0.03882783882783883,0.4564102564102564,3.776415094339623,3.726725521669342
1864,25,Male,Sandals,Footwear,21,Connecticut,L,Orange,Spring,4.3,No,Venmo,2-Day Shipping,No,No,39,Debit Card,Monthly,21,12.0,3.6888794541139363,44.26655344936724,0.0,0.0,0.0,0.0,0.03882783882783883,0.14908424908424908,3.8367924528301884,3.7808353808353807
328,61,Male,Coat,Outerwear,42,Iowa,M,Teal,Summer,3.1,Yes,PayPal,Free Shipping,Yes,Yes,36,PayPal,Weekly,42,52.0,3.6109179126442243,187.76773145749968,1.0,1.0,1.0,1.0,0.041025641025641026,0.08351648351648351,3.748214285714286,3.7504385964912283
705,34,Male,Hoodie,Clothing,66,Idaho,S,Black,Spring,3.2,Yes,Venmo,Express,Yes,Yes,18,PayPal,Annually,66,1.0,2.9444389791664403,2.9444389791664403,1.0,1.0,1.0,1.0,0.03882783882783883,0.4564102564102564,3.776415094339623,3.726725521669342
1938,43,Male,Socks,Clothing,53,Delaware,M,Olive,Summer,4.5,No,Venmo,2-Day Shipping,No,No,11,Bank Transfer,Monthly,53,12.0,2.4849066497880004,29.818879797456006,0.0,0.0,0.0,0.0,0.03882783882783883,0.4564102564102564,3.7150943396226417,3.726725521669342
3641,47,Female,Sunglasses,Accessories,31,Minnesota,L,Pink,Spring,4.0,No,Credit Card,Next Day Air,No,No,17,PayPal,Monthly,31,12.0,2.8903717578961645,34.68446109475397,0.0,0.0,0.0,0.0,0.0380952380952381,0.310989010989011,3.7211538461538463,3.745465253239105
2699,55,Female,Hoodie,Clothing,57,Virginia,M,Magenta,Summer,3.6,No,Venmo,Store Pickup,No,No,34,Venmo,Quarterly,57,4.0,3.5553480614894135,14.221392245957654,0.0,0.0,0.0,0.0,0.03882783882783883,0.4564102564102564,3.776415094339623,3.726725521669342
2547,63,Male,Boots,Footwear,21,Texas,L,Gray,Summer,3.0,No,Venmo,Express,No,No,4,Credit Card,Quarterly,21,4.0,1.6094379124341003,6.437751649736401,0.0,0.0,0.0,0.0,0.036996336996337,0.14908424908424908,3.8237623762376236,3.7808353808353807
2993,41,Female,Socks,Clothing,64,North Dakota,M,Charcoal,Spring,3.9,No,Bank Transfer,Store Pickup,No,No,25,Venmo,Weekly,64,52.0,3.258096538021482,169.42101997711708,0.0,0.0,0.0,0.0,0.03882783882783883,0.4564102564102564,3.7150943396226417,3.726725521669342
843,59,Male,Shirt,Clothing,87,Missouri,M,Violet,Spring,3.6,Yes,Venmo,Express,Yes,Yes,25,PayPal,Weekly,87,52.0,3.258096538021482,169.42101997711708,1.0,1.0,1.0,1.0,0.04322344322344322,0.4564102564102564,3.669491525423729,3.726725521669342
2667,49,Female,Sandals,Footwear,95,Ohio,S,Brown,Winter,4.1,No,Bank Transfer,Store Pickup,No,No,14,Venmo,Fortnightly,95,26.0,2.70805020110221,70.40930522865746,0.0,0.0,0.0,0.0,0.03882783882783883,0.14908424908424908,3.8367924528301884,3.7808353808353807
628,42,Male,Sandals,Footwear,44,Oregon,L,Black,Winter,4.1,Yes,Venmo,Express,Yes,Yes,24,PayPal,Monthly,44,12.0,3.2188758248682006,38.626509898418405,1.0,1.0,1.0,1.0,0.03882783882783883,0.14908424908424908,3.8367924528301884,3.7808353808353807
2801,70,Female,Shirt,Clothing,76,Arkansas,L,Violet,Fall,3.4,No,PayPal,Free Shipping,No,No,14,Cash,Bi-Weekly,76,26.0,2.70805020110221,70.40930522865746,0.0,0.0,0.0,0.0,0.04322344322344322,0.4564102564102564,3.669491525423729,3.726725521669342
80,38,Male,Jacket,Outerwear,96,Iowa,M,Olive,Winter,2.6,Yes,Bank Transfer,2-Day Shipping,Yes,Yes,43,Bank Transfer,Every 3 Months,96,4.0,3.784189633918261,15.136758535673044,1.0,1.0,1.0,1.0,0.04249084249084249,0.08351648351648351,3.752586206896552,3.7504385964912283
2988,63,Female,Skirt,Clothing,36,Louisiana,L,Black,Winter,2.5,No,Debit Card,Store Pickup,No,No,42,Cash,Monthly,36,12.0,3.7612001156935624,45.13440138832275,0.0,0.0,0.0,0.0,0.041758241758241756,0.4564102564102564,3.816666666666667,3.726725521669342
1264,41,Male,Hoodie,Clothing,70,Delaware,L,Brown,Winter,4.6,No,Bank Transfer,2-Day Shipping,Yes,Yes,1,Credit Card,Bi-Weekly,70,26.0,0.6931471805599453,18.021826694558577,0.0,1.0,1.0,1.0,0.03882783882783883,0.4564102564102564,3.776415094339623,3.726725521669342
1866,56,Male,Pants,Clothing,62,Missouri,S,Silver,Summer,3.8,No,Venmo,Store Pickup,No,No,12,Bank Transfer,Monthly,62,12.0,2.5649493574615367,30.779392289538443,0.0,0.0,0.0,0.0,0.04652014652014652,0.4564102564102564,3.729133858267717,3.726725521669342
2475,23,Male,T-shirt,Clothing,76,North Carolina,M,Olive,Fall,3.2,No,Cash,Store Pickup,No,No,19,Bank Transfer,Quarterly,76,4.0,2.995732273553991,11.982929094215963,0.0,0.0,0.0,0.0,0.034432234432234435,0.4564102564102564,3.8138297872340425,3.726725521669342
518,61,Male,Boots,Footwear,49,North Dakota,L,Silver,Fall,2.7,Yes,Debit Card,Free Shipping,Yes,Yes,44,Cash,Every 3 Months,49,4.0,3.8066624897703196,15.226649959081278,1.0,1.0,1.0,1.0,0.036996336996337,0.14908424908424908,3.8237623762376236,3.7808353808353807
1833,69,Male,Jewelry,Accessories,29,Louisiana,M,Blue,Fall,4.6,No,Debit Card,Free Shipping,No,No,48,Cash,Monthly,29,12.0,3.8918202981106265,46.701843577327516,0.0,0.0,0.0,0.0,0.04212454212454213,0.310989010989011,3.744347826086957,3.745465253239105
2948,52,Female,Jewelry,Accessories,63,Nebraska,L,Peach,Spring,4.4,No,Venmo,Standard,No,No,50,Venmo,Annually,63,1.0,3.9318256327243257,3.9318256327243257,0.0,0.0,0.0,0.0,0.04212454212454213,0.310989010989011,3.744347826086957,3.745465253239105
1924,64,Male,Sandals,Footwear,36,Nebraska,XL,Blue,Summer,4.3,No,PayPal,Standard,No,No,7,Cash,Annually,36,1.0,2.0794415416798357,2.0794415416798357,0.0,0.0,0.0,0.0,0.03882783882783883,0.14908424908424908,3.8367924528301884,3.7808353808353807
1311,43,Male,Hoodie,Clothing,59,South Carolina,L,Brown,Winter,3.1,No,Credit Card,Store Pickup,Yes,Yes,38,Credit Card,Every 3 Months,59,4.0,3.6635616461296463,14.654246584518585,0.0,1.0,1.0,1.0,0.03882783882783883,0.4564102564102564,3.776415094339623,3.726725521669342
2969,26,Female,Sweater,Clothing,48,South Carolina,S,Gray,Fall,4.9,No,Cash,Express,No,No,25,Cash,Every 3 Months,48,4.0,3.258096538021482,13.032386152085929,0.0,0.0,0.0,0.0,0.04468864468864469,0.4564102564102564,3.7147540983606557,3.726725521669342
583,40,Male,Jacket,Outerwear,77,Colorado,L,Turquoise,Spring,4.9,Yes,Debit Card,Store Pickup,Yes,Yes,2,Bank Transfer,Quarterly,77,4.0,1.0986122886681098,4.394449154672439,1.0,1.0,1.0,1.0,0.04249084249084249,0.08351648351648351,3.752586206896552,3.7504385964912283
3209,61,Female,Jewelry,Accessories,30,Indiana,L,Indigo,Winter,3.3,No,PayPal,2-Day Shipping,No,No,42,PayPal,Weekly,30,52.0,3.7612001156935624,195.58240601606525,0.0,0.0,0.0,0.0,0.04212454212454213,0.310989010989011,3.744347826086957,3.745465253239105
2242,18,Male,Jacket,Outerwear,77,Maryland,M,Purple,Summer,3.5,No,Bank Transfer,Free Shipping,No,No,3,Bank Transfer,Bi-Weekly,77,26.0,1.3862943611198906,36.04365338911715,0.0,0.0,0.0,0.0,0.04249084249084249,0.08351648351648351,3.752586206896552,3.7504385964912283
65,65,Male,Boots,Footwear,83,Alabama,S,Green,Fall,4.8,Yes,PayPal,Standard,Yes,Yes,18,Debit Card,Fortnightly,83,26.0,2.9444389791664403,76.55541345832745,1.0,1.0,1.0,1.0,0.036996336996337,0.14908424908424908,3.8237623762376236,3.7808353808353807
1095,25,Male,Jewelry,Accessories,40,Connecticut,M,Black,Winter,4.8,No,Credit Card,Next Day Air,Yes,Yes,25,Cash,Quarterly,40,4.0,3.258096538021482,13.032386152085929,0.0,1.0,1.0,1.0,0.04212454212454213,0.310989010989011,3.744347826086957,3.745465253239105
2431,20,Male,Jacket,Outerwear,100,North Dakota,XL,White,Summer,4.3,No,Cash,Express,No,No,42,Cash,Quarterly,100,4.0,3.7612001156935624,15.04480046277425,0.0,0.0,0.0,0.0,0.04249084249084249,0.08351648351648351,3.752586206896552,3.7504385964912283
3696,38,Female,Skirt,Clothing,33,Florida,M,White,Fall,4.6,No,Bank Transfer,Standard,No,No,18,Bank Transfer,Fortnightly,33,26.0,2.9444389791664403,76.55541345832745,0.0,0.0,0.0,0.0,0.041758241758241756,0.4564102564102564,3.816666666666667,3.726725521669342
828,31,Male,Shoes,Footwear,51,Colorado,S,Green,Fall,4.1,Yes,Credit Card,Free Shipping,Yes,Yes,33,Bank Transfer,Fortnightly,51,26.0,3.5263605246161616,91.6853736400202,1.0,1.0,1.0,1.0,0.036996336996337,0.14908424908424908,3.7099009900990096,3.7808353808353807
2499,18,Male,Coat,Outerwear,39,Massachusetts,S,Green,Fall,2.6,No,Cash,Next Day Air,No,No,38,Cash,Fortnightly,39,26.0,3.6635616461296463,95.2526027993708,0.0,0.0,0.0,0.0,0.041025641025641026,0.08351648351648351,3.748214285714286,3.7504385964912283
3436,68,Female,Socks,Clothing,91,Montana,M,Beige,Summer,2.7,No,Debit Card,2-Day Shipping,No,No,50,Debit Card,Bi-Weekly,91,26.0,3.9318256327243257,102.22746645083247,0.0,0.0,0.0,0.0,0.03882783882783883,0.4564102564102564,3.7150943396226417,3.726725521669342
10,57,Male,Handbag,Accessories,31,Missouri,M,Pink,Spring,4.8,Yes,PayPal,2-Day Shipping,Yes,Yes,4,Cash,Quarterly,31,4.0,1.6094379124341003,6.437751649736401,1.0,1.0,1.0,1.0,0.03882783882783883,0.310989010989011,3.7216981132075473,3.745465253239105
1369,21,Male,Shirt,Clothing,36,Wisconsin,L,Orange,Summer,4.9,No,Venmo,Express,Yes,Yes,2,Cash,Weekly,36,52.0,1.0986122886681098,57.12783901074171,0.0,1.0,1.0,1.0,0.04322344322344322,0.4564102564102564,3.669491525423729,3.726725521669342
915,43,Male,Dress,Clothing,67,Washington,L,Purple,Summer,4.1,Yes,PayPal,Standard,Yes,Yes,27,Venmo,Every 3 Months,67,4.0,3.332204510175204,13.328818040700815,1.0,1.0,1.0,1.0,0.044322344322344324,0.4564102564102564,3.7479338842975207,3.726725521669342
3576,61,Female,Coat,Outerwear,95,Kentucky,M,Violet,Fall,3.7,No,Cash,Express,No,No,49,Venmo,Bi-Weekly,95,26.0,3.912023005428146,101.71259814113179,0.0,0.0,0.0,0.0,0.041025641025641026,0.08351648351648351,3.748214285714286,3.7504385964912283
300,25,Male,Sneakers,Footwear,80,Pennsylvania,M,Maroon,Summer,3.2,Yes,Credit Card,Next Day Air,Yes,Yes,28,PayPal,Fortnightly,80,26.0,3.367295829986474,87.54969157964833,1.0,1.0,1.0,1.0,0.03626373626373627,0.14908424908424908,3.749494949494949,3.7808353808353807
1343,57,Male,Sunglasses,Accessories,43,Arizona,XL,Yellow,Summer,3.4,No,Cash,2-Day Shipping,Yes,Yes,11,Bank Transfer,Monthly,43,12.0,2.4849066497880004,29.818879797456006,0.0,1.0,1.0,1.0,0.0380952380952381,0.310989010989011,3.7211538461538463,3.745465253239105
2678,45,Female,Shorts,Clothing,43,Connecticut,L,Olive,Spring,3.8,No,Debit Card,Next Day Air,No,No,6,PayPal,Every 3 Months,43,4.0,1.9459101490553132,7.783640596221253,0.0,0.0,0.0,0.0,0.04212454212454213,0.4564102564102564,3.6730434782608694,3.726725521669342
1859,22,Male,Scarf,Accessories,69,Maine,S,Peach,Spring,4.9,No,Venmo,2-Day Shipping,No,No,8,Debit Card,Annually,69,1.0,2.1972245773362196,2.1972245773362196,0.0,0.0,0.0,0.0,0.03772893772893773,0.310989010989011,3.721359223300971,3.745465253239105
959,70,Male,Sneakers,Footwear,53,Washington,XL,Beige,Winter,4.4,Yes,Cash,Free Shipping,Yes,Yes,31,Credit Card,Bi-Weekly,53,26.0,3.4657359027997265,90.10913347279289,1.0,1.0,1.0,1.0,0.03626373626373627,0.14908424908424908,3.749494949494949,3.7808353808353807
2008,26,Male,Shirt,Clothing,25,Virginia,M,Silver,Summer,3.2,No,Cash,2-Day Shipping,No,No,8,PayPal,Quarterly,25,4.0,2.1972245773362196,8.788898309344878,0.0,0.0,0.0,0.0,0.04322344322344322,0.4564102564102564,3.669491525423729,3.726725521669342
3084,22,Female,Pants,Clothing,20,Illinois,S,Purple,Summer,3.5,No,Venmo,Store Pickup,No,No,28,PayPal,Quarterly,20,4.0,3.367295829986474,13.469183319945897,0.0,0.0,0.0,0.0,0.04652014652014652,0.4564102564102564,3.729133858267717,3.726725521669342
2791,34,Female,Socks,Clothing,63,Maine,M,Black,Spring,4.5,No,Cash,Free Shipping,No,No,24,Debit Card,Annually,63,1.0,3.2188758248682006,3.2188758248682006,0.0,0.0,0.0,0.0,0.03882783882783883,0.4564102564102564,3.7150943396226417,3.726725521669342
3849,22,Female,Jewelry,Accessories,60,New Hampshire,M,Magenta,Winter,3.0,No,Bank Transfer,Next Day Air,No,No,39,Cash,Every 3 Months,60,4.0,3.6888794541139363,14.755517816455745,0.0,0.0,0.0,0.0,0.04212454212454213,0.310989010989011,3.744347826086957,3.745465253239105
1143,69,Male,T-shirt,Clothing,76,Ohio,L,Green,Spring,3.5,No,Cash,Store Pickup,Yes,Yes,27,Venmo,Bi-Weekly,76,26.0,3.332204510175204,86.63731726455529,0.0,1.0,1.0,1.0,0.034432234432234435,0.4564102564102564,3.8138297872340425,3.726725521669342
2570,42,Male,Dress,Clothing,75,New York,M,Charcoal,Spring,4.8,No,Debit Card,Free Shipping,No,No,10,Bank Transfer,Bi-Weekly,75,26.0,2.3978952727983707,62.34527709275764,0.0,0.0,0.0,0.0,0.044322344322344324,0.4564102564102564,3.7479338842975207,3.726725521669342
3204,63,Female,Coat,Outerwear,29,New Jersey,L,Teal,Spring,4.1,No,Cash,Express,No,No,14,Venmo,Annually,29,1.0,2.70805020110221,2.70805020110221,0.0,0.0,0.0,0.0,0.041025641025641026,0.08351648351648351,3.748214285714286,3.7504385964912283
3106,48,Female,Skirt,Clothing,33,Oregon,M,Olive,Fall,2.7,No,Debit Card,Express,No,No,17,Debit Card,Monthly,33,12.0,2.8903717578961645,34.68446109475397,0.0,0.0,0.0,0.0,0.041758241758241756,0.4564102564102564,3.816666666666667,3.726725521669342
2130,40,Male,Skirt,Clothing,57,Minnesota,L,Orange,Fall,2.8,No,Credit Card,Store Pickup,No,No,12,PayPal,Every 3 Months,57,4.0,2.5649493574615367,10.259797429846147,0.0,0.0,0.0,0.0,0.041758241758241756,0.4564102564102564,3.816666666666667,3.726725521669342
2773,18,Female,Backpack,Accessories,94,Pennsylvania,L,Blue,Spring,3.5,No,Credit Card,Store Pickup,No,No,10,Bank Transfer,Every 3 Months,94,4.0,2.3978952727983707,9.591581091193483,0.0,0.0,0.0,0.0,0.03553113553113553,0.310989010989011,3.693814432989691,3.745465253239105
2367,30,Male,Shoes,Footwear,66,New Mexico,L,Brown,Winter,3.6,No,PayPal,Express,No,No,32,Credit Card,Fortnightly,66,26.0,3.4965075614664802,90.90919659812849,0.0,0.0,0.0,0.0,0.036996336996337,0.14908424908424908,3.7099009900990096,3.7808353808353807
653,64,Male,Sunglasses,Accessories,27,Minnesota,M,Beige,Winter,3.1,Yes,PayPal,Free Shipping,Yes,Yes,27,Venmo,Weekly,27,52.0,3.332204510175204,173.27463452911059,1.0,1.0,1.0,1.0,0.0380952380952381,0.310989010989011,3.7211538461538463,3.745465253239105
2434,54,Male,T-shirt,Clothing,73,Oregon,M,Blue,Spring,3.4,No,Cash,Standard,No,No,16,Cash,Bi-Weekly,73,26.0,2.833213344056216,73.66354694546162,0.0,0.0,0.0,0.0,0.034432234432234435,0.4564102564102564,3.8138297872340425,3.726725521669342
200,54,Male,Hat,Accessories,73,Idaho,XL,Green,Summer,3.8,Yes,Debit Card,Express,Yes,Yes,32,Cash,Weekly,73,52.0,3.4965075614664802,181.81839319625698,1.0,1.0,1.0,1.0,0.038461538461538464,0.310989010989011,3.7695238095238097,3.745465253239105
469,34,Male,Backpack,Accessories,38,Georgia,S,Peach,Fall,5.0,Yes,Bank Transfer,Free Shipping,Yes,Yes,16,Cash,Quarterly,38,4.0,2.833213344056216,11.332853376224865,1.0,1.0,1.0,1.0,0.03553113553113553,0.310989010989011,3.693814432989691,3.745465253239105
857,55,Male,Shirt,Clothing,33,Alaska,M,Gold,Summer,3.5,Yes,Debit Card,Express,Yes,Yes,47,Debit Card,Fortnightly,33,26.0,3.871201010907891,100.65122628360517,1.0,1.0,1.0,1.0,0.04322344322344322,0.4564102564102564,3.669491525423729,3.726725521669342
741,26,Male,Jeans,Clothing,69,South Dakota,M,Orange,Summer,2.8,Yes,Bank Transfer,Next Day Air,Yes,Yes,22,Credit Card,Fortnightly,69,26.0,3.1354942159291497,81.52284961415789,1.0,1.0,1.0,1.0,0.03406593406593406,0.4564102564102564,3.6,3.726725521669342
3433,36,Female,Boots,Footwear,44,Connecticut,M,Gray,Summer,4.8,No,Credit Card,2-Day Shipping,No,No,46,PayPal,Every 3 Months,44,4.0,3.8501476017100584,15.400590406840234,0.0,0.0,0.0,0.0,0.036996336996337,0.14908424908424908,3.8237623762376236,3.7808353808353807
1858,51,Male,T-shirt,Clothing,85,Colorado,L,Maroon,Summer,4.0,No,Cash,Next Day Air,No,No,33,Cash,Monthly,85,12.0,3.5263605246161616,42.316326295393935,0.0,0.0,0.0,0.0,0.034432234432234435,0.4564102564102564,3.8138297872340425,3.726725521669342
3652,20,Female,Handbag,Accessories,32,Arizona,M,Yellow,Spring,3.8,No,Bank Transfer,Express,No,No,5,Venmo,Every 3 Months,32,4.0,1.791759469228055,7.16703787691222,0.0,0.0,0.0,0.0,0.03882783882783883,0.310989010989011,3.7216981132075473,3.745465253239105
3585,39,Female,Sneakers,Footwear,52,Florida,L,Indigo,Fall,4.8,No,Debit Card,Express,No,No,48,Debit Card,Monthly,52,12.0,3.8918202981106265,46.701843577327516,0.0,0.0,0.0,0.0,0.03626373626373627,0.14908424908424908,3.749494949494949,3.7808353808353807
122,19,Male,Shorts,Clothing,72,Virginia,M,Olive,Winter,4.2,Yes,Cash,Standard,Yes,Yes,11,Cash,Fortnightly,72,26.0,2.4849066497880004,64.60757289448802,1.0,1.0,1.0,1.0,0.04212454212454213,0.4564102564102564,3.6730434782608694,3.726725521669342
1513,60,Male,Sneakers,Footwear,23,Wisconsin,L,Silver,Winter,3.9,No,Debit Card,Standard,Yes,Yes,18,PayPal,Bi-Weekly,23,26.0,2.9444389791664403,76.55541345832745,0.0,1.0,1.0,1.0,0.03626373626373627,0.14908424908424908,3.749494949494949,3.7808353808353807
1367,45,Male,Belt,Accessories,40,Iowa,M,Magenta,Fall,3.1,No,Debit Card,Free Shipping,Yes,Yes,10,Credit Card,Fortnightly,40,26.0,2.3978952727983707,62.34527709275764,0.0,1.0,1.0,1.0,0.04395604395604396,0.310989010989011,3.73,3.745465253239105
1683,65,Male,Socks,Clothing,97,New York,M,Yellow,Fall,4.9,No,Venmo,2-Day Shipping,No,No,37,Credit Card,Bi-Weekly,97,26.0,3.6375861597263857,94.57724015288602,0.0,0.0,0.0,0.0,0.03882783882783883,0.4564102564102564,3.7150943396226417,3.726725521669342
3401,39,Female,Sunglasses,Accessories,51,Nevada,M,Lavender,Fall,4.8,No,Debit Card,Free Shipping,No,No,18,Venmo,Fortnightly,51,26.0,2.9444389791664403,76.55541345832745,0.0,0.0,0.0,0.0,0.0380952380952381,0.310989010989011,3.7211538461538463,3.745465253239105
2318,47,Male,Jacket,Outerwear,34,New Jersey,M,Purple,Summer,4.7,No,Debit Card,Next Day Air,No,No,28,Bank Transfer,Monthly,34,12.0,3.367295829986474,40.40754995983769,0.0,0.0,0.0,0.0,0.04249084249084249,0.08351648351648351,3.752586206896552,3.7504385964912283
1657,21,Male,Blouse,Clothing,42,Indiana,L,Brown,Spring,2.6,No,Credit Card,2-Day Shipping,Yes,Yes,41,PayPal,Every 3 Months,42,4.0,3.7376696182833684,14.950678473133474,0.0,1.0,1.0,1.0,0.047619047619047616,0.4564102564102564,3.733076923076923,3.726725521669342
1301,67,Male,T-shirt,Clothing,100,West Virginia,M,Charcoal,Spring,4.5,No,Cash,Next Day Air,Yes,Yes,47,Credit Card,Every 3 Months,100,4.0,3.871201010907891,15.484804043631565,0.0,1.0,1.0,1.0,0.034432234432234435,0.4564102564102564,3.8138297872340425,3.726725521669342
1448,23,Male,Hoodie,Clothing,57,New Mexico,S,Beige,Summer,3.0,No,Credit Card,Next Day Air,Yes,Yes,25,PayPal,Monthly,57,12.0,3.258096538021482,39.09715845625779,0.0,1.0,1.0,1.0,0.03882783882783883,0.4564102564102564,3.776415094339623,3.726725521669342
3514,30,Female,Blouse,Clothing,74,Alaska,XL,Charcoal,Spring,4.2,No,Bank Transfer,Store Pickup,No,No,29,Credit Card,Fortnightly,74,26.0,3.4011973816621555,88.43113192321604,0.0,0.0,0.0,0.0,0.047619047619047616,0.4564102564102564,3.733076923076923,3.726725521669342
360,31,Male,Sneakers,Footwear,74,Georgia,M,Olive,Winter,3.0,Yes,Debit Card,Store Pickup,Yes,Yes,30,Credit Card,Every 3 Months,74,4.0,3.4339872044851463,13.735948817940585,1.0,1.0,1.0,1.0,0.03626373626373627,0.14908424908424908,3.749494949494949,3.7808353808353807
3497,39,Female,Shoes,Footwear,38,Idaho,M,Pink,Summer,4.0,No,Cash,Free Shipping,No,No,22,PayPal,Monthly,38,12.0,3.1354942159291497,37.625930591149796,0.0,0.0,0.0,0.0,0.036996336996337,0.14908424908424908,3.7099009900990096,3.7808353808353807
1415,29,Male,Socks,Clothing,51,Minnesota,M,Black,Summer,4.5,No,Debit Card,Store Pickup,Yes,Yes,3,Credit Card,Bi-Weekly,51,26.0,1.3862943611198906,36.04365338911715,0.0,1.0,1.0,1.0,0.03882783882783883,0.4564102564102564,3.7150943396226417,3.726725521669342
3249,22,Female,T-shirt,Clothing,79,Pennsylvania,S,Teal,Summer,4.2,No,Venmo,Free Shipping,No,No,41,Bank Transfer,Quarterly,79,4.0,3.7376696182833684,14.950678473133474,0.0,0.0,0.0,0.0,0.034432234432234435,0.4564102564102564,3.8138297872340425,3.726725521669342
263,37,Male,Pants,Clothing,40,Hawaii,M,Teal,Summer,3.7,Yes,Cash,Next Day Air,Yes,Yes,6,Debit Card,Annually,40,1.0,1.9459101490553132,1.9459101490553132,1.0,1.0,1.0,1.0,0.04652014652014652,0.4564102564102564,3.729133858267717,3.726725521669342
929,67,Male,Dress,Clothing,37,Arkansas,XL,Yellow,Winter,3.4,Yes,Bank Transfer,Store Pickup,Yes,Yes,31,Cash,Every 3 Months,37,4.0,3.4657359027997265,13.862943611198906,1.0,1.0,1.0,1.0,0.044322344322344324,0.4564102564102564,3.7479338842975207,3.726725521669342
1137,23,Male,Handbag,Accessories,83,Illinois,S,Cyan,Summer,4.8,No,Debit Card,Free Shipping,Yes,Yes,37,Cash,Monthly,83,12.0,3.6375861597263857,43.65103391671663,0.0,1.0,1.0,1.0,0.03882783882783883,0.310989010989011,3.7216981132075473,3.745465253239105
1548,46,Male,Hat,Accessories,46,South Carolina,L,Teal,Summer,3.5,No,PayPal,Standard,Yes,Yes,40,Cash,Quarterly,46,4.0,3.713572066704308,14.854288266817232,0.0,1.0,1.0,1.0,0.038461538461538464,0.310989010989011,3.7695238095238097,3.745465253239105
374,23,Male,Coat,Outerwear,27,North Dakota,L,White,Summer,4.6,Yes,Bank Transfer,Express,Yes,Yes,11,Venmo,Bi-Weekly,27,26.0,2.4849066497880004,64.60757289448802,1.0,1.0,1.0,1.0,0.041025641025641026,0.08351648351648351,3.748214285714286,3.7504385964912283
2811,27,Female,Jeans,Clothing,31,Arizona,M,Purple,Summer,4.0,No,Credit Card,Standard,No,No,10,Debit Card,Fortnightly,31,26.0,2.3978952727983707,62.34527709275764,0.0,0.0,0.0,0.0,0.03406593406593406,0.4564102564102564,3.6,3.726725521669342
1752,57,Male,Sweater,Clothing,40,Ohio,M,Silver,Winter,3.2,No,PayPal,2-Day Shipping,No,No,34,Cash,Annually,40,1.0,3.5553480614894135,3.5553480614894135,0.0,0.0,0.0,0.0,0.04468864468864469,0.4564102564102564,3.7147540983606557,3.726725521669342
1344,68,Male,Sneakers,Footwear,56,Florida,M,Indigo,Spring,3.4,No,Venmo,Standard,Yes,Yes,34,Bank Transfer,Monthly,56,12.0,3.5553480614894135,42.664176737872964,0.0,1.0,1.0,1.0,0.03626373626373627,0.14908424908424908,3.749494949494949,3.7808353808353807
1020,32,Male,Shirt,Clothing,76,Kentucky,S,Beige,Winter,2.8,Yes,Debit Card,Standard,Yes,Yes,33,Venmo,Bi-Weekly,76,26.0,3.5263605246161616,91.6853736400202,1.0,1.0,1.0,1.0,0.04322344322344322,0.4564102564102564,3.669491525423729,3.726725521669342
2426,58,Male,Shoes,Footwear,49,North Dakota,S,Olive,Summer,3.0,No,Venmo,2-Day Shipping,No,No,34,Bank Transfer,Quarterly,49,4.0,3.5553480614894135,14.221392245957654,0.0,0.0,0.0,0.0,0.036996336996337,0.14908424908424908,3.7099009900990096,3.7808353808353807
737,18,Male,Dress,Clothing,58,Colorado,L,Maroon,Spring,2.9,Yes,Debit Card,2-Day Shipping,Yes,Yes,32,Credit Card,Every 3 Months,58,4.0,3.4965075614664802,13.986030245865921,1.0,1.0,1.0,1.0,0.044322344322344324,0.4564102564102564,3.7479338842975207,3.726725521669342
207,24,Male,T-shirt,Clothing,55,Wisconsin,L,Silver,Summer,4.2,Yes,Venmo,Free Shipping,Yes,Yes,6,Venmo,Fortnightly,55,26.0,1.9459101490553132,50.593663875438146,1.0,1.0,1.0,1.0,0.034432234432234435,0.4564102564102564,3.8138297872340425,3.726725521669342
3722,62,Female,Coat,Outerwear,60,Connecticut,L,Pink,Fall,4.0,No,Credit Card,Next Day Air,No,No,10,Cash,Annually,60,1.0,2.3978952727983707,2.3978952727983707,0.0,0.0,0.0,0.0,0.041025641025641026,0.08351648351648351,3.748214285714286,3.7504385964912283
2169,23,Male,Handbag,Accessories,74,Connecticut,M,Beige,Spring,4.1,No,Bank Transfer,Next Day Air,No,No,32,Cash,Quarterly,74,4.0,3.4965075614664802,13.986030245865921,0.0,0.0,0.0,0.0,0.03882783882783883,0.310989010989011,3.7216981132075473,3.745465253239105
2164,52,Male,Shoes,Footwear,60,New York,L,Gray,Spring,4.5,No,Bank Transfer,Express,No,No,44,Bank Transfer,Monthly,60,12.0,3.8066624897703196,45.679949877243835,0.0,0.0,0.0,0.0,0.036996336996337,0.14908424908424908,3.7099009900990096,3.7808353808353807
1566,58,Male,Sunglasses,Accessories,93,Idaho,L,Peach,Fall,4.2,No,Venmo,Free Shipping,Yes,Yes,48,PayPal,Annually,93,1.0,3.8918202981106265,3.8918202981106265,0.0,1.0,1.0,1.0,0.0380952380952381,0.310989010989011,3.7211538461538463,3.745465253239105
342,20,Male,Hat,Accessories,20,Utah,S,Blue,Summer,4.6,Yes,Credit Card,Store Pickup,Yes,Yes,40,Debit Card,Bi-Weekly,20,26.0,3.713572066704308,96.552873734312,1.0,1.0,1.0,1.0,0.038461538461538464,0.310989010989011,3.7695238095238097,3.745465253239105
815,31,Male,Shirt,Clothing,62,Minnesota,M,Pink,Winter,3.8,Yes,Cash,Express,Yes,Yes,8,PayPal,Monthly,62,12.0,2.1972245773362196,26.366694928034633,1.0,1.0,1.0,1.0,0.04322344322344322,0.4564102564102564,3.669491525423729,3.726725521669342
1487,25,Male,Sneakers,Footwear,73,Idaho,S,Yellow,Spring,5.0,No,Cash,Free Shipping,Yes,Yes,23,Venmo,Every 3 Months,73,4.0,3.1780538303479458,12.712215321391783,0.0,1.0,1.0,1.0,0.03626373626373627,0.14908424908424908,3.749494949494949,3.7808353808353807
522,36,Male,Shorts,Clothing,41,Vermont,L,Gold,Winter,3.5,Yes,Credit Card,Standard,Yes,Yes,50,Bank Transfer,Annually,41,1.0,3.9318256327243257,3.9318256327243257,1.0,1.0,1.0,1.0,0.04212454212454213,0.4564102564102564,3.6730434782608694,3.726725521669342
2212,50,Male,Sweater,Clothing,89,Maine,L,Purple,Winter,3.2,No,PayPal,Free Shipping,No,No,45,Debit Card,Every 3 Months,89,4.0,3.828641396489095,15.31456558595638,0.0,0.0,0.0,0.0,0.04468864468864469,0.4564102564102564,3.7147540983606557,3.726725521669342
2490,66,Male,Coat,Outerwear,34,South Dakota,M,Green,Winter,3.9,No,Credit Card,Express,No,No,50,Venmo,Quarterly,34,4.0,3.9318256327243257,15.727302530897303,0.0,0.0,0.0,0.0,0.041025641025641026,0.08351648351648351,3.748214285714286,3.7504385964912283
2142,24,Male,Dress,Clothing,98,Kentucky,M,Peach,Winter,4.1,No,Credit Card,2-Day Shipping,No,No,32,PayPal,Annually,98,1.0,3.4965075614664802,3.4965075614664802,0.0,0.0,0.0,0.0,0.044322344322344324,0.4564102564102564,3.7479338842975207,3.726725521669342
1481,39,Male,Jewelry,Accessories,74,New Hampshire,M,Gold,Fall,3.6,No,Cash,Express,Yes,Yes,26,Cash,Quarterly,74,4.0,3.295836866004329,13.183347464017316,0.0,1.0,1.0,1.0,0.04212454212454213,0.310989010989011,3.744347826086957,3.745465253239105
2817,43,Female,Skirt,Clothing,28,Maryland,M,Black,Spring,3.5,No,Bank Transfer,Free Shipping,No,No,45,Venmo,Weekly,28,52.0,3.828641396489095,199.08935261743295,0.0,0.0,0.0,0.0,0.041758241758241756,0.4564102564102564,3.816666666666667,3.726725521669342
1230,34,Male,Jewelry,Accessories,52,Kansas,XL,Maroon,Winter,3.6,No,Venmo,Express,Yes,Yes,39,Bank Transfer,Annually,52,1.0,3.6888794541139363,3.6888794541139363,0.0,1.0,1.0,1.0,0.04212454212454213,0.310989010989011,3.744347826086957,3.745465253239105
2203,42,Male,Dress,Clothing,36,Alabama,M,Red,Summer,4.3,No,PayPal,Next Day Air,No,No,23,Credit Card,Weekly,36,52.0,3.1780538303479458,165.25879917809317,0.0,0.0,0.0,0.0,0.044322344322344324,0.4564102564102564,3.7479338842975207,3.726725521669342
3509,52,Female,Pants,Clothing,54,Pennsylvania,M,Gray,Fall,4.7,No,Venmo,Standard,No,No,49,Bank Transfer,Weekly,54,52.0,3.912023005428146,203.42519628226358,0.0,0.0,0.0,0.0,0.04652014652014652,0.4564102564102564,3.729133858267717,3.726725521669342
3020,19,Female,Jacket,Outerwear,44,Utah,M,Yellow,Winter,3.9,No,Venmo,2-Day Shipping,No,No,15,PayPal,Annually,44,1.0,2.772588722239781,2.772588722239781,0.0,0.0,0.0,0.0,0.04249084249084249,0.08351648351648351,3.752586206896552,3.7504385964912283
1806,41,Male,T-shirt,Clothing,62,Arizona,L,Gold,Spring,4.9,No,Venmo,Store Pickup,No,No,46,Debit Card,Weekly,62,52.0,3.8501476017100584,200.20767528892304,0.0,0.0,0.0,0.0,0.034432234432234435,0.4564102564102564,3.8138297872340425,3.726725521669342
2021,41,Male,Sweater,Clothing,23,Pennsylvania,M,Beige,Winter,4.8,No,Credit Card,Next Day Air,No,No,26,Cash,Quarterly,23,4.0,3.295836866004329,13.183347464017316,0.0,0.0,0.0,0.0,0.04468864468864469,0.4564102564102564,3.7147540983606557,3.726725521669342
759,66,Male,Shoes,Footwear,71,Massachusetts,L,Peach,Summer,4.6,Yes,Bank Transfer,2-Day Shipping,Yes,Yes,39,Bank Transfer,Every 3 Months,71,4.0,3.6888794541139363,14.755517816455745,1.0,1.0,1.0,1.0,0.036996336996337,0.14908424908424908,3.7099009900990096,3.7808353808353807
273,48,Male,Jewelry,Accessories,26,Oregon,M,Beige,Summer,4.4,Yes,PayPal,2-Day Shipping,Yes,Yes,37,Debit Card,Bi-Weekly,26,26.0,3.6375861597263857,94.57724015288602,1.0,1.0,1.0,1.0,0.04212454212454213,0.310989010989011,3.744347826086957,3.745465253239105
3351,45,Female,Handbag,Accessories,33,Mississippi,S,Olive,Fall,4.9,No,PayPal,2-Day Shipping,No,No,15,Cash,Bi-Weekly,33,26.0,2.772588722239781,72.0873067782343,0.0,0.0,0.0,0.0,0.03882783882783883,0.310989010989011,3.7216981132075473,3.745465253239105
2888,23,Female,Sandals,Footwear,28,Kentucky,L,Blue,Winter,2.8,No,Debit Card,Express,No,No,12,Cash,Bi-Weekly,28,26.0,2.5649493574615367,66.68868329399996,0.0,0.0,0.0,0.0,0.03882783882783883,0.14908424908424908,3.8367924528301884,3.7808353808353807
2698,42,Female,Jacket,Outerwear,52,Delaware,L,Red,Winter,3.2,No,Credit Card,Standard,No,No,36,Bank Transfer,Quarterly,52,4.0,3.6109179126442243,14.443671650576897,0.0,0.0,0.0,0.0,0.04249084249084249,0.08351648351648351,3.752586206896552,3.7504385964912283
1765,61,Male,Dress,Clothing,56,Delaware,M,Charcoal,Summer,3.0,No,PayPal,Store Pickup,No,No,34,Venmo,Quarterly,56,4.0,3.5553480614894135,14.221392245957654,0.0,0.0,0.0,0.0,0.044322344322344324,0.4564102564102564,3.7479338842975207,3.726725521669342
635,36,Male,Sneakers,Footwear,60,Ohio,M,Teal,Summer,3.9,Yes,Bank Transfer,Standard,Yes,Yes,46,PayPal,Weekly,60,52.0,3.8501476017100584,200.20767528892304,1.0,1.0,1.0,1.0,0.03626373626373627,0.14908424908424908,3.749494949494949,3.7808353808353807
1312,32,Male,Shoes,Footwear,87,Tennessee,M,Maroon,Fall,4.2,No,Credit Card,Express,Yes,Yes,12,Venmo,Annually,87,1.0,2.5649493574615367,2.5649493574615367,0.0,1.0,1.0,1.0,0.036996336996337,0.14908424908424908,3.7099009900990096,3.7808353808353807
2802,64,Female,Shirt,Clothing,56,New Mexico,M,Indigo,Winter,2.6,No,Cash,Express,No,No,30,PayPal,Annually,56,1.0,3.4339872044851463,3.4339872044851463,0.0,0.0,0.0,0.0,0.04322344322344322,0.4564102564102564,3.669491525423729,3.726725521669342
1926,59,Male,Sneakers,Footwear,32,Utah,L,Black,Winter,2.9,No,Venmo,Express,No,No,44,Credit Card,Fortnightly,32,26.0,3.8066624897703196,98.9732247340283,0.0,0.0,0.0,0.0,0.03626373626373627,0.14908424908424908,3.749494949494949,3.7808353808353807
1832,62,Male,Blouse,Clothing,71,Maine,M,Cyan,Summer,3.3,No,Bank Transfer,Free Shipping,No,No,5,Bank Transfer,Every 3 Months,71,4.0,1.791759469228055,7.16703787691222,0.0,0.0,0.0,0.0,0.047619047619047616,0.4564102564102564,3.733076923076923,3.726725521669342
3480,46,Female,Sweater,Clothing,56,New York,S,Orange,Summer,4.9,No,PayPal,Standard,No,No,41,Cash,Monthly,56,12.0,3.7376696182833684,44.85203541940042,0.0,0.0,0.0,0.0,0.04468864468864469,0.4564102564102564,3.7147540983606557,3.726725521669342
1132,67,Male,Shirt,Clothing,73,Illinois,M,Black,Spring,3.7,No,Credit Card,Express,Yes,Yes,20,Bank Transfer,Monthly,73,12.0,3.044522437723423,36.53426925268108,0.0,1.0,1.0,1.0,0.04322344322344322,0.4564102564102564,3.669491525423729,3.726725521669342
2869,45,Female,Backpack,Accessories,49,Colorado,M,Black,Winter,2.6,No,Debit Card,Next Day Air,No,No,42,PayPal,Every 3 Months,49,4.0,3.7612001156935624,15.04480046277425,0.0,0.0,0.0,0.0,0.03553113553113553,0.310989010989011,3.693814432989691,3.745465253239105
3812,46,Female,Belt,Accessories,30,Idaho,M,Maroon,Winter,4.0,No,Venmo,Standard,No,No,14,Cash,Monthly,30,12.0,2.70805020110221,32.49660241322652,0.0,0.0,0.0,0.0,0.04395604395604396,0.310989010989011,3.73,3.745465253239105
823,35,Male,Shirt,Clothing,59,Mississippi,L,Magenta,Winter,3.4,Yes,Cash,Standard,Yes,Yes,23,Bank Transfer,Annually,59,1.0,3.1780538303479458,3.1780538303479458,1.0,1.0,1.0,1.0,0.04322344322344322,0.4564102564102564,3.669491525423729,3.726725521669342
317,36,Male,Handbag,Accessories,22,California,M,Charcoal,Fall,3.3,Yes,Bank Transfer,Free Shipping,Yes,Yes,46,Venmo,Monthly,22,12.0,3.8501476017100584,46.2017712205207,1.0,1.0,1.0,1.0,0.03882783882783883,0.310989010989011,3.7216981132075473,3.745465253239105
3862,64,Female,Jacket,Outerwear,57,Wyoming,M,Yellow,Spring,4.9,No,Venmo,Standard,No,No,49,Credit Card,Monthly,57,12.0,3.912023005428146,46.94427606513775,0.0,0.0,0.0,0.0,0.04249084249084249,0.08351648351648351,3.752586206896552,3.7504385964912283
2462,28,Male,Scarf,Accessories,86,Pennsylvania,L,Red,Summer,4.8,No,PayPal,Next Day Air,No,No,19,Credit Card,Weekly,86,52.0,2.995732273553991,155.77807822480753,0.0,0.0,0.0,0.0,0.03772893772893773,0.310989010989011,3.721359223300971,3.745465253239105
440,62,Male,Jacket,Outerwear,50,Idaho,M,Turquoise,Summer,3.4,Yes,PayPal,Free Shipping,Yes,Yes,31,Cash,Monthly,50,12.0,3.4657359027997265,41.58883083359672,1.0,1.0,1.0,1.0,0.04249084249084249,0.08351648351648351,3.752586206896552,3.7504385964912283
222,28,Male,Hat,Accessories,68,North Carolina,XL,Magenta,Summer,4.4,Yes,Debit Card,Store Pickup,Yes,Yes,6,Bank Transfer,Quarterly,68,4.0,1.9459101490553132,7.783640596221253,1.0,1.0,1.0,1.0,0.038461538461538464,0.310989010989011,3.7695238095238097,3.745465253239105
1194,40,Male,Jacket,Outerwear,55,Alaska,L,Pink,Fall,5.0,No,Venmo,2-Day Shipping,Yes,Yes,18,Credit Card,Fortnightly,55,26.0,2.9444389791664403,76.55541345832745,0.0,1.0,1.0,1.0,0.04249084249084249,0.08351648351648351,3.752586206896552,3.7504385964912283
3157,18,Female,Shirt,Clothing,50,Montana,M,Black,Winter,3.1,No,Cash,2-Day Shipping,No,No,18,Cash,Monthly,50,12.0,2.9444389791664403,35.33326774999728,0.0,0.0,0.0,0.0,0.04322344322344322,0.4564102564102564,3.669491525423729,3.726725521669342
3035,51,Female,Boots,Footwear,37,Utah,L,Peach,Spring,3.5,No,PayPal,2-Day Shipping,No,No,25,Credit Card,Quarterly,37,4.0,3.258096538021482,13.032386152085929,0.0,0.0,0.0,0.0,0.036996336996337,0.14908424908424908,3.8237623762376236,3.7808353808353807
754,47,Male,Boots,Footwear,54,Massachusetts,M,Teal,Fall,3.4,Yes,Credit Card,Store Pickup,Yes,Yes,27,Venmo,Quarterly,54,4.0,3.332204510175204,13.328818040700815,1.0,1.0,1.0,1.0,0.036996336996337,0.14908424908424908,3.8237623762376236,3.7808353808353807
3354,31,Female,Dress,Clothing,66,Ohio,L,Teal,Fall,4.6,No,Debit Card,Free Shipping,No,No,19,Credit Card,Every 3 Months,66,4.0,2.995732273553991,11.982929094215963,0.0,0.0,0.0,0.0,0.044322344322344324,0.4564102564102564,3.7479338842975207,3.726725521669342
2017,53,Male,Shoes,Footwear,47,Maine,S,Violet,Winter,3.4,No,Credit Card,Standard,No,No,20,Debit Card,Fortnightly,47,26.0,3.044522437723423,79.157583380809,0.0,0.0,0.0,0.0,0.036996336996337,0.14908424908424908,3.7099009900990096,3.7808353808353807
73,18,Male,Dress,Clothing,26,Georgia,M,Olive,Winter,2.9,Yes,Debit Card,Store Pickup,Yes,Yes,21,Bank Transfer,Every 3 Months,26,4.0,3.091042453358316,12.364169813433264,1.0,1.0,1.0,1.0,0.044322344322344324,0.4564102564102564,3.7479338842975207,3.726725521669342
2379,26,Male,Scarf,Accessories,71,New Hampshire,L,Teal,Summer,2.7,No,Debit Card,Store Pickup,No,No,37,PayPal,Bi-Weekly,71,26.0,3.6375861597263857,94.57724015288602,0.0,0.0,0.0,0.0,0.03772893772893773,0.310989010989011,3.721359223300971,3.745465253239105
3202,46,Female,Pants,Clothing,38,Vermont,S,Indigo,Fall,2.8,No,Credit Card,2-Day Shipping,No,No,34,Cash,Monthly,38,12.0,3.5553480614894135,42.664176737872964,0.0,0.0,0.0,0.0,0.04652014652014652,0.4564102564102564,3.729133858267717,3.726725521669342
292,57,Male,Dress,Clothing,26,Delaware,XL,Violet,Fall,3.3,Yes,Credit Card,Next Day Air,Yes,Yes,40,Bank Transfer,Monthly,26,12.0,3.713572066704308,44.56286480045169,1.0,1.0,1.0,1.0,0.044322344322344324,0.4564102564102564,3.7479338842975207,3.726725521669342
3614,58,Female,Hat,Accessories,27,Minnesota,M,Magenta,Fall,3.5,No,Cash,Store Pickup,No,No,40,Venmo,Annually,27,1.0,3.713572066704308,3.713572066704308,0.0,0.0,0.0,0.0,0.038461538461538464,0.310989010989011,3.7695238095238097,3.745465253239105
197,38,Male,Boots,Footwear,88,Washington,M,Lavender,Summer,3.9,Yes,Cash,Next Day Air,Yes,Yes,41,Credit Card,Fortnightly,88,26.0,3.7376696182833684,97.17941007536758,1.0,1.0,1.0,1.0,0.036996336996337,0.14908424908424908,3.8237623762376236,3.7808353808353807
2898,43,Female,Jacket,Outerwear,59,Montana,L,Violet,Fall,2.5,No,Credit Card,Free Shipping,No,No,2,Cash,Fortnightly,59,26.0,1.0986122886681098,28.563919505370855,0.0,0.0,0.0,0.0,0.04249084249084249,0.08351648351648351,3.752586206896552,3.7504385964912283
1838,41,Male,Hat,Accessories,77,Montana,M,Beige,Winter,4.8,No,PayPal,Free Shipping,No,No,8,Venmo,Monthly,77,12.0,2.1972245773362196,26.366694928034633,0.0,0.0,0.0,0.0,0.038461538461538464,0.310989010989011,3.7695238095238097,3.745465253239105
827,54,Male,Dress,Clothing,94,Massachusetts,M,Purple,Winter,3.6,Yes,Credit Card,Standard,Yes,Yes,36,PayPal,Weekly,94,52.0,3.6109179126442243,187.76773145749968,1.0,1.0,1.0,1.0,0.044322344322344324,0.4564102564102564,3.7479338842975207,3.726725521669342
3665,63,Female,Jacket,Outerwear,68,Missouri,M,Turquoise,Fall,4.4,No,Cash,Store Pickup,No,No,1,Debit Card,Fortnightly,68,26.0,0.6931471805599453,18.021826694558577,0.0,0.0,0.0,0.0,0.04249084249084249,0.08351648351648351,3.752586206896552,3.7504385964912283
2489,56,Male,Handbag,Accessories,82,New Hampshire,XL,Charcoal,Summer,4.4,No,Credit Card,Express,No,No,30,PayPal,Monthly,82,12.0,3.4339872044851463,41.20784645382176,0.0,0.0,0.0,0.0,0.03882783882783883,0.310989010989011,3.7216981132075473,3.745465253239105
1933,42,Male,Hoodie,Clothing,36,Maryland,M,White,Spring,5.0,No,Cash,Free Shipping,No,No,47,Credit Card,Every 3 Months,36,4.0,3.871201010907891,15.484804043631565,0.0,0.0,0.0,0.0,0.03882783882783883,0.4564102564102564,3.776415094339623,3.726725521669342
2695,66,Female,Sunglasses,Accessories,27,Louisiana,M,Olive,Spring,4.9,No,Venmo,Express,No,No,34,Credit Card,Every 3 Months,27,4.0,3.5553480614894135,14.221392245957654,0.0,0.0,0.0,0.0,0.0380952380952381,0.310989010989011,3.7211538461538463,3.745465253239105
3510,50,Female,T-shirt,Clothing,22,Ohio,L,Brown,Winter,4.3,No,Cash,Next Day Air,No,No,43,Venmo,Bi-Weekly,22,26.0,3.784189633918261,98.38893048187478,0.0,0.0,0.0,0.0,0.034432234432234435,0.4564102564102564,3.8138297872340425,3.726725521669342
1675,35,Male,Coat,Outerwear,56,Alaska,M,Peach,Winter,3.2,No,PayPal,Free Shipping,Yes,Yes,10,Debit Card,Fortnightly,56,26.0,2.3978952727983707,62.34527709275764,0.0,1.0,1.0,1.0,0.041025641025641026,0.08351648351648351,3.748214285714286,3.7504385964912283
3495,62,Female,Scarf,Accessories,38,Washington,M,Silver,Winter,3.5,No,Credit Card,Free Shipping,No,No,41,PayPal,Quarterly,38,4.0,3.7376696182833684,14.950678473133474,0.0,0.0,0.0,0.0,0.03772893772893773,0.310989010989011,3.721359223300971,3.745465253239105
1233,57,Male,Handbag,Accessories,23,New York,M,Charcoal,Summer,3.6,No,Cash,Free Shipping,Yes,Yes,31,Debit Card,Every 3 Months,23,4.0,3.4657359027997265,13.862943611198906,0.0,1.0,1.0,1.0,0.03882783882783883,0.310989010989011,3.7216981132075473,3.745465253239105
2561,58,Male,Boots,Footwear,62,California,M,Violet,Spring,2.7,No,Debit Card,Next Day Air,No,No,17,Debit Card,Bi-Weekly,62,26.0,2.8903717578961645,75.14966570530028,0.0,0.0,0.0,0.0,0.036996336996337,0.14908424908424908,3.8237623762376236,3.7808353808353807
2717,47,Female,Shoes,Footwear,40,Colorado,L,Black,Spring,2.7,No,Debit Card,Store Pickup,No,No,21,Debit Card,Weekly,40,52.0,3.091042453358316,160.73420757463242,0.0,0.0,0.0,0.0,0.036996336996337,0.14908424908424908,3.7099009900990096,3.7808353808353807
2589,44,Male,Backpack,Accessories,49,Delaware,M,Peach,Summer,3.2,No,Venmo,Free Shipping,No,No,38,Venmo,Bi-Weekly,49,26.0,3.6635616461296463,95.2526027993708,0.0,0.0,0.0,0.0,0.03553113553113553,0.310989010989011,3.693814432989691,3.745465253239105
1001,43,Male,Socks,Clothing,46,Georgia,M,Red,Winter,3.9,Yes,Credit Card,Express,Yes,Yes,1,Bank Transfer,Bi-Weekly,46,26.0,0.6931471805599453,18.021826694558577,1.0,1.0,1.0,1.0,0.03882783882783883,0.4564102564102564,3.7150943396226417,3.726725521669342
3152,52,Female,T-shirt,Clothing,64,New Mexico,L,Orange,Fall,3.1,No,Cash,2-Day Shipping,No,No,47,Bank Transfer,Quarterly,64,4.0,3.871201010907891,15.484804043631565,0.0,0.0,0.0,0.0,0.034432234432234435,0.4564102564102564,3.8138297872340425,3.726725521669342
241,47,Male,Sweater,Clothing,45,Montana,XL,Turquoise,Winter,3.5,Yes,Credit Card,Free Shipping,Yes,Yes,29,Bank Transfer,Fortnightly,45,26.0,3.4011973816621555,88.43113192321604,1.0,1.0,1.0,1.0,0.04468864468864469,0.4564102564102564,3.7147540983606557,3.726725521669342
2170,31,Male,Coat,Outerwear,42,Florida,M,Brown,Fall,2.9,No,PayPal,Next Day Air,No,No,32,Bank Transfer,Bi-Weekly,42,26.0,3.4965075614664802,90.90919659812849,0.0,0.0,0.0,0.0,0.041025641025641026,0.08351648351648351,3.748214285714286,3.7504385964912283
2337,19,Male,Belt,Accessories,94,California,M,Green,Winter,3.1,No,Cash,Free Shipping,No,No,11,Credit Card,Weekly,94,52.0,2.4849066497880004,129.21514578897603,0.0,0.0,0.0,0.0,0.04395604395604396,0.310989010989011,3.73,3.745465253239105
75,49,Male,Gloves,Accessories,58,Indiana,L,Violet,Spring,4.5,Yes,PayPal,Express,Yes,Yes,3,Cash,Monthly,58,12.0,1.3862943611198906,16.635532333438686,1.0,1.0,1.0,1.0,0.03626373626373627,0.310989010989011,3.8666666666666667,3.745465253239105
2641,30,Male,Skirt,Clothing,75,Indiana,L,Olive,Summer,4.0,No,Debit Card,Store Pickup,No,No,45,Venmo,Bi-Weekly,75,26.0,3.828641396489095,99.54467630871648,0.0,0.0,0.0,0.0,0.041758241758241756,0.4564102564102564,3.816666666666667,3.726725521669342
3869,18,Female,Dress,Clothing,29,Maryland,XL,Magenta,Winter,3.3,No,PayPal,2-Day Shipping,No,No,9,Cash,Annually,29,1.0,2.302585092994046,2.302585092994046,0.0,0.0,0.0,0.0,0.044322344322344324,0.4564102564102564,3.7479338842975207,3.726725521669342
933,62,Male,Skirt,Clothing,24,Indiana,L,Blue,Winter,3.2,Yes,Venmo,Standard,Yes,Yes,45,Debit Card,Bi-Weekly,24,26.0,3.828641396489095,99.54467630871648,1.0,1.0,1.0,1.0,0.041758241758241756,0.4564102564102564,3.816666666666667,3.726725521669342
1411,61,Male,Hat,Accessories,93,Tennessee,M,Purple,Summer,4.0,No,Venmo,Store Pickup,Yes,Yes,18,Debit Card,Annually,93,1.0,2.9444389791664403,2.9444389791664403,0.0,1.0,1.0,1.0,0.038461538461538464,0.310989010989011,3.7695238095238097,3.745465253239105
2618,31,Male,Shorts,Clothing,97,Idaho,S,Maroon,Spring,4.8,No,Bank Transfer,Standard,No,No,29,Bank Transfer,Annually,97,1.0,3.4011973816621555,3.4011973816621555,0.0,0.0,0.0,0.0,0.04212454212454213,0.4564102564102564,3.6730434782608694,3.726725521669342
1299,29,Male,Pants,Clothing,81,Indiana,S,Indigo,Summer,3.0,No,Cash,Free Shipping,Yes,Yes,14,Bank Transfer,Fortnightly,81,26.0,2.70805020110221,70.40930522865746,0.0,1.0,1.0,1.0,0.04652014652014652,0.4564102564102564,3.729133858267717,3.726725521669342
2067,64,Male,Sneakers,Footwear,92,Illinois,M,Olive,Fall,4.7,No,Credit Card,Store Pickup,No,No,44,Debit Card,Fortnightly,92,26.0,3.8066624897703196,98.9732247340283,0.0,0.0,0.0,0.0,0.03626373626373627,0.14908424908424908,3.749494949494949,3.7808353808353807
2662,43,Female,Boots,Footwear,96,Michigan,XL,Olive,Fall,4.8,No,Debit Card,Express,No,No,20,Bank Transfer,Annually,96,1.0,3.044522437723423,3.044522437723423,0.0,0.0,0.0,0.0,0.036996336996337,0.14908424908424908,3.8237623762376236,3.7808353808353807
2451,68,Male,T-shirt,Clothing,76,North Carolina,M,Magenta,Fall,4.5,No,Venmo,Standard,No,No,7,Venmo,Quarterly,76,4.0,2.0794415416798357,8.317766166719343,0.0,0.0,0.0,0.0,0.034432234432234435,0.4564102564102564,3.8138297872340425,3.726725521669342
1096,19,Male,Coat,Outerwear,34,Tennessee,S,Peach,Summer,3.0,No,Debit Card,Free Shipping,Yes,Yes,30,Bank Transfer,Quarterly,34,4.0,3.4339872044851463,13.735948817940585,0.0,1.0,1.0,1.0,0.041025641025641026,0.08351648351648351,3.748214285714286,3.7504385964912283
105,55,Male,Sunglasses,Accessories,24,New Hampshire,L,Pink,Spring,4.4,Yes,Bank Transfer,2-Day Shipping,Yes,Yes,1,PayPal,Monthly,24,12.0,0.6931471805599453,8.317766166719343,1.0,1.0,1.0,1.0,0.0380952380952381,0.310989010989011,3.7211538461538463,3.745465253239105
590,28,Male,Shirt,Clothing,70,Minnesota,M,Orange,Fall,3.4,Yes,Debit Card,2-Day Shipping,Yes,Yes,40,PayPal,Annually,70,1.0,3.713572066704308,3.713572066704308,1.0,1.0,1.0,1.0,0.04322344322344322,0.4564102564102564,3.669491525423729,3.726725521669342
3484,19,Female,Hoodie,Clothing,37,Texas,L,White,Winter,3.9,No,Venmo,Express,No,No,21,Credit Card,Every 3 Months,37,4.0,3.091042453358316,12.364169813433264,0.0,0.0,0.0,0.0,0.03882783882783883,0.4564102564102564,3.776415094339623,3.726725521669342
1003,55,Male,Shoes,Footwear,59,North Dakota,M,White,Spring,3.5,Yes,Credit Card,Store Pickup,Yes,Yes,3,Bank Transfer,Bi-Weekly,59,26.0,1.3862943611198906,36.04365338911715,1.0,1.0,1.0,1.0,0.036996336996337,0.14908424908424908,3.7099009900990096,3.7808353808353807
2339,66,Male,Sneakers,Footwear,68,Georgia,S,Silver,Fall,4.0,No,PayPal,Express,No,No,21,PayPal,Quarterly,68,4.0,3.091042453358316,12.364169813433264,0.0,0.0,0.0,0.0,0.03626373626373627,0.14908424908424908,3.749494949494949,3.7808353808353807
3289,67,Female,Handbag,Accessories,61,South Carolina,XL,White,Spring,4.9,No,Debit Card,Next Day Air,No,No,19,Credit Card,Bi-Weekly,61,26.0,2.995732273553991,77.88903911240376,0.0,0.0,0.0,0.0,0.03882783882783883,0.310989010989011,3.7216981132075473,3.745465253239105
905,69,Male,T-shirt,Clothing,99,Alaska,L,Magenta,Spring,2.9,Yes,Credit Card,Free Shipping,Yes,Yes,46,PayPal,Every 3 Months,99,4.0,3.8501476017100584,15.400590406840234,1.0,1.0,1.0,1.0,0.034432234432234435,0.4564102564102564,3.8138297872340425,3.726725521669342
2010,37,Male,Boots,Footwear,99,Alabama,M,Indigo,Summer,3.8,No,Venmo,Next Day Air,No,No,26,Venmo,Bi-Weekly,99,26.0,3.295836866004329,85.69175851611256,0.0,0.0,0.0,0.0,0.036996336996337,0.14908424908424908,3.8237623762376236,3.7808353808353807
1479,28,Male,Gloves,Accessories,23,Washington,M,Blue,Summer,4.2,No,PayPal,Free Shipping,Yes,Yes,13,Venmo,Bi-Weekly,23,26.0,2.6390573296152584,68.61549056999672,0.0,1.0,1.0,1.0,0.03626373626373627,0.310989010989011,3.8666666666666667,3.745465253239105
3339,29,Female,Skirt,Clothing,94,Minnesota,L,White,Winter,2.9,No,Venmo,2-Day Shipping,No,No,46,Credit Card,Monthly,94,12.0,3.8501476017100584,46.2017712205207,0.0,0.0,0.0,0.0,0.041758241758241756,0.4564102564102564,3.816666666666667,3.726725521669342
205,24,Male,Sneakers,Footwear,100,Arizona,M,Yellow,Fall,4.0,Yes,PayPal,Store Pickup,Yes,Yes,35,Cash,Bi-Weekly,100,26.0,3.58351893845611,93.17149239985886,1.0,1.0,1.0,1.0,0.03626373626373627,0.14908424908424908,3.749494949494949,3.7808353808353807
1485,49,Male,Shorts,Clothing,46,Nebraska,M,Teal,Summer,4.4,No,Cash,Store Pickup,Yes,Yes,22,Venmo,Every 3 Months,46,4.0,3.1354942159291497,12.541976863716599,0.0,1.0,1.0,1.0,0.04212454212454213,0.4564102564102564,3.6730434782608694,3.726725521669342
647,51,Male,Boots,Footwear,54,Indiana,XL,Pink,Spring,4.9,Yes,Debit Card,Standard,Yes,Yes,19,Venmo,Bi-Weekly,54,26.0,2.995732273553991,77.88903911240376,1.0,1.0,1.0,1.0,0.036996336996337,0.14908424908424908,3.8237623762376236,3.7808353808353807
3643,47,Female,Dress,Clothing,71,Arizona,L,Maroon,Summer,4.4,No,Credit Card,Store Pickup,No,No,5,PayPal,Annually,71,1.0,1.791759469228055,1.791759469228055,0.0,0.0,0.0,0.0,0.044322344322344324,0.4564102564102564,3.7479338842975207,3.726725521669342
93,61,Male,Jacket,Outerwear,87,Texas,M,Olive,Winter,4.4,Yes,Cash,2-Day Shipping,Yes,Yes,13,Venmo,Every 3 Months,87,4.0,2.6390573296152584,10.556229318461034,1.0,1.0,1.0,1.0,0.04249084249084249,0.08351648351648351,3.752586206896552,3.7504385964912283
3179,66,Female,Sandals,Footwear,34,Washington,L,Beige,Spring,2.7,No,Cash,Free Shipping,No,No,28,Credit Card,Annually,34,1.0,3.367295829986474,3.367295829986474,0.0,0.0,0.0,0.0,0.03882783882783883,0.14908424908424908,3.8367924528301884,3.7808353808353807
1796,68,Male,Jeans,Clothing,20,Wisconsin,S,Violet,Fall,4.0,No,Debit Card,2-Day Shipping,No,No,9,Debit Card,Fortnightly,20,26.0,2.302585092994046,59.867212417845195,0.0,0.0,0.0,0.0,0.03406593406593406,0.4564102564102564,3.6,3.726725521669342
3077,66,Female,Handbag,Accessories,46,New Hampshire,M,Blue,Summer,3.6,No,Credit Card,Express,No,No,13,Venmo,Bi-Weekly,46,26.0,2.6390573296152584,68.61549056999672,0.0,0.0,0.0,0.0,0.03882783882783883,0.310989010989011,3.7216981132075473,3.745465253239105
165,59,Male,Handbag,Accessories,65,Delaware,S,Purple,Spring,2.6,Yes,Debit Card,Free Shipping,Yes,Yes,5,Credit Card,Fortnightly,65,26.0,1.791759469228055,46.58574619992943,1.0,1.0,1.0,1.0,0.03882783882783883,0.310989010989011,3.7216981132075473,3.745465253239105
2494,21,Male,Socks,Clothing,23,Maine,S,Beige,Fall,4.8,No,Cash,2-Day Shipping,No,No,6,Venmo,Every 3 Months,23,4.0,1.9459101490553132,7.783640596221253,0.0,0.0,0.0,0.0,0.03882783882783883,0.4564102564102564,3.7150943396226417,3.726725521669342
2789,56,Female,Boots,Footwear,92,Rhode Island,M,Olive,Summer,3.1,No,Cash,Free Shipping,No,No,2,Credit Card,Annually,92,1.0,1.0986122886681098,1.0986122886681098,0.0,0.0,0.0,0.0,0.036996336996337,0.14908424908424908,3.8237623762376236,3.7808353808353807
1407,32,Male,Shirt,Clothing,46,Washington,L,Turquoise,Spring,3.6,No,Venmo,Express,Yes,Yes,15,Debit Card,Monthly,46,12.0,2.772588722239781,33.27106466687737,0.0,1.0,1.0,1.0,0.04322344322344322,0.4564102564102564,3.669491525423729,3.726725521669342
23,56,Male,Pants,Clothing,37,California,M,Peach,Summer,3.2,Yes,Cash,Store Pickup,Yes,Yes,32,Debit Card,Annually,37,1.0,3.4965075614664802,3.4965075614664802,1.0,1.0,1.0,1.0,0.04652014652014652,0.4564102564102564,3.729133858267717,3.726725521669342
3683,42,Female,Shirt,Clothing,60,Wyoming,M,Maroon,Fall,4.6,No,Venmo,Store Pickup,No,No,46,Venmo,Bi-Weekly,60,26.0,3.8501476017100584,100.10383764446152,0.0,0.0,0.0,0.0,0.04322344322344322,0.4564102564102564,3.669491525423729,3.726725521669342
47,57,Male,Shirt,Clothing,43,California,L,White,Summer,2.9,Yes,Venmo,Store Pickup,Yes,Yes,45,Cash,Quarterly,43,4.0,3.828641396489095,15.31456558595638,1.0,1.0,1.0,1.0,0.04322344322344322,0.4564102564102564,3.669491525423729,3.726725521669342
3691,24,Female,Blouse,Clothing,23,Kansas,S,Violet,Fall,3.7,No,Venmo,Store Pickup,No,No,4,Bank Transfer,Bi-Weekly,23,26.0,1.6094379124341003,41.845385723286604,0.0,0.0,0.0,0.0,0.047619047619047616,0.4564102564102564,3.733076923076923,3.726725521669342
208,62,Male,Gloves,Accessories,91,Rhode Island,M,Silver,Summer,2.9,Yes,Venmo,Express,Yes,Yes,17,Bank Transfer,Bi-Weekly,91,26.0,2.8903717578961645,75.14966570530028,1.0,1.0,1.0,1.0,0.03626373626373627,0.310989010989011,3.8666666666666667,3.745465253239105
2277,31,Male,Jeans,Clothing,82,Wyoming,L,Red,Summer,4.1,No,Bank Transfer,2-Day Shipping,No,No,25,Debit Card,Weekly,82,52.0,3.258096538021482,169.42101997711708,0.0,0.0,0.0,0.0,0.03406593406593406,0.4564102564102564,3.6,3.726725521669342
636,27,Male,Hoodie,Clothing,59,South Carolina,M,Brown,Fall,4.3,Yes,PayPal,2-Day Shipping,Yes,Yes,28,Cash,Quarterly,59,4.0,3.367295829986474,13.469183319945897,1.0,1.0,1.0,1.0,0.03882783882783883,0.4564102564102564,3.776415094339623,3.726725521669342
3322,32,Female,Coat,Outerwear,100,Maine,S,Charcoal,Winter,4.3,No,Bank Transfer,Next Day Air,No,No,3,Venmo,Annually,100,1.0,1.3862943611198906,1.3862943611198906,0.0,0.0,0.0,0.0,0.041025641025641026,0.08351648351648351,3.748214285714286,3.7504385964912283
2304,51,Male,Sunglasses,Accessories,71,New Jersey,S,Beige,Spring,4.8,No,Bank Transfer,2-Day Shipping,No,No,31,Credit Card,Fortnightly,71,26.0,3.4657359027997265,90.10913347279289,0.0,0.0,0.0,0.0,0.0380952380952381,0.310989010989011,3.7211538461538463,3.745465253239105
195,51,Male,Backpack,Accessories,94,Missouri,M,Olive,Spring,3.1,Yes,Venmo,Express,Yes,Yes,15,Debit Card,Quarterly,94,4.0,2.772588722239781,11.090354888959125,1.0,1.0,1.0,1.0,0.03553113553113553,0.310989010989011,3.693814432989691,3.745465253239105
2965,44,Female,Coat,Outerwear,25,Ohio,S,White,Fall,3.8,No,Credit Card,2-Day Shipping,No,No,13,Venmo,Fortnightly,25,26.0,2.6390573296152584,68.61549056999672,0.0,0.0,0.0,0.0,0.041025641025641026,0.08351648351648351,3.748214285714286,3.7504385964912283
3381,41,Female,Dress,Clothing,52,North Dakota,L,Blue,Summer,3.8,No,PayPal,Standard,No,No,6,PayPal,Every 3 Months,52,4.0,1.9459101490553132,7.783640596221253,0.0,0.0,0.0,0.0,0.044322344322344324,0.4564102564102564,3.7479338842975207,3.726725521669342
3126,33,Female,Coat,Outerwear,26,Oregon,L,Lavender,Spring,4.0,No,Venmo,Standard,No,No,3,Cash,Quarterly,26,4.0,1.3862943611198906,5.545177444479562,0.0,0.0,0.0,0.0,0.041025641025641026,0.08351648351648351,3.748214285714286,3.7504385964912283
2458,53,Male,Handbag,Accessories,37,Delaware,M,Maroon,Fall,3.6,No,PayPal,2-Day Shipping,No,No,23,Cash,Quarterly,37,4.0,3.1780538303479458,12.712215321391783,0.0,0.0,0.0,0.0,0.03882783882783883,0.310989010989011,3.7216981132075473,3.745465253239105
1069,55,Male,Shirt,Clothing,94,Wyoming,M,Olive,Fall,2.5,No,Bank Transfer,Standard,Yes,Yes,47,Credit Card,Weekly,94,52.0,3.871201010907891,201.30245256721034,0.0,1.0,1.0,1.0,0.04322344322344322,0.4564102564102564,3.669491525423729,3.726725521669342
164,54,Male,Skirt,Clothing,67,Virginia,M,Purple,Summer,3.4,Yes,PayPal,Standard,Yes,Yes,8,Debit Card,Weekly,67,52.0,2.1972245773362196,114.25567802148342,1.0,1.0,1.0,1.0,0.041758241758241756,0.4564102564102564,3.816666666666667,3.726725521669342
2672,37,Female,Sandals,Footwear,64,Alabama,XL,Gray,Winter,4.8,No,Cash,2-Day Shipping,No,No,41,PayPal,Every 3 Months,64,4.0,3.7376696182833684,14.950678473133474,0.0,0.0,0.0,0.0,0.03882783882783883,0.14908424908424908,3.8367924528301884,3.7808353808353807
3181,18,Female,Handbag,Accessories,88,Montana,L,Turquoise,Fall,3.8,No,Cash,Standard,No,No,46,PayPal,Weekly,88,52.0,3.8501476017100584,200.20767528892304,0.0,0.0,0.0,0.0,0.03882783882783883,0.310989010989011,3.7216981132075473,3.745465253239105
2202,39,Male,Pants,Clothing,25,Ohio,L,Peach,Spring,4.9,No,Bank Transfer,2-Day Shipping,No,No,10,Venmo,Annually,25,1.0,2.3978952727983707,2.3978952727983707,0.0,0.0,0.0,0.0,0.04652014652014652,0.4564102564102564,3.729133858267717,3.726725521669342
1756,56,Male,Belt,Accessories,20,Delaware,XL,Charcoal,Spring,4.6,No,Cash,Next Day Air,No,No,45,Cash,Monthly,20,12.0,3.828641396489095,45.94369675786914,0.0,0.0,0.0,0.0,0.04395604395604396,0.310989010989011,3.73,3.745465253239105
418,23,Male,Sandals,Footwear,81,Mississippi,L,Beige,Fall,4.5,Yes,PayPal,Free Shipping,Yes,Yes,48,Debit Card,Quarterly,81,4.0,3.8918202981106265,15.567281192442506,1.0,1.0,1.0,1.0,0.03882783882783883,0.14908424908424908,3.8367924528301884,3.7808353808353807
726,61,Male,Hat,Accessories,61,Texas,L,Silver,Winter,3.1,Yes,Cash,Standard,Yes,Yes,33,Debit Card,Fortnightly,61,26.0,3.5263605246161616,91.6853736400202,1.0,1.0,1.0,1.0,0.038461538461538464,0.310989010989011,3.7695238095238097,3.745465253239105
2831,63,Female,Skirt,Clothing,90,Oregon,L,Cyan,Spring,2.9,No,Credit Card,Store Pickup,No,No,13,Venmo,Every 3 Months,90,4.0,2.6390573296152584,10.556229318461034,0.0,0.0,0.0,0.0,0.041758241758241756,0.4564102564102564,3.816666666666667,3.726725521669342
1549,69,Male,Dress,Clothing,32,Maryland,M,Silver,Summer,3.7,No,PayPal,Store Pickup,Yes,Yes,43,Bank Transfer,Weekly,32,52.0,3.784189633918261,196.77786096374956,0.0,1.0,1.0,1.0,0.044322344322344324,0.4564102564102564,3.7479338842975207,3.726725521669342
2105,53,Male,Shoes,Footwear,88,New Mexico,M,Gold,Spring,2.8,No,Bank Transfer,Free Shipping,No,No,47,Venmo,Weekly,88,52.0,3.871201010907891,201.30245256721034,0.0,0.0,0.0,0.0,0.036996336996337,0.14908424908424908,3.7099009900990096,3.7808353808353807
1990,35,Male,Jewelry,Accessories,42,Maryland,S,Charcoal,Spring,4.0,No,Cash,Express,No,No,39,PayPal,Bi-Weekly,42,26.0,3.6888794541139363,95.91086580696235,0.0,0.0,0.0,0.0,0.04212454212454213,0.310989010989011,3.744347826086957,3.745465253239105
1903,31,Male,Sandals,Footwear,22,New Mexico,S,Olive,Spring,5.0,No,Bank Transfer,Store Pickup,No,No,21,Venmo,Monthly,22,12.0,3.091042453358316,37.09250944029979,0.0,0.0,0.0,0.0,0.03882783882783883,0.14908424908424908,3.8367924528301884,3.7808353808353807
646,62,Male,Hoodie,Clothing,42,Oklahoma,S,Purple,Summer,4.2,Yes,Credit Card,Express,Yes,Yes,15,Venmo,Bi-Weekly,42,26.0,2.772588722239781,72.0873067782343,1.0,1.0,1.0,1.0,0.03882783882783883,0.4564102564102564,3.776415094339623,3.726725521669342
2803,22,Female,Coat,Outerwear,100,Hawaii,L,Red,Fall,3.1,No,Bank Transfer,Store Pickup,No,No,42,Credit Card,Fortnightly,100,26.0,3.7612001156935624,97.79120300803262,0.0,0.0,0.0,0.0,0.041025641025641026,0.08351648351648351,3.748214285714286,3.7504385964912283
1842,31,Male,Socks,Clothing,57,Vermont,L,Blue,Winter,3.0,No,Debit Card,Standard,No,No,7,PayPal,Every 3 Months,57,4.0,2.0794415416798357,8.317766166719343,0.0,0.0,0.0,0.0,0.03882783882783883,0.4564102564102564,3.7150943396226417,3.726725521669342
2906,58,Female,Sunglasses,Accessories,53,New York,L,Black,Winter,4.8,No,PayPal,Standard,No,No,14,Debit Card,Fortnightly,53,26.0,2.70805020110221,70.40930522865746,0.0,0.0,0.0,0.0,0.0380952380952381,0.310989010989011,3.7211538461538463,3.745465253239105
2208,69,Male,Handbag,Accessories,38,New Mexico,M,Gray,Fall,2.9,No,Debit Card,Next Day Air,No,No,11,Credit Card,Annually,38,1.0,2.4849066497880004,2.4849066497880004,0.0,0.0,0.0,0.0,0.03882783882783883,0.310989010989011,3.7216981132075473,3.745465253239105
3544,58,Female,Hat,Accessories,83,Colorado,M,Blue,Winter,4.1,No,Credit Card,Standard,No,No,18,PayPal,Every 3 Months,83,4.0,2.9444389791664403,11.777755916665761,0.0,0.0,0.0,0.0,0.038461538461538464,0.310989010989011,3.7695238095238097,3.745465253239105
2887,42,Female,Hat,Accessories,33,Utah,L,Blue,Spring,4.2,No,Credit Card,Free Shipping,No,No,29,PayPal,Weekly,33,52.0,3.4011973816621555,176.86226384643209,0.0,0.0,0.0,0.0,0.038461538461538464,0.310989010989011,3.7695238095238097,3.745465253239105
1250,62,Male,Boots,Footwear,50,Oregon,M,Peach,Winter,4.5,No,PayPal,Express,Yes,Yes,48,Venmo,Fortnightly,50,26.0,3.8918202981106265,101.18732775087629,0.0,1.0,1.0,1.0,0.036996336996337,0.14908424908424908,3.8237623762376236,3.7808353808353807
3132,34,Female,Jacket,Outerwear,59,North Dakota,M,Peach,Fall,2.9,No,Cash,Store Pickup,No,No,11,Bank Transfer,Every 3 Months,59,4.0,2.4849066497880004,9.939626599152001,0.0,0.0,0.0,0.0,0.04249084249084249,0.08351648351648351,3.752586206896552,3.7504385964912283
497,30,Male,Dress,Clothing,63,California,S,Maroon,Fall,3.3,Yes,Venmo,Express,Yes,Yes,31,Venmo,Fortnightly,63,26.0,3.4657359027997265,90.10913347279289,1.0,1.0,1.0,1.0,0.044322344322344324,0.4564102564102564,3.7479338842975207,3.726725521669342
3851,27,Female,Jewelry,Accessories,74,Mississippi,L,Indigo,Summer,4.4,No,Credit Card,2-Day Shipping,No,No,25,Debit Card,Every 3 Months,74,4.0,3.258096538021482,13.032386152085929,0.0,0.0,0.0,0.0,0.04212454212454213,0.310989010989011,3.744347826086957,3.745465253239105
1348,44,Male,Sweater,Clothing,95,Vermont,M,Cyan,Summer,3.9,No,Venmo,2-Day Shipping,Yes,Yes,47,Bank Transfer,Monthly,95,12.0,3.871201010907891,46.454412130894696,0.0,1.0,1.0,1.0,0.04468864468864469,0.4564102564102564,3.7147540983606557,3.726725521669342
3141,34,Female,Gloves,Accessories,44,Alaska,XL,Peach,Summer,4.6,No,Debit Card,Free Shipping,No,No,37,Bank Transfer,Weekly,44,52.0,3.6375861597263857,189.15448030577204,0.0,0.0,0.0,0.0,0.03626373626373627,0.310989010989011,3.8666666666666667,3.745465253239105
3113,19,Female,Blouse,Clothing,97,Texas,S,Green,Fall,3.8,No,Cash,Express,No,No,26,Venmo,Annually,97,1.0,3.295836866004329,3.295836866004329,0.0,0.0,0.0,0.0,0.047619047619047616,0.4564102564102564,3.733076923076923,3.726725521669342
387,64,Male,Jewelry,Accessories,39,Louisiana,L,Brown,Spring,3.4,Yes,Cash,Express,Yes,Yes,40,PayPal,Quarterly,39,4.0,3.713572066704308,14.854288266817232,1.0,1.0,1.0,1.0,0.04212454212454213,0.310989010989011,3.744347826086957,3.745465253239105
871,66,Male,Hoodie,Clothing,66,West Virginia,M,Blue,Fall,2.5,Yes,Cash,Standard,Yes,Yes,6,Bank Transfer,Bi-Weekly,66,26.0,1.9459101490553132,50.593663875438146,1.0,1.0,1.0,1.0,0.03882783882783883,0.4564102564102564,3.776415094339623,3.726725521669342
2755,59,Female,Sunglasses,Accessories,61,New Jersey,L,Gold,Summer,3.6,No,PayPal,Free Shipping,No,No,21,Venmo,Bi-Weekly,61,26.0,3.091042453358316,80.36710378731621,0.0,0.0,0.0,0.0,0.0380952380952381,0.310989010989011,3.7211538461538463,3.745465253239105
115,70,Male,Coat,Outerwear,95,Massachusetts,S,Blue,Summer,3.7,Yes,Venmo,Store Pickup,Yes,Yes,9,Cash,Weekly,95,52.0,2.302585092994046,119.73442483569039,1.0,1.0,1.0,1.0,0.041025641025641026,0.08351648351648351,3.748214285714286,3.7504385964912283
3677,19,Female,Jewelry,Accessories,94,Wisconsin,S,Teal,Spring,4.9,No,PayPal,Free Shipping,No,No,16,PayPal,Monthly,94,12.0,2.833213344056216,33.9985601286746,0.0,0.0,0.0,0.0,0.04212454212454213,0.310989010989011,3.744347826086957,3.745465253239105
527,51,Male,Pants,Clothing,52,New Jersey,S,Red,Winter,4.9,Yes,Cash,Standard,Yes,Yes,19,Cash,Monthly,52,12.0,2.995732273553991,35.94878728264789,1.0,1.0,1.0,1.0,0.04652014652014652,0.4564102564102564,3.729133858267717,3.726725521669342
1998,42,Male,Backpack,Accessories,25,Connecticut,M,Purple,Fall,4.7,No,PayPal,Express,No,No,10,Debit Card,Bi-Weekly,25,26.0,2.3978952727983707,62.34527709275764,0.0,0.0,0.0,0.0,0.03553113553113553,0.310989010989011,3.693814432989691,3.745465253239105
2763,58,Female,T-shirt,Clothing,41,Georgia,M,Charcoal,Fall,3.8,No,Bank Transfer,Store Pickup,No,No,10,Debit Card,Every 3 Months,41,4.0,2.3978952727983707,9.591581091193483,0.0,0.0,0.0,0.0,0.034432234432234435,0.4564102564102564,3.8138297872340425,3.726725521669342
3690,47,Female,Jewelry,Accessories,30,South Carolina,L,Red,Fall,4.5,No,Cash,Standard,No,No,8,Bank Transfer,Quarterly,30,4.0,2.1972245773362196,8.788898309344878,0.0,0.0,0.0,0.0,0.04212454212454213,0.310989010989011,3.744347826086957,3.745465253239105
189,50,Male,Hoodie,Clothing,53,Arkansas,M,Pink,Spring,3.1,Yes,Credit Card,Express,Yes,Yes,5,Bank Transfer,Bi-Weekly,53,26.0,1.791759469228055,46.58574619992943,1.0,1.0,1.0,1.0,0.03882783882783883,0.4564102564102564,3.776415094339623,3.726725521669342
2967,52,Female,Boots,Footwear,49,Oklahoma,L,Orange,Fall,2.8,No,Cash,Store Pickup,No,No,38,Debit Card,Every 3 Months,49,4.0,3.6635616461296463,14.654246584518585,0.0,0.0,0.0,0.0,0.036996336996337,0.14908424908424908,3.8237623762376236,3.7808353808353807
2535,41,Male,Sunglasses,Accessories,42,Virginia,XL,Red,Fall,3.2,No,PayPal,Free Shipping,No,No,22,Cash,Weekly,42,52.0,3.1354942159291497,163.04569922831578,0.0,0.0,0.0,0.0,0.0380952380952381,0.310989010989011,3.7211538461538463,3.745465253239105
3045,21,Female,Boots,Footwear,67,North Carolina,M,Magenta,Winter,2.7,No,PayPal,Free Shipping,No,No,10,Bank Transfer,Quarterly,67,4.0,2.3978952727983707,9.591581091193483,0.0,0.0,0.0,0.0,0.036996336996337,0.14908424908424908,3.8237623762376236,3.7808353808353807
2639,22,Male,Shirt,Clothing,34,Hawaii,S,Black,Spring,4.2,No,PayPal,Store Pickup,No,No,35,Credit Card,Annually,34,1.0,3.58351893845611,3.58351893845611,0.0,0.0,0.0,0.0,0.04322344322344322,0.4564102564102564,3.669491525423729,3.726725521669342
825,61,Male,Blouse,Clothing,94,Georgia,M,White,Spring,3.0,Yes,Venmo,Store Pickup,Yes,Yes,48,Cash,Quarterly,94,4.0,3.8918202981106265,15.567281192442506,1.0,1.0,1.0,1.0,0.047619047619047616,0.4564102564102564,3.733076923076923,3.726725521669342
1229,55,Male,Jacket,Outerwear,55,Indiana,S,Yellow,Winter,3.9,No,Venmo,Express,Yes,Yes,1,Cash,Annually,55,1.0,0.6931471805599453,0.6931471805599453,0.0,1.0,1.0,1.0,0.04249084249084249,0.08351648351648351,3.752586206896552,3.7504385964912283
1754,25,Male,Skirt,Clothing,27,Colorado,L,Black,Fall,4.8,No,Venmo,Next Day Air,No,No,23,Credit Card,Fortnightly,27,26.0,3.1780538303479458,82.62939958904659,0.0,0.0,0.0,0.0,0.041758241758241756,0.4564102564102564,3.816666666666667,3.726725521669342
1585,41,Male,Blouse,Clothing,95,Hawaii,S,Silver,Spring,3.1,No,Venmo,Store Pickup,Yes,Yes,46,Credit Card,Quarterly,95,4.0,3.8501476017100584,15.400590406840234,0.0,1.0,1.0,1.0,0.047619047619047616,0.4564102564102564,3.733076923076923,3.726725521669342
359,48,Male,Hat,Accessories,25,Minnesota,XL,Magenta,Summer,3.6,Yes,Debit Card,Express,Yes,Yes,36,Credit Card,Every 3 Months,25,4.0,3.6109179126442243,14.443671650576897,1.0,1.0,1.0,1.0,0.038461538461538464,0.310989010989011,3.7695238095238097,3.745465253239105
2545,46,Male,Pants,Clothing,70,Delaware,M,Red,Spring,2.5,No,Cash,Next Day Air,No,No,39,Venmo,Quarterly,70,4.0,3.6888794541139363,14.755517816455745,0.0,0.0,0.0,0.0,0.04652014652014652,0.4564102564102564,3.729133858267717,3.726725521669342
1879,34,Male,Socks,Clothing,29,Oklahoma,L,Magenta,Summer,3.4,No,Credit Card,Store Pickup,No,No,5,Credit Card,Monthly,29,12.0,1.791759469228055,21.50111363073666,0.0,0.0,0.0,0.0,0.03882783882783883,0.4564102564102564,3.7150943396226417,3.726725521669342
2823,61,Female,Skirt,Clothing,37,New Jersey,S,Brown,Fall,4.1,No,PayPal,Standard,No,No,33,PayPal,Quarterly,37,4.0,3.5263605246161616,14.105442098464646,0.0,0.0,0.0,0.0,0.041758241758241756,0.4564102564102564,3.816666666666667,3.726725521669342
1201,27,Male,Coat,Outerwear,22,Connecticut,XL,Black,Winter,4.4,No,Bank Transfer,Store Pickup,Yes,Yes,7,PayPal,Weekly,22,52.0,2.0794415416798357,108.13096016735146,0.0,1.0,1.0,1.0,0.041025641025641026,0.08351648351648351,3.748214285714286,3.7504385964912283
3521,41,Female,Hat,Accessories,70,Georgia,S,Brown,Spring,3.1,No,PayPal,Express,No,No,33,Bank Transfer,Monthly,70,12.0,3.5263605246161616,42.316326295393935,0.0,0.0,0.0,0.0,0.038461538461538464,0.310989010989011,3.7695238095238097,3.745465253239105
1710,45,Male,Skirt,Clothing,83,Indiana,M,Pink,Winter,3.8,No,Venmo,Standard,No,No,19,Bank Transfer,Annually,83,1.0,2.995732273553991,2.995732273553991,0.0,0.0,0.0,0.0,0.041758241758241756,0.4564102564102564,3.816666666666667,3.726725521669342
1380,21,Male,T-shirt,Clothing,64,Minnesota,L,Purple,Fall,2.8,No,Venmo,2-Day Shipping,Yes,Yes,38,Venmo,Bi-Weekly,64,26.0,3.6635616461296463,95.2526027993708,0.0,1.0,1.0,1.0,0.034432234432234435,0.4564102564102564,3.8138297872340425,3.726725521669342
86,53,Male,Sunglasses,Accessories,95,New Mexico,M,Charcoal,Winter,4.5,Yes,Credit Card,Next Day Air,Yes,Yes,2,Debit Card,Bi-Weekly,95,26.0,1.0986122886681098,28.563919505370855,1.0,1.0,1.0,1.0,0.0380952380952381,0.310989010989011,3.7211538461538463,3.745465253239105
1300,29,Male,Belt,Accessories,23,Louisiana,L,Teal,Fall,3.6,No,Bank Transfer,2-Day Shipping,Yes,Yes,42,Venmo,Bi-Weekly,23,26.0,3.7612001156935624,97.79120300803262,0.0,1.0,1.0,1.0,0.04395604395604396,0.310989010989011,3.73,3.745465253239105
1941,50,Male,Hat,Accessories,89,Alaska,L,Gray,Fall,3.9,No,Venmo,2-Day Shipping,No,No,48,PayPal,Fortnightly,89,26.0,3.8918202981106265,101.18732775087629,0.0,0.0,0.0,0.0,0.038461538461538464,0.310989010989011,3.7695238095238097,3.745465253239105
160,58,Male,Gloves,Accessories,27,New Hampshire,M,Charcoal,Fall,3.8,Yes,Debit Card,Store Pickup,Yes,Yes,39,Bank Transfer,Every 3 Months,27,4.0,3.6888794541139363,14.755517816455745,1.0,1.0,1.0,1.0,0.03626373626373627,0.310989010989011,3.8666666666666667,3.745465253239105
889,49,Male,Scarf,Accessories,77,New Hampshire,S,Gold,Spring,3.6,Yes,Venmo,Express,Yes,Yes,44,Cash,Annually,77,1.0,3.8066624897703196,3.8066624897703196,1.0,1.0,1.0,1.0,0.03772893772893773,0.310989010989011,3.721359223300971,3.745465253239105
2978,38,Female,Shorts,Clothing,47,Washington,L,Gold,Winter,3.4,No,PayPal,Standard,No,No,20,Venmo,Annually,47,1.0,3.044522437723423,3.044522437723423,0.0,0.0,0.0,0.0,0.04212454212454213,0.4564102564102564,3.6730434782608694,3.726725521669342
3064,26,Female,Sunglasses,Accessories,43,Connecticut,L,Brown,Winter,3.9,No,Debit Card,Store Pickup,No,No,24,Credit Card,Fortnightly,43,26.0,3.2188758248682006,83.69077144657321,0.0,0.0,0.0,0.0,0.0380952380952381,0.310989010989011,3.7211538461538463,3.745465253239105
3123,23,Female,Socks,Clothing,45,Georgia,M,Pink,Fall,3.0,No,Debit Card,Express,No,No,34,Credit Card,Fortnightly,45,26.0,3.5553480614894135,92.43904959872475,0.0,0.0,0.0,0.0,0.03882783882783883,0.4564102564102564,3.7150943396226417,3.726725521669342
3841,30,Female,Jeans,Clothing,42,Idaho,M,Turquoise,Spring,3.7,No,Debit Card,Express,No,No,5,Venmo,Fortnightly,42,26.0,1.791759469228055,46.58574619992943,0.0,0.0,0.0,0.0,0.03406593406593406,0.4564102564102564,3.6,3.726725521669342
2422,37,Male,Sneakers,Footwear,46,Minnesota,L,Pink,Spring,4.6,No,PayPal,Standard,No,No,2,Debit Card,Every 3 Months,46,4.0,1.0986122886681098,4.394449154672439,0.0,0.0,0.0,0.0,0.03626373626373627,0.14908424908424908,3.749494949494949,3.7808353808353807
2044,47,Male,Gloves,Accessories,33,New York,M,Charcoal,Summer,2.7,No,PayPal,Standard,No,No,49,PayPal,Weekly,33,52.0,3.912023005428146,203.42519628226358,0.0,0.0,0.0,0.0,0.03626373626373627,0.310989010989011,3.8666666666666667,3.745465253239105
2454,21,Male,Sweater,Clothing,95,Iowa,XL,Cyan,Spring,4.6,No,PayPal,Store Pickup,No,No,13,Cash,Annually,95,1.0,2.6390573296152584,2.6390573296152584,0.0,0.0,0.0,0.0,0.04468864468864469,0.4564102564102564,3.7147540983606557,3.726725521669342
990,70,Male,Shoes,Footwear,31,Texas,M,Beige,Spring,3.1,Yes,Bank Transfer,Store Pickup,Yes,Yes,2,Bank Transfer,Monthly,31,12.0,1.0986122886681098,13.183347464017316,1.0,1.0,1.0,1.0,0.036996336996337,0.14908424908424908,3.7099009900990096,3.7808353808353807
1033,55,Male,Boots,Footwear,36,Maine,M,Lavender,Fall,4.0,Yes,Bank Transfer,Free Shipping,Yes,Yes,44,Credit Card,Quarterly,36,4.0,3.8066624897703196,15.226649959081278,1.0,1.0,1.0,1.0,0.036996336996337,0.14908424908424908,3.8237623762376236,3.7808353808353807
3859,30,Female,T-shirt,Clothing,77,Missouri,M,Olive,Winter,3.5,No,PayPal,Store Pickup,No,No,26,Credit Card,Quarterly,77,4.0,3.295836866004329,13.183347464017316,0.0,0.0,0.0,0.0,0.034432234432234435,0.4564102564102564,3.8138297872340425,3.726725521669342
2433,59,Male,Jacket,Outerwear,66,Hawaii,M,Peach,Winter,2.8,No,PayPal,Store Pickup,No,No,43,Venmo,Monthly,66,12.0,3.784189633918261,45.41027560701913,0.0,0.0,0.0,0.0,0.04249084249084249,0.08351648351648351,3.752586206896552,3.7504385964912283
1009,41,Male,Scarf,Accessories,85,New Mexico,M,Pink,Spring,2.6,Yes,Cash,Store Pickup,Yes,Yes,29,PayPal,Annually,85,1.0,3.4011973816621555,3.4011973816621555,1.0,1.0,1.0,1.0,0.03772893772893773,0.310989010989011,3.721359223300971,3.745465253239105
1435,59,Male,Sweater,Clothing,64,New York,L,Maroon,Summer,4.6,No,PayPal,Free Shipping,Yes,Yes,21,Debit Card,Bi-Weekly,64,26.0,3.091042453358316,80.36710378731621,0.0,1.0,1.0,1.0,0.04468864468864469,0.4564102564102564,3.7147540983606557,3.726725521669342
1323,23,Male,Pants,Clothing,74,Washington,M,Violet,Winter,4.0,No,Credit Card,Next Day Air,Yes,Yes,17,Bank Transfer,Quarterly,74,4.0,2.8903717578961645,11.561487031584658,0.0,1.0,1.0,1.0,0.04652014652014652,0.4564102564102564,3.729133858267717,3.726725521669342
1735,31,Male,Jeans,Clothing,98,Missouri,L,Brown,Spring,3.1,No,Credit Card,Next Day Air,No,No,16,PayPal,Quarterly,98,4.0,2.833213344056216,11.332853376224865,0.0,0.0,0.0,0.0,0.03406593406593406,0.4564102564102564,3.6,3.726725521669342
1597,42,Male,Jewelry,Accessories,30,Mississippi,S,Pink,Fall,4.7,No,Bank Transfer,Store Pickup,Yes,Yes,15,Debit Card,Monthly,30,12.0,2.772588722239781,33.27106466687737,0.0,1.0,1.0,1.0,0.04212454212454213,0.310989010989011,3.744347826086957,3.745465253239105
1898,53,Male,Sunglasses,Accessories,97,Alaska,L,Teal,Winter,2.9,No,Venmo,Free Shipping,No,No,11,Debit Card,Fortnightly,97,26.0,2.4849066497880004,64.60757289448802,0.0,0.0,0.0,0.0,0.0380952380952381,0.310989010989011,3.7211538461538463,3.745465253239105
802,25,Male,Belt,Accessories,29,New Mexico,L,Blue,Fall,4.9,Yes,Credit Card,Express,Yes,Yes,12,Credit Card,Fortnightly,29,26.0,2.5649493574615367,66.68868329399996,1.0,1.0,1.0,1.0,0.04395604395604396,0.310989010989011,3.73,3.745465253239105
621,33,Male,Backpack,Accessories,89,Rhode Island,M,Black,Fall,3.7,Yes,PayPal,2-Day Shipping,Yes,Yes,10,Venmo,Every 3 Months,89,4.0,2.3978952727983707,9.591581091193483,1.0,1.0,1.0,1.0,0.03553113553113553,0.310989010989011,3.693814432989691,3.745465253239105
902,60,Male,Scarf,Accessories,68,Missouri,L,Violet,Summer,4.7,Yes,Debit Card,2-Day Shipping,Yes,Yes,34,Cash,Monthly,68,12.0,3.5553480614894135,42.664176737872964,1.0,1.0,1.0,1.0,0.03772893772893773,0.310989010989011,3.721359223300971,3.745465253239105
3259,31,Female,Shoes,Footwear,51,New Jersey,M,Magenta,Spring,4.3,No,Debit Card,Express,No,No,11,Credit Card,Bi-Weekly,51,26.0,2.4849066497880004,64.60757289448802,0.0,0.0,0.0,0.0,0.036996336996337,0.14908424908424908,3.7099009900990096,3.7808353808353807
3540,29,Female,Jewelry,Accessories,56,New York,S,Green,Spring,3.2,No,Venmo,Express,No,No,17,Credit Card,Bi-Weekly,56,26.0,2.8903717578961645,75.14966570530028,0.0,0.0,0.0,0.0,0.04212454212454213,0.310989010989011,3.744347826086957,3.745465253239105
1878,69,Male,Gloves,Accessories,62,Pennsylvania,L,Pink,Fall,3.6,No,Cash,Express,No,No,3,Credit Card,Annually,62,1.0,1.3862943611198906,1.3862943611198906,0.0,0.0,0.0,0.0,0.03626373626373627,0.310989010989011,3.8666666666666667,3.745465253239105
2138,27,Male,Socks,Clothing,51,Indiana,XL,Purple,Winter,4.6,No,Bank Transfer,2-Day Shipping,No,No,20,Credit Card,Every 3 Months,51,4.0,3.044522437723423,12.178089750893692,0.0,0.0,0.0,0.0,0.03882783882783883,0.4564102564102564,3.7150943396226417,3.726725521669342
795,69,Male,Backpack,Accessories,50,Kentucky,XL,Yellow,Winter,4.2,Yes,Bank Transfer,Store Pickup,Yes,Yes,10,Debit Card,Fortnightly,50,26.0,2.3978952727983707,62.34527709275764,1.0,1.0,1.0,1.0,0.03553113553113553,0.310989010989011,3.693814432989691,3.745465253239105
3890,57,Female,Dress,Clothing,65,Alaska,S,Yellow,Spring,3.5,No,Debit Card,Express,No,No,49,Bank Transfer,Annually,65,1.0,3.912023005428146,3.912023005428146,0.0,0.0,0.0,0.0,0.044322344322344324,0.4564102564102564,3.7479338842975207,3.726725521669342
3766,22,Female,Jewelry,Accessories,52,Missouri,M,Green,Summer,4.3,No,Cash,Standard,No,No,14,Bank Transfer,Bi-Weekly,52,26.0,2.70805020110221,70.40930522865746,0.0,0.0,0.0,0.0,0.04212454212454213,0.310989010989011,3.744347826086957,3.745465253239105
2840,70,Female,Scarf,Accessories,80,South Dakota,L,Teal,Summer,2.8,No,Cash,Store Pickup,No,No,30,Bank Transfer,Monthly,80,12.0,3.4339872044851463,41.20784645382176,0.0,0.0,0.0,0.0,0.03772893772893773,0.310989010989011,3.721359223300971,3.745465253239105
606,40,Male,Hat,Accessories,32,California,XL,Charcoal,Winter,4.2,Yes,Debit Card,Standard,Yes,Yes,17,Bank Transfer,Weekly,32,52.0,2.8903717578961645,150.29933141060056,1.0,1.0,1.0,1.0,0.038461538461538464,0.310989010989011,3.7695238095238097,3.745465253239105
3346,28,Female,Handbag,Accessories,91,Florida,M,Turquoise,Summer,4.0,No,Cash,2-Day Shipping,No,No,3,Venmo,Bi-Weekly,91,26.0,1.3862943611198906,36.04365338911715,0.0,0.0,0.0,0.0,0.03882783882783883,0.310989010989011,3.7216981132075473,3.745465253239105
2001,26,Male,Belt,Accessories,27,California,M,Lavender,Winter,3.6,No,Venmo,2-Day Shipping,No,No,25,Cash,Bi-Weekly,27,26.0,3.258096538021482,84.71050998855854,0.0,0.0,0.0,0.0,0.04395604395604396,0.310989010989011,3.73,3.745465253239105
1557,43,Male,Hoodie,Clothing,57,Alabama,M,Gold,Fall,2.7,No,Venmo,Standard,Yes,Yes,26,Credit Card,Quarterly,57,4.0,3.295836866004329,13.183347464017316,0.0,1.0,1.0,1.0,0.03882783882783883,0.4564102564102564,3.776415094339623,3.726725521669342
156,63,Male,Socks,Clothing,77,Maine,S,Olive,Spring,4.3,Yes,Cash,Free Shipping,Yes,Yes,21,Bank Transfer,Quarterly,77,4.0,3.091042453358316,12.364169813433264,1.0,1.0,1.0,1.0,0.03882783882783883,0.4564102564102564,3.7150943396226417,3.726725521669342
3010,62,Female,Belt,Accessories,73,Louisiana,M,Silver,Winter,4.6,No,Venmo,Free Shipping,No,No,8,Venmo,Fortnightly,73,26.0,2.1972245773362196,57.12783901074171,0.0,0.0,0.0,0.0,0.04395604395604396,0.310989010989011,3.73,3.745465253239105
991,48,Male,Sunglasses,Accessories,63,Washington,S,Yellow,Spring,4.8,Yes,PayPal,Store Pickup,Yes,Yes,24,Cash,Weekly,63,52.0,3.2188758248682006,167.38154289314642,1.0,1.0,1.0,1.0,0.0380952380952381,0.310989010989011,3.7211538461538463,3.745465253239105
272,65,Male,Sunglasses,Accessories,69,Maryland,XL,Yellow,Summer,4.6,Yes,Credit Card,Express,Yes,Yes,42,Credit Card,Fortnightly,69,26.0,3.7612001156935624,97.79120300803262,1.0,1.0,1.0,1.0,0.0380952380952381,0.310989010989011,3.7211538461538463,3.745465253239105
3705,68,Female,Sunglasses,Accessories,61,Missouri,L,Black,Winter,4.0,No,PayPal,Store Pickup,No,No,36,Credit Card,Quarterly,61,4.0,3.6109179126442243,14.443671650576897,0.0,0.0,0.0,0.0,0.0380952380952381,0.310989010989011,3.7211538461538463,3.745465253239105
2736,46,Female,Skirt,Clothing,29,California,M,Yellow,Spring,3.0,No,Bank Transfer,Express,No,No,2,PayPal,Bi-Weekly,29,26.0,1.0986122886681098,28.563919505370855,0.0,0.0,0.0,0.0,0.041758241758241756,0.4564102564102564,3.816666666666667,3.726725521669342
3668,51,Female,Pants,Clothing,45,Washington,L,Cyan,Fall,2.6,No,Credit Card,Next Day Air,No,No,20,Venmo,Monthly,45,12.0,3.044522437723423,36.53426925268108,0.0,0.0,0.0,0.0,0.04652014652014652,0.4564102564102564,3.729133858267717,3.726725521669342
2352,38,Male,Sweater,Clothing,50,New Hampshire,S,Cyan,Fall,4.9,No,Credit Card,Store Pickup,No,No,25,PayPal,Bi-Weekly,50,26.0,3.258096538021482,84.71050998855854,0.0,0.0,0.0,0.0,0.04468864468864469,0.4564102564102564,3.7147540983606557,3.726725521669342
2974,25,Female,Boots,Footwear,65,Indiana,M,Blue,Summer,2.7,No,PayPal,Store Pickup,No,No,3,Bank Transfer,Fortnightly,65,26.0,1.3862943611198906,36.04365338911715,0.0,0.0,0.0,0.0,0.036996336996337,0.14908424908424908,3.8237623762376236,3.7808353808353807
184,58,Male,Skirt,Clothing,29,Ohio,XL,Beige,Spring,3.6,Yes,Bank Transfer,2-Day Shipping,Yes,Yes,26,Credit Card,Weekly,29,52.0,3.295836866004329,171.38351703222511,1.0,1.0,1.0,1.0,0.041758241758241756,0.4564102564102564,3.816666666666667,3.726725521669342
2701,22,Female,T-shirt,Clothing,68,California,XL,Olive,Winter,3.2,No,Bank Transfer,Standard,No,No,36,Cash,Weekly,68,52.0,3.6109179126442243,187.76773145749968,0.0,0.0,0.0,0.0,0.034432234432234435,0.4564102564102564,3.8138297872340425,3.726725521669342
2513,50,Male,Socks,Clothing,63,North Dakota,M,Green,Summer,4.9,No,Credit Card,Free Shipping,No,No,20,Credit Card,Monthly,63,12.0,3.044522437723423,36.53426925268108,0.0,0.0,0.0,0.0,0.03882783882783883,0.4564102564102564,3.7150943396226417,3.726725521669342
479,35,Male,Jewelry,Accessories,43,Kansas,XL,Turquoise,Winter,3.2,Yes,Debit Card,Free Shipping,Yes,Yes,48,Venmo,Annually,43,1.0,3.8918202981106265,3.8918202981106265,1.0,1.0,1.0,1.0,0.04212454212454213,0.310989010989011,3.744347826086957,3.745465253239105
1449,64,Male,Boots,Footwear,95,West Virginia,M,Black,Summer,3.6,No,Bank Transfer,Free Shipping,Yes,Yes,11,Credit Card,Every 3 Months,95,4.0,2.4849066497880004,9.939626599152001,0.0,1.0,1.0,1.0,0.036996336996337,0.14908424908424908,3.8237623762376236,3.7808353808353807
715,26,Male,Jacket,Outerwear,70,South Dakota,M,Magenta,Fall,4.4,Yes,Venmo,Store Pickup,Yes,Yes,40,Debit Card,Fortnightly,70,26.0,3.713572066704308,96.552873734312,1.0,1.0,1.0,1.0,0.04249084249084249,0.08351648351648351,3.752586206896552,3.7504385964912283
578,19,Male,Skirt,Clothing,52,Alabama,M,Black,Fall,3.7,Yes,PayPal,Store Pickup,Yes,Yes,41,Venmo,Annually,52,1.0,3.7376696182833684,3.7376696182833684,1.0,1.0,1.0,1.0,0.041758241758241756,0.4564102564102564,3.816666666666667,3.726725521669342
3615,46,Female,Gloves,Accessories,25,Delaware,L,Maroon,Spring,4.7,No,Bank Transfer,2-Day Shipping,No,No,19,Bank Transfer,Annually,25,1.0,2.995732273553991,2.995732273553991,0.0,0.0,0.0,0.0,0.03626373626373627,0.310989010989011,3.8666666666666667,3.745465253239105
125,44,Male,Sweater,Clothing,86,Nevada,M,Gray,Spring,3.1,Yes,PayPal,Next Day Air,Yes,Yes,50,PayPal,Annually,86,1.0,3.9318256327243257,3.9318256327243257,1.0,1.0,1.0,1.0,0.04468864468864469,0.4564102564102564,3.7147540983606557,3.726725521669342
60,63,Male,Belt,Accessories,79,Louisiana,L,Yellow,Spring,4.6,Yes,Debit Card,Standard,Yes,Yes,4,Debit Card,Weekly,79,52.0,1.6094379124341003,83.69077144657321,1.0,1.0,1.0,1.0,0.04395604395604396,0.310989010989011,3.73,3.745465253239105
376,59,Male,Sunglasses,Accessories,32,Oklahoma,M,Olive,Summer,4.4,Yes,Debit Card,Standard,Yes,Yes,6,Debit Card,Quarterly,32,4.0,1.9459101490553132,7.783640596221253,1.0,1.0,1.0,1.0,0.0380952380952381,0.310989010989011,3.7211538461538463,3.745465253239105
2103,23,Male,Hat,Accessories,25,Idaho,M,Brown,Spring,4.5,No,PayPal,Store Pickup,No,No,23,Cash,Monthly,25,12.0,3.1780538303479458,38.13664596417535,0.0,0.0,0.0,0.0,0.038461538461538464,0.310989010989011,3.7695238095238097,3.745465253239105
1579,62,Male,Pants,Clothing,97,California,S,Maroon,Winter,4.9,No,Debit Card,2-Day Shipping,Yes,Yes,2,PayPal,Quarterly,97,4.0,1.0986122886681098,4.394449154672439,0.0,1.0,1.0,1.0,0.04652014652014652,0.4564102564102564,3.729133858267717,3.726725521669342
2047,39,Male,Pants,Clothing,32,Oklahoma,M,Maroon,Winter,2.8,No,Bank Transfer,Free Shipping,No,No,30,Cash,Every 3 Months,32,4.0,3.4339872044851463,13.735948817940585,0.0,0.0,0.0,0.0,0.04652014652014652,0.4564102564102564,3.729133858267717,3.726725521669342
483,41,Male,Belt,Accessories,42,Connecticut,M,Yellow,Winter,2.5,Yes,PayPal,2-Day Shipping,Yes,Yes,11,Venmo,Annually,42,1.0,2.4849066497880004,2.4849066497880004,1.0,1.0,1.0,1.0,0.04395604395604396,0.310989010989011,3.73,3.745465253239105
3055,42,Female,Boots,Footwear,70,New Hampshire,S,Magenta,Summer,4.9,No,Cash,2-Day Shipping,No,No,34,Venmo,Monthly,70,12.0,3.5553480614894135,42.664176737872964,0.0,0.0,0.0,0.0,0.036996336996337,0.14908424908424908,3.8237623762376236,3.7808353808353807
709,37,Male,Backpack,Accessories,50,Kentucky,L,Beige,Summer,3.4,Yes,Cash,Store Pickup,Yes,Yes,19,Cash,Fortnightly,50,26.0,2.995732273553991,77.88903911240376,1.0,1.0,1.0,1.0,0.03553113553113553,0.310989010989011,3.693814432989691,3.745465253239105
1234,46,Male,Pants,Clothing,73,Utah,L,Beige,Winter,3.5,No,Cash,Next Day Air,Yes,Yes,40,Venmo,Every 3 Months,73,4.0,3.713572066704308,14.854288266817232,0.0,1.0,1.0,1.0,0.04652014652014652,0.4564102564102564,3.729133858267717,3.726725521669342
577,48,Male,Hat,Accessories,68,Washington,M,Black,Winter,5.0,Yes,Venmo,2-Day Shipping,Yes,Yes,5,Credit Card,Every 3 Months,68,4.0,1.791759469228055,7.16703787691222,1.0,1.0,1.0,1.0,0.038461538461538464,0.310989010989011,3.7695238095238097,3.745465253239105
3411,50,Female,Sandals,Footwear,76,Ohio,L,Teal,Summer,4.3,No,PayPal,Free Shipping,No,No,38,Bank Transfer,Bi-Weekly,76,26.0,3.6635616461296463,95.2526027993708,0.0,0.0,0.0,0.0,0.03882783882783883,0.14908424908424908,3.8367924528301884,3.7808353808353807
3388,53,Female,Pants,Clothing,78,New Jersey,S,Pink,Spring,3.4,No,Venmo,2-Day Shipping,No,No,2,Credit Card,Bi-Weekly,78,26.0,1.0986122886681098,28.563919505370855,0.0,0.0,0.0,0.0,0.04652014652014652,0.4564102564102564,3.729133858267717,3.726725521669342
904,44,Male,Jacket,Outerwear,45,Washington,M,Blue,Winter,3.3,Yes,Bank Transfer,Express,Yes,Yes,3,PayPal,Quarterly,45,4.0,1.3862943611198906,5.545177444479562,1.0,1.0,1.0,1.0,0.04249084249084249,0.08351648351648351,3.752586206896552,3.7504385964912283
598,70,Male,Jewelry,Accessories,69,Alaska,L,Gold,Summer,3.4,Yes,Bank Transfer,Standard,Yes,Yes,19,Bank Transfer,Fortnightly,69,26.0,2.995732273553991,77.88903911240376,1.0,1.0,1.0,1.0,0.04212454212454213,0.310989010989011,3.744347826086957,3.745465253239105
3012,20,Female,Belt,Accessories,70,Nevada,S,Brown,Summer,3.0,No,Bank Transfer,Next Day Air,No,No,18,Credit Card,Every 3 Months,70,4.0,2.9444389791664403,11.777755916665761,0.0,0.0,0.0,0.0,0.04395604395604396,0.310989010989011,3.73,3.745465253239105
1577,56,Male,Dress,Clothing,75,Michigan,M,White,Spring,3.7,No,PayPal,2-Day Shipping,Yes,Yes,36,PayPal,Monthly,75,12.0,3.6109179126442243,43.331014951730694,0.0,1.0,1.0,1.0,0.044322344322344324,0.4564102564102564,3.7479338842975207,3.726725521669342
3872,55,Female,T-shirt,Clothing,97,Minnesota,M,Black,Fall,4.1,No,Credit Card,2-Day Shipping,No,No,20,Bank Transfer,Every 3 Months,97,4.0,3.044522437723423,12.178089750893692,0.0,0.0,0.0,0.0,0.034432234432234435,0.4564102564102564,3.8138297872340425,3.726725521669342
833,58,Male,Jacket,Outerwear,80,California,L,Blue,Fall,2.5,Yes,Credit Card,Express,Yes,Yes,28,Cash,Bi-Weekly,80,26.0,3.367295829986474,87.54969157964833,1.0,1.0,1.0,1.0,0.04249084249084249,0.08351648351648351,3.752586206896552,3.7504385964912283
2807,45,Female,Blouse,Clothing,39,South Carolina,L,Purple,Spring,2.7,No,PayPal,Standard,No,No,50,Credit Card,Annually,39,1.0,3.9318256327243257,3.9318256327243257,0.0,0.0,0.0,0.0,0.047619047619047616,0.4564102564102564,3.733076923076923,3.726725521669342
1550,19,Male,Sneakers,Footwear,55,Kansas,M,Black,Spring,2.9,No,Cash,2-Day Shipping,Yes,Yes,19,Debit Card,Every 3 Months,55,4.0,2.995732273553991,11.982929094215963,0.0,1.0,1.0,1.0,0.03626373626373627,0.14908424908424908,3.749494949494949,3.7808353808353807
3474,63,Female,Dress,Clothing,40,Kansas,M,Cyan,Spring,2.5,No,Credit Card,Express,No,No,11,Cash,Weekly,40,52.0,2.4849066497880004,129.21514578897603,0.0,0.0,0.0,0.0,0.044322344322344324,0.4564102564102564,3.7479338842975207,3.726725521669342
645,68,Male,Backpack,Accessories,93,Louisiana,S,Blue,Summer,4.3,Yes,Venmo,Next Day Air,Yes,Yes,37,Cash,Weekly,93,52.0,3.6375861597263857,189.15448030577204,1.0,1.0,1.0,1.0,0.03553113553113553,0.310989010989011,3.693814432989691,3.745465253239105
585,70,Male,Socks,Clothing,94,Indiana,M,White,Spring,4.7,Yes,PayPal,Free Shipping,Yes,Yes,20,Debit Card,Monthly,94,12.0,3.044522437723423,36.53426925268108,1.0,1.0,1.0,1.0,0.03882783882783883,0.4564102564102564,3.7150943396226417,3.726725521669342
651,34,Male,Gloves,Accessories,40,Florida,M,Magenta,Spring,3.9,Yes,Venmo,Next Day Air,Yes,Yes,12,Bank Transfer,Annually,40,1.0,2.5649493574615367,2.5649493574615367,1.0,1.0,1.0,1.0,0.03626373626373627,0.310989010989011,3.8666666666666667,3.745465253239105
2682,23,Female,Shoes,Footwear,23,Massachusetts,L,Olive,Summer,4.8,No,Bank Transfer,Standard,No,No,17,Debit Card,Monthly,23,12.0,2.8903717578961645,34.68446109475397,0.0,0.0,0.0,0.0,0.036996336996337,0.14908424908424908,3.7099009900990096,3.7808353808353807
2095,53,Male,Socks,Clothing,25,South Carolina,M,Indigo,Spring,3.4,No,Bank Transfer,Standard,No,No,19,Venmo,Annually,25,1.0,2.995732273553991,2.995732273553991,0.0,0.0,0.0,0.0,0.03882783882783883,0.4564102564102564,3.7150943396226417,3.726725521669342
1083,54,Male,Hat,Accessories,85,South Carolina,XL,Cyan,Winter,2.6,No,PayPal,Next Day Air,Yes,Yes,30,Venmo,Quarterly,85,4.0,3.4339872044851463,13.735948817940585,0.0,1.0,1.0,1.0,0.038461538461538464,0.310989010989011,3.7695238095238097,3.745465253239105
1721,25,Male,Shorts,Clothing,84,Massachusetts,S,Beige,Winter,2.8,No,Cash,Express,No,No,40,Debit Card,Bi-Weekly,84,26.0,3.713572066704308,96.552873734312,0.0,0.0,0.0,0.0,0.04212454212454213,0.4564102564102564,3.6730434782608694,3.726725521669342
566,59,Male,Backpack,Accessories,43,Idaho,L,Lavender,Fall,4.2,Yes,Bank Transfer,Store Pickup,Yes,Yes,10,Venmo,Weekly,43,52.0,2.3978952727983707,124.69055418551528,1.0,1.0,1.0,1.0,0.03553113553113553,0.310989010989011,3.693814432989691,3.745465253239105
1718,29,Male,Hoodie,Clothing,50,Hawaii,L,Orange,Summer,2.9,No,Cash,Express,No,No,16,Debit Card,Bi-Weekly,50,26.0,2.833213344056216,73.66354694546162,0.0,0.0,0.0,0.0,0.03882783882783883,0.4564102564102564,3.776415094339623,3.726725521669342
1570,20,Male,Skirt,Clothing,63,Hawaii,M,Orange,Summer,2.9,No,PayPal,Standard,Yes,Yes,29,Debit Card,Weekly,63,52.0,3.4011973816621555,176.86226384643209,0.0,1.0,1.0,1.0,0.041758241758241756,0.4564102564102564,3.816666666666667,3.726725521669342
1051,48,Male,Sneakers,Footwear,64,Florida,M,Beige,Winter,3.8,Yes,Credit Card,Next Day Air,Yes,Yes,19,Venmo,Monthly,64,12.0,2.995732273553991,35.94878728264789,1.0,1.0,1.0,1.0,0.03626373626373627,0.14908424908424908,3.749494949494949,3.7808353808353807
2210,42,Male,Sandals,Footwear,20,Utah,XL,Beige,Summer,4.5,No,Credit Card,2-Day Shipping,No,No,44,Bank Transfer,Quarterly,20,4.0,3.8066624897703196,15.226649959081278,0.0,0.0,0.0,0.0,0.03882783882783883,0.14908424908424908,3.8367924528301884,3.7808353808353807
2992,66,Female,Dress,Clothing,71,Utah,L,Green,Summer,3.9,No,PayPal,Standard,No,No,7,PayPal,Bi-Weekly,71,26.0,2.0794415416798357,54.06548008367573,0.0,0.0,0.0,0.0,0.044322344322344324,0.4564102564102564,3.7479338842975207,3.726725521669342
2719,22,Female,Shorts,Clothing,90,Virginia,M,Peach,Winter,4.9,No,Credit Card,Next Day Air,No,No,10,Venmo,Bi-Weekly,90,26.0,2.3978952727983707,62.34527709275764,0.0,0.0,0.0,0.0,0.04212454212454213,0.4564102564102564,3.6730434782608694,3.726725521669342
3787,31,Female,Boots,Footwear,47,Tennessee,L,Yellow,Fall,3.6,No,Venmo,2-Day Shipping,No,No,22,Venmo,Weekly,47,52.0,3.1354942159291497,163.04569922831578,0.0,0.0,0.0,0.0,0.036996336996337,0.14908424908424908,3.8237623762376236,3.7808353808353807
3241,56,Female,Sandals,Footwear,37,West Virginia,M,Violet,Fall,3.8,No,Credit Card,2-Day Shipping,No,No,37,Bank Transfer,Monthly,37,12.0,3.6375861597263857,43.65103391671663,0.0,0.0,0.0,0.0,0.03882783882783883,0.14908424908424908,3.8367924528301884,3.7808353808353807
400,60,Male,Scarf,Accessories,35,Idaho,L,Blue,Fall,3.5,Yes,Credit Card,2-Day Shipping,Yes,Yes,10,Debit Card,Monthly,35,12.0,2.3978952727983707,28.774743273580448,1.0,1.0,1.0,1.0,0.03772893772893773,0.310989010989011,3.721359223300971,3.745465253239105
2761,41,Female,Skirt,Clothing,82,Alaska,S,Violet,Fall,5.0,No,Bank Transfer,Next Day Air,No,No,41,Credit Card,Bi-Weekly,82,26.0,3.7376696182833684,97.17941007536758,0.0,0.0,0.0,0.0,0.041758241758241756,0.4564102564102564,3.816666666666667,3.726725521669342
3245,65,Female,Sweater,Clothing,81,Arkansas,M,Black,Fall,4.7,No,Bank Transfer,Express,No,No,42,Credit Card,Annually,81,1.0,3.7612001156935624,3.7612001156935624,0.0,0.0,0.0,0.0,0.04468864468864469,0.4564102564102564,3.7147540983606557,3.726725521669342
3429,32,Female,Jewelry,Accessories,69,Washington,M,Gray,Fall,2.5,No,Debit Card,Next Day Air,No,No,20,Venmo,Monthly,69,12.0,3.044522437723423,36.53426925268108,0.0,0.0,0.0,0.0,0.04212454212454213,0.310989010989011,3.744347826086957,3.745465253239105
888,70,Male,Handbag,Accessories,47,Minnesota,L,Turquoise,Winter,3.3,Yes,Credit Card,2-Day Shipping,Yes,Yes,33,PayPal,Fortnightly,47,26.0,3.5263605246161616,91.6853736400202,1.0,1.0,1.0,1.0,0.03882783882783883,0.310989010989011,3.7216981132075473,3.745465253239105
38,35,Male,Jeans,Clothing,45,Indiana,S,Cyan,Summer,2.8,Yes,Debit Card,Store Pickup,Yes,Yes,10,PayPal,Weekly,45,52.0,2.3978952727983707,124.69055418551528,1.0,1.0,1.0,1.0,0.03406593406593406,0.4564102564102564,3.6,3.726725521669342
2862,66,Female,Coat,Outerwear,54,Maryland,M,Teal,Fall,3.4,No,Debit Card,Free Shipping,No,No,27,Credit Card,Monthly,54,12.0,3.332204510175204,39.986454122102444,0.0,0.0,0.0,0.0,0.041025641025641026,0.08351648351648351,3.748214285714286,3.7504385964912283
1828,20,Male,T-shirt,Clothing,36,Vermont,S,Pink,Spring,4.9,No,Cash,2-Day Shipping,No,No,31,Bank Transfer,Weekly,36,52.0,3.4657359027997265,180.21826694558578,0.0,0.0,0.0,0.0,0.034432234432234435,0.4564102564102564,3.8138297872340425,3.726725521669342
3217,39,Female,Hoodie,Clothing,85,Illinois,S,Olive,Winter,3.4,No,Debit Card,Next Day Air,No,No,18,Cash,Weekly,85,52.0,2.9444389791664403,153.1108269166549,0.0,0.0,0.0,0.0,0.03882783882783883,0.4564102564102564,3.776415094339623,3.726725521669342
1757,49,Male,Jewelry,Accessories,55,New Hampshire,S,Cyan,Fall,2.8,No,PayPal,Free Shipping,No,No,14,Bank Transfer,Weekly,55,52.0,2.70805020110221,140.81861045731492,0.0,0.0,0.0,0.0,0.04212454212454213,0.310989010989011,3.744347826086957,3.745465253239105
2461,58,Male,Jeans,Clothing,36,Maine,S,Lavender,Winter,4.0,No,Venmo,Store Pickup,No,No,28,Credit Card,Annually,36,1.0,3.367295829986474,3.367295829986474,0.0,0.0,0.0,0.0,0.03406593406593406,0.4564102564102564,3.6,3.726725521669342
3461,41,Female,Scarf,Accessories,78,Indiana,M,Gold,Spring,3.1,No,Credit Card,Express,No,No,5,Bank Transfer,Bi-Weekly,78,26.0,1.791759469228055,46.58574619992943,0.0,0.0,0.0,0.0,0.03772893772893773,0.310989010989011,3.721359223300971,3.745465253239105
2237,23,Male,T-shirt,Clothing,88,Louisiana,M,Yellow,Winter,2.7,No,Venmo,Standard,No,No,18,Debit Card,Fortnightly,88,26.0,2.9444389791664403,76.55541345832745,0.0,0.0,0.0,0.0,0.034432234432234435,0.4564102564102564,3.8138297872340425,3.726725521669342
138,68,Male,Sneakers,Footwear,43,Colorado,M,Turquoise,Spring,4.7,Yes,Cash,Free Shipping,Yes,Yes,38,PayPal,Weekly,43,52.0,3.6635616461296463,190.5052055987416,1.0,1.0,1.0,1.0,0.03626373626373627,0.14908424908424908,3.749494949494949,3.7808353808353807
617,29,Male,Gloves,Accessories,72,Pennsylvania,L,Teal,Spring,4.6,Yes,Cash,Free Shipping,Yes,Yes,38,Credit Card,Every 3 Months,72,4.0,3.6635616461296463,14.654246584518585,1.0,1.0,1.0,1.0,0.03626373626373627,0.310989010989011,3.8666666666666667,3.745465253239105
1746,40,Male,Skirt,Clothing,27,West Virginia,L,Red,Winter,3.6,No,Credit Card,Store Pickup,No,No,27,Cash,Weekly,27,52.0,3.332204510175204,173.27463452911059,0.0,0.0,0.0,0.0,0.041758241758241756,0.4564102564102564,3.816666666666667,3.726725521669342
1016,68,Male,Gloves,Accessories,24,North Carolina,M,Cyan,Summer,4.1,Yes,Debit Card,Standard,Yes,Yes,34,Cash,Weekly,24,52.0,3.5553480614894135,184.8780991974495,1.0,1.0,1.0,1.0,0.03626373626373627,0.310989010989011,3.8666666666666667,3.745465253239105
3452,32,Female,Blouse,Clothing,73,Nevada,XL,Silver,Fall,3.0,No,Bank Transfer,Free Shipping,No,No,13,Credit Card,Annually,73,1.0,2.6390573296152584,2.6390573296152584,0.0,0.0,0.0,0.0,0.047619047619047616,0.4564102564102564,3.733076923076923,3.726725521669342
2275,57,Male,Dress,Clothing,27,New York,L,Turquoise,Spring,4.5,No,Cash,Next Day Air,No,No,38,PayPal,Fortnightly,27,26.0,3.6635616461296463,95.2526027993708,0.0,0.0,0.0,0.0,0.044322344322344324,0.4564102564102564,3.7479338842975207,3.726725521669342
3866,25,Female,Shorts,Clothing,42,Nebraska,M,Olive,Spring,4.2,No,Cash,Store Pickup,No,No,28,Cash,Every 3 Months,42,4.0,3.367295829986474,13.469183319945897,0.0,0.0,0.0,0.0,0.04212454212454213,0.4564102564102564,3.6730434782608694,3.726725521669342
2314,64,Male,Dress,Clothing,31,Georgia,M,Black,Summer,4.7,No,Venmo,Next Day Air,No,No,36,Bank Transfer,Fortnightly,31,26.0,3.6109179126442243,93.88386572874984,0.0,0.0,0.0,0.0,0.044322344322344324,0.4564102564102564,3.7479338842975207,3.726725521669342
1737,57,Male,Shorts,Clothing,61,Tennessee,M,Purple,Summer,2.6,No,Cash,2-Day Shipping,No,No,43,Cash,Quarterly,61,4.0,3.784189633918261,15.136758535673044,0.0,0.0,0.0,0.0,0.04212454212454213,0.4564102564102564,3.6730434782608694,3.726725521669342
3295,62,Female,Sweater,Clothing,60,South Carolina,S,Magenta,Spring,4.5,No,PayPal,Store Pickup,No,No,15,Bank Transfer,Bi-Weekly,60,26.0,2.772588722239781,72.0873067782343,0.0,0.0,0.0,0.0,0.04468864468864469,0.4564102564102564,3.7147540983606557,3.726725521669342
3884,34,Female,Hat,Accessories,38,North Dakota,XL,Purple,Fall,4.0,No,Bank Transfer,Next Day Air,No,No,22,Cash,Fortnightly,38,26.0,3.1354942159291497,81.52284961415789,0.0,0.0,0.0,0.0,0.038461538461538464,0.310989010989011,3.7695238095238097,3.745465253239105
528,21,Male,T-shirt,Clothing,23,South Carolina,L,Yellow,Winter,4.3,Yes,Bank Transfer,Next Day Air,Yes,Yes,47,Bank Transfer,Every 3 Months,23,4.0,3.871201010907891,15.484804043631565,1.0,1.0,1.0,1.0,0.034432234432234435,0.4564102564102564,3.8138297872340425,3.726725521669342
352,28,Male,Skirt,Clothing,90,New York,M,Teal,Winter,3.9,Yes,Cash,Standard,Yes,Yes,24,Debit Card,Bi-Weekly,90,26.0,3.2188758248682006,83.69077144657321,1.0,1.0,1.0,1.0,0.041758241758241756,0.4564102564102564,3.816666666666667,3.726725521669342
1199,40,Male,Socks,Clothing,49,New Jersey,M,Brown,Summer,3.9,No,Bank Transfer,2-Day Shipping,Yes,Yes,17,Cash,Annually,49,1.0,2.8903717578961645,2.8903717578961645,0.0,1.0,1.0,1.0,0.03882783882783883,0.4564102564102564,3.7150943396226417,3.726725521669342
1516,39,Male,Jeans,Clothing,93,Indiana,S,Turquoise,Fall,3.9,No,Debit Card,2-Day Shipping,Yes,Yes,34,Cash,Weekly,93,52.0,3.5553480614894135,184.8780991974495,0.0,1.0,1.0,1.0,0.03406593406593406,0.4564102564102564,3.6,3.726725521669342
206,67,Male,Shirt,Clothing,64,Hawaii,M,Silver,Winter,3.0,Yes,Bank Transfer,Standard,Yes,Yes,25,PayPal,Weekly,64,52.0,3.258096538021482,169.42101997711708,1.0,1.0,1.0,1.0,0.04322344322344322,0.4564102564102564,3.669491525423729,3.726725521669342
1180,20,Male,T-shirt,Clothing,33,Indiana,M,Blue,Summer,2.8,No,Debit Card,Free Shipping,Yes,Yes,44,Bank Transfer,Annually,33,1.0,3.8066624897703196,3.8066624897703196,0.0,1.0,1.0,1.0,0.034432234432234435,0.4564102564102564,3.8138297872340425,3.726725521669342
1595,40,Male,Handbag,Accessories,41,Colorado,XL,Charcoal,Summer,3.7,No,Bank Transfer,Store Pickup,Yes,Yes,3,Cash,Fortnightly,41,26.0,1.3862943611198906,36.04365338911715,0.0,1.0,1.0,1.0,0.03882783882783883,0.310989010989011,3.7216981132075473,3.745465253239105
3001,57,Female,Sandals,Footwear,70,Ohio,M,Lavender,Winter,3.7,No,Cash,Express,No,No,7,PayPal,Weekly,70,52.0,2.0794415416798357,108.13096016735146,0.0,0.0,0.0,0.0,0.03882783882783883,0.14908424908424908,3.8367924528301884,3.7808353808353807
560,66,Male,Scarf,Accessories,41,Arizona,M,Indigo,Fall,2.9,Yes,Bank Transfer,Store Pickup,Yes,Yes,22,Bank Transfer,Monthly,41,12.0,3.1354942159291497,37.625930591149796,1.0,1.0,1.0,1.0,0.03772893772893773,0.310989010989011,3.721359223300971,3.745465253239105
3222,21,Female,T-shirt,Clothing,76,New Hampshire,M,Yellow,Winter,3.2,No,Credit Card,Standard,No,No,28,Cash,Annually,76,1.0,3.367295829986474,3.367295829986474,0.0,0.0,0.0,0.0,0.034432234432234435,0.4564102564102564,3.8138297872340425,3.726725521669342
1532,63,Male,Backpack,Accessories,83,Mississippi,S,Violet,Spring,4.5,No,Cash,Next Day Air,Yes,Yes,8,PayPal,Bi-Weekly,83,26.0,2.1972245773362196,57.12783901074171,0.0,1.0,1.0,1.0,0.03553113553113553,0.310989010989011,3.693814432989691,3.745465253239105
571,65,Male,T-shirt,Clothing,99,Iowa,XL,Purple,Fall,4.1,Yes,Credit Card,Standard,Yes,Yes,20,Cash,Annually,99,1.0,3.044522437723423,3.044522437723423,1.0,1.0,1.0,1.0,0.034432234432234435,0.4564102564102564,3.8138297872340425,3.726725521669342
2673,56,Female,Boots,Footwear,28,West Virginia,M,Maroon,Spring,2.9,No,Debit Card,Standard,No,No,13,Cash,Annually,28,1.0,2.6390573296152584,2.6390573296152584,0.0,0.0,0.0,0.0,0.036996336996337,0.14908424908424908,3.8237623762376236,3.7808353808353807
212,69,Male,Skirt,Clothing,92,South Dakota,L,Maroon,Fall,4.2,Yes,Venmo,2-Day Shipping,Yes,Yes,45,Debit Card,Fortnightly,92,26.0,3.828641396489095,99.54467630871648,1.0,1.0,1.0,1.0,0.041758241758241756,0.4564102564102564,3.816666666666667,3.726725521669342
1953,57,Male,Shoes,Footwear,82,Maryland,L,Yellow,Summer,4.6,No,PayPal,2-Day Shipping,No,No,50,Cash,Bi-Weekly,82,26.0,3.9318256327243257,102.22746645083247,0.0,0.0,0.0,0.0,0.036996336996337,0.14908424908424908,3.7099009900990096,3.7808353808353807
3741,42,Female,Pants,Clothing,96,Virginia,M,Silver,Summer,2.6,No,Cash,Store Pickup,No,No,26,Debit Card,Bi-Weekly,96,26.0,3.295836866004329,85.69175851611256,0.0,0.0,0.0,0.0,0.04652014652014652,0.4564102564102564,3.729133858267717,3.726725521669342
2052,65,Male,T-shirt,Clothing,94,Massachusetts,L,Black,Spring,3.8,No,Cash,Free Shipping,No,No,14,Credit Card,Monthly,94,12.0,2.70805020110221,32.49660241322652,0.0,0.0,0.0,0.0,0.034432234432234435,0.4564102564102564,3.8138297872340425,3.726725521669342
3367,38,Female,Gloves,Accessories,65,North Carolina,M,Red,Spring,3.6,No,Venmo,2-Day Shipping,No,No,47,Debit Card,Quarterly,65,4.0,3.871201010907891,15.484804043631565,0.0,0.0,0.0,0.0,0.03626373626373627,0.310989010989011,3.8666666666666667,3.745465253239105
3545,64,Female,Socks,Clothing,55,Wisconsin,XL,Charcoal,Fall,3.6,No,PayPal,2-Day Shipping,No,No,42,Cash,Every 3 Months,55,4.0,3.7612001156935624,15.04480046277425,0.0,0.0,0.0,0.0,0.03882783882783883,0.4564102564102564,3.7150943396226417,3.726725521669342
1729,23,Male,Jeans,Clothing,48,Wyoming,L,Black,Fall,4.3,No,Debit Card,Express,No,No,1,Debit Card,Every 3 Months,48,4.0,0.6931471805599453,2.772588722239781,0.0,0.0,0.0,0.0,0.03406593406593406,0.4564102564102564,3.6,3.726725521669342
1943,63,Male,Pants,Clothing,28,Alabama,M,Cyan,Fall,3.4,No,Credit Card,Express,No,No,22,PayPal,Monthly,28,12.0,3.1354942159291497,37.625930591149796,0.0,0.0,0.0,0.0,0.04652014652014652,0.4564102564102564,3.729133858267717,3.726725521669342
3566,49,Female,Handbag,Accessories,52,Pennsylvania,S,Gray,Spring,4.2,No,Cash,Store Pickup,No,No,35,PayPal,Monthly,52,12.0,3.58351893845611,43.00222726147332,0.0,0.0,0.0,0.0,0.03882783882783883,0.310989010989011,3.7216981132075473,3.745465253239105
1617,26,Male,Hat,Accessories,41,Colorado,M,Green,Spring,3.4,No,Bank Transfer,Standard,Yes,Yes,50,Cash,Quarterly,41,4.0,3.9318256327243257,15.727302530897303,0.0,1.0,1.0,1.0,0.038461538461538464,0.310989010989011,3.7695238095238097,3.745465253239105
1120,34,Male,Jewelry,Accessories,36,Louisiana,M,Indigo,Spring,3.1,No,Venmo,Standard,Yes,Yes,36,Credit Card,Weekly,36,52.0,3.6109179126442243,187.76773145749968,0.0,1.0,1.0,1.0,0.04212454212454213,0.310989010989011,3.744347826086957,3.745465253239105
2980,31,Female,Jeans,Clothing,91,Louisiana,L,Olive,Fall,2.6,No,PayPal,Next Day Air,No,No,14,PayPal,Weekly,91,52.0,2.70805020110221,140.81861045731492,0.0,0.0,0.0,0.0,0.03406593406593406,0.4564102564102564,3.6,3.726725521669342
1382,30,Male,Shoes,Footwear,86,Illinois,L,Green,Winter,2.9,No,Cash,Standard,Yes,Yes,48,Venmo,Quarterly,86,4.0,3.8918202981106265,15.567281192442506,0.0,1.0,1.0,1.0,0.036996336996337,0.14908424908424908,3.7099009900990096,3.7808353808353807
2487,61,Male,Jeans,Clothing,58,Texas,L,Magenta,Spring,4.4,No,Credit Card,Store Pickup,No,No,6,Credit Card,Fortnightly,58,26.0,1.9459101490553132,50.593663875438146,0.0,0.0,0.0,0.0,0.03406593406593406,0.4564102564102564,3.6,3.726725521669342
2788,36,Female,Boots,Footwear,79,West Virginia,XL,Pink,Spring,4.1,No,Cash,Next Day Air,No,No,4,Venmo,Fortnightly,79,26.0,1.6094379124341003,41.845385723286604,0.0,0.0,0.0,0.0,0.036996336996337,0.14908424908424908,3.8237623762376236,3.7808353808353807
2874,44,Female,Sweater,Clothing,40,Montana,M,Teal,Spring,2.6,No,PayPal,Free Shipping,No,No,8,Bank Transfer,Monthly,40,12.0,2.1972245773362196,26.366694928034633,0.0,0.0,0.0,0.0,0.04468864468864469,0.4564102564102564,3.7147540983606557,3.726725521669342
3264,56,Female,Shorts,Clothing,68,Vermont,S,Black,Fall,4.4,No,PayPal,Express,No,No,31,Debit Card,Fortnightly,68,26.0,3.4657359027997265,90.10913347279289,0.0,0.0,0.0,0.0,0.04212454212454213,0.4564102564102564,3.6730434782608694,3.726725521669342
346,48,Male,Shoes,Footwear,59,Wyoming,S,Olive,Winter,4.4,Yes,Cash,Next Day Air,Yes,Yes,27,Bank Transfer,Annually,59,1.0,3.332204510175204,3.332204510175204,1.0,1.0,1.0,1.0,0.036996336996337,0.14908424908424908,3.7099009900990096,3.7808353808353807
1951,43,Male,Backpack,Accessories,78,Arkansas,L,Blue,Summer,4.6,No,Cash,Free Shipping,No,No,26,PayPal,Every 3 Months,78,4.0,3.295836866004329,13.183347464017316,0.0,0.0,0.0,0.0,0.03553113553113553,0.310989010989011,3.693814432989691,3.745465253239105
2694,55,Female,Boots,Footwear,70,Hawaii,L,Lavender,Summer,2.6,No,Debit Card,Standard,No,No,46,Cash,Quarterly,70,4.0,3.8501476017100584,15.400590406840234,0.0,0.0,0.0,0.0,0.036996336996337,0.14908424908424908,3.8237623762376236,3.7808353808353807
788,53,Male,Handbag,Accessories,85,Michigan,S,Green,Spring,3.7,Yes,Bank Transfer,Free Shipping,Yes,Yes,25,Venmo,Weekly,85,52.0,3.258096538021482,169.42101997711708,1.0,1.0,1.0,1.0,0.03882783882783883,0.310989010989011,3.7216981132075473,3.745465253239105
146,24,Male,Jewelry,Accessories,95,Missouri,M,Teal,Fall,4.5,Yes,Venmo,Standard,Yes,Yes,44,Debit Card,Quarterly,95,4.0,3.8066624897703196,15.226649959081278,1.0,1.0,1.0,1.0,0.04212454212454213,0.310989010989011,3.744347826086957,3.745465253239105
3069,32,Female,Boots,Footwear,40,California,M,Indigo,Winter,4.2,No,Bank Transfer,Express,No,No,4,Debit Card,Weekly,40,52.0,1.6094379124341003,83.69077144657321,0.0,0.0,0.0,0.0,0.036996336996337,0.14908424908424908,3.8237623762376236,3.7808353808353807
3639,40,Female,Backpack,Accessories,20,Kansas,M,Olive,Spring,4.6,No,Credit Card,Express,No,No,50,PayPal,Bi-Weekly,20,26.0,3.9318256327243257,102.22746645083247,0.0,0.0,0.0,0.0,0.03553113553113553,0.310989010989011,3.693814432989691,3.745465253239105
3522,52,Female,Shoes,Footwear,50,Maryland,M,Pink,Winter,3.7,No,Credit Card,Store Pickup,No,No,35,Venmo,Weekly,50,52.0,3.58351893845611,186.34298479971773,0.0,0.0,0.0,0.0,0.036996336996337,0.14908424908424908,3.7099009900990096,3.7808353808353807
489,58,Male,Sweater,Clothing,29,Maine,L,Olive,Spring,4.6,Yes,Venmo,Standard,Yes,Yes,32,Venmo,Weekly,29,52.0,3.4965075614664802,181.81839319625698,1.0,1.0,1.0,1.0,0.04468864468864469,0.4564102564102564,3.7147540983606557,3.726725521669342
563,53,Male,Jeans,Clothing,62,Missouri,M,Blue,Summer,3.5,Yes,PayPal,Standard,Yes,Yes,40,Debit Card,Annually,62,1.0,3.713572066704308,3.713572066704308,1.0,1.0,1.0,1.0,0.03406593406593406,0.4564102564102564,3.6,3.726725521669342
1115,55,Male,Skirt,Clothing,25,New Hampshire,L,Violet,Fall,2.6,No,Cash,Next Day Air,Yes,Yes,47,Bank Transfer,Every 3 Months,25,4.0,3.871201010907891,15.484804043631565,0.0,1.0,1.0,1.0,0.041758241758241756,0.4564102564102564,3.816666666666667,3.726725521669342
3389,35,Female,Sweater,Clothing,61,South Dakota,M,Cyan,Spring,4.5,No,Venmo,Store Pickup,No,No,21,Credit Card,Weekly,61,52.0,3.091042453358316,160.73420757463242,0.0,0.0,0.0,0.0,0.04468864468864469,0.4564102564102564,3.7147540983606557,3.726725521669342
1466,46,Male,Gloves,Accessories,72,Nebraska,XL,Violet,Winter,3.9,No,Bank Transfer,Store Pickup,Yes,Yes,42,Cash,Bi-Weekly,72,26.0,3.7612001156935624,97.79120300803262,0.0,1.0,1.0,1.0,0.03626373626373627,0.310989010989011,3.8666666666666667,3.745465253239105
1794,65,Male,Hat,Accessories,92,Iowa,S,White,Fall,3.8,No,Debit Card,Store Pickup,No,No,45,Cash,Every 3 Months,92,4.0,3.828641396489095,15.31456558595638,0.0,0.0,0.0,0.0,0.038461538461538464,0.310989010989011,3.7695238095238097,3.745465253239105
2633,24,Male,Scarf,Accessories,27,Alaska,M,Black,Fall,5.0,No,Venmo,Next Day Air,No,No,14,Cash,Annually,27,1.0,2.70805020110221,2.70805020110221,0.0,0.0,0.0,0.0,0.03772893772893773,0.310989010989011,3.721359223300971,3.745465253239105
2157,38,Male,Skirt,Clothing,83,Missouri,M,Maroon,Winter,3.6,No,PayPal,Next Day Air,No,No,41,Debit Card,Bi-Weekly,83,26.0,3.7376696182833684,97.17941007536758,0.0,0.0,0.0,0.0,0.041758241758241756,0.4564102564102564,3.816666666666667,3.726725521669342
2453,68,Male,Shirt,Clothing,67,New York,L,Purple,Winter,4.1,No,Venmo,Express,No,No,45,Bank Transfer,Every 3 Months,67,4.0,3.828641396489095,15.31456558595638,0.0,0.0,0.0,0.0,0.04322344322344322,0.4564102564102564,3.669491525423729,3.726725521669342
1971,28,Male,Belt,Accessories,94,Maryland,M,Indigo,Spring,2.9,No,Debit Card,Next Day Air,No,No,4,Credit Card,Bi-Weekly,94,26.0,1.6094379124341003,41.845385723286604,0.0,0.0,0.0,0.0,0.04395604395604396,0.310989010989011,3.73,3.745465253239105
1363,41,Male,Coat,Outerwear,46,Colorado,M,Gray,Fall,4.3,No,Cash,Express,Yes,Yes,29,Cash,Weekly,46,52.0,3.4011973816621555,176.86226384643209,0.0,1.0,1.0,1.0,0.041025641025641026,0.08351648351648351,3.748214285714286,3.7504385964912283
1093,68,Male,Jewelry,Accessories,50,South Dakota,L,Magenta,Spring,4.1,No,Credit Card,2-Day Shipping,Yes,Yes,20,Venmo,Quarterly,50,4.0,3.044522437723423,12.178089750893692,0.0,1.0,1.0,1.0,0.04212454212454213,0.310989010989011,3.744347826086957,3.745465253239105
252,21,Male,Handbag,Accessories,51,Wyoming,XL,Gold,Winter,2.5,Yes,PayPal,Standard,Yes,Yes,34,PayPal,Annually,51,1.0,3.5553480614894135,3.5553480614894135,1.0,1.0,1.0,1.0,0.03882783882783883,0.310989010989011,3.7216981132075473,3.745465253239105
985,26,Male,Shoes,Footwear,78,Utah,M,Green,Summer,3.4,Yes,Cash,Free Shipping,Yes,Yes,8,Credit Card,Bi-Weekly,78,26.0,2.1972245773362196,57.12783901074171,1.0,1.0,1.0,1.0,0.036996336996337,0.14908424908424908,3.7099009900990096,3.7808353808353807
967,58,Male,Dress,Clothing,55,Kentucky,M,Brown,Spring,4.9,Yes,Cash,Express,Yes,Yes,19,Cash,Annually,55,1.0,2.995732273553991,2.995732273553991,1.0,1.0,1.0,1.0,0.044322344322344324,0.4564102564102564,3.7479338842975207,3.726725521669342
2107,60,Male,Jewelry,Accessories,34,Vermont,M,Gray,Fall,4.4,No,Cash,Standard,No,No,40,Credit Card,Every 3 Months,34,4.0,3.713572066704308,14.854288266817232,0.0,0.0,0.0,0.0,0.04212454212454213,0.310989010989011,3.744347826086957,3.745465253239105
3660,27,Female,Sandals,Footwear,77,Illinois,S,Gray,Fall,4.9,No,Bank Transfer,Store Pickup,No,No,46,Bank Transfer,Annually,77,1.0,3.8501476017100584,3.8501476017100584,0.0,0.0,0.0,0.0,0.03882783882783883,0.14908424908424908,3.8367924528301884,3.7808353808353807
3681,22,Female,Sunglasses,Accessories,36,Iowa,S,Blue,Winter,2.9,No,Venmo,Standard,No,No,30,Debit Card,Quarterly,36,4.0,3.4339872044851463,13.735948817940585,0.0,0.0,0.0,0.0,0.0380952380952381,0.310989010989011,3.7211538461538463,3.745465253239105
691,25,Male,Shorts,Clothing,68,Alaska,XL,Red,Spring,4.8,Yes,Bank Transfer,Standard,Yes,Yes,45,Bank Transfer,Weekly,68,52.0,3.828641396489095,199.08935261743295,1.0,1.0,1.0,1.0,0.04212454212454213,0.4564102564102564,3.6730434782608694,3.726725521669342
1734,67,Male,Blouse,Clothing,85,New York,L,Black,Summer,3.4,No,Bank Transfer,Express,No,No,22,Credit Card,Annually,85,1.0,3.1354942159291497,3.1354942159291497,0.0,0.0,0.0,0.0,0.047619047619047616,0.4564102564102564,3.733076923076923,3.726725521669342
668,34,Male,Sunglasses,Accessories,76,Arizona,S,Blue,Winter,2.6,Yes,Debit Card,Standard,Yes,Yes,32,Bank Transfer,Quarterly,76,4.0,3.4965075614664802,13.986030245865921,1.0,1.0,1.0,1.0,0.0380952380952381,0.310989010989011,3.7211538461538463,3.745465253239105
288,56,Male,Scarf,Accessories,37,Delaware,L,Blue,Spring,3.4,Yes,Cash,2-Day Shipping,Yes,Yes,18,Venmo,Fortnightly,37,26.0,2.9444389791664403,76.55541345832745,1.0,1.0,1.0,1.0,0.03772893772893773,0.310989010989011,3.721359223300971,3.745465253239105
3714,49,Female,Shoes,Footwear,87,Arizona,M,Peach,Spring,2.6,No,Cash,Express,No,No,31,Debit Card,Every 3 Months,87,4.0,3.4657359027997265,13.862943611198906,0.0,0.0,0.0,0.0,0.036996336996337,0.14908424908424908,3.7099009900990096,3.7808353808353807
2781,33,Female,Boots,Footwear,70,Ohio,M,Charcoal,Winter,4.1,No,Bank Transfer,Next Day Air,No,No,29,PayPal,Fortnightly,70,26.0,3.4011973816621555,88.43113192321604,0.0,0.0,0.0,0.0,0.036996336996337,0.14908424908424908,3.8237623762376236,3.7808353808353807
3248,53,Female,Gloves,Accessories,91,Arkansas,M,Teal,Summer,3.7,No,Venmo,Express,No,No,12,PayPal,Fortnightly,91,26.0,2.5649493574615367,66.68868329399996,0.0,0.0,0.0,0.0,0.03626373626373627,0.310989010989011,3.8666666666666667,3.745465253239105
546,33,Male,Coat,Outerwear,32,Alabama,L,Magenta,Summer,3.5,Yes,Bank Transfer,2-Day Shipping,Yes,Yes,48,Debit Card,Annually,32,1.0,3.8918202981106265,3.8918202981106265,1.0,1.0,1.0,1.0,0.041025641025641026,0.08351648351648351,3.748214285714286,3.7504385964912283
3267,49,Female,Coat,Outerwear,74,Alabama,S,Gray,Winter,4.2,No,Bank Transfer,Next Day Air,No,No,33,Bank Transfer,Weekly,74,52.0,3.5263605246161616,183.3707472800404,0.0,0.0,0.0,0.0,0.041025641025641026,0.08351648351648351,3.748214285714286,3.7504385964912283
2216,25,Male,Sandals,Footwear,96,West Virginia,M,Indigo,Winter,2.7,No,Debit Card,Express,No,No,28,Credit Card,Fortnightly,96,26.0,3.367295829986474,87.54969157964833,0.0,0.0,0.0,0.0,0.03882783882783883,0.14908424908424908,3.8367924528301884,3.7808353808353807
161,27,Male,Gloves,Accessories,23,Texas,M,Orange,Summer,4.6,Yes,Bank Transfer,Free Shipping,Yes,Yes,34,Venmo,Monthly,23,12.0,3.5553480614894135,42.664176737872964,1.0,1.0,1.0,1.0,0.03626373626373627,0.310989010989011,3.8666666666666667,3.745465253239105
2660,35,Female,Boots,Footwear,35,Kansas,L,Gray,Summer,4.4,No,Bank Transfer,2-Day Shipping,No,No,46,Credit Card,Fortnightly,35,26.0,3.8501476017100584,100.10383764446152,0.0,0.0,0.0,0.0,0.036996336996337,0.14908424908424908,3.8237623762376236,3.7808353808353807
3539,56,Female,Shoes,Footwear,63,Iowa,S,White,Spring,4.5,No,Venmo,Store Pickup,No,No,21,Venmo,Monthly,63,12.0,3.091042453358316,37.09250944029979,0.0,0.0,0.0,0.0,0.036996336996337,0.14908424908424908,3.7099009900990096,3.7808353808353807
3753,24,Female,Coat,Outerwear,81,Washington,L,Pink,Winter,4.1,No,Debit Card,2-Day Shipping,No,No,43,Venmo,Weekly,81,52.0,3.784189633918261,196.77786096374956,0.0,0.0,0.0,0.0,0.041025641025641026,0.08351648351648351,3.748214285714286,3.7504385964912283
808,27,Male,T-shirt,Clothing,89,New York,S,Brown,Winter,3.3,Yes,Bank Transfer,Express,Yes,Yes,15,Credit Card,Weekly,89,52.0,2.772588722239781,144.1746135564686,1.0,1.0,1.0,1.0,0.034432234432234435,0.4564102564102564,3.8138297872340425,3.726725521669342
59,69,Male,Hoodie,Clothing,54,Missouri,M,Charcoal,Summer,4.2,Yes,Credit Card,Free Shipping,Yes,Yes,29,Venmo,Monthly,54,12.0,3.4011973816621555,40.814368579945864,1.0,1.0,1.0,1.0,0.03882783882783883,0.4564102564102564,3.776415094339623,3.726725521669342
463,59,Male,Jacket,Outerwear,81,Illinois,M,White,Fall,3.3,Yes,Debit Card,Express,Yes,Yes,48,Venmo,Every 3 Months,81,4.0,3.8918202981106265,15.567281192442506,1.0,1.0,1.0,1.0,0.04249084249084249,0.08351648351648351,3.752586206896552,3.7504385964912283
2971,24,Female,Jewelry,Accessories,74,Kansas,M,White,Winter,3.4,No,Bank Transfer,Free Shipping,No,No,44,Credit Card,Bi-Weekly,74,26.0,3.8066624897703196,98.9732247340283,0.0,0.0,0.0,0.0,0.04212454212454213,0.310989010989011,3.744347826086957,3.745465253239105
1803,57,Male,Shorts,Clothing,96,Rhode Island,L,Turquoise,Winter,2.6,No,Bank Transfer,Store Pickup,No,No,31,Venmo,Bi-Weekly,96,26.0,3.4657359027997265,90.10913347279289,0.0,0.0,0.0,0.0,0.04212454212454213,0.4564102564102564,3.6730434782608694,3.726725521669342
1350,21,Male,Socks,Clothing,36,South Carolina,XL,Black,Spring,3.2,No,Bank Transfer,Next Day Air,Yes,Yes,23,Cash,Bi-Weekly,36,26.0,3.1780538303479458,82.62939958904659,0.0,1.0,1.0,1.0,0.03882783882783883,0.4564102564102564,3.7150943396226417,3.726725521669342
1580,35,Male,Jacket,Outerwear,80,Oklahoma,M,Violet,Summer,3.1,No,Cash,Free Shipping,Yes,Yes,6,Bank Transfer,Monthly,80,12.0,1.9459101490553132,23.350921788663758,0.0,1.0,1.0,1.0,0.04249084249084249,0.08351648351648351,3.752586206896552,3.7504385964912283
262,21,Male,Jeans,Clothing,77,California,L,Magenta,Winter,4.9,Yes,Cash,Standard,Yes,Yes,21,Credit Card,Annually,77,1.0,3.091042453358316,3.091042453358316,1.0,1.0,1.0,1.0,0.03406593406593406,0.4564102564102564,3.6,3.726725521669342
399,20,Male,Boots,Footwear,67,Montana,S,Silver,Winter,4.6,Yes,PayPal,Free Shipping,Yes,Yes,25,Debit Card,Every 3 Months,67,4.0,3.258096538021482,13.032386152085929,1.0,1.0,1.0,1.0,0.036996336996337,0.14908424908424908,3.8237623762376236,3.7808353808353807
3637,50,Female,Sandals,Footwear,38,California,L,Lavender,Summer,4.2,No,PayPal,2-Day Shipping,No,No,36,Cash,Weekly,38,52.0,3.6109179126442243,187.76773145749968,0.0,0.0,0.0,0.0,0.03882783882783883,0.14908424908424908,3.8367924528301884,3.7808353808353807
191,65,Male,Coat,Outerwear,70,Indiana,XL,Beige,Fall,3.0,Yes,Venmo,Free Shipping,Yes,Yes,48,Venmo,Quarterly,70,4.0,3.8918202981106265,15.567281192442506,1.0,1.0,1.0,1.0,0.041025641025641026,0.08351648351648351,3.748214285714286,3.7504385964912283
765,55,Male,Skirt,Clothing,39,Virginia,XL,Silver,Fall,4.2,Yes,Bank Transfer,Free Shipping,Yes,Yes,6,Debit Card,Quarterly,39,4.0,1.9459101490553132,7.783640596221253,1.0,1.0,1.0,1.0,0.041758241758241756,0.4564102564102564,3.816666666666667,3.726725521669342
2610,66,Male,Backpack,Accessories,95,Arkansas,M,Black,Summer,3.0,No,Credit Card,Store Pickup,No,No,18,Debit Card,Bi-Weekly,95,26.0,2.9444389791664403,76.55541345832745,0.0,0.0,0.0,0.0,0.03553113553113553,0.310989010989011,3.693814432989691,3.745465253239105
2624,49,Male,Shoes,Footwear,76,Massachusetts,M,Gold,Fall,4.8,No,Cash,Next Day Air,No,No,38,Cash,Annually,76,1.0,3.6635616461296463,3.6635616461296463,0.0,0.0,0.0,0.0,0.036996336996337,0.14908424908424908,3.7099009900990096,3.7808353808353807
460,63,Male,Hat,Accessories,30,Maryland,L,Black,Winter,3.8,Yes,Debit Card,Standard,Yes,Yes,27,PayPal,Fortnightly,30,26.0,3.332204510175204,86.63731726455529,1.0,1.0,1.0,1.0,0.038461538461538464,0.310989010989011,3.7695238095238097,3.745465253239105
3527,20,Female,Sweater,Clothing,99,Massachusetts,M,Olive,Spring,3.8,No,PayPal,Express,No,No,1,PayPal,Every 3 Months,99,4.0,0.6931471805599453,2.772588722239781,0.0,0.0,0.0,0.0,0.04468864468864469,0.4564102564102564,3.7147540983606557,3.726725521669342
3068,70,Female,Belt,Accessories,22,Missouri,S,Gray,Spring,3.5,No,Bank Transfer,Free Shipping,No,No,2,Cash,Weekly,22,52.0,1.0986122886681098,57.12783901074171,0.0,0.0,0.0,0.0,0.04395604395604396,0.310989010989011,3.73,3.745465253239105
163,54,Male,Sunglasses,Accessories,74,California,M,Turquoise,Summer,3.0,Yes,Credit Card,Store Pickup,Yes,Yes,31,PayPal,Bi-Weekly,74,26.0,3.4657359027997265,90.10913347279289,1.0,1.0,1.0,1.0,0.0380952380952381,0.310989010989011,3.7211538461538463,3.745465253239105
2854,37,Female,Hat,Accessories,48,Pennsylvania,M,Magenta,Winter,3.2,No,Cash,Next Day Air,No,No,9,PayPal,Weekly,48,52.0,2.302585092994046,119.73442483569039,0.0,0.0,0.0,0.0,0.038461538461538464,0.310989010989011,3.7695238095238097,3.745465253239105
2686,56,Female,Boots,Footwear,25,Virginia,M,Gray,Winter,2.7,No,Venmo,Express,No,No,49,Credit Card,Quarterly,25,4.0,3.912023005428146,15.648092021712584,0.0,0.0,0.0,0.0,0.036996336996337,0.14908424908424908,3.8237623762376236,3.7808353808353807
2472,30,Male,Sandals,Footwear,83,Oklahoma,M,Gray,Spring,4.3,No,Cash,Store Pickup,No,No,1,Cash,Annually,83,1.0,0.6931471805599453,0.6931471805599453,0.0,0.0,0.0,0.0,0.03882783882783883,0.14908424908424908,3.8367924528301884,3.7808353808353807
504,55,Male,Shoes,Footwear,24,West Virginia,M,Lavender,Summer,3.2,Yes,Credit Card,Next Day Air,Yes,Yes,26,Bank Transfer,Quarterly,24,4.0,3.295836866004329,13.183347464017316,1.0,1.0,1.0,1.0,0.036996336996337,0.14908424908424908,3.7099009900990096,3.7808353808353807
1260,68,Male,Skirt,Clothing,64,Minnesota,M,Turquoise,Fall,3.9,No,Bank Transfer,Standard,Yes,Yes,45,Credit Card,Monthly,64,12.0,3.828641396489095,45.94369675786914,0.0,1.0,1.0,1.0,0.041758241758241756,0.4564102564102564,3.816666666666667,3.726725521669342
1024,61,Male,Sunglasses,Accessories,71,Maine,S,Turquoise,Winter,3.5,Yes,Bank Transfer,Free Shipping,Yes,Yes,29,Bank Transfer,Every 3 Months,71,4.0,3.4011973816621555,13.604789526648622,1.0,1.0,1.0,1.0,0.0380952380952381,0.310989010989011,3.7211538461538463,3.745465253239105
2329,45,Male,Pants,Clothing,36,North Dakota,M,Maroon,Fall,2.6,No,Credit Card,Express,No,No,29,Venmo,Bi-Weekly,36,26.0,3.4011973816621555,88.43113192321604,0.0,0.0,0.0,0.0,0.04652014652014652,0.4564102564102564,3.729133858267717,3.726725521669342
3669,59,Female,Blouse,Clothing,71,Michigan,XL,Magenta,Summer,3.2,No,PayPal,Store Pickup,No,No,18,Venmo,Annually,71,1.0,2.9444389791664403,2.9444389791664403,0.0,0.0,0.0,0.0,0.047619047619047616,0.4564102564102564,3.733076923076923,3.726725521669342
3115,21,Female,Handbag,Accessories,56,Arkansas,M,Olive,Spring,4.7,No,Venmo,Store Pickup,No,No,45,Venmo,Bi-Weekly,56,26.0,3.828641396489095,99.54467630871648,0.0,0.0,0.0,0.0,0.03882783882783883,0.310989010989011,3.7216981132075473,3.745465253239105
2148,47,Male,Skirt,Clothing,43,Missouri,S,Charcoal,Fall,4.8,No,PayPal,Standard,No,No,4,Cash,Fortnightly,43,26.0,1.6094379124341003,41.845385723286604,0.0,0.0,0.0,0.0,0.041758241758241756,0.4564102564102564,3.816666666666667,3.726725521669342
3871,61,Female,Sandals,Footwear,46,Ohio,L,Lavender,Fall,3.2,No,Bank Transfer,Next Day Air,No,No,19,Cash,Every 3 Months,46,4.0,2.995732273553991,11.982929094215963,0.0,0.0,0.0,0.0,0.03882783882783883,0.14908424908424908,3.8367924528301884,3.7808353808353807
1318,28,Male,Pants,Clothing,43,Kentucky,M,Green,Spring,2.8,No,Credit Card,Free Shipping,Yes,Yes,19,Cash,Monthly,43,12.0,2.995732273553991,35.94878728264789,0.0,1.0,1.0,1.0,0.04652014652014652,0.4564102564102564,3.729133858267717,3.726725521669342
3487,51,Female,Shorts,Clothing,89,North Carolina,L,Charcoal,Winter,4.9,No,Debit Card,Standard,No,No,6,PayPal,Weekly,89,52.0,1.9459101490553132,101.18732775087629,0.0,0.0,0.0,0.0,0.04212454212454213,0.4564102564102564,3.6730434782608694,3.726725521669342
2918,58,Female,Shirt,Clothing,45,Colorado,XL,White,Winter,2.9,No,Cash,Store Pickup,No,No,50,Venmo,Annually,45,1.0,3.9318256327243257,3.9318256327243257,0.0,0.0,0.0,0.0,0.04322344322344322,0.4564102564102564,3.669491525423729,3.726725521669342
2904,38,Female,Scarf,Accessories,39,Delaware,S,Teal,Spring,3.5,No,Venmo,2-Day Shipping,No,No,24,Credit Card,Every 3 Months,39,4.0,3.2188758248682006,12.875503299472802,0.0,0.0,0.0,0.0,0.03772893772893773,0.310989010989011,3.721359223300971,3.745465253239105
2227,22,Male,Shirt,Clothing,72,Missouri,L,Blue,Spring,4.8,No,Credit Card,Store Pickup,No,No,28,Cash,Annually,72,1.0,3.367295829986474,3.367295829986474,0.0,0.0,0.0,0.0,0.04322344322344322,0.4564102564102564,3.669491525423729,3.726725521669342
1541,28,Male,Shorts,Clothing,95,Colorado,M,Red,Winter,2.9,No,Debit Card,Next Day Air,Yes,Yes,14,Bank Transfer,Monthly,95,12.0,2.70805020110221,32.49660241322652,0.0,1.0,1.0,1.0,0.04212454212454213,0.4564102564102564,3.6730434782608694,3.726725521669342
1810,58,Male,Backpack,Accessories,99,Alaska,S,Blue,Fall,3.4,No,Credit Card,Free Shipping,No,No,6,Debit Card,Fortnightly,99,26.0,1.9459101490553132,50.593663875438146,0.0,0.0,0.0,0.0,0.03553113553113553,0.310989010989011,3.693814432989691,3.745465253239105
3541,24,Female,Shorts,Clothing,95,Nevada,M,Magenta,Spring,4.6,No,Bank Transfer,Free Shipping,No,No,5,Bank Transfer,Weekly,95,52.0,1.791759469228055,93.17149239985886,0.0,0.0,0.0,0.0,0.04212454212454213,0.4564102564102564,3.6730434782608694,3.726725521669342
367,64,Male,Socks,Clothing,36,Nebraska,M,Turquoise,Spring,3.5,Yes,Bank Transfer,Store Pickup,Yes,Yes,37,Venmo,Fortnightly,36,26.0,3.6375861597263857,94.57724015288602,1.0,1.0,1.0,1.0,0.03882783882783883,0.4564102564102564,3.7150943396226417,3.726725521669342
1862,29,Male,Sneakers,Footwear,60,South Dakota,S,Peach,Fall,3.6,No,Bank Transfer,Standard,No,No,19,Debit Card,Monthly,60,12.0,2.995732273553991,35.94878728264789,0.0,0.0,0.0,0.0,0.03626373626373627,0.14908424908424908,3.749494949494949,3.7808353808353807
1254,39,Male,Sandals,Footwear,23,Montana,XL,Red,Winter,4.9,No,Venmo,Express,Yes,Yes,49,PayPal,Annually,23,1.0,3.912023005428146,3.912023005428146,0.0,1.0,1.0,1.0,0.03882783882783883,0.14908424908424908,3.8367924528301884,3.7808353808353807
1378,33,Male,Sunglasses,Accessories,54,Maryland,L,Olive,Spring,3.0,No,Credit Card,Next Day Air,Yes,Yes,42,Venmo,Monthly,54,12.0,3.7612001156935624,45.13440138832275,0.0,1.0,1.0,1.0,0.0380952380952381,0.310989010989011,3.7211538461538463,3.745465253239105
1733,45,Male,Belt,Accessories,50,Rhode Island,S,Charcoal,Winter,2.6,No,Cash,Free Shipping,No,No,36,Cash,Every 3 Months,50,4.0,3.6109179126442243,14.443671650576897,0.0,0.0,0.0,0.0,0.04395604395604396,0.310989010989011,3.73,3.745465253239105
708,59,Male,Shirt,Clothing,38,Louisiana,L,Purple,Spring,3.7,Yes,Debit Card,Next Day Air,Yes,Yes,21,Venmo,Annually,38,1.0,3.091042453358316,3.091042453358316,1.0,1.0,1.0,1.0,0.04322344322344322,0.4564102564102564,3.669491525423729,3.726725521669342
1837,66,Male,Pants,Clothing,52,South Carolina,M,Teal,Fall,4.2,No,Cash,2-Day Shipping,No,No,35,Credit Card,Monthly,52,12.0,3.58351893845611,43.00222726147332,0.0,0.0,0.0,0.0,0.04652014652014652,0.4564102564102564,3.729133858267717,3.726725521669342
2133,25,Male,Skirt,Clothing,87,Vermont,M,Magenta,Fall,4.7,No,PayPal,2-Day Shipping,No,No,15,Debit Card,Weekly,87,52.0,2.772588722239781,144.1746135564686,0.0,0.0,0.0,0.0,0.041758241758241756,0.4564102564102564,3.816666666666667,3.726725521669342
2710,35,Female,Shirt,Clothing,54,Illinois,S,Cyan,Winter,2.9,No,Debit Card,Standard,No,No,9,Credit Card,Bi-Weekly,54,26.0,2.302585092994046,59.867212417845195,0.0,0.0,0.0,0.0,0.04322344322344322,0.4564102564102564,3.669491525423729,3.726725521669342
3863,56,Female,Shirt,Clothing,49,Idaho,L,Turquoise,Winter,2.8,No,PayPal,Next Day Air,No,No,9,Venmo,Monthly,49,12.0,2.302585092994046,27.63102111592855,0.0,0.0,0.0,0.0,0.04322344322344322,0.4564102564102564,3.669491525423729,3.726725521669342
2608,41,Male,Shoes,Footwear,36,Oklahoma,XL,Teal,Spring,3.1,No,Bank Transfer,Express,No,No,38,PayPal,Every 3 Months,36,4.0,3.6635616461296463,14.654246584518585,0.0,0.0,0.0,0.0,0.036996336996337,0.14908424908424908,3.7099009900990096,3.7808353808353807
3886,49,Female,Socks,Clothing,64,New Mexico,L,Purple,Winter,3.2,No,Venmo,Free Shipping,No,No,39,Cash,Quarterly,64,4.0,3.6888794541139363,14.755517816455745,0.0,0.0,0.0,0.0,0.03882783882783883,0.4564102564102564,3.7150943396226417,3.726725521669342
2938,28,Female,Handbag,Accessories,39,West Virginia,M,White,Spring,4.3,No,Debit Card,2-Day Shipping,No,No,15,Credit Card,Weekly,39,52.0,2.772588722239781,144.1746135564686,0.0,0.0,0.0,0.0,0.03882783882783883,0.310989010989011,3.7216981132075473,3.745465253239105
2408,52,Male,Shorts,Clothing,38,Illinois,M,Beige,Summer,3.0,No,Credit Card,Express,No,No,11,Credit Card,Bi-Weekly,38,26.0,2.4849066497880004,64.60757289448802,0.0,0.0,0.0,0.0,0.04212454212454213,0.4564102564102564,3.6730434782608694,3.726725521669342
3162,66,Female,Dress,Clothing,77,Massachusetts,S,Charcoal,Winter,4.2,No,Cash,2-Day Shipping,No,No,43,Cash,Monthly,77,12.0,3.784189633918261,45.41027560701913,0.0,0.0,0.0,0.0,0.044322344322344324,0.4564102564102564,3.7479338842975207,3.726725521669342
3355,42,Female,Skirt,Clothing,45,Maryland,M,Orange,Fall,2.8,No,Cash,Next Day Air,No,No,15,PayPal,Weekly,45,52.0,2.772588722239781,144.1746135564686,0.0,0.0,0.0,0.0,0.041758241758241756,0.4564102564102564,3.816666666666667,3.726725521669342
2571,36,Male,Sneakers,Footwear,27,New Mexico,XL,Olive,Spring,4.0,No,Bank Transfer,Store Pickup,No,No,12,PayPal,Fortnightly,27,26.0,2.5649493574615367,66.68868329399996,0.0,0.0,0.0,0.0,0.03626373626373627,0.14908424908424908,3.749494949494949,3.7808353808353807
2819,46,Female,Shorts,Clothing,73,California,M,Turquoise,Fall,4.7,No,Venmo,Next Day Air,No,No,12,Debit Card,Annually,73,1.0,2.5649493574615367,2.5649493574615367,0.0,0.0,0.0,0.0,0.04212454212454213,0.4564102564102564,3.6730434782608694,3.726725521669342
439,52,Male,Belt,Accessories,23,Iowa,M,Turquoise,Winter,4.3,Yes,Cash,Express,Yes,Yes,12,Credit Card,Fortnightly,23,26.0,2.5649493574615367,66.68868329399996,1.0,1.0,1.0,1.0,0.04395604395604396,0.310989010989011,3.73,3.745465253239105
3233,45,Female,T-shirt,Clothing,34,Massachusetts,M,White,Spring,4.0,No,PayPal,Next Day Air,No,No,19,Bank Transfer,Monthly,34,12.0,2.995732273553991,35.94878728264789,0.0,0.0,0.0,0.0,0.034432234432234435,0.4564102564102564,3.8138297872340425,3.726725521669342
3147,21,Female,Shirt,Clothing,83,Virginia,S,Yellow,Winter,4.9,No,Bank Transfer,Free Shipping,No,No,19,PayPal,Annually,83,1.0,2.995732273553991,2.995732273553991,0.0,0.0,0.0,0.0,0.04322344322344322,0.4564102564102564,3.669491525423729,3.726725521669342
3458,64,Female,Jewelry,Accessories,87,Maryland,M,Gray,Summer,3.0,No,Bank Transfer,Express,No,No,29,Cash,Fortnightly,87,26.0,3.4011973816621555,88.43113192321604,0.0,0.0,0.0,0.0,0.04212454212454213,0.310989010989011,3.744347826086957,3.745465253239105
3387,34,Female,T-shirt,Clothing,62,Michigan,M,Lavender,Fall,2.6,No,Debit Card,2-Day Shipping,No,No,36,Cash,Quarterly,62,4.0,3.6109179126442243,14.443671650576897,0.0,0.0,0.0,0.0,0.034432234432234435,0.4564102564102564,3.8138297872340425,3.726725521669342
2249,63,Male,T-shirt,Clothing,66,Rhode Island,M,Violet,Winter,3.4,No,Cash,Free Shipping,No,No,19,PayPal,Fortnightly,66,26.0,2.995732273553991,77.88903911240376,0.0,0.0,0.0,0.0,0.034432234432234435,0.4564102564102564,3.8138297872340425,3.726725521669342
1276,55,Male,Sweater,Clothing,32,Arkansas,S,Turquoise,Fall,4.5,No,PayPal,Standard,Yes,Yes,1,PayPal,Monthly,32,12.0,0.6931471805599453,8.317766166719343,0.0,1.0,1.0,1.0,0.04468864468864469,0.4564102564102564,3.7147540983606557,3.726725521669342
2306,68,Male,Handbag,Accessories,63,Maine,M,Gold,Summer,2.6,No,Cash,Free Shipping,No,No,47,Cash,Weekly,63,52.0,3.871201010907891,201.30245256721034,0.0,0.0,0.0,0.0,0.03882783882783883,0.310989010989011,3.7216981132075473,3.745465253239105
1066,59,Male,T-shirt,Clothing,20,Alabama,XL,Blue,Spring,4.1,No,Cash,Store Pickup,Yes,Yes,3,PayPal,Every 3 Months,20,4.0,1.3862943611198906,5.545177444479562,0.0,1.0,1.0,1.0,0.034432234432234435,0.4564102564102564,3.8138297872340425,3.726725521669342
806,41,Male,Dress,Clothing,30,Connecticut,L,White,Summer,3.7,Yes,Venmo,Next Day Air,Yes,Yes,40,Debit Card,Monthly,30,12.0,3.713572066704308,44.56286480045169,1.0,1.0,1.0,1.0,0.044322344322344324,0.4564102564102564,3.7479338842975207,3.726725521669342
296,53,Male,Sunglasses,Accessories,42,West Virginia,M,Indigo,Winter,2.7,Yes,Venmo,Store Pickup,Yes,Yes,24,Credit Card,Quarterly,42,4.0,3.2188758248682006,12.875503299472802,1.0,1.0,1.0,1.0,0.0380952380952381,0.310989010989011,3.7211538461538463,3.745465253239105
747,40,Male,Sandals,Footwear,45,Michigan,M,Red,Winter,2.5,Yes,Debit Card,Free Shipping,Yes,Yes,47,Credit Card,Annually,45,1.0,3.871201010907891,3.871201010907891,1.0,1.0,1.0,1.0,0.03882783882783883,0.14908424908424908,3.8367924528301884,3.7808353808353807
424,46,Male,Scarf,Accessories,26,New York,L,Teal,Spring,3.0,Yes,Bank Transfer,Store Pickup,Yes,Yes,21,Credit Card,Bi-Weekly,26,26.0,3.091042453358316,80.36710378731621,1.0,1.0,1.0,1.0,0.03772893772893773,0.310989010989011,3.721359223300971,3.745465253239105
119,50,Male,Sweater,Clothing,45,Kentucky,L,Orange,Fall,4.8,Yes,Bank Transfer,2-Day Shipping,Yes,Yes,27,Cash,Bi-Weekly,45,26.0,3.332204510175204,86.63731726455529,1.0,1.0,1.0,1.0,0.04468864468864469,0.4564102564102564,3.7147540983606557,3.726725521669342
3410,24,Female,Shirt,Clothing,93,Minnesota,M,Teal,Summer,3.2,No,PayPal,Next Day Air,No,No,3,Credit Card,Every 3 Months,93,4.0,1.3862943611198906,5.545177444479562,0.0,0.0,0.0,0.0,0.04322344322344322,0.4564102564102564,3.669491525423729,3.726725521669342
3597,28,Female,Hoodie,Clothing,83,South Carolina,M,Charcoal,Spring,4.3,No,Bank Transfer,Standard,No,No,44,Cash,Fortnightly,83,26.0,3.8066624897703196,98.9732247340283,0.0,0.0,0.0,0.0,0.03882783882783883,0.4564102564102564,3.776415094339623,3.726725521669342
1843,61,Male,Handbag,Accessories,78,Alabama,M,Black,Summer,4.4,No,Bank Transfer,Express,No,No,1,Debit Card,Annually,78,1.0,0.6931471805599453,0.6931471805599453,0.0,0.0,0.0,0.0,0.03882783882783883,0.310989010989011,3.7216981132075473,3.745465253239105
3130,60,Female,Sandals,Footwear,20,Maryland,S,Cyan,Summer,4.7,No,PayPal,Express,No,No,40,Venmo,Every 3 Months,20,4.0,3.713572066704308,14.854288266817232,0.0,0.0,0.0,0.0,0.03882783882783883,0.14908424908424908,3.8367924528301884,3.7808353808353807
2264,44,Male,Scarf,Accessories,40,Indiana,XL,Green,Winter,3.5,No,PayPal,Store Pickup,No,No,42,Cash,Quarterly,40,4.0,3.7612001156935624,15.04480046277425,0.0,0.0,0.0,0.0,0.03772893772893773,0.310989010989011,3.721359223300971,3.745465253239105
3672,62,Female,Handbag,Accessories,66,Illinois,L,Pink,Summer,4.8,No,Bank Transfer,2-Day Shipping,No,No,20,Venmo,Quarterly,66,4.0,3.044522437723423,12.178089750893692,0.0,0.0,0.0,0.0,0.03882783882783883,0.310989010989011,3.7216981132075473,3.745465253239105
1554,27,Male,Blouse,Clothing,45,Delaware,M,Indigo,Spring,4.8,No,PayPal,Free Shipping,Yes,Yes,21,Debit Card,Quarterly,45,4.0,3.091042453358316,12.364169813433264,0.0,1.0,1.0,1.0,0.047619047619047616,0.4564102564102564,3.733076923076923,3.726725521669342
55,47,Male,Coat,Outerwear,94,New Mexico,M,Brown,Summer,4.2,Yes,Bank Transfer,Next Day Air,Yes,Yes,35,Debit Card,Bi-Weekly,94,26.0,3.58351893845611,93.17149239985886,1.0,1.0,1.0,1.0,0.041025641025641026,0.08351648351648351,3.748214285714286,3.7504385964912283
3587,33,Female,Hoodie,Clothing,28,Idaho,M,Yellow,Winter,4.6,No,PayPal,Store Pickup,No,No,12,PayPal,Bi-Weekly,28,26.0,2.5649493574615367,66.68868329399996,0.0,0.0,0.0,0.0,0.03882783882783883,0.4564102564102564,3.776415094339623,3.726725521669342
2062,32,Male,Sweater,Clothing,70,Michigan,S,Magenta,Summer,2.6,No,PayPal,Store Pickup,No,No,22,Debit Card,Annually,70,1.0,3.1354942159291497,3.1354942159291497,0.0,0.0,0.0,0.0,0.04468864468864469,0.4564102564102564,3.7147540983606557,3.726725521669342
1215,30,Male,Jacket,Outerwear,81,Vermont,M,Blue,Fall,3.8,No,Cash,Free Shipping,Yes,Yes,5,Cash,Every 3 Months,81,4.0,1.791759469228055,7.16703787691222,0.0,1.0,1.0,1.0,0.04249084249084249,0.08351648351648351,3.752586206896552,3.7504385964912283
1295,27,Male,Shirt,Clothing,64,Texas,M,Silver,Summer,4.5,No,Credit Card,Standard,Yes,Yes,21,Cash,Every 3 Months,64,4.0,3.091042453358316,12.364169813433264,0.0,1.0,1.0,1.0,0.04322344322344322,0.4564102564102564,3.669491525423729,3.726725521669342
1239,55,Male,Pants,Clothing,77,Wyoming,M,Violet,Winter,3.7,No,PayPal,Express,Yes,Yes,3,Venmo,Fortnightly,77,26.0,1.3862943611198906,36.04365338911715,0.0,1.0,1.0,1.0,0.04652014652014652,0.4564102564102564,3.729133858267717,3.726725521669342
447,19,Male,Shirt,Clothing,74,West Virginia,M,Silver,Summer,4.1,Yes,Bank Transfer,Store Pickup,Yes,Yes,15,Venmo,Monthly,74,12.0,2.772588722239781,33.27106466687737,1.0,1.0,1.0,1.0,0.04322344322344322,0.4564102564102564,3.669491525423729,3.726725521669342
1309,59,Male,Dress,Clothing,38,Rhode Island,L,Red,Summer,4.4,No,Credit Card,Next Day Air,Yes,Yes,14,Credit Card,Every 3 Months,38,4.0,2.70805020110221,10.83220080440884,0.0,1.0,1.0,1.0,0.044322344322344324,0.4564102564102564,3.7479338842975207,3.726725521669342
782,30,Male,Scarf,Accessories,44,Vermont,L,Indigo,Winter,3.0,Yes,PayPal,Store Pickup,Yes,Yes,12,Credit Card,Fortnightly,44,26.0,2.5649493574615367,66.68868329399996,1.0,1.0,1.0,1.0,0.03772893772893773,0.310989010989011,3.721359223300971,3.745465253239105
3466,19,Female,Backpack,Accessories,53,Iowa,M,Gold,Spring,3.4,No,Bank Transfer,Standard,No,No,31,Debit Card,Weekly,53,52.0,3.4657359027997265,180.21826694558578,0.0,0.0,0.0,0.0,0.03553113553113553,0.310989010989011,3.693814432989691,3.745465253239105
2424,49,Male,Backpack,Accessories,81,West Virginia,M,Purple,Summer,2.8,No,PayPal,Free Shipping,No,No,7,Credit Card,Every 3 Months,81,4.0,2.0794415416798357,8.317766166719343,0.0,0.0,0.0,0.0,0.03553113553113553,0.310989010989011,3.693814432989691,3.745465253239105
1124,36,Male,Hat,Accessories,67,Massachusetts,S,Purple,Fall,2.5,No,Debit Card,Store Pickup,Yes,Yes,38,Cash,Monthly,67,12.0,3.6635616461296463,43.96273975355575,0.0,1.0,1.0,1.0,0.038461538461538464,0.310989010989011,3.7695238095238097,3.745465253239105
2188,37,Male,Blouse,Clothing,78,Idaho,M,Violet,Spring,4.4,No,Venmo,Free Shipping,No,No,20,PayPal,Annually,78,1.0,3.044522437723423,3.044522437723423,0.0,0.0,0.0,0.0,0.047619047619047616,0.4564102564102564,3.733076923076923,3.726725521669342
2687,40,Female,Socks,Clothing,72,Georgia,M,Black,Winter,3.8,No,Venmo,2-Day Shipping,No,No,33,Cash,Fortnightly,72,26.0,3.5263605246161616,91.6853736400202,0.0,0.0,0.0,0.0,0.03882783882783883,0.4564102564102564,3.7150943396226417,3.726725521669342
398,22,Male,Belt,Accessories,46,Mississippi,M,Indigo,Fall,3.0,Yes,Venmo,Free Shipping,Yes,Yes,26,Cash,Annually,46,1.0,3.295836866004329,3.295836866004329,1.0,1.0,1.0,1.0,0.04395604395604396,0.310989010989011,3.73,3.745465253239105
2012,57,Male,Sandals,Footwear,94,West Virginia,M,Beige,Spring,3.7,No,Debit Card,Express,No,No,4,Bank Transfer,Monthly,94,12.0,1.6094379124341003,19.313254949209202,0.0,0.0,0.0,0.0,0.03882783882783883,0.14908424908424908,3.8367924528301884,3.7808353808353807
963,29,Male,Sunglasses,Accessories,64,Michigan,L,Green,Spring,4.4,Yes,Cash,Standard,Yes,Yes,26,Debit Card,Fortnightly,64,26.0,3.295836866004329,85.69175851611256,1.0,1.0,1.0,1.0,0.0380952380952381,0.310989010989011,3.7211538461538463,3.745465253239105
321,66,Male,Jewelry,Accessories,72,Kansas,L,White,Summer,4.9,Yes,PayPal,Standard,Yes,Yes,28,Debit Card,Quarterly,72,4.0,3.367295829986474,13.469183319945897,1.0,1.0,1.0,1.0,0.04212454212454213,0.310989010989011,3.744347826086957,3.745465253239105
2295,54,Male,Sunglasses,Accessories,95,Maryland,M,Red,Winter,5.0,No,Venmo,Express,No,No,40,Debit Card,Annually,95,1.0,3.713572066704308,3.713572066704308,0.0,0.0,0.0,0.0,0.0380952380952381,0.310989010989011,3.7211538461538463,3.745465253239105
3096,62,Female,Hat,Accessories,53,Minnesota,S,Beige,Fall,3.4,No,Cash,Standard,No,No,13,Venmo,Fortnightly,53,26.0,2.6390573296152584,68.61549056999672,0.0,0.0,0.0,0.0,0.038461538461538464,0.310989010989011,3.7695238095238097,3.745465253239105
2240,42,Male,Jewelry,Accessories,96,Alabama,L,Indigo,Summer,3.8,No,Bank Transfer,2-Day Shipping,No,No,41,Credit Card,Every 3 Months,96,4.0,3.7376696182833684,14.950678473133474,0.0,0.0,0.0,0.0,0.04212454212454213,0.310989010989011,3.744347826086957,3.745465253239105
265,36,Male,Pants,Clothing,78,Colorado,S,Charcoal,Fall,3.9,Yes,Venmo,Store Pickup,Yes,Yes,15,Cash,Annually,78,1.0,2.772588722239781,2.772588722239781,1.0,1.0,1.0,1.0,0.04652014652014652,0.4564102564102564,3.729133858267717,3.726725521669342
3718,45,Female,T-shirt,Clothing,85,Maryland,XL,White,Summer,4.2,No,Venmo,Express,No,No,47,Bank Transfer,Every 3 Months,85,4.0,3.871201010907891,15.484804043631565,0.0,0.0,0.0,0.0,0.034432234432234435,0.4564102564102564,3.8138297872340425,3.726725521669342
2514,69,Male,Handbag,Accessories,53,Washington,L,Teal,Winter,3.5,No,Debit Card,2-Day Shipping,No,No,42,Cash,Annually,53,1.0,3.7612001156935624,3.7612001156935624,0.0,0.0,0.0,0.0,0.03882783882783883,0.310989010989011,3.7216981132075473,3.745465253239105
3794,62,Female,Sunglasses,Accessories,20,Delaware,M,Pink,Fall,4.0,No,Cash,Standard,No,No,46,Bank Transfer,Annually,20,1.0,3.8501476017100584,3.8501476017100584,0.0,0.0,0.0,0.0,0.0380952380952381,0.310989010989011,3.7211538461538463,3.745465253239105
3769,50,Female,Sweater,Clothing,35,Vermont,M,Yellow,Winter,4.0,No,PayPal,Free Shipping,No,No,34,Bank Transfer,Quarterly,35,4.0,3.5553480614894135,14.221392245957654,0.0,0.0,0.0,0.0,0.04468864468864469,0.4564102564102564,3.7147540983606557,3.726725521669342
3706,28,Female,Skirt,Clothing,65,Colorado,L,Teal,Summer,3.2,No,PayPal,Free Shipping,No,No,2,Debit Card,Annually,65,1.0,1.0986122886681098,1.0986122886681098,0.0,0.0,0.0,0.0,0.041758241758241756,0.4564102564102564,3.816666666666667,3.726725521669342
3327,47,Female,Gloves,Accessories,95,North Dakota,M,Magenta,Summer,4.3,No,Cash,Standard,No,No,10,Debit Card,Annually,95,1.0,2.3978952727983707,2.3978952727983707,0.0,0.0,0.0,0.0,0.03626373626373627,0.310989010989011,3.8666666666666667,3.745465253239105
2744,61,Female,Belt,Accessories,94,New Jersey,S,Beige,Fall,4.1,No,Debit Card,2-Day Shipping,No,No,17,Venmo,Quarterly,94,4.0,2.8903717578961645,11.561487031584658,0.0,0.0,0.0,0.0,0.04395604395604396,0.310989010989011,3.73,3.745465253239105
326,70,Male,Pants,Clothing,70,Vermont,M,Charcoal,Winter,4.3,Yes,Debit Card,Free Shipping,Yes,Yes,38,Debit Card,Annually,70,1.0,3.6635616461296463,3.6635616461296463,1.0,1.0,1.0,1.0,0.04652014652014652,0.4564102564102564,3.729133858267717,3.726725521669342
1942,55,Male,Shoes,Footwear,99,Vermont,XL,Peach,Winter,3.3,No,PayPal,Standard,No,No,46,Credit Card,Quarterly,99,4.0,3.8501476017100584,15.400590406840234,0.0,0.0,0.0,0.0,0.036996336996337,0.14908424908424908,3.7099009900990096,3.7808353808353807
2530,34,Male,Gloves,Accessories,62,Tennessee,M,Magenta,Spring,4.7,No,Cash,Next Day Air,No,No,48,Bank Transfer,Monthly,62,12.0,3.8918202981106265,46.701843577327516,0.0,0.0,0.0,0.0,0.03626373626373627,0.310989010989011,3.8666666666666667,3.745465253239105
3783,40,Female,Jacket,Outerwear,45,Alabama,L,Orange,Spring,2.8,No,Cash,Free Shipping,No,No,42,PayPal,Fortnightly,45,26.0,3.7612001156935624,97.79120300803262,0.0,0.0,0.0,0.0,0.04249084249084249,0.08351648351648351,3.752586206896552,3.7504385964912283
1545,30,Male,Jewelry,Accessories,24,Arkansas,M,Maroon,Spring,3.9,No,PayPal,Standard,Yes,Yes,17,Debit Card,Bi-Weekly,24,26.0,2.8903717578961645,75.14966570530028,0.0,1.0,1.0,1.0,0.04212454212454213,0.310989010989011,3.744347826086957,3.745465253239105
931,26,Male,T-shirt,Clothing,78,Hawaii,L,Green,Fall,4.5,Yes,Credit Card,Store Pickup,Yes,Yes,20,Credit Card,Bi-Weekly,78,26.0,3.044522437723423,79.157583380809,1.0,1.0,1.0,1.0,0.034432234432234435,0.4564102564102564,3.8138297872340425,3.726725521669342
1287,40,Male,Gloves,Accessories,49,West Virginia,L,Yellow,Winter,4.9,No,Bank Transfer,Next Day Air,Yes,Yes,44,Debit Card,Fortnightly,49,26.0,3.8066624897703196,98.9732247340283,0.0,1.0,1.0,1.0,0.03626373626373627,0.310989010989011,3.8666666666666667,3.745465253239105
3009,39,Female,Shoes,Footwear,86,New Mexico,M,Gold,Winter,4.9,No,Cash,Free Shipping,No,No,19,PayPal,Weekly,86,52.0,2.995732273553991,155.77807822480753,0.0,0.0,0.0,0.0,0.036996336996337,0.14908424908424908,3.7099009900990096,3.7808353808353807
2291,37,Male,Boots,Footwear,48,Kansas,L,Magenta,Winter,3.3,No,Venmo,Standard,No,No,23,PayPal,Quarterly,48,4.0,3.1780538303479458,12.712215321391783,0.0,0.0,0.0,0.0,0.036996336996337,0.14908424908424908,3.8237623762376236,3.7808353808353807
1670,42,Male,T-shirt,Clothing,59,Wisconsin,L,Maroon,Winter,2.7,No,PayPal,Store Pickup,Yes,Yes,22,Bank Transfer,Quarterly,59,4.0,3.1354942159291497,12.541976863716599,0.0,1.0,1.0,1.0,0.034432234432234435,0.4564102564102564,3.8138297872340425,3.726725521669342
2855,36,Female,Sandals,Footwear,28,Delaware,M,Beige,Fall,2.7,No,Debit Card,Store Pickup,No,No,25,Venmo,Monthly,28,12.0,3.258096538021482,39.09715845625779,0.0,0.0,0.0,0.0,0.03882783882783883,0.14908424908424908,3.8367924528301884,3.7808353808353807
2646,23,Male,Scarf,Accessories,81,Louisiana,L,Olive,Spring,4.0,No,Bank Transfer,Store Pickup,No,No,24,Bank Transfer,Bi-Weekly,81,26.0,3.2188758248682006,83.69077144657321,0.0,0.0,0.0,0.0,0.03772893772893773,0.310989010989011,3.721359223300971,3.745465253239105
2829,25,Female,Scarf,Accessories,83,Tennessee,L,Lavender,Fall,2.6,No,Credit Card,Standard,No,No,33,PayPal,Quarterly,83,4.0,3.5263605246161616,14.105442098464646,0.0,0.0,0.0,0.0,0.03772893772893773,0.310989010989011,3.721359223300971,3.745465253239105
1776,18,Male,Jacket,Outerwear,47,Iowa,M,Violet,Spring,3.3,No,Bank Transfer,2-Day Shipping,No,No,12,Cash,Bi-Weekly,47,26.0,2.5649493574615367,66.68868329399996,0.0,0.0,0.0,0.0,0.04249084249084249,0.08351648351648351,3.752586206896552,3.7504385964912283
988,62,Male,Handbag,Accessories,47,West Virginia,M,Charcoal,Summer,2.8,Yes,PayPal,Express,Yes,Yes,48,PayPal,Weekly,47,52.0,3.8918202981106265,202.37465550175258,1.0,1.0,1.0,1.0,0.03882783882783883,0.310989010989011,3.7216981132075473,3.745465253239105
516,28,Male,Hat,Accessories,67,Kentucky,L,Charcoal,Spring,4.5,Yes,Credit Card,Next Day Air,Yes,Yes,7,Cash,Monthly,67,12.0,2.0794415416798357,24.953298500158027,1.0,1.0,1.0,1.0,0.038461538461538464,0.310989010989011,3.7695238095238097,3.745465253239105
2643,39,Male,Belt,Accessories,87,Iowa,L,Peach,Summer,4.0,No,Debit Card,Store Pickup,No,No,48,Bank Transfer,Annually,87,1.0,3.8918202981106265,3.8918202981106265,0.0,0.0,0.0,0.0,0.04395604395604396,0.310989010989011,3.73,3.745465253239105
3488,25,Female,Sandals,Footwear,24,West Virginia,L,Beige,Fall,2.9,No,Debit Card,Store Pickup,No,No,39,Bank Transfer,Annually,24,1.0,3.6888794541139363,3.6888794541139363,0.0,0.0,0.0,0.0,0.03882783882783883,0.14908424908424908,3.8367924528301884,3.7808353808353807
3481,21,Female,Sandals,Footwear,79,New Hampshire,L,Peach,Winter,3.5,No,Cash,Free Shipping,No,No,45,PayPal,Monthly,79,12.0,3.828641396489095,45.94369675786914,0.0,0.0,0.0,0.0,0.03882783882783883,0.14908424908424908,3.8367924528301884,3.7808353808353807
2043,19,Male,Shoes,Footwear,52,Alabama,M,Red,Spring,4.0,No,Credit Card,2-Day Shipping,No,No,35,Venmo,Monthly,52,12.0,3.58351893845611,43.00222726147332,0.0,0.0,0.0,0.0,0.036996336996337,0.14908424908424908,3.7099009900990096,3.7808353808353807
1128,50,Male,Shirt,Clothing,53,Delaware,XL,Maroon,Spring,4.8,No,Venmo,Store Pickup,Yes,Yes,22,Debit Card,Monthly,53,12.0,3.1354942159291497,37.625930591149796,0.0,1.0,1.0,1.0,0.04322344322344322,0.4564102564102564,3.669491525423729,3.726725521669342
415,29,Male,Backpack,Accessories,88,Wyoming,L,Violet,Winter,2.6,Yes,Bank Transfer,Store Pickup,Yes,Yes,30,Debit Card,Weekly,88,52.0,3.4339872044851463,178.5673346332276,1.0,1.0,1.0,1.0,0.03553113553113553,0.310989010989011,3.693814432989691,3.745465253239105
1352,30,Male,Coat,Outerwear,31,Vermont,L,Maroon,Summer,2.8,No,Credit Card,2-Day Shipping,Yes,Yes,28,Bank Transfer,Quarterly,31,4.0,3.367295829986474,13.469183319945897,0.0,1.0,1.0,1.0,0.041025641025641026,0.08351648351648351,3.748214285714286,3.7504385964912283
3177,36,Female,Sandals,Footwear,37,Arkansas,XL,Turquoise,Spring,4.6,No,Cash,2-Day Shipping,No,No,39,Credit Card,Monthly,37,12.0,3.6888794541139363,44.26655344936724,0.0,0.0,0.0,0.0,0.03882783882783883,0.14908424908424908,3.8367924528301884,3.7808353808353807
2154,35,Male,Shirt,Clothing,94,Kentucky,M,Violet,Fall,4.2,No,Credit Card,Free Shipping,No,No,31,PayPal,Annually,94,1.0,3.4657359027997265,3.4657359027997265,0.0,0.0,0.0,0.0,0.04322344322344322,0.4564102564102564,3.669491525423729,3.726725521669342
916,31,Male,Dress,Clothing,22,Rhode Island,L,Purple,Winter,2.9,Yes,Debit Card,Store Pickup,Yes,Yes,33,Credit Card,Fortnightly,22,26.0,3.5263605246161616,91.6853736400202,1.0,1.0,1.0,1.0,0.044322344322344324,0.4564102564102564,3.7479338842975207,3.726725521669342
1747,65,Male,Handbag,Accessories,44,Alabama,L,Brown,Summer,3.1,No,Bank Transfer,Store Pickup,No,No,44,Bank Transfer,Fortnightly,44,26.0,3.8066624897703196,98.9732247340283,0.0,0.0,0.0,0.0,0.03882783882783883,0.310989010989011,3.7216981132075473,3.745465253239105
486,48,Male,Shoes,Footwear,44,Tennessee,S,Blue,Spring,2.6,Yes,Debit Card,Next Day Air,Yes,Yes,36,Debit Card,Fortnightly,44,26.0,3.6109179126442243,93.88386572874984,1.0,1.0,1.0,1.0,0.036996336996337,0.14908424908424908,3.7099009900990096,3.7808353808353807
3737,42,Female,Jeans,Clothing,56,Idaho,M,Red,Spring,4.6,No,Cash,Store Pickup,No,No,2,PayPal,Every 3 Months,56,4.0,1.0986122886681098,4.394449154672439,0.0,0.0,0.0,0.0,0.03406593406593406,0.4564102564102564,3.6,3.726725521669342
2492,63,Male,Handbag,Accessories,47,North Carolina,M,Magenta,Spring,2.5,No,Debit Card,Express,No,No,15,Bank Transfer,Monthly,47,12.0,2.772588722239781,33.27106466687737,0.0,0.0,0.0,0.0,0.03882783882783883,0.310989010989011,3.7216981132075473,3.745465253239105
2259,24,Male,T-shirt,Clothing,71,Ohio,L,Cyan,Winter,4.3,No,Bank Transfer,Store Pickup,No,No,44,Credit Card,Every 3 Months,71,4.0,3.8066624897703196,15.226649959081278,0.0,0.0,0.0,0.0,0.034432234432234435,0.4564102564102564,3.8138297872340425,3.726725521669342
3779,25,Female,Sneakers,Footwear,60,South Dakota,M,Cyan,Fall,2.9,No,PayPal,Free Shipping,No,No,30,Debit Card,Annually,60,1.0,3.4339872044851463,3.4339872044851463,0.0,0.0,0.0,0.0,0.03626373626373627,0.14908424908424908,3.749494949494949,3.7808353808353807
3104,27,Female,Shirt,Clothing,37,Illinois,S,Peach,Winter,3.0,No,PayPal,2-Day Shipping,No,No,42,Bank Transfer,Weekly,37,52.0,3.7612001156935624,195.58240601606525,0.0,0.0,0.0,0.0,0.04322344322344322,0.4564102564102564,3.669491525423729,3.726725521669342
939,36,Male,Blouse,Clothing,97,Wisconsin,S,Teal,Fall,4.8,Yes,Bank Transfer,Free Shipping,Yes,Yes,21,Debit Card,Fortnightly,97,26.0,3.091042453358316,80.36710378731621,1.0,1.0,1.0,1.0,0.047619047619047616,0.4564102564102564,3.733076923076923,3.726725521669342
2276,29,Male,Shorts,Clothing,24,Oklahoma,M,Gray,Winter,4.4,No,PayPal,Standard,No,No,10,Debit Card,Weekly,24,52.0,2.3978952727983707,124.69055418551528,0.0,0.0,0.0,0.0,0.04212454212454213,0.4564102564102564,3.6730434782608694,3.726725521669342
2432,34,Male,Hoodie,Clothing,73,Alabama,S,Olive,Fall,3.4,No,Cash,Express,No,No,27,Bank Transfer,Every 3 Months,73,4.0,3.332204510175204,13.328818040700815,0.0,0.0,0.0,0.0,0.03882783882783883,0.4564102564102564,3.776415094339623,3.726725521669342
1279,28,Male,Shorts,Clothing,98,Utah,M,Violet,Fall,2.8,No,Credit Card,Next Day Air,Yes,Yes,31,Venmo,Fortnightly,98,26.0,3.4657359027997265,90.10913347279289,0.0,1.0,1.0,1.0,0.04212454212454213,0.4564102564102564,3.6730434782608694,3.726725521669342
887,19,Male,Shorts,Clothing,54,Utah,S,Brown,Summer,3.6,Yes,PayPal,Express,Yes,Yes,48,Bank Transfer,Monthly,54,12.0,3.8918202981106265,46.701843577327516,1.0,1.0,1.0,1.0,0.04212454212454213,0.4564102564102564,3.6730434782608694,3.726725521669342
1042,36,Male,Shirt,Clothing,25,Minnesota,M,Orange,Summer,4.9,Yes,Venmo,Next Day Air,Yes,Yes,11,Cash,Fortnightly,25,26.0,2.4849066497880004,64.60757289448802,1.0,1.0,1.0,1.0,0.04322344322344322,0.4564102564102564,3.669491525423729,3.726725521669342
3004,51,Female,Blouse,Clothing,53,Oregon,M,Brown,Fall,2.8,No,Venmo,Express,No,No,13,Credit Card,Every 3 Months,53,4.0,2.6390573296152584,10.556229318461034,0.0,0.0,0.0,0.0,0.047619047619047616,0.4564102564102564,3.733076923076923,3.726725521669342
3097,69,Female,Shirt,Clothing,63,Kansas,L,White,Winter,3.5,No,PayPal,Next Day Air,No,No,20,Bank Transfer,Monthly,63,12.0,3.044522437723423,36.53426925268108,0.0,0.0,0.0,0.0,0.04322344322344322,0.4564102564102564,3.669491525423729,3.726725521669342
1950,63,Male,Dress,Clothing,80,Nebraska,L,Gray,Winter,4.7,No,Venmo,Store Pickup,No,No,12,PayPal,Quarterly,80,4.0,2.5649493574615367,10.259797429846147,0.0,0.0,0.0,0.0,0.044322344322344324,0.4564102564102564,3.7479338842975207,3.726725521669342
356,37,Male,Jewelry,Accessories,42,Oregon,XL,Magenta,Fall,4.1,Yes,Credit Card,2-Day Shipping,Yes,Yes,1,PayPal,Every 3 Months,42,4.0,0.6931471805599453,2.772588722239781,1.0,1.0,1.0,1.0,0.04212454212454213,0.310989010989011,3.744347826086957,3.745465253239105
3301,26,Female,Hat,Accessories,80,Oklahoma,M,Charcoal,Spring,4.0,No,Debit Card,Express,No,No,40,Bank Transfer,Bi-Weekly,80,26.0,3.713572066704308,96.552873734312,0.0,0.0,0.0,0.0,0.038461538461538464,0.310989010989011,3.7695238095238097,3.745465253239105
1403,62,Male,Sunglasses,Accessories,21,North Dakota,L,White,Summer,3.1,No,Bank Transfer,Express,Yes,Yes,47,PayPal,Monthly,21,12.0,3.871201010907891,46.454412130894696,0.0,1.0,1.0,1.0,0.0380952380952381,0.310989010989011,3.7211538461538463,3.745465253239105
271,33,Male,Jeans,Clothing,52,North Dakota,XL,Orange,Fall,4.6,Yes,Debit Card,Free Shipping,Yes,Yes,16,Bank Transfer,Annually,52,1.0,2.833213344056216,2.833213344056216,1.0,1.0,1.0,1.0,0.03406593406593406,0.4564102564102564,3.6,3.726725521669342
837,23,Male,Gloves,Accessories,90,West Virginia,L,Violet,Winter,3.9,Yes,PayPal,Store Pickup,Yes,Yes,22,Cash,Bi-Weekly,90,26.0,3.1354942159291497,81.52284961415789,1.0,1.0,1.0,1.0,0.03626373626373627,0.310989010989011,3.8666666666666667,3.745465253239105
927,54,Male,Jeans,Clothing,63,Massachusetts,XL,Green,Spring,4.4,Yes,PayPal,Express,Yes,Yes,11,Cash,Bi-Weekly,63,26.0,2.4849066497880004,64.60757289448802,1.0,1.0,1.0,1.0,0.03406593406593406,0.4564102564102564,3.6,3.726725521669342
2617,61,Male,Sandals,Footwear,55,Georgia,XL,Purple,Spring,3.6,No,Bank Transfer,Express,No,No,46,Cash,Annually,55,1.0,3.8501476017100584,3.8501476017100584,0.0,0.0,0.0,0.0,0.03882783882783883,0.14908424908424908,3.8367924528301884,3.7808353808353807
2509,23,Male,Sneakers,Footwear,90,California,XL,Indigo,Spring,3.1,No,Cash,2-Day Shipping,No,No,5,Debit Card,Bi-Weekly,90,26.0,1.791759469228055,46.58574619992943,0.0,0.0,0.0,0.0,0.03626373626373627,0.14908424908424908,3.749494949494949,3.7808353808353807
2758,39,Female,Hat,Accessories,98,Delaware,XL,Brown,Fall,4.3,No,Cash,Next Day Air,No,No,11,Venmo,Monthly,98,12.0,2.4849066497880004,29.818879797456006,0.0,0.0,0.0,0.0,0.038461538461538464,0.310989010989011,3.7695238095238097,3.745465253239105
2068,60,Male,Pants,Clothing,21,Maryland,XL,Beige,Fall,3.1,No,Cash,2-Day Shipping,No,No,23,Cash,Fortnightly,21,26.0,3.1780538303479458,82.62939958904659,0.0,0.0,0.0,0.0,0.04652014652014652,0.4564102564102564,3.729133858267717,3.726725521669342
1187,63,Male,Jeans,Clothing,68,Indiana,M,Beige,Summer,4.1,No,Cash,2-Day Shipping,Yes,Yes,27,Credit Card,Annually,68,1.0,3.332204510175204,3.332204510175204,0.0,1.0,1.0,1.0,0.03406593406593406,0.4564102564102564,3.6,3.726725521669342
2065,31,Male,Shoes,Footwear,99,Arkansas,M,Green,Summer,4.0,No,Bank Transfer,2-Day Shipping,No,No,5,Bank Transfer,Monthly,99,12.0,1.791759469228055,21.50111363073666,0.0,0.0,0.0,0.0,0.036996336996337,0.14908424908424908,3.7099009900990096,3.7808353808353807
1090,40,Male,Backpack,Accessories,61,Arizona,M,Silver,Spring,3.8,No,Debit Card,Next Day Air,Yes,Yes,33,PayPal,Bi-Weekly,61,26.0,3.5263605246161616,91.6853736400202,0.0,1.0,1.0,1.0,0.03553113553113553,0.310989010989011,3.693814432989691,3.745465253239105
2357,57,Male,Backpack,Accessories,58,Montana,M,Gray,Summer,3.0,No,Bank Transfer,Free Shipping,No,No,27,Debit Card,Quarterly,58,4.0,3.332204510175204,13.328818040700815,0.0,0.0,0.0,0.0,0.03553113553113553,0.310989010989011,3.693814432989691,3.745465253239105
3359,56,Female,T-shirt,Clothing,59,Tennessee,M,Magenta,Fall,3.4,No,Debit Card,2-Day Shipping,No,No,26,Cash,Annually,59,1.0,3.295836866004329,3.295836866004329,0.0,0.0,0.0,0.0,0.034432234432234435,0.4564102564102564,3.8138297872340425,3.726725521669342
3398,19,Female,Blouse,Clothing,38,New Jersey,L,Yellow,Summer,2.7,No,Bank Transfer,Standard,No,No,13,Bank Transfer,Bi-Weekly,38,26.0,2.6390573296152584,68.61549056999672,0.0,0.0,0.0,0.0,0.047619047619047616,0.4564102564102564,3.733076923076923,3.726725521669342
2122,43,Male,Backpack,Accessories,68,Alaska,M,Olive,Winter,3.5,No,Credit Card,2-Day Shipping,No,No,32,Bank Transfer,Monthly,68,12.0,3.4965075614664802,41.958090737597765,0.0,0.0,0.0,0.0,0.03553113553113553,0.310989010989011,3.693814432989691,3.745465253239105
1100,19,Male,Sweater,Clothing,73,North Carolina,M,Peach,Fall,2.6,No,Cash,Next Day Air,Yes,Yes,45,Bank Transfer,Fortnightly,73,26.0,3.828641396489095,99.54467630871648,0.0,1.0,1.0,1.0,0.04468864468864469,0.4564102564102564,3.7147540983606557,3.726725521669342
53,42,Male,T-shirt,Clothing,20,Alaska,M,Green,Summer,2.6,Yes,Credit Card,Free Shipping,Yes,Yes,26,Credit Card,Weekly,20,52.0,3.295836866004329,171.38351703222511,1.0,1.0,1.0,1.0,0.034432234432234435,0.4564102564102564,3.8138297872340425,3.726725521669342
1553,54,Male,Blouse,Clothing,49,New Mexico,L,Purple,Spring,3.0,No,Debit Card,Express,Yes,Yes,20,Credit Card,Monthly,49,12.0,3.044522437723423,36.53426925268108,0.0,1.0,1.0,1.0,0.047619047619047616,0.4564102564102564,3.733076923076923,3.726725521669342
1397,37,Male,Pants,Clothing,30,Wisconsin,XL,Lavender,Winter,3.0,No,Cash,Next Day Air,Yes,Yes,49,Debit Card,Monthly,30,12.0,3.912023005428146,46.94427606513775,0.0,1.0,1.0,1.0,0.04652014652014652,0.4564102564102564,3.729133858267717,3.726725521669342
3058,67,Female,Backpack,Accessories,22,North Carolina,M,Blue,Spring,3.4,No,PayPal,Next Day Air,No,No,26,Bank Transfer,Weekly,22,52.0,3.295836866004329,171.38351703222511,0.0,0.0,0.0,0.0,0.03553113553113553,0.310989010989011,3.693814432989691,3.745465253239105
3569,29,Female,Sandals,Footwear,71,Arkansas,M,Purple,Spring,4.8,No,Cash,Next Day Air,No,No,14,PayPal,Quarterly,71,4.0,2.70805020110221,10.83220080440884,0.0,0.0,0.0,0.0,0.03882783882783883,0.14908424908424908,3.8367924528301884,3.7808353808353807
2782,65,Female,Sandals,Footwear,39,Mississippi,M,Blue,Spring,4.6,No,Venmo,Standard,No,No,33,PayPal,Weekly,39,52.0,3.5263605246161616,183.3707472800404,0.0,0.0,0.0,0.0,0.03882783882783883,0.14908424908424908,3.8367924528301884,3.7808353808353807
1308,23,Male,Coat,Outerwear,32,Missouri,L,Black,Summer,3.1,No,PayPal,Express,Yes,Yes,43,PayPal,Annually,32,1.0,3.784189633918261,3.784189633918261,0.0,1.0,1.0,1.0,0.041025641025641026,0.08351648351648351,3.748214285714286,3.7504385964912283
2935,38,Female,Gloves,Accessories,22,Idaho,M,Orange,Fall,4.7,No,Bank Transfer,Next Day Air,No,No,41,Bank Transfer,Quarterly,22,4.0,3.7376696182833684,14.950678473133474,0.0,0.0,0.0,0.0,0.03626373626373627,0.310989010989011,3.8666666666666667,3.745465253239105
1968,37,Male,Dress,Clothing,81,Georgia,L,Yellow,Fall,3.7,No,Venmo,Standard,No,No,4,Venmo,Annually,81,1.0,1.6094379124341003,1.6094379124341003,0.0,0.0,0.0,0.0,0.044322344322344324,0.4564102564102564,3.7479338842975207,3.726725521669342
3605,63,Female,Hoodie,Clothing,86,Louisiana,M,Orange,Fall,3.3,No,Bank Transfer,Standard,No,No,17,Debit Card,Annually,86,1.0,2.8903717578961645,2.8903717578961645,0.0,0.0,0.0,0.0,0.03882783882783883,0.4564102564102564,3.776415094339623,3.726725521669342
1698,36,Male,Shirt,Clothing,87,South Carolina,L,Lavender,Fall,3.5,No,Venmo,Next Day Air,No,No,48,Credit Card,Every 3 Months,87,4.0,3.8918202981106265,15.567281192442506,0.0,0.0,0.0,0.0,0.04322344322344322,0.4564102564102564,3.669491525423729,3.726725521669342
2864,37,Female,T-shirt,Clothing,56,Connecticut,M,Yellow,Fall,3.9,No,Debit Card,2-Day Shipping,No,No,18,Venmo,Monthly,56,12.0,2.9444389791664403,35.33326774999728,0.0,0.0,0.0,0.0,0.034432234432234435,0.4564102564102564,3.8138297872340425,3.726725521669342
2623,63,Male,Backpack,Accessories,75,New Hampshire,M,Yellow,Spring,4.9,No,Venmo,2-Day Shipping,No,No,15,Credit Card,Annually,75,1.0,2.772588722239781,2.772588722239781,0.0,0.0,0.0,0.0,0.03553113553113553,0.310989010989011,3.693814432989691,3.745465253239105
457,50,Male,Blouse,Clothing,96,North Carolina,S,Indigo,Fall,4.0,Yes,Bank Transfer,2-Day Shipping,Yes,Yes,33,Credit Card,Quarterly,96,4.0,3.5263605246161616,14.105442098464646,1.0,1.0,1.0,1.0,0.047619047619047616,0.4564102564102564,3.733076923076923,3.726725521669342
3563,47,Female,Sneakers,Footwear,36,Maryland,M,Cyan,Winter,3.4,No,PayPal,Free Shipping,No,No,7,Bank Transfer,Weekly,36,52.0,2.0794415416798357,108.13096016735146,0.0,0.0,0.0,0.0,0.03626373626373627,0.14908424908424908,3.749494949494949,3.7808353808353807
2515,42,Male,Hat,Accessories,37,Alaska,L,Teal,Spring,4.8,No,Debit Card,Free Shipping,No,No,45,PayPal,Bi-Weekly,37,26.0,3.828641396489095,99.54467630871648,0.0,0.0,0.0,0.0,0.038461538461538464,0.310989010989011,3.7695238095238097,3.745465253239105
2707,24,Female,Shoes,Footwear,40,Alabama,S,Blue,Spring,3.1,No,Bank Transfer,Express,No,No,48,Debit Card,Quarterly,40,4.0,3.8918202981106265,15.567281192442506,0.0,0.0,0.0,0.0,0.036996336996337,0.14908424908424908,3.7099009900990096,3.7808353808353807
3547,60,Female,Scarf,Accessories,79,Kansas,M,Violet,Summer,3.6,No,Bank Transfer,Free Shipping,No,No,37,Bank Transfer,Bi-Weekly,79,26.0,3.6375861597263857,94.57724015288602,0.0,0.0,0.0,0.0,0.03772893772893773,0.310989010989011,3.721359223300971,3.745465253239105
1174,44,Male,Jewelry,Accessories,76,South Dakota,M,Indigo,Winter,2.5,No,Credit Card,Express,Yes,Yes,42,Cash,Bi-Weekly,76,26.0,3.7612001156935624,97.79120300803262,0.0,1.0,1.0,1.0,0.04212454212454213,0.310989010989011,3.744347826086957,3.745465253239105
1052,45,Male,Socks,Clothing,53,Ohio,M,Indigo,Fall,2.6,Yes,PayPal,Free Shipping,Yes,Yes,39,PayPal,Annually,53,1.0,3.6888794541139363,3.6888794541139363,1.0,1.0,1.0,1.0,0.03882783882783883,0.4564102564102564,3.7150943396226417,3.726725521669342
2298,60,Male,Socks,Clothing,83,California,M,Orange,Summer,4.7,No,PayPal,Standard,No,No,1,Bank Transfer,Quarterly,83,4.0,0.6931471805599453,2.772588722239781,0.0,0.0,0.0,0.0,0.03882783882783883,0.4564102564102564,3.7150943396226417,3.726725521669342
1916,51,Male,Backpack,Accessories,74,Alabama,M,Magenta,Fall,4.7,No,PayPal,2-Day Shipping,No,No,44,Cash,Weekly,74,52.0,3.8066624897703196,197.9464494680566,0.0,0.0,0.0,0.0,0.03553113553113553,0.310989010989011,3.693814432989691,3.745465253239105
831,41,Male,Shorts,Clothing,76,Wyoming,M,Maroon,Fall,4.2,Yes,Cash,Express,Yes,Yes,5,Credit Card,Annually,76,1.0,1.791759469228055,1.791759469228055,1.0,1.0,1.0,1.0,0.04212454212454213,0.4564102564102564,3.6730434782608694,3.726725521669342
779,29,Male,Socks,Clothing,50,Massachusetts,M,Yellow,Summer,2.9,Yes,Cash,Store Pickup,Yes,Yes,23,Debit Card,Annually,50,1.0,3.1780538303479458,3.1780538303479458,1.0,1.0,1.0,1.0,0.03882783882783883,0.4564102564102564,3.7150943396226417,3.726725521669342
1317,28,Male,Belt,Accessories,32,Arkansas,S,Lavender,Spring,4.6,No,PayPal,Standard,Yes,Yes,14,Debit Card,Bi-Weekly,32,26.0,2.70805020110221,70.40930522865746,0.0,1.0,1.0,1.0,0.04395604395604396,0.310989010989011,3.73,3.745465253239105
3338,23,Female,Jacket,Outerwear,23,Arizona,L,Blue,Winter,4.4,No,Bank Transfer,2-Day Shipping,No,No,45,Bank Transfer,Bi-Weekly,23,26.0,3.828641396489095,99.54467630871648,0.0,0.0,0.0,0.0,0.04249084249084249,0.08351648351648351,3.752586206896552,3.7504385964912283
228,50,Male,Jeans,Clothing,90,Rhode Island,M,Turquoise,Winter,4.2,Yes,Venmo,Standard,Yes,Yes,25,Venmo,Fortnightly,90,26.0,3.258096538021482,84.71050998855854,1.0,1.0,1.0,1.0,0.03406593406593406,0.4564102564102564,3.6,3.726725521669342
248,29,Male,Sweater,Clothing,66,Montana,XL,Brown,Spring,4.4,Yes,Credit Card,Standard,Yes,Yes,14,Debit Card,Weekly,66,52.0,2.70805020110221,140.81861045731492,1.0,1.0,1.0,1.0,0.04468864468864469,0.4564102564102564,3.7147540983606557,3.726725521669342
2477,60,Male,Hat,Accessories,60,Colorado,M,Turquoise,Summer,3.7,No,Debit Card,Next Day Air,No,No,28,Cash,Monthly,60,12.0,3.367295829986474,40.40754995983769,0.0,0.0,0.0,0.0,0.038461538461538464,0.310989010989011,3.7695238095238097,3.745465253239105
2770,32,Female,Shirt,Clothing,89,Oklahoma,L,Lavender,Fall,3.0,No,PayPal,Standard,No,No,13,Cash,Weekly,89,52.0,2.6390573296152584,137.23098113999345,0.0,0.0,0.0,0.0,0.04322344322344322,0.4564102564102564,3.669491525423729,3.726725521669342
1253,28,Male,Sandals,Footwear,41,Massachusetts,L,Magenta,Fall,4.0,No,Venmo,Standard,Yes,Yes,8,Cash,Quarterly,41,4.0,2.1972245773362196,8.788898309344878,0.0,1.0,1.0,1.0,0.03882783882783883,0.14908424908424908,3.8367924528301884,3.7808353808353807
3559,68,Female,Backpack,Accessories,94,Alaska,L,Magenta,Summer,4.8,No,Credit Card,Standard,No,No,9,Venmo,Quarterly,94,4.0,2.302585092994046,9.210340371976184,0.0,0.0,0.0,0.0,0.03553113553113553,0.310989010989011,3.693814432989691,3.745465253239105
1680,60,Male,Dress,Clothing,52,Massachusetts,S,Black,Fall,4.5,No,PayPal,Next Day Air,No,No,24,Debit Card,Bi-Weekly,52,26.0,3.2188758248682006,83.69077144657321,0.0,0.0,0.0,0.0,0.044322344322344324,0.4564102564102564,3.7479338842975207,3.726725521669342
2219,67,Male,Sunglasses,Accessories,67,Idaho,M,Magenta,Winter,3.5,No,Cash,Store Pickup,No,No,20,Debit Card,Quarterly,67,4.0,3.044522437723423,12.178089750893692,0.0,0.0,0.0,0.0,0.0380952380952381,0.310989010989011,3.7211538461538463,3.745465253239105
1825,58,Male,Pants,Clothing,47,Illinois,XL,Magenta,Winter,3.8,No,Credit Card,Express,No,No,31,Cash,Monthly,47,12.0,3.4657359027997265,41.58883083359672,0.0,0.0,0.0,0.0,0.04652014652014652,0.4564102564102564,3.729133858267717,3.726725521669342
295,70,Male,Skirt,Clothing,20,New Jersey,M,Gold,Spring,4.6,Yes,Cash,Store Pickup,Yes,Yes,19,Credit Card,Every 3 Months,20,4.0,2.995732273553991,11.982929094215963,1.0,1.0,1.0,1.0,0.041758241758241756,0.4564102564102564,3.816666666666667,3.726725521669342
1047,40,Male,Sneakers,Footwear,22,Illinois,M,Magenta,Winter,4.2,Yes,Credit Card,Standard,Yes,Yes,12,Venmo,Annually,22,1.0,2.5649493574615367,2.5649493574615367,1.0,1.0,1.0,1.0,0.03626373626373627,0.14908424908424908,3.749494949494949,3.7808353808353807
3283,24,Female,T-shirt,Clothing,94,California,M,Red,Fall,4.8,No,Bank Transfer,Next Day Air,No,No,5,Credit Card,Monthly,94,12.0,1.791759469228055,21.50111363073666,0.0,0.0,0.0,0.0,0.034432234432234435,0.4564102564102564,3.8138297872340425,3.726725521669342
2799,52,Female,Hoodie,Clothing,20,Rhode Island,XL,Red,Winter,4.8,No,Credit Card,Store Pickup,No,No,37,PayPal,Weekly,20,52.0,3.6375861597263857,189.15448030577204,0.0,0.0,0.0,0.0,0.03882783882783883,0.4564102564102564,3.776415094339623,3.726725521669342
90,47,Male,Jacket,Outerwear,83,California,XL,Pink,Fall,3.6,Yes,Bank Transfer,Next Day Air,Yes,Yes,15,Cash,Quarterly,83,4.0,2.772588722239781,11.090354888959125,1.0,1.0,1.0,1.0,0.04249084249084249,0.08351648351648351,3.752586206896552,3.7504385964912283
662,57,Male,Shirt,Clothing,68,Iowa,XL,Green,Fall,4.1,Yes,Cash,Store Pickup,Yes,Yes,39,Credit Card,Quarterly,68,4.0,3.6888794541139363,14.755517816455745,1.0,1.0,1.0,1.0,0.04322344322344322,0.4564102564102564,3.669491525423729,3.726725521669342
1912,65,Male,Jewelry,Accessories,81,Arizona,M,Gray,Spring,4.9,No,Credit Card,Express,No,No,32,Debit Card,Bi-Weekly,81,26.0,3.4965075614664802,90.90919659812849,0.0,0.0,0.0,0.0,0.04212454212454213,0.310989010989011,3.744347826086957,3.745465253239105
3221,38,Female,Handbag,Accessories,29,North Dakota,M,Blue,Fall,4.1,No,PayPal,Free Shipping,No,No,16,Cash,Monthly,29,12.0,2.833213344056216,33.9985601286746,0.0,0.0,0.0,0.0,0.03882783882783883,0.310989010989011,3.7216981132075473,3.745465253239105
3269,22,Female,Dress,Clothing,97,Arkansas,M,Cyan,Fall,2.8,No,Cash,Free Shipping,No,No,5,Bank Transfer,Every 3 Months,97,4.0,1.791759469228055,7.16703787691222,0.0,0.0,0.0,0.0,0.044322344322344324,0.4564102564102564,3.7479338842975207,3.726725521669342
2718,18,Female,Sunglasses,Accessories,62,Nebraska,XL,Beige,Winter,4.3,No,Debit Card,Free Shipping,No,No,19,Credit Card,Every 3 Months,62,4.0,2.995732273553991,11.982929094215963,0.0,0.0,0.0,0.0,0.0380952380952381,0.310989010989011,3.7211538461538463,3.745465253239105
1159,69,Male,Belt,Accessories,89,Nevada,L,Orange,Summer,4.0,No,Venmo,2-Day Shipping,Yes,Yes,41,Bank Transfer,Annually,89,1.0,3.7376696182833684,3.7376696182833684,0.0,1.0,1.0,1.0,0.04395604395604396,0.310989010989011,3.73,3.745465253239105
1970,64,Male,Dress,Clothing,32,Louisiana,S,Cyan,Winter,3.5,No,PayPal,Next Day Air,No,No,11,Bank Transfer,Fortnightly,32,26.0,2.4849066497880004,64.60757289448802,0.0,0.0,0.0,0.0,0.044322344322344324,0.4564102564102564,3.7479338842975207,3.726725521669342
2573,54,Male,Blouse,Clothing,42,Washington,M,Silver,Fall,3.9,No,Debit Card,Next Day Air,No,No,40,Bank Transfer,Quarterly,42,4.0,3.713572066704308,14.854288266817232,0.0,0.0,0.0,0.0,0.047619047619047616,0.4564102564102564,3.733076923076923,3.726725521669342
2158,41,Male,Handbag,Accessories,68,Mississippi,L,Turquoise,Winter,4.0,No,Debit Card,Next Day Air,No,No,41,Venmo,Fortnightly,68,26.0,3.7376696182833684,97.17941007536758,0.0,0.0,0.0,0.0,0.03882783882783883,0.310989010989011,3.7216981132075473,3.745465253239105
3140,35,Female,Sunglasses,Accessories,85,Georgia,M,Olive,Winter,4.4,No,Venmo,Next Day Air,No,No,4,Venmo,Weekly,85,52.0,1.6094379124341003,83.69077144657321,0.0,0.0,0.0,0.0,0.0380952380952381,0.310989010989011,3.7211538461538463,3.745465253239105
495,38,Male,Boots,Footwear,68,Indiana,M,Indigo,Winter,4.5,Yes,PayPal,Express,Yes,Yes,42,Debit Card,Weekly,68,52.0,3.7612001156935624,195.58240601606525,1.0,1.0,1.0,1.0,0.036996336996337,0.14908424908424908,3.8237623762376236,3.7808353808353807
2901,41,Female,Blouse,Clothing,67,Maryland,XL,Violet,Winter,4.0,No,Bank Transfer,Standard,No,No,23,Cash,Bi-Weekly,67,26.0,3.1780538303479458,82.62939958904659,0.0,0.0,0.0,0.0,0.047619047619047616,0.4564102564102564,3.733076923076923,3.726725521669342
3758,61,Female,Skirt,Clothing,44,California,L,Red,Fall,4.5,No,Debit Card,2-Day Shipping,No,No,33,Cash,Weekly,44,52.0,3.5263605246161616,183.3707472800404,0.0,0.0,0.0,0.0,0.041758241758241756,0.4564102564102564,3.816666666666667,3.726725521669342
2546,38,Male,Shoes,Footwear,50,Texas,L,Olive,Spring,3.9,No,Bank Transfer,Free Shipping,No,No,10,Debit Card,Annually,50,1.0,2.3978952727983707,2.3978952727983707,0.0,0.0,0.0,0.0,0.036996336996337,0.14908424908424908,3.7099009900990096,3.7808353808353807
1738,42,Male,Jewelry,Accessories,98,Ohio,L,Gray,Summer,4.2,No,Bank Transfer,Store Pickup,No,No,50,Venmo,Bi-Weekly,98,26.0,3.9318256327243257,102.22746645083247,0.0,0.0,0.0,0.0,0.04212454212454213,0.310989010989011,3.744347826086957,3.745465253239105
3250,26,Female,Backpack,Accessories,83,Virginia,M,Pink,Summer,3.4,No,Credit Card,Express,No,No,32,Credit Card,Quarterly,83,4.0,3.4965075614664802,13.986030245865921,0.0,0.0,0.0,0.0,0.03553113553113553,0.310989010989011,3.693814432989691,3.745465253239105
2883,59,Female,Blouse,Clothing,51,Oklahoma,L,Gold,Winter,2.6,No,Credit Card,Store Pickup,No,No,23,Credit Card,Bi-Weekly,51,26.0,3.1780538303479458,82.62939958904659,0.0,0.0,0.0,0.0,0.047619047619047616,0.4564102564102564,3.733076923076923,3.726725521669342
2847,50,Female,Socks,Clothing,36,Oklahoma,XL,Black,Fall,2.8,No,Cash,Next Day Air,No,No,15,PayPal,Bi-Weekly,36,26.0,2.772588722239781,72.0873067782343,0.0,0.0,0.0,0.0,0.03882783882783883,0.4564102564102564,3.7150943396226417,3.726725521669342
2568,19,Male,Sunglasses,Accessories,25,Michigan,XL,Gold,Spring,4.3,No,Venmo,Store Pickup,No,No,24,Cash,Fortnightly,25,26.0,3.2188758248682006,83.69077144657321,0.0,0.0,0.0,0.0,0.0380952380952381,0.310989010989011,3.7211538461538463,3.745465253239105
2649,51,Male,Pants,Clothing,84,Illinois,M,Gray,Spring,3.9,No,Venmo,Next Day Air,No,No,14,PayPal,Bi-Weekly,84,26.0,2.70805020110221,70.40930522865746,0.0,0.0,0.0,0.0,0.04652014652014652,0.4564102564102564,3.729133858267717,3.726725521669342
1650,58,Male,T-shirt,Clothing,63,Wisconsin,M,White,Summer,4.9,No,PayPal,Free Shipping,Yes,Yes,3,Credit Card,Quarterly,63,4.0,1.3862943611198906,5.545177444479562,0.0,1.0,1.0,1.0,0.034432234432234435,0.4564102564102564,3.8138297872340425,3.726725521669342
3210,64,Female,Shoes,Footwear,31,Arkansas,L,Peach,Fall,4.3,No,Bank Transfer,Standard,No,No,39,Debit Card,Annually,31,1.0,3.6888794541139363,3.6888794541139363,0.0,0.0,0.0,0.0,0.036996336996337,0.14908424908424908,3.7099009900990096,3.7808353808353807
1562,50,Male,Scarf,Accessories,38,Mississippi,M,Indigo,Summer,3.8,No,Credit Card,Standard,Yes,Yes,2,Bank Transfer,Quarterly,38,4.0,1.0986122886681098,4.394449154672439,0.0,1.0,1.0,1.0,0.03772893772893773,0.310989010989011,3.721359223300971,3.745465253239105
605,44,Male,Sunglasses,Accessories,92,West Virginia,S,Pink,Fall,4.4,Yes,Bank Transfer,Store Pickup,Yes,Yes,11,Credit Card,Every 3 Months,92,4.0,2.4849066497880004,9.939626599152001,1.0,1.0,1.0,1.0,0.0380952380952381,0.310989010989011,3.7211538461538463,3.745465253239105
817,26,Male,Sweater,Clothing,24,Illinois,L,Cyan,Summer,3.9,Yes,Credit Card,Store Pickup,Yes,Yes,24,Debit Card,Monthly,24,12.0,3.2188758248682006,38.626509898418405,1.0,1.0,1.0,1.0,0.04468864468864469,0.4564102564102564,3.7147540983606557,3.726725521669342
2407,54,Male,Scarf,Accessories,57,California,M,Indigo,Winter,4.7,No,Venmo,Standard,No,No,26,PayPal,Weekly,57,52.0,3.295836866004329,171.38351703222511,0.0,0.0,0.0,0.0,0.03772893772893773,0.310989010989011,3.721359223300971,3.745465253239105
3742,58,Female,Shirt,Clothing,96,Arizona,M,Purple,Spring,3.2,No,Venmo,2-Day Shipping,No,No,26,Debit Card,Bi-Weekly,96,26.0,3.295836866004329,85.69175851611256,0.0,0.0,0.0,0.0,0.04322344322344322,0.4564102564102564,3.669491525423729,3.726725521669342
1514,22,Male,Socks,Clothing,35,Texas,M,Red,Spring,4.1,No,PayPal,Free Shipping,Yes,Yes,27,Cash,Monthly,35,12.0,3.332204510175204,39.986454122102444,0.0,1.0,1.0,1.0,0.03882783882783883,0.4564102564102564,3.7150943396226417,3.726725521669342
810,48,Male,Boots,Footwear,81,South Carolina,M,Violet,Fall,4.9,Yes,PayPal,Next Day Air,Yes,Yes,30,PayPal,Bi-Weekly,81,26.0,3.4339872044851463,89.2836673166138,1.0,1.0,1.0,1.0,0.036996336996337,0.14908424908424908,3.8237623762376236,3.7808353808353807
1881,34,Male,Blouse,Clothing,33,New Jersey,L,Yellow,Fall,3.1,No,PayPal,2-Day Shipping,No,No,8,Debit Card,Monthly,33,12.0,2.1972245773362196,26.366694928034633,0.0,0.0,0.0,0.0,0.047619047619047616,0.4564102564102564,3.733076923076923,3.726725521669342
3306,34,Female,Hoodie,Clothing,41,Nebraska,L,Cyan,Summer,4.9,No,Bank Transfer,Standard,No,No,31,PayPal,Bi-Weekly,41,26.0,3.4657359027997265,90.10913347279289,0.0,0.0,0.0,0.0,0.03882783882783883,0.4564102564102564,3.776415094339623,3.726725521669342
3182,31,Female,Jacket,Outerwear,51,Montana,M,Charcoal,Summer,4.4,No,Cash,Free Shipping,No,No,27,PayPal,Every 3 Months,51,4.0,3.332204510175204,13.328818040700815,0.0,0.0,0.0,0.0,0.04249084249084249,0.08351648351648351,3.752586206896552,3.7504385964912283
3369,30,Female,Sandals,Footwear,25,Nebraska,M,Blue,Spring,4.8,No,Cash,Express,No,No,29,Bank Transfer,Every 3 Months,25,4.0,3.4011973816621555,13.604789526648622,0.0,0.0,0.0,0.0,0.03882783882783883,0.14908424908424908,3.8367924528301884,3.7808353808353807
868,37,Male,Jacket,Outerwear,20,Colorado,M,Turquoise,Spring,3.1,Yes,Debit Card,Free Shipping,Yes,Yes,23,Bank Transfer,Fortnightly,20,26.0,3.1780538303479458,82.62939958904659,1.0,1.0,1.0,1.0,0.04249084249084249,0.08351648351648351,3.752586206896552,3.7504385964912283
3485,44,Female,Dress,Clothing,75,Illinois,L,Gray,Fall,4.2,No,Debit Card,Free Shipping,No,No,13,Credit Card,Bi-Weekly,75,26.0,2.6390573296152584,68.61549056999672,0.0,0.0,0.0,0.0,0.044322344322344324,0.4564102564102564,3.7479338842975207,3.726725521669342
1316,56,Male,Shorts,Clothing,75,Mississippi,L,Green,Spring,4.2,No,PayPal,2-Day Shipping,Yes,Yes,29,Debit Card,Quarterly,75,4.0,3.4011973816621555,13.604789526648622,0.0,1.0,1.0,1.0,0.04212454212454213,0.4564102564102564,3.6730434782608694,3.726725521669342
2230,70,Male,Pants,Clothing,97,Minnesota,M,Silver,Fall,3.9,No,Bank Transfer,Express,No,No,50,Venmo,Monthly,97,12.0,3.9318256327243257,47.18190759269191,0.0,0.0,0.0,0.0,0.04652014652014652,0.4564102564102564,3.729133858267717,3.726725521669342
3619,28,Female,Gloves,Accessories,67,Nevada,M,Maroon,Fall,4.0,No,Venmo,2-Day Shipping,No,No,47,PayPal,Bi-Weekly,67,26.0,3.871201010907891,100.65122628360517,0.0,0.0,0.0,0.0,0.03626373626373627,0.310989010989011,3.8666666666666667,3.745465253239105
1897,57,Male,Sandals,Footwear,51,Nevada,M,Gold,Fall,2.9,No,Cash,Standard,No,No,19,Venmo,Monthly,51,12.0,2.995732273553991,35.94878728264789,0.0,0.0,0.0,0.0,0.03882783882783883,0.14908424908424908,3.8367924528301884,3.7808353808353807
2636,59,Male,Hoodie,Clothing,80,Colorado,XL,Peach,Spring,2.9,No,PayPal,2-Day Shipping,No,No,34,PayPal,Fortnightly,80,26.0,3.5553480614894135,92.43904959872475,0.0,0.0,0.0,0.0,0.03882783882783883,0.4564102564102564,3.776415094339623,3.726725521669342
1787,45,Male,Jacket,Outerwear,34,Maryland,M,Brown,Spring,4.6,No,Debit Card,2-Day Shipping,No,No,22,Venmo,Monthly,34,12.0,3.1354942159291497,37.625930591149796,0.0,0.0,0.0,0.0,0.04249084249084249,0.08351648351648351,3.752586206896552,3.7504385964912283
2171,40,Male,Sweater,Clothing,32,South Carolina,M,Turquoise,Fall,4.0,No,PayPal,Next Day Air,No,No,37,Venmo,Every 3 Months,32,4.0,3.6375861597263857,14.550344638905543,0.0,0.0,0.0,0.0,0.04468864468864469,0.4564102564102564,3.7147540983606557,3.726725521669342
949,49,Male,Hat,Accessories,90,Alabama,L,Olive,Summer,4.9,Yes,Venmo,Express,Yes,Yes,11,Venmo,Every 3 Months,90,4.0,2.4849066497880004,9.939626599152001,1.0,1.0,1.0,1.0,0.038461538461538464,0.310989010989011,3.7695238095238097,3.745465253239105
3478,53,Female,Handbag,Accessories,85,Kentucky,S,Teal,Spring,3.8,No,PayPal,Store Pickup,No,No,38,Debit Card,Bi-Weekly,85,26.0,3.6635616461296463,95.2526027993708,0.0,0.0,0.0,0.0,0.03882783882783883,0.310989010989011,3.7216981132075473,3.745465253239105
392,37,Male,Sweater,Clothing,86,Minnesota,L,Gray,Spring,4.8,Yes,Cash,Standard,Yes,Yes,25,Cash,Fortnightly,86,26.0,3.258096538021482,84.71050998855854,1.0,1.0,1.0,1.0,0.04468864468864469,0.4564102564102564,3.7147540983606557,3.726725521669342
2214,54,Male,Hat,Accessories,94,Hawaii,M,Maroon,Fall,2.9,No,Credit Card,Express,No,No,18,Debit Card,Quarterly,94,4.0,2.9444389791664403,11.777755916665761,0.0,0.0,0.0,0.0,0.038461538461538464,0.310989010989011,3.7695238095238097,3.745465253239105
2498,35,Male,Backpack,Accessories,40,Colorado,M,Violet,Summer,4.2,No,Bank Transfer,Standard,No,No,28,Bank Transfer,Annually,40,1.0,3.367295829986474,3.367295829986474,0.0,0.0,0.0,0.0,0.03553113553113553,0.310989010989011,3.693814432989691,3.745465253239105
3420,23,Female,Jewelry,Accessories,26,West Virginia,L,Indigo,Winter,3.1,No,Venmo,Store Pickup,No,No,5,Venmo,Bi-Weekly,26,26.0,1.791759469228055,46.58574619992943,0.0,0.0,0.0,0.0,0.04212454212454213,0.310989010989011,3.744347826086957,3.745465253239105
839,33,Male,Coat,Outerwear,29,Kentucky,M,Gray,Spring,4.3,Yes,Bank Transfer,Express,Yes,Yes,49,Credit Card,Annually,29,1.0,3.912023005428146,3.912023005428146,1.0,1.0,1.0,1.0,0.041025641025641026,0.08351648351648351,3.748214285714286,3.7504385964912283
3282,27,Female,Pants,Clothing,69,Oregon,L,Gold,Winter,3.1,No,Debit Card,Free Shipping,No,No,41,Bank Transfer,Annually,69,1.0,3.7376696182833684,3.7376696182833684,0.0,0.0,0.0,0.0,0.04652014652014652,0.4564102564102564,3.729133858267717,3.726725521669342
402,43,Male,T-shirt,Clothing,91,Oklahoma,L,Orange,Fall,4.8,Yes,Bank Transfer,Standard,Yes,Yes,21,Cash,Quarterly,91,4.0,3.091042453358316,12.364169813433264,1.0,1.0,1.0,1.0,0.034432234432234435,0.4564102564102564,3.8138297872340425,3.726725521669342
2045,49,Male,Jeans,Clothing,68,Missouri,L,Orange,Spring,3.0,No,Cash,Free Shipping,No,No,17,PayPal,Fortnightly,68,26.0,2.8903717578961645,75.14966570530028,0.0,0.0,0.0,0.0,0.03406593406593406,0.4564102564102564,3.6,3.726725521669342
3546,48,Female,Sandals,Footwear,28,Connecticut,M,Yellow,Spring,3.7,No,Venmo,2-Day Shipping,No,No,22,Debit Card,Annually,28,1.0,3.1354942159291497,3.1354942159291497,0.0,0.0,0.0,0.0,0.03882783882783883,0.14908424908424908,3.8367924528301884,3.7808353808353807
1902,56,Male,Socks,Clothing,76,Arizona,S,Beige,Winter,3.9,No,Venmo,Store Pickup,No,No,50,Cash,Quarterly,76,4.0,3.9318256327243257,15.727302530897303,0.0,0.0,0.0,0.0,0.03882783882783883,0.4564102564102564,3.7150943396226417,3.726725521669342
150,38,Male,Pants,Clothing,76,Delaware,M,White,Summer,3.2,Yes,Venmo,Free Shipping,Yes,Yes,14,PayPal,Monthly,76,12.0,2.70805020110221,32.49660241322652,1.0,1.0,1.0,1.0,0.04652014652014652,0.4564102564102564,3.729133858267717,3.726725521669342
2943,54,Female,Socks,Clothing,63,Hawaii,M,Brown,Summer,2.6,No,Cash,Free Shipping,No,No,37,Bank Transfer,Weekly,63,52.0,3.6375861597263857,189.15448030577204,0.0,0.0,0.0,0.0,0.03882783882783883,0.4564102564102564,3.7150943396226417,3.726725521669342
3860,65,Female,Shorts,Clothing,88,Mississippi,S,Blue,Fall,3.0,No,Credit Card,2-Day Shipping,No,No,47,Bank Transfer,Bi-Weekly,88,26.0,3.871201010907891,100.65122628360517,0.0,0.0,0.0,0.0,0.04212454212454213,0.4564102564102564,3.6730434782608694,3.726725521669342
3143,23,Female,Sneakers,Footwear,21,Kansas,L,Magenta,Winter,4.0,No,PayPal,2-Day Shipping,No,No,1,Venmo,Quarterly,21,4.0,0.6931471805599453,2.772588722239781,0.0,0.0,0.0,0.0,0.03626373626373627,0.14908424908424908,3.749494949494949,3.7808353808353807
1280,63,Male,Hoodie,Clothing,56,Maryland,L,Charcoal,Fall,3.7,No,PayPal,Express,Yes,Yes,18,Debit Card,Annually,56,1.0,2.9444389791664403,2.9444389791664403,0.0,1.0,1.0,1.0,0.03882783882783883,0.4564102564102564,3.776415094339623,3.726725521669342
2086,69,Male,Jeans,Clothing,49,New York,M,Teal,Fall,4.6,No,Cash,Free Shipping,No,No,38,Debit Card,Weekly,49,52.0,3.6635616461296463,190.5052055987416,0.0,0.0,0.0,0.0,0.03406593406593406,0.4564102564102564,3.6,3.726725521669342
429,21,Male,Coat,Outerwear,64,Wyoming,XL,Gold,Winter,2.9,Yes,Venmo,Free Shipping,Yes,Yes,2,Debit Card,Fortnightly,64,26.0,1.0986122886681098,28.563919505370855,1.0,1.0,1.0,1.0,0.041025641025641026,0.08351648351648351,3.748214285714286,3.7504385964912283
1743,51,Male,Sandals,Footwear,80,Kansas,XL,White,Spring,4.3,No,Credit Card,Express,No,No,18,Venmo,Every 3 Months,80,4.0,2.9444389791664403,11.777755916665761,0.0,0.0,0.0,0.0,0.03882783882783883,0.14908424908424908,3.8367924528301884,3.7808353808353807
3067,58,Female,Skirt,Clothing,48,Michigan,L,Teal,Summer,4.3,No,Cash,Free Shipping,No,No,13,Venmo,Every 3 Months,48,4.0,2.6390573296152584,10.556229318461034,0.0,0.0,0.0,0.0,0.041758241758241756,0.4564102564102564,3.816666666666667,3.726725521669342
2615,18,Male,Jacket,Outerwear,65,North Dakota,M,Turquoise,Spring,4.2,No,Credit Card,Express,No,No,36,Bank Transfer,Fortnightly,65,26.0,3.6109179126442243,93.88386572874984,0.0,0.0,0.0,0.0,0.04249084249084249,0.08351648351648351,3.752586206896552,3.7504385964912283
2818,25,Female,Backpack,Accessories,65,South Carolina,XL,Yellow,Winter,3.4,No,Credit Card,Standard,No,No,6,Venmo,Weekly,65,52.0,1.9459101490553132,101.18732775087629,0.0,0.0,0.0,0.0,0.03553113553113553,0.310989010989011,3.693814432989691,3.745465253239105
3391,32,Female,Socks,Clothing,70,Oregon,S,Red,Summer,3.0,No,Credit Card,Next Day Air,No,No,38,PayPal,Annually,70,1.0,3.6635616461296463,3.6635616461296463,0.0,0.0,0.0,0.0,0.03882783882783883,0.4564102564102564,3.7150943396226417,3.726725521669342
950,33,Male,Jeans,Clothing,36,Montana,M,Olive,Summer,3.4,Yes,Cash,Standard,Yes,Yes,49,Venmo,Monthly,36,12.0,3.912023005428146,46.94427606513775,1.0,1.0,1.0,1.0,0.03406593406593406,0.4564102564102564,3.6,3.726725521669342
14,65,Male,Dress,Clothing,51,New Hampshire,M,Violet,Spring,4.7,Yes,Debit Card,Express,Yes,Yes,31,PayPal,Weekly,51,52.0,3.4657359027997265,180.21826694558578,1.0,1.0,1.0,1.0,0.044322344322344324,0.4564102564102564,3.7479338842975207,3.726725521669342
3395,31,Female,Sandals,Footwear,98,Vermont,S,Yellow,Spring,4.2,No,Cash,Store Pickup,No,No,9,PayPal,Annually,98,1.0,2.302585092994046,2.302585092994046,0.0,0.0,0.0,0.0,0.03882783882783883,0.14908424908424908,3.8367924528301884,3.7808353808353807
1886,26,Male,Jewelry,Accessories,53,Nevada,S,Maroon,Winter,4.4,No,Credit Card,Standard,No,No,35,Cash,Monthly,53,12.0,3.58351893845611,43.00222726147332,0.0,0.0,0.0,0.0,0.04212454212454213,0.310989010989011,3.744347826086957,3.745465253239105
2776,37,Female,Socks,Clothing,25,Montana,L,Red,Fall,3.6,No,Venmo,Free Shipping,No,No,16,Debit Card,Weekly,25,52.0,2.833213344056216,147.32709389092324,0.0,0.0,0.0,0.0,0.03882783882783883,0.4564102564102564,3.7150943396226417,3.726725521669342
3608,50,Female,Hat,Accessories,93,New Mexico,L,Charcoal,Fall,3.3,No,Debit Card,Standard,No,No,20,Venmo,Bi-Weekly,93,26.0,3.044522437723423,79.157583380809,0.0,0.0,0.0,0.0,0.038461538461538464,0.310989010989011,3.7695238095238097,3.745465253239105
1183,37,Male,Jewelry,Accessories,21,New Mexico,M,Maroon,Spring,3.8,No,Debit Card,Express,Yes,Yes,45,PayPal,Quarterly,21,4.0,3.828641396489095,15.31456558595638,0.0,1.0,1.0,1.0,0.04212454212454213,0.310989010989011,3.744347826086957,3.745465253239105
2848,68,Female,Jewelry,Accessories,21,Connecticut,L,Charcoal,Winter,2.8,No,Venmo,Free Shipping,No,No,3,PayPal,Every 3 Months,21,4.0,1.3862943611198906,5.545177444479562,0.0,0.0,0.0,0.0,0.04212454212454213,0.310989010989011,3.744347826086957,3.745465253239105
96,37,Male,Sneakers,Footwear,100,Missouri,L,Pink,Fall,3.8,Yes,PayPal,Free Shipping,Yes,Yes,48,PayPal,Monthly,100,12.0,3.8918202981106265,46.701843577327516,1.0,1.0,1.0,1.0,0.03626373626373627,0.14908424908424908,3.749494949494949,3.7808353808353807
2895,35,Female,Jewelry,Accessories,32,Kentucky,S,Brown,Spring,3.5,No,Cash,Standard,No,No,41,Venmo,Annually,32,1.0,3.7376696182833684,3.7376696182833684,0.0,0.0,0.0,0.0,0.04212454212454213,0.310989010989011,3.744347826086957,3.745465253239105
2397,38,Male,Shirt,Clothing,82,Oregon,M,Olive,Spring,3.7,No,Credit Card,2-Day Shipping,No,No,20,Venmo,Weekly,82,52.0,3.044522437723423,158.315166761618,0.0,0.0,0.0,0.0,0.04322344322344322,0.4564102564102564,3.669491525423729,3.726725521669342
2536,47,Male,Coat,Outerwear,80,Vermont,S,Purple,Winter,3.9,No,Bank Transfer,Express,No,No,39,Bank Transfer,Fortnightly,80,26.0,3.6888794541139363,95.91086580696235,0.0,0.0,0.0,0.0,0.041025641025641026,0.08351648351648351,3.748214285714286,3.7504385964912283
1200,49,Male,Sandals,Footwear,89,Maryland,M,Indigo,Fall,4.5,No,Credit Card,Free Shipping,Yes,Yes,3,Debit Card,Weekly,89,52.0,1.3862943611198906,72.0873067782343,0.0,1.0,1.0,1.0,0.03882783882783883,0.14908424908424908,3.8367924528301884,3.7808353808353807
1366,28,Male,Handbag,Accessories,69,Indiana,M,Magenta,Winter,4.5,No,PayPal,Store Pickup,Yes,Yes,18,Bank Transfer,Fortnightly,69,26.0,2.9444389791664403,76.55541345832745,0.0,1.0,1.0,1.0,0.03882783882783883,0.310989010989011,3.7216981132075473,3.745465253239105
1118,25,Male,Sunglasses,Accessories,77,California,L,Lavender,Spring,4.5,No,PayPal,Store Pickup,Yes,Yes,24,Credit Card,Monthly,77,12.0,3.2188758248682006,38.626509898418405,0.0,1.0,1.0,1.0,0.0380952380952381,0.310989010989011,3.7211538461538463,3.745465253239105
1211,34,Male,Sunglasses,Accessories,78,Missouri,M,Olive,Fall,4.1,No,PayPal,Next Day Air,Yes,Yes,5,Cash,Quarterly,78,4.0,1.791759469228055,7.16703787691222,0.0,1.0,1.0,1.0,0.0380952380952381,0.310989010989011,3.7211538461538463,3.745465253239105
2549,42,Male,Backpack,Accessories,63,Texas,L,Pink,Winter,3.8,No,Credit Card,Standard,No,No,34,Credit Card,Monthly,63,12.0,3.5553480614894135,42.664176737872964,0.0,0.0,0.0,0.0,0.03553113553113553,0.310989010989011,3.693814432989691,3.745465253239105
3057,69,Female,Gloves,Accessories,59,New Jersey,M,Beige,Spring,3.8,No,Credit Card,Standard,No,No,15,Cash,Bi-Weekly,59,26.0,2.772588722239781,72.0873067782343,0.0,0.0,0.0,0.0,0.03626373626373627,0.310989010989011,3.8666666666666667,3.745465253239105
1288,24,Male,Jeans,Clothing,28,Utah,XL,Blue,Winter,3.4,No,Venmo,Standard,Yes,Yes,20,PayPal,Monthly,28,12.0,3.044522437723423,36.53426925268108,0.0,1.0,1.0,1.0,0.03406593406593406,0.4564102564102564,3.6,3.726725521669342
2460,47,Male,Socks,Clothing,36,Missouri,L,Violet,Fall,4.3,No,PayPal,2-Day Shipping,No,No,14,Cash,Weekly,36,52.0,2.70805020110221,140.81861045731492,0.0,0.0,0.0,0.0,0.03882783882783883,0.4564102564102564,3.7150943396226417,3.726725521669342
1282,29,Male,Belt,Accessories,81,New Jersey,M,Olive,Spring,4.5,No,Cash,Store Pickup,Yes,Yes,8,Venmo,Bi-Weekly,81,26.0,2.1972245773362196,57.12783901074171,0.0,1.0,1.0,1.0,0.04395604395604396,0.310989010989011,3.73,3.745465253239105
1057,20,Male,Sweater,Clothing,64,Idaho,L,Black,Winter,2.9,No,Debit Card,2-Day Shipping,Yes,Yes,42,Venmo,Fortnightly,64,26.0,3.7612001156935624,97.79120300803262,0.0,1.0,1.0,1.0,0.04468864468864469,0.4564102564102564,3.7147540983606557,3.726725521669342
2365,62,Male,Sunglasses,Accessories,60,Mississippi,L,Maroon,Winter,4.2,No,Credit Card,Free Shipping,No,No,4,PayPal,Quarterly,60,4.0,1.6094379124341003,6.437751649736401,0.0,0.0,0.0,0.0,0.0380952380952381,0.310989010989011,3.7211538461538463,3.745465253239105
2300,64,Male,Coat,Outerwear,57,Idaho,M,Violet,Summer,3.7,No,Debit Card,Store Pickup,No,No,48,Credit Card,Every 3 Months,57,4.0,3.8918202981106265,15.567281192442506,0.0,0.0,0.0,0.0,0.041025641025641026,0.08351648351648351,3.748214285714286,3.7504385964912283
1008,58,Male,Gloves,Accessories,62,Georgia,XL,Turquoise,Spring,4.8,Yes,Venmo,Standard,Yes,Yes,2,Credit Card,Annually,62,1.0,1.0986122886681098,1.0986122886681098,1.0,1.0,1.0,1.0,0.03626373626373627,0.310989010989011,3.8666666666666667,3.745465253239105
3285,70,Female,Scarf,Accessories,79,Kentucky,L,White,Spring,4.5,No,Debit Card,2-Day Shipping,No,No,20,Venmo,Annually,79,1.0,3.044522437723423,3.044522437723423,0.0,0.0,0.0,0.0,0.03772893772893773,0.310989010989011,3.721359223300971,3.745465253239105
3658,58,Female,Shoes,Footwear,82,Alabama,L,Gold,Winter,3.7,No,Bank Transfer,Express,No,No,1,Debit Card,Every 3 Months,82,4.0,0.6931471805599453,2.772588722239781,0.0,0.0,0.0,0.0,0.036996336996337,0.14908424908424908,3.7099009900990096,3.7808353808353807
1531,59,Male,Coat,Outerwear,21,New Mexico,M,Teal,Spring,3.9,No,Venmo,Next Day Air,Yes,Yes,22,Bank Transfer,Quarterly,21,4.0,3.1354942159291497,12.541976863716599,0.0,1.0,1.0,1.0,0.041025641025641026,0.08351648351648351,3.748214285714286,3.7504385964912283
3151,55,Female,Blouse,Clothing,25,Georgia,M,Peach,Spring,2.6,No,Venmo,Express,No,No,7,Bank Transfer,Bi-Weekly,25,26.0,2.0794415416798357,54.06548008367573,0.0,0.0,0.0,0.0,0.047619047619047616,0.4564102564102564,3.733076923076923,3.726725521669342
3313,55,Female,Sneakers,Footwear,75,Louisiana,L,Black,Summer,3.9,No,Venmo,Next Day Air,No,No,45,Cash,Quarterly,75,4.0,3.828641396489095,15.31456558595638,0.0,0.0,0.0,0.0,0.03626373626373627,0.14908424908424908,3.749494949494949,3.7808353808353807
845,59,Male,Sandals,Footwear,48,Missouri,L,Purple,Winter,4.4,Yes,PayPal,Express,Yes,Yes,44,Venmo,Bi-Weekly,48,26.0,3.8066624897703196,98.9732247340283,1.0,1.0,1.0,1.0,0.03882783882783883,0.14908424908424908,3.8367924528301884,3.7808353808353807
761,33,Male,Gloves,Accessories,50,Minnesota,XL,Violet,Fall,3.4,Yes,Credit Card,Free Shipping,Yes,Yes,6,Cash,Annually,50,1.0,1.9459101490553132,1.9459101490553132,1.0,1.0,1.0,1.0,0.03626373626373627,0.310989010989011,3.8666666666666667,3.745465253239105
2002,51,Male,Sunglasses,Accessories,90,Wyoming,S,Purple,Winter,2.6,No,Debit Card,Free Shipping,No,No,2,Debit Card,Fortnightly,90,26.0,1.0986122886681098,28.563919505370855,0.0,0.0,0.0,0.0,0.0380952380952381,0.310989010989011,3.7211538461538463,3.745465253239105
2425,49,Male,Jewelry,Accessories,57,Delaware,M,Peach,Winter,4.5,No,Debit Card,Next Day Air,No,No,28,Bank Transfer,Bi-Weekly,57,26.0,3.367295829986474,87.54969157964833,0.0,0.0,0.0,0.0,0.04212454212454213,0.310989010989011,3.744347826086957,3.745465253239105
3287,45,Female,Jacket,Outerwear,67,Illinois,L,Pink,Winter,5.0,No,Venmo,Express,No,No,4,Venmo,Fortnightly,67,26.0,1.6094379124341003,41.845385723286604,0.0,0.0,0.0,0.0,0.04249084249084249,0.08351648351648351,3.752586206896552,3.7504385964912283
1574,36,Male,T-shirt,Clothing,31,North Dakota,L,Indigo,Summer,4.3,No,Debit Card,2-Day Shipping,Yes,Yes,25,Debit Card,Weekly,31,52.0,3.258096538021482,169.42101997711708,0.0,1.0,1.0,1.0,0.034432234432234435,0.4564102564102564,3.8138297872340425,3.726725521669342
1443,53,Male,Hoodie,Clothing,92,Idaho,S,Violet,Spring,2.8,No,Cash,2-Day Shipping,Yes,Yes,42,Credit Card,Annually,92,1.0,3.7612001156935624,3.7612001156935624,0.0,1.0,1.0,1.0,0.03882783882783883,0.4564102564102564,3.776415094339623,3.726725521669342
1955,26,Male,Gloves,Accessories,77,Colorado,M,Pink,Winter,4.2,No,Bank Transfer,Free Shipping,No,No,3,Venmo,Quarterly,77,4.0,1.3862943611198906,5.545177444479562,0.0,0.0,0.0,0.0,0.03626373626373627,0.310989010989011,3.8666666666666667,3.745465253239105
3136,68,Female,Shoes,Footwear,85,Indiana,L,Yellow,Spring,4.7,No,Bank Transfer,Free Shipping,No,No,48,Venmo,Fortnightly,85,26.0,3.8918202981106265,101.18732775087629,0.0,0.0,0.0,0.0,0.036996336996337,0.14908424908424908,3.7099009900990096,3.7808353808353807
2319,69,Male,Hoodie,Clothing,28,Wyoming,L,White,Spring,3.1,No,PayPal,Store Pickup,No,No,30,Credit Card,Annually,28,1.0,3.4339872044851463,3.4339872044851463,0.0,0.0,0.0,0.0,0.03882783882783883,0.4564102564102564,3.776415094339623,3.726725521669342
3086,24,Female,Sweater,Clothing,50,Nevada,L,Gray,Winter,2.8,No,Credit Card,Store Pickup,No,No,10,Venmo,Every 3 Months,50,4.0,2.3978952727983707,9.591581091193483,0.0,0.0,0.0,0.0,0.04468864468864469,0.4564102564102564,3.7147540983606557,3.726725521669342
987,54,Male,Scarf,Accessories,96,Connecticut,S,Peach,Spring,4.5,Yes,Credit Card,Store Pickup,Yes,Yes,36,Bank Transfer,Monthly,96,12.0,3.6109179126442243,43.331014951730694,1.0,1.0,1.0,1.0,0.03772893772893773,0.310989010989011,3.721359223300971,3.745465253239105
2837,51,Female,Pants,Clothing,50,Wyoming,M,Charcoal,Winter,5.0,No,Venmo,2-Day Shipping,No,No,21,Cash,Bi-Weekly,50,26.0,3.091042453358316,80.36710378731621,0.0,0.0,0.0,0.0,0.04652014652014652,0.4564102564102564,3.729133858267717,3.726725521669342
1952,33,Male,Gloves,Accessories,53,Connecticut,L,Gold,Summer,2.7,No,Bank Transfer,Next Day Air,No,No,32,Bank Transfer,Bi-Weekly,53,26.0,3.4965075614664802,90.90919659812849,0.0,0.0,0.0,0.0,0.03626373626373627,0.310989010989011,3.8666666666666667,3.745465253239105
3565,60,Female,Gloves,Accessories,38,Illinois,S,Brown,Summer,4.4,No,PayPal,Free Shipping,No,No,40,Venmo,Annually,38,1.0,3.713572066704308,3.713572066704308,0.0,0.0,0.0,0.0,0.03626373626373627,0.310989010989011,3.8666666666666667,3.745465253239105
162,65,Male,Backpack,Accessories,49,North Dakota,M,Olive,Fall,3.0,Yes,Venmo,Express,Yes,Yes,29,Venmo,Fortnightly,49,26.0,3.4011973816621555,88.43113192321604,1.0,1.0,1.0,1.0,0.03553113553113553,0.310989010989011,3.693814432989691,3.745465253239105
2441,31,Male,Socks,Clothing,90,Indiana,M,Red,Spring,4.7,No,Bank Transfer,Standard,No,No,47,Bank Transfer,Annually,90,1.0,3.871201010907891,3.871201010907891,0.0,0.0,0.0,0.0,0.03882783882783883,0.4564102564102564,3.7150943396226417,3.726725521669342
1241,41,Male,Scarf,Accessories,79,New Jersey,L,White,Winter,2.9,No,Debit Card,Store Pickup,Yes,Yes,48,Debit Card,Annually,79,1.0,3.8918202981106265,3.8918202981106265,0.0,1.0,1.0,1.0,0.03772893772893773,0.310989010989011,3.721359223300971,3.745465253239105
2256,48,Male,Coat,Outerwear,39,Michigan,L,Teal,Spring,4.6,No,Venmo,Store Pickup,No,No,42,Bank Transfer,Quarterly,39,4.0,3.7612001156935624,15.04480046277425,0.0,0.0,0.0,0.0,0.041025641025641026,0.08351648351648351,3.748214285714286,3.7504385964912283
1631,63,Male,Shoes,Footwear,48,New Jersey,M,Gold,Summer,2.9,No,Debit Card,Store Pickup,Yes,Yes,29,Venmo,Every 3 Months,48,4.0,3.4011973816621555,13.604789526648622,0.0,1.0,1.0,1.0,0.036996336996337,0.14908424908424908,3.7099009900990096,3.7808353808353807
3185,61,Female,Sweater,Clothing,53,Hawaii,L,Green,Spring,4.2,No,Credit Card,2-Day Shipping,No,No,30,Venmo,Quarterly,53,4.0,3.4339872044851463,13.735948817940585,0.0,0.0,0.0,0.0,0.04468864468864469,0.4564102564102564,3.7147540983606557,3.726725521669342
2556,24,Male,Pants,Clothing,74,Idaho,M,Gray,Fall,3.5,No,PayPal,Standard,No,No,23,Credit Card,Weekly,74,52.0,3.1780538303479458,165.25879917809317,0.0,0.0,0.0,0.0,0.04652014652014652,0.4564102564102564,3.729133858267717,3.726725521669342
1043,55,Male,Belt,Accessories,80,Maryland,M,Maroon,Spring,4.9,Yes,Venmo,Next Day Air,Yes,Yes,47,Credit Card,Weekly,80,52.0,3.871201010907891,201.30245256721034,1.0,1.0,1.0,1.0,0.04395604395604396,0.310989010989011,3.73,3.745465253239105
2714,19,Female,Coat,Outerwear,57,Mississippi,M,Magenta,Fall,3.8,No,PayPal,2-Day Shipping,No,No,20,Debit Card,Annually,57,1.0,3.044522437723423,3.044522437723423,0.0,0.0,0.0,0.0,0.041025641025641026,0.08351648351648351,3.748214285714286,3.7504385964912283
2572,45,Male,Sunglasses,Accessories,27,Mississippi,L,Black,Winter,3.5,No,Credit Card,Standard,No,No,48,Cash,Fortnightly,27,26.0,3.8918202981106265,101.18732775087629,0.0,0.0,0.0,0.0,0.0380952380952381,0.310989010989011,3.7211538461538463,3.745465253239105
1182,61,Male,Shorts,Clothing,96,New York,L,Teal,Summer,3.5,No,Cash,Free Shipping,Yes,Yes,43,Bank Transfer,Quarterly,96,4.0,3.784189633918261,15.136758535673044,0.0,1.0,1.0,1.0,0.04212454212454213,0.4564102564102564,3.6730434782608694,3.726725521669342
894,33,Male,Backpack,Accessories,51,Nebraska,M,Red,Spring,4.7,Yes,Debit Card,Express,Yes,Yes,14,Venmo,Monthly,51,12.0,2.70805020110221,32.49660241322652,1.0,1.0,1.0,1.0,0.03553113553113553,0.310989010989011,3.693814432989691,3.745465253239105
2254,62,Male,Hoodie,Clothing,31,Oklahoma,M,Brown,Spring,2.6,No,Credit Card,Store Pickup,No,No,22,PayPal,Monthly,31,12.0,3.1354942159291497,37.625930591149796,0.0,0.0,0.0,0.0,0.03882783882783883,0.4564102564102564,3.776415094339623,3.726725521669342
2384,53,Male,Backpack,Accessories,72,Rhode Island,L,Gold,Spring,4.9,No,Cash,2-Day Shipping,No,No,25,Bank Transfer,Annually,72,1.0,3.258096538021482,3.258096538021482,0.0,0.0,0.0,0.0,0.03553113553113553,0.310989010989011,3.693814432989691,3.745465253239105
459,47,Male,Shorts,Clothing,91,Arkansas,L,Black,Winter,4.0,Yes,Debit Card,2-Day Shipping,Yes,Yes,48,PayPal,Monthly,91,12.0,3.8918202981106265,46.701843577327516,1.0,1.0,1.0,1.0,0.04212454212454213,0.4564102564102564,3.6730434782608694,3.726725521669342
3296,70,Female,Blouse,Clothing,34,West Virginia,S,Lavender,Summer,2.8,No,PayPal,Next Day Air,No,No,15,Cash,Weekly,34,52.0,2.772588722239781,144.1746135564686,0.0,0.0,0.0,0.0,0.047619047619047616,0.4564102564102564,3.733076923076923,3.726725521669342
77,50,Male,Hat,Accessories,43,Delaware,S,Teal,Summer,4.2,Yes,Bank Transfer,Free Shipping,Yes,Yes,32,Venmo,Monthly,43,12.0,3.4965075614664802,41.958090737597765,1.0,1.0,1.0,1.0,0.038461538461538464,0.310989010989011,3.7695238095238097,3.745465253239105
1603,54,Male,Sunglasses,Accessories,48,West Virginia,S,Charcoal,Winter,2.8,No,Credit Card,Free Shipping,Yes,Yes,13,Venmo,Fortnightly,48,26.0,2.6390573296152584,68.61549056999672,0.0,1.0,1.0,1.0,0.0380952380952381,0.310989010989011,3.7211538461538463,3.745465253239105
1546,48,Male,Belt,Accessories,43,Delaware,M,Black,Winter,4.9,No,Cash,Store Pickup,Yes,Yes,49,Bank Transfer,Annually,43,1.0,3.912023005428146,3.912023005428146,0.0,1.0,1.0,1.0,0.04395604395604396,0.310989010989011,3.73,3.745465253239105
2411,48,Male,Shoes,Footwear,43,Wisconsin,M,Maroon,Summer,3.7,No,Venmo,Free Shipping,No,No,46,PayPal,Monthly,43,12.0,3.8501476017100584,46.2017712205207,0.0,0.0,0.0,0.0,0.036996336996337,0.14908424908424908,3.7099009900990096,3.7808353808353807
3350,35,Female,Jewelry,Accessories,79,Georgia,M,Red,Fall,2.8,No,Cash,Store Pickup,No,No,29,PayPal,Quarterly,79,4.0,3.4011973816621555,13.604789526648622,0.0,0.0,0.0,0.0,0.04212454212454213,0.310989010989011,3.744347826086957,3.745465253239105
1535,55,Male,Blouse,Clothing,66,Wyoming,M,Green,Summer,3.4,No,Venmo,Free Shipping,Yes,Yes,26,Venmo,Fortnightly,66,26.0,3.295836866004329,85.69175851611256,0.0,1.0,1.0,1.0,0.047619047619047616,0.4564102564102564,3.733076923076923,3.726725521669342
1596,34,Male,Backpack,Accessories,35,Wisconsin,S,Magenta,Spring,3.5,No,Cash,Standard,Yes,Yes,45,Debit Card,Fortnightly,35,26.0,3.828641396489095,99.54467630871648,0.0,1.0,1.0,1.0,0.03553113553113553,0.310989010989011,3.693814432989691,3.745465253239105
3819,70,Female,Sneakers,Footwear,41,Oregon,XL,Indigo,Winter,3.8,No,Credit Card,Free Shipping,No,No,42,Cash,Monthly,41,12.0,3.7612001156935624,45.13440138832275,0.0,0.0,0.0,0.0,0.03626373626373627,0.14908424908424908,3.749494949494949,3.7808353808353807
2456,20,Male,Belt,Accessories,98,Alaska,L,Lavender,Spring,3.4,No,PayPal,Express,No,No,25,Cash,Every 3 Months,98,4.0,3.258096538021482,13.032386152085929,0.0,0.0,0.0,0.0,0.04395604395604396,0.310989010989011,3.73,3.745465253239105
3827,50,Female,Jacket,Outerwear,31,Montana,M,Gray,Summer,4.0,No,Bank Transfer,Express,No,No,25,Bank Transfer,Annually,31,1.0,3.258096538021482,3.258096538021482,0.0,0.0,0.0,0.0,0.04249084249084249,0.08351648351648351,3.752586206896552,3.7504385964912283
3442,64,Female,Sweater,Clothing,96,Tennessee,XL,Charcoal,Fall,4.1,No,Debit Card,Standard,No,No,15,Credit Card,Annually,96,1.0,2.772588722239781,2.772588722239781,0.0,0.0,0.0,0.0,0.04468864468864469,0.4564102564102564,3.7147540983606557,3.726725521669342
3026,40,Female,Shoes,Footwear,60,Montana,XL,Green,Summer,3.4,No,Debit Card,Store Pickup,No,No,7,PayPal,Monthly,60,12.0,2.0794415416798357,24.953298500158027,0.0,0.0,0.0,0.0,0.036996336996337,0.14908424908424908,3.7099009900990096,3.7808353808353807
1029,45,Male,Hoodie,Clothing,36,Nebraska,S,Lavender,Summer,3.7,Yes,Venmo,Standard,Yes,Yes,4,Cash,Fortnightly,36,26.0,1.6094379124341003,41.845385723286604,1.0,1.0,1.0,1.0,0.03882783882783883,0.4564102564102564,3.776415094339623,3.726725521669342
3167,19,Female,Shirt,Clothing,80,Georgia,M,Gold,Winter,2.7,No,Debit Card,Next Day Air,No,No,37,Bank Transfer,Fortnightly,80,26.0,3.6375861597263857,94.57724015288602,0.0,0.0,0.0,0.0,0.04322344322344322,0.4564102564102564,3.669491525423729,3.726725521669342
2609,42,Male,Jacket,Outerwear,68,Mississippi,L,Orange,Fall,4.2,No,PayPal,2-Day Shipping,No,No,48,Credit Card,Fortnightly,68,26.0,3.8918202981106265,101.18732775087629,0.0,0.0,0.0,0.0,0.04249084249084249,0.08351648351648351,3.752586206896552,3.7504385964912283
1506,46,Male,Belt,Accessories,20,North Dakota,M,Teal,Summer,3.0,No,PayPal,Express,Yes,Yes,39,Cash,Monthly,20,12.0,3.6888794541139363,44.26655344936724,0.0,1.0,1.0,1.0,0.04395604395604396,0.310989010989011,3.73,3.745465253239105
500,36,Male,Shoes,Footwear,99,Rhode Island,L,Silver,Winter,4.8,Yes,Credit Card,Express,Yes,Yes,24,PayPal,Monthly,99,12.0,3.2188758248682006,38.626509898418405,1.0,1.0,1.0,1.0,0.036996336996337,0.14908424908424908,3.7099009900990096,3.7808353808353807
324,66,Male,Hoodie,Clothing,78,Tennessee,M,Orange,Winter,3.5,Yes,Venmo,Next Day Air,Yes,Yes,29,PayPal,Bi-Weekly,78,26.0,3.4011973816621555,88.43113192321604,1.0,1.0,1.0,1.0,0.03882783882783883,0.4564102564102564,3.776415094339623,3.726725521669342
94,37,Male,Sweater,Clothing,62,Florida,M,Purple,Fall,4.5,Yes,PayPal,Standard,Yes,Yes,46,Credit Card,Weekly,62,52.0,3.8501476017100584,200.20767528892304,1.0,1.0,1.0,1.0,0.04468864468864469,0.4564102564102564,3.7147540983606557,3.726725521669342
863,19,Male,Coat,Outerwear,84,Arkansas,M,Charcoal,Winter,4.9,Yes,PayPal,Standard,Yes,Yes,13,PayPal,Fortnightly,84,26.0,2.6390573296152584,68.61549056999672,1.0,1.0,1.0,1.0,0.041025641025641026,0.08351648351648351,3.748214285714286,3.7504385964912283
3739,34,Female,Shorts,Clothing,45,Delaware,M,Brown,Spring,2.7,No,Credit Card,Free Shipping,No,No,48,Cash,Fortnightly,45,26.0,3.8918202981106265,101.18732775087629,0.0,0.0,0.0,0.0,0.04212454212454213,0.4564102564102564,3.6730434782608694,3.726725521669342
1023,61,Male,Handbag,Accessories,41,Nebraska,M,Lavender,Winter,4.9,Yes,Cash,Store Pickup,Yes,Yes,7,Cash,Annually,41,1.0,2.0794415416798357,2.0794415416798357,1.0,1.0,1.0,1.0,0.03882783882783883,0.310989010989011,3.7216981132075473,3.745465253239105
1364,36,Male,Blouse,Clothing,90,Wisconsin,L,Red,Summer,4.0,No,Bank Transfer,Express,Yes,Yes,47,PayPal,Quarterly,90,4.0,3.871201010907891,15.484804043631565,0.0,1.0,1.0,1.0,0.047619047619047616,0.4564102564102564,3.733076923076923,3.726725521669342
841,42,Male,Shirt,Clothing,24,Alabama,L,Teal,Summer,4.2,Yes,Bank Transfer,2-Day Shipping,Yes,Yes,18,PayPal,Weekly,24,52.0,2.9444389791664403,153.1108269166549,1.0,1.0,1.0,1.0,0.04322344322344322,0.4564102564102564,3.669491525423729,3.726725521669342
2812,69,Female,Jacket,Outerwear,89,Ohio,M,Blue,Fall,3.7,No,PayPal,Store Pickup,No,No,19,Credit Card,Quarterly,89,4.0,2.995732273553991,11.982929094215963,0.0,0.0,0.0,0.0,0.04249084249084249,0.08351648351648351,3.752586206896552,3.7504385964912283
1414,51,Male,Blouse,Clothing,79,New Hampshire,S,Indigo,Fall,2.7,No,Venmo,Store Pickup,Yes,Yes,12,Bank Transfer,Quarterly,79,4.0,2.5649493574615367,10.259797429846147,0.0,1.0,1.0,1.0,0.047619047619047616,0.4564102564102564,3.733076923076923,3.726725521669342
3470,36,Female,Socks,Clothing,85,North Dakota,L,Magenta,Fall,3.3,No,Bank Transfer,Store Pickup,No,No,12,Cash,Annually,85,1.0,2.5649493574615367,2.5649493574615367,0.0,0.0,0.0,0.0,0.03882783882783883,0.4564102564102564,3.7150943396226417,3.726725521669342
565,67,Male,Hoodie,Clothing,58,Florida,M,Olive,Winter,3.4,Yes,Cash,Next Day Air,Yes,Yes,30,Bank Transfer,Weekly,58,52.0,3.4339872044851463,178.5673346332276,1.0,1.0,1.0,1.0,0.03882783882783883,0.4564102564102564,3.776415094339623,3.726725521669342
2081,29,Male,Sunglasses,Accessories,47,South Dakota,S,Gray,Fall,3.5,No,Credit Card,Free Shipping,No,No,17,Debit Card,Bi-Weekly,47,26.0,2.8903717578961645,75.14966570530028,0.0,0.0,0.0,0.0,0.0380952380952381,0.310989010989011,3.7211538461538463,3.745465253239105
3459,68,Female,Jewelry,Accessories,37,West Virginia,L,Violet,Spring,3.4,No,PayPal,Standard,No,No,24,Venmo,Quarterly,37,4.0,3.2188758248682006,12.875503299472802,0.0,0.0,0.0,0.0,0.04212454212454213,0.310989010989011,3.744347826086957,3.745465253239105
365,62,Male,Shoes,Footwear,88,North Dakota,L,Charcoal,Summer,3.0,Yes,Debit Card,Free Shipping,Yes,Yes,7,Venmo,Every 3 Months,88,4.0,2.0794415416798357,8.317766166719343,1.0,1.0,1.0,1.0,0.036996336996337,0.14908424908424908,3.7099009900990096,3.7808353808353807
2716,25,Female,Sneakers,Footwear,92,Mississippi,XL,Pink,Winter,4.1,No,Debit Card,Express,No,No,29,PayPal,Fortnightly,92,26.0,3.4011973816621555,88.43113192321604,0.0,0.0,0.0,0.0,0.03626373626373627,0.14908424908424908,3.749494949494949,3.7808353808353807
3526,45,Female,Sunglasses,Accessories,38,Wyoming,L,Olive,Winter,3.5,No,PayPal,Standard,No,No,47,Bank Transfer,Annually,38,1.0,3.871201010907891,3.871201010907891,0.0,0.0,0.0,0.0,0.0380952380952381,0.310989010989011,3.7211538461538463,3.745465253239105
441,20,Male,Shirt,Clothing,89,Oklahoma,XL,Maroon,Winter,3.5,Yes,Debit Card,Store Pickup,Yes,Yes,34,Debit Card,Fortnightly,89,26.0,3.5553480614894135,92.43904959872475,1.0,1.0,1.0,1.0,0.04322344322344322,0.4564102564102564,3.669491525423729,3.726725521669342
634,66,Male,Sandals,Footwear,33,Minnesota,M,Orange,Spring,2.9,Yes,Bank Transfer,Express,Yes,Yes,50,Debit Card,Quarterly,33,4.0,3.9318256327243257,15.727302530897303,1.0,1.0,1.0,1.0,0.03882783882783883,0.14908424908424908,3.8367924528301884,3.7808353808353807
3300,45,Female,Shorts,Clothing,32,South Dakota,L,Teal,Spring,4.0,No,Bank Transfer,2-Day Shipping,No,No,18,Venmo,Monthly,32,12.0,2.9444389791664403,35.33326774999728,0.0,0.0,0.0,0.0,0.04212454212454213,0.4564102564102564,3.6730434782608694,3.726725521669342
1394,46,Male,Gloves,Accessories,58,Idaho,L,Yellow,Spring,3.9,No,Bank Transfer,Express,Yes,Yes,14,PayPal,Fortnightly,58,26.0,2.70805020110221,70.40930522865746,0.0,1.0,1.0,1.0,0.03626373626373627,0.310989010989011,3.8666666666666667,3.745465253239105
643,64,Male,Skirt,Clothing,25,Arkansas,L,Red,Spring,2.8,Yes,Credit Card,2-Day Shipping,Yes,Yes,14,Debit Card,Bi-Weekly,25,26.0,2.70805020110221,70.40930522865746,1.0,1.0,1.0,1.0,0.041758241758241756,0.4564102564102564,3.816666666666667,3.726725521669342
1901,65,Male,Jewelry,Accessories,85,Iowa,S,Blue,Summer,3.3,No,Debit Card,Free Shipping,No,No,34,Cash,Quarterly,85,4.0,3.5553480614894135,14.221392245957654,0.0,0.0,0.0,0.0,0.04212454212454213,0.310989010989011,3.744347826086957,3.745465253239105
2465,47,Male,Jacket,Outerwear,84,Hawaii,L,Teal,Winter,2.8,No,Debit Card,Express,No,No,4,Cash,Bi-Weekly,84,26.0,1.6094379124341003,41.845385723286604,0.0,0.0,0.0,0.0,0.04249084249084249,0.08351648351648351,3.752586206896552,3.7504385964912283
2501,59,Male,Gloves,Accessories,84,Massachusetts,M,Violet,Fall,2.9,No,Credit Card,Store Pickup,No,No,32,Cash,Bi-Weekly,84,26.0,3.4965075614664802,90.90919659812849,0.0,0.0,0.0,0.0,0.03626373626373627,0.310989010989011,3.8666666666666667,3.745465253239105
82,67,Male,Shoes,Footwear,96,Virginia,L,Maroon,Summer,2.6,Yes,PayPal,Express,Yes,Yes,36,Credit Card,Every 3 Months,96,4.0,3.6109179126442243,14.443671650576897,1.0,1.0,1.0,1.0,0.036996336996337,0.14908424908424908,3.7099009900990096,3.7808353808353807
3854,61,Female,Sunglasses,Accessories,76,Tennessee,M,Lavender,Fall,4.0,No,Bank Transfer,Store Pickup,No,No,49,Debit Card,Bi-Weekly,76,26.0,3.912023005428146,101.71259814113179,0.0,0.0,0.0,0.0,0.0380952380952381,0.310989010989011,3.7211538461538463,3.745465253239105
821,56,Male,Sneakers,Footwear,39,Louisiana,M,Turquoise,Spring,2.5,Yes,Cash,2-Day Shipping,Yes,Yes,27,Debit Card,Monthly,39,12.0,3.332204510175204,39.986454122102444,1.0,1.0,1.0,1.0,0.03626373626373627,0.14908424908424908,3.749494949494949,3.7808353808353807
433,47,Male,Shirt,Clothing,86,Indiana,S,Indigo,Fall,3.3,Yes,Debit Card,Free Shipping,Yes,Yes,26,Venmo,Weekly,86,52.0,3.295836866004329,171.38351703222511,1.0,1.0,1.0,1.0,0.04322344322344322,0.4564102564102564,3.669491525423729,3.726725521669342
1395,26,Male,Coat,Outerwear,43,Iowa,L,Magenta,Fall,4.7,No,PayPal,Next Day Air,Yes,Yes,39,Cash,Weekly,43,52.0,3.6888794541139363,191.8217316139247,0.0,1.0,1.0,1.0,0.041025641025641026,0.08351648351648351,3.748214285714286,3.7504385964912283
2360,19,Male,Scarf,Accessories,81,Pennsylvania,S,Gold,Spring,3.3,No,Venmo,2-Day Shipping,No,No,44,Bank Transfer,Every 3 Months,81,4.0,3.8066624897703196,15.226649959081278,0.0,0.0,0.0,0.0,0.03772893772893773,0.310989010989011,3.721359223300971,3.745465253239105
2922,20,Female,Handbag,Accessories,24,Wisconsin,M,Cyan,Fall,4.6,No,Venmo,Standard,No,No,11,Cash,Fortnightly,24,26.0,2.4849066497880004,64.60757289448802,0.0,0.0,0.0,0.0,0.03882783882783883,0.310989010989011,3.7216981132075473,3.745465253239105
451,25,Male,Boots,Footwear,21,Connecticut,L,Beige,Summer,2.7,Yes,Venmo,Store Pickup,Yes,Yes,19,Credit Card,Monthly,21,12.0,2.995732273553991,35.94878728264789,1.0,1.0,1.0,1.0,0.036996336996337,0.14908424908424908,3.8237623762376236,3.7808353808353807
3125,57,Female,Jewelry,Accessories,51,California,M,Peach,Summer,3.4,No,Venmo,Standard,No,No,4,Cash,Every 3 Months,51,4.0,1.6094379124341003,6.437751649736401,0.0,0.0,0.0,0.0,0.04212454212454213,0.310989010989011,3.744347826086957,3.745465253239105
1611,20,Male,Socks,Clothing,31,Tennessee,L,Purple,Spring,3.4,No,Credit Card,2-Day Shipping,Yes,Yes,1,PayPal,Annually,31,1.0,0.6931471805599453,0.6931471805599453,0.0,1.0,1.0,1.0,0.03882783882783883,0.4564102564102564,3.7150943396226417,3.726725521669342
3415,27,Female,Boots,Footwear,94,Connecticut,M,Maroon,Spring,4.9,No,Venmo,Next Day Air,No,No,3,Bank Transfer,Quarterly,94,4.0,1.3862943611198906,5.545177444479562,0.0,0.0,0.0,0.0,0.036996336996337,0.14908424908424908,3.8237623762376236,3.7808353808353807
1565,22,Male,Backpack,Accessories,33,California,XL,Turquoise,Summer,4.5,No,Cash,Next Day Air,Yes,Yes,30,Debit Card,Every 3 Months,33,4.0,3.4339872044851463,13.735948817940585,0.0,1.0,1.0,1.0,0.03553113553113553,0.310989010989011,3.693814432989691,3.745465253239105
3340,20,Female,Gloves,Accessories,99,Nebraska,M,Cyan,Fall,3.6,No,Debit Card,Store Pickup,No,No,35,Cash,Fortnightly,99,26.0,3.58351893845611,93.17149239985886,0.0,0.0,0.0,0.0,0.03626373626373627,0.310989010989011,3.8666666666666667,3.745465253239105
722,43,Male,Blouse,Clothing,57,California,L,Silver,Summer,4.4,Yes,Debit Card,Next Day Air,Yes,Yes,41,Debit Card,Every 3 Months,57,4.0,3.7376696182833684,14.950678473133474,1.0,1.0,1.0,1.0,0.047619047619047616,0.4564102564102564,3.733076923076923,3.726725521669342
2155,46,Male,Scarf,Accessories,74,Wyoming,M,Violet,Spring,3.4,No,Debit Card,Store Pickup,No,No,33,Cash,Every 3 Months,74,4.0,3.5263605246161616,14.105442098464646,0.0,0.0,0.0,0.0,0.03772893772893773,0.310989010989011,3.721359223300971,3.745465253239105
1147,48,Male,Sneakers,Footwear,38,Wisconsin,M,Indigo,Summer,4.2,No,Debit Card,Standard,Yes,Yes,7,Bank Transfer,Every 3 Months,38,4.0,2.0794415416798357,8.317766166719343,0.0,1.0,1.0,1.0,0.03626373626373627,0.14908424908424908,3.749494949494949,3.7808353808353807
2937,31,Female,Skirt,Clothing,34,Washington,M,White,Spring,3.6,No,Debit Card,Express,No,No,46,PayPal,Weekly,34,52.0,3.8501476017100584,200.20767528892304,0.0,0.0,0.0,0.0,0.041758241758241756,0.4564102564102564,3.816666666666667,3.726725521669342
1421,22,Male,Jeans,Clothing,53,California,XL,Gray,Summer,4.6,No,Cash,Store Pickup,Yes,Yes,45,PayPal,Every 3 Months,53,4.0,3.828641396489095,15.31456558595638,0.0,1.0,1.0,1.0,0.03406593406593406,0.4564102564102564,3.6,3.726725521669342
3894,21,Female,Hat,Accessories,64,Massachusetts,L,White,Fall,3.3,No,Bank Transfer,Store Pickup,No,No,29,Bank Transfer,Bi-Weekly,64,26.0,3.4011973816621555,88.43113192321604,0.0,0.0,0.0,0.0,0.038461538461538464,0.310989010989011,3.7695238095238097,3.745465253239105
534,57,Male,Sandals,Footwear,60,North Carolina,L,Pink,Spring,4.5,Yes,PayPal,Next Day Air,Yes,Yes,17,Debit Card,Weekly,60,52.0,2.8903717578961645,150.29933141060056,1.0,1.0,1.0,1.0,0.03882783882783883,0.14908424908424908,3.8367924528301884,3.7808353808353807
2779,70,Female,Belt,Accessories,57,Pennsylvania,L,Yellow,Spring,3.2,No,Cash,Standard,No,No,24,Credit Card,Bi-Weekly,57,26.0,3.2188758248682006,83.69077144657321,0.0,0.0,0.0,0.0,0.04395604395604396,0.310989010989011,3.73,3.745465253239105
1409,58,Male,Blouse,Clothing,58,Maine,M,Yellow,Winter,4.1,No,Debit Card,Free Shipping,Yes,Yes,38,Venmo,Weekly,58,52.0,3.6635616461296463,190.5052055987416,0.0,1.0,1.0,1.0,0.047619047619047616,0.4564102564102564,3.733076923076923,3.726725521669342
106,69,Male,Backpack,Accessories,96,New York,M,Charcoal,Fall,3.6,Yes,Bank Transfer,Next Day Air,Yes,Yes,4,Bank Transfer,Annually,96,1.0,1.6094379124341003,1.6094379124341003,1.0,1.0,1.0,1.0,0.03553113553113553,0.310989010989011,3.693814432989691,3.745465253239105
2315,42,Male,Handbag,Accessories,95,Virginia,XL,Brown,Winter,4.4,No,Venmo,Express,No,No,12,Bank Transfer,Every 3 Months,95,4.0,2.5649493574615367,10.259797429846147,0.0,0.0,0.0,0.0,0.03882783882783883,0.310989010989011,3.7216981132075473,3.745465253239105
1372,40,Male,Pants,Clothing,64,Mississippi,M,Charcoal,Spring,2.8,No,PayPal,Store Pickup,Yes,Yes,42,Credit Card,Monthly,64,12.0,3.7612001156935624,45.13440138832275,0.0,1.0,1.0,1.0,0.04652014652014652,0.4564102564102564,3.729133858267717,3.726725521669342
3263,42,Female,T-shirt,Clothing,35,Indiana,M,Violet,Spring,2.7,No,Cash,Standard,No,No,21,Cash,Every 3 Months,35,4.0,3.091042453358316,12.364169813433264,0.0,0.0,0.0,0.0,0.034432234432234435,0.4564102564102564,3.8138297872340425,3.726725521669342
3760,44,Female,Sneakers,Footwear,61,Missouri,M,Pink,Spring,3.5,No,Credit Card,Store Pickup,No,No,30,Venmo,Quarterly,61,4.0,3.4339872044851463,13.735948817940585,0.0,0.0,0.0,0.0,0.03626373626373627,0.14908424908424908,3.749494949494949,3.7808353808353807
979,56,Male,Gloves,Accessories,40,Colorado,M,Turquoise,Summer,2.5,Yes,Cash,Standard,Yes,Yes,33,Credit Card,Weekly,40,52.0,3.5263605246161616,183.3707472800404,1.0,1.0,1.0,1.0,0.03626373626373627,0.310989010989011,3.8666666666666667,3.745465253239105
3747,53,Female,Coat,Outerwear,99,Idaho,XL,Cyan,Summer,2.6,No,Debit Card,Next Day Air,No,No,49,PayPal,Monthly,99,12.0,3.912023005428146,46.94427606513775,0.0,0.0,0.0,0.0,0.041025641025641026,0.08351648351648351,3.748214285714286,3.7504385964912283
2088,54,Male,Hat,Accessories,91,Wisconsin,M,Blue,Summer,4.7,No,Credit Card,Standard,No,No,1,Credit Card,Weekly,91,52.0,0.6931471805599453,36.04365338911715,0.0,0.0,0.0,0.0,0.038461538461538464,0.310989010989011,3.7695238095238097,3.745465253239105
340,40,Male,Shorts,Clothing,33,Pennsylvania,M,Teal,Spring,3.8,Yes,Credit Card,2-Day Shipping,Yes,Yes,21,Credit Card,Every 3 Months,33,4.0,3.091042453358316,12.364169813433264,1.0,1.0,1.0,1.0,0.04212454212454213,0.4564102564102564,3.6730434782608694,3.726725521669342
962,62,Male,Boots,Footwear,72,Pennsylvania,L,Olive,Fall,3.7,Yes,Venmo,Next Day Air,Yes,Yes,37,Debit Card,Quarterly,72,4.0,3.6375861597263857,14.550344638905543,1.0,1.0,1.0,1.0,0.036996336996337,0.14908424908424908,3.8237623762376236,3.7808353808353807
3261,39,Female,Scarf,Accessories,36,Wisconsin,M,Violet,Summer,4.5,No,Bank Transfer,2-Day Shipping,No,No,7,Credit Card,Annually,36,1.0,2.0794415416798357,2.0794415416798357,0.0,0.0,0.0,0.0,0.03772893772893773,0.310989010989011,3.721359223300971,3.745465253239105
3476,48,Female,Sneakers,Footwear,88,South Carolina,M,Orange,Spring,4.4,No,Debit Card,Express,No,No,9,Cash,Quarterly,88,4.0,2.302585092994046,9.210340371976184,0.0,0.0,0.0,0.0,0.03626373626373627,0.14908424908424908,3.749494949494949,3.7808353808353807
526,51,Male,Coat,Outerwear,37,Iowa,M,Cyan,Spring,3.2,Yes,Credit Card,Next Day Air,Yes,Yes,41,Debit Card,Monthly,37,12.0,3.7376696182833684,44.85203541940042,1.0,1.0,1.0,1.0,0.041025641025641026,0.08351648351648351,3.748214285714286,3.7504385964912283
2238,45,Male,Sandals,Footwear,34,Alabama,S,Black,Summer,3.8,No,Bank Transfer,Next Day Air,No,No,31,Venmo,Every 3 Months,34,4.0,3.4657359027997265,13.862943611198906,0.0,0.0,0.0,0.0,0.03882783882783883,0.14908424908424908,3.8367924528301884,3.7808353808353807
3160,62,Female,Hat,Accessories,89,Louisiana,L,Pink,Winter,2.9,No,PayPal,Store Pickup,No,No,4,Bank Transfer,Quarterly,89,4.0,1.6094379124341003,6.437751649736401,0.0,0.0,0.0,0.0,0.038461538461538464,0.310989010989011,3.7695238095238097,3.745465253239105
733,34,Male,Shirt,Clothing,57,New Hampshire,L,Blue,Spring,2.8,Yes,Cash,Express,Yes,Yes,28,Cash,Bi-Weekly,57,26.0,3.367295829986474,87.54969157964833,1.0,1.0,1.0,1.0,0.04322344322344322,0.4564102564102564,3.669491525423729,3.726725521669342
1508,66,Male,Dress,Clothing,86,Pennsylvania,S,Maroon,Winter,3.7,No,Bank Transfer,2-Day Shipping,Yes,Yes,7,Venmo,Annually,86,1.0,2.0794415416798357,2.0794415416798357,0.0,1.0,1.0,1.0,0.044322344322344324,0.4564102564102564,3.7479338842975207,3.726725521669342
6,46,Male,Sneakers,Footwear,20,Wyoming,M,White,Summer,2.9,Yes,Venmo,Standard,Yes,Yes,14,Venmo,Weekly,20,52.0,2.70805020110221,140.81861045731492,1.0,1.0,1.0,1.0,0.03626373626373627,0.14908424908424908,3.749494949494949,3.7808353808353807
1622,68,Male,Scarf,Accessories,46,Ohio,L,Gray,Summer,3.9,No,Venmo,2-Day Shipping,Yes,Yes,38,Debit Card,Fortnightly,46,26.0,3.6635616461296463,95.2526027993708,0.0,1.0,1.0,1.0,0.03772893772893773,0.310989010989011,3.721359223300971,3.745465253239105
3505,65,Female,Handbag,Accessories,41,Hawaii,S,Violet,Fall,4.0,No,Bank Transfer,Next Day Air,No,No,50,Venmo,Monthly,41,12.0,3.9318256327243257,47.18190759269191,0.0,0.0,0.0,0.0,0.03882783882783883,0.310989010989011,3.7216981132075473,3.745465253239105
443,29,Male,Sunglasses,Accessories,69,Michigan,M,Olive,Fall,3.5,Yes,Bank Transfer,Store Pickup,Yes,Yes,31,Credit Card,Quarterly,69,4.0,3.4657359027997265,13.862943611198906,1.0,1.0,1.0,1.0,0.0380952380952381,0.310989010989011,3.7211538461538463,3.745465253239105
1354,39,Male,Pants,Clothing,83,Oregon,M,Teal,Winter,4.1,No,Bank Transfer,Next Day Air,Yes,Yes,4,Cash,Every 3 Months,83,4.0,1.6094379124341003,6.437751649736401,0.0,1.0,1.0,1.0,0.04652014652014652,0.4564102564102564,3.729133858267717,3.726725521669342
862,46,Male,Skirt,Clothing,100,Virginia,XL,Green,Spring,3.3,Yes,PayPal,2-Day Shipping,Yes,Yes,35,Credit Card,Every 3 Months,100,4.0,3.58351893845611,14.33407575382444,1.0,1.0,1.0,1.0,0.041758241758241756,0.4564102564102564,3.816666666666667,3.726725521669342
1410,34,Male,Backpack,Accessories,50,Idaho,M,Blue,Spring,4.2,No,Credit Card,Standard,Yes,Yes,41,Cash,Fortnightly,50,26.0,3.7376696182833684,97.17941007536758,0.0,1.0,1.0,1.0,0.03553113553113553,0.310989010989011,3.693814432989691,3.745465253239105
1357,49,Male,Jacket,Outerwear,61,Indiana,M,Cyan,Spring,4.0,No,Debit Card,Free Shipping,Yes,Yes,34,Bank Transfer,Annually,61,1.0,3.5553480614894135,3.5553480614894135,0.0,1.0,1.0,1.0,0.04249084249084249,0.08351648351648351,3.752586206896552,3.7504385964912283
1384,36,Male,Scarf,Accessories,58,Wisconsin,M,Beige,Spring,3.3,No,Bank Transfer,Express,Yes,Yes,4,Venmo,Monthly,58,12.0,1.6094379124341003,19.313254949209202,0.0,1.0,1.0,1.0,0.03772893772893773,0.310989010989011,3.721359223300971,3.745465253239105
3663,69,Female,Shorts,Clothing,80,Rhode Island,M,Indigo,Spring,4.9,No,Venmo,Next Day Air,No,No,11,Debit Card,Weekly,80,52.0,2.4849066497880004,129.21514578897603,0.0,0.0,0.0,0.0,0.04212454212454213,0.4564102564102564,3.6730434782608694,3.726725521669342
1529,69,Male,T-shirt,Clothing,75,Oregon,S,Red,Spring,4.0,No,Credit Card,Store Pickup,Yes,Yes,47,Venmo,Bi-Weekly,75,26.0,3.871201010907891,100.65122628360517,0.0,1.0,1.0,1.0,0.034432234432234435,0.4564102564102564,3.8138297872340425,3.726725521669342
1325,39,Male,Jewelry,Accessories,77,Indiana,S,Orange,Summer,3.8,No,Credit Card,Free Shipping,Yes,Yes,11,Credit Card,Fortnightly,77,26.0,2.4849066497880004,64.60757289448802,0.0,1.0,1.0,1.0,0.04212454212454213,0.310989010989011,3.744347826086957,3.745465253239105
3448,62,Female,Sandals,Footwear,58,Arkansas,M,Blue,Fall,4.3,No,Debit Card,Express,No,No,3,Bank Transfer,Bi-Weekly,58,26.0,1.3862943611198906,36.04365338911715,0.0,0.0,0.0,0.0,0.03882783882783883,0.14908424908424908,3.8367924528301884,3.7808353808353807
2927,64,Female,Handbag,Accessories,82,Maryland,M,Gray,Winter,4.8,No,Debit Card,2-Day Shipping,No,No,9,Cash,Weekly,82,52.0,2.302585092994046,119.73442483569039,0.0,0.0,0.0,0.0,0.03882783882783883,0.310989010989011,3.7216981132075473,3.745465253239105
3187,38,Female,Jewelry,Accessories,93,Virginia,S,Cyan,Winter,4.8,No,PayPal,Store Pickup,No,No,43,Venmo,Annually,93,1.0,3.784189633918261,3.784189633918261,0.0,0.0,0.0,0.0,0.04212454212454213,0.310989010989011,3.744347826086957,3.745465253239105
1195,50,Male,Hoodie,Clothing,46,New York,S,Teal,Winter,3.1,No,Debit Card,2-Day Shipping,Yes,Yes,6,Credit Card,Fortnightly,46,26.0,1.9459101490553132,50.593663875438146,0.0,1.0,1.0,1.0,0.03882783882783883,0.4564102564102564,3.776415094339623,3.726725521669342
852,35,Male,Sandals,Footwear,86,Massachusetts,M,Red,Summer,2.9,Yes,Credit Card,Express,Yes,Yes,19,Debit Card,Monthly,86,12.0,2.995732273553991,35.94878728264789,1.0,1.0,1.0,1.0,0.03882783882783883,0.14908424908424908,3.8367924528301884,3.7808353808353807
3196,68,Female,Sunglasses,Accessories,58,Missouri,S,Red,Spring,4.9,No,Debit Card,Next Day Air,No,No,36,Credit Card,Quarterly,58,4.0,3.6109179126442243,14.443671650576897,0.0,0.0,0.0,0.0,0.0380952380952381,0.310989010989011,3.7211538461538463,3.745465253239105
302,46,Male,Skirt,Clothing,95,Pennsylvania,M,Green,Spring,3.8,Yes,Debit Card,Standard,Yes,Yes,25,Credit Card,Every 3 Months,95,4.0,3.258096538021482,13.032386152085929,1.0,1.0,1.0,1.0,0.041758241758241756,0.4564102564102564,3.816666666666667,3.726725521669342
3688,34,Female,Shirt,Clothing,44,Arkansas,L,Lavender,Summer,2.9,No,PayPal,Next Day Air,No,No,28,Bank Transfer,Every 3 Months,44,4.0,3.367295829986474,13.469183319945897,0.0,0.0,0.0,0.0,0.04322344322344322,0.4564102564102564,3.669491525423729,3.726725521669342
1627,32,Male,Sneakers,Footwear,35,Nevada,L,Orange,Summer,2.6,No,Bank Transfer,Next Day Air,Yes,Yes,45,Credit Card,Bi-Weekly,35,26.0,3.828641396489095,99.54467630871648,0.0,1.0,1.0,1.0,0.03626373626373627,0.14908424908424908,3.749494949494949,3.7808353808353807
1736,58,Male,Dress,Clothing,34,Texas,M,Purple,Winter,3.6,No,Debit Card,Express,No,No,31,Venmo,Annually,34,1.0,3.4657359027997265,3.4657359027997265,0.0,0.0,0.0,0.0,0.044322344322344324,0.4564102564102564,3.7479338842975207,3.726725521669342
1811,41,Male,Jeans,Clothing,28,Maryland,M,Magenta,Fall,2.7,No,Credit Card,Standard,No,No,16,Cash,Bi-Weekly,28,26.0,2.833213344056216,73.66354694546162,0.0,0.0,0.0,0.0,0.03406593406593406,0.4564102564102564,3.6,3.726725521669342
2036,53,Male,T-shirt,Clothing,70,Oklahoma,S,Yellow,Summer,4.1,No,Venmo,Express,No,No,43,Bank Transfer,Weekly,70,52.0,3.784189633918261,196.77786096374956,0.0,0.0,0.0,0.0,0.034432234432234435,0.4564102564102564,3.8138297872340425,3.726725521669342
64,33,Male,Sunglasses,Accessories,79,Arizona,L,Lavender,Winter,2.7,Yes,Credit Card,2-Day Shipping,Yes,Yes,43,Credit Card,Weekly,79,52.0,3.784189633918261,196.77786096374956,1.0,1.0,1.0,1.0,0.0380952380952381,0.310989010989011,3.7211538461538463,3.745465253239105
1533,68,Male,Jacket,Outerwear,46,Wisconsin,S,Silver,Winter,4.4,No,PayPal,Next Day Air,Yes,Yes,5,PayPal,Every 3 Months,46,4.0,1.791759469228055,7.16703787691222,0.0,1.0,1.0,1.0,0.04249084249084249,0.08351648351648351,3.752586206896552,3.7504385964912283
719,22,Male,Shirt,Clothing,22,Florida,M,Peach,Summer,4.6,Yes,Bank Transfer,Standard,Yes,Yes,25,Bank Transfer,Annually,22,1.0,3.258096538021482,3.258096538021482,1.0,1.0,1.0,1.0,0.04322344322344322,0.4564102564102564,3.669491525423729,3.726725521669342
1624,64,Male,Backpack,Accessories,58,Indiana,M,Cyan,Summer,3.5,No,Venmo,Next Day Air,Yes,Yes,50,Debit Card,Annually,58,1.0,3.9318256327243257,3.9318256327243257,0.0,1.0,1.0,1.0,0.03553113553113553,0.310989010989011,3.693814432989691,3.745465253239105
1246,42,Male,Dress,Clothing,31,New York,M,Violet,Fall,3.4,No,Bank Transfer,Standard,Yes,Yes,30,Bank Transfer,Weekly,31,52.0,3.4339872044851463,178.5673346332276,0.0,1.0,1.0,1.0,0.044322344322344324,0.4564102564102564,3.7479338842975207,3.726725521669342
999,51,Male,Shoes,Footwear,90,Connecticut,M,White,Spring,3.8,Yes,Venmo,Next Day Air,Yes,Yes,48,Bank Transfer,Bi-Weekly,90,26.0,3.8918202981106265,101.18732775087629,1.0,1.0,1.0,1.0,0.036996336996337,0.14908424908424908,3.7099009900990096,3.7808353808353807
1993,33,Male,Hoodie,Clothing,98,New Jersey,L,Gold,Winter,4.9,No,PayPal,2-Day Shipping,No,No,28,Venmo,Monthly,98,12.0,3.367295829986474,40.40754995983769,0.0,0.0,0.0,0.0,0.03882783882783883,0.4564102564102564,3.776415094339623,3.726725521669342
2703,70,Female,Shoes,Footwear,37,Texas,L,Gray,Fall,4.0,No,PayPal,Next Day Air,No,No,39,Debit Card,Fortnightly,37,26.0,3.6888794541139363,95.91086580696235,0.0,0.0,0.0,0.0,0.036996336996337,0.14908424908424908,3.7099009900990096,3.7808353808353807
3184,50,Female,Sneakers,Footwear,56,Mississippi,M,Green,Winter,3.5,No,Debit Card,Standard,No,No,14,Cash,Every 3 Months,56,4.0,2.70805020110221,10.83220080440884,0.0,0.0,0.0,0.0,0.03626373626373627,0.14908424908424908,3.749494949494949,3.7808353808353807
1500,19,Male,Boots,Footwear,85,Georgia,S,Olive,Fall,3.4,No,Cash,Free Shipping,Yes,Yes,24,Credit Card,Every 3 Months,85,4.0,3.2188758248682006,12.875503299472802,0.0,1.0,1.0,1.0,0.036996336996337,0.14908424908424908,3.8237623762376236,3.7808353808353807
1509,35,Male,Blouse,Clothing,84,Colorado,L,Beige,Spring,4.4,No,Credit Card,Store Pickup,Yes,Yes,3,Cash,Every 3 Months,84,4.0,1.3862943611198906,5.545177444479562,0.0,1.0,1.0,1.0,0.047619047619047616,0.4564102564102564,3.733076923076923,3.726725521669342
2378,44,Male,Blouse,Clothing,94,South Dakota,L,Magenta,Fall,4.0,No,Venmo,Next Day Air,No,No,22,Cash,Annually,94,1.0,3.1354942159291497,3.1354942159291497,0.0,0.0,0.0,0.0,0.047619047619047616,0.4564102564102564,3.733076923076923,3.726725521669342
280,23,Male,Sneakers,Footwear,69,Arkansas,L,Turquoise,Summer,4.0,Yes,Credit Card,Standard,Yes,Yes,37,Bank Transfer,Monthly,69,12.0,3.6375861597263857,43.65103391671663,1.0,1.0,1.0,1.0,0.03626373626373627,0.14908424908424908,3.749494949494949,3.7808353808353807
278,29,Male,Shirt,Clothing,29,Georgia,M,Green,Winter,3.0,Yes,Credit Card,Store Pickup,Yes,Yes,36,Bank Transfer,Bi-Weekly,29,26.0,3.6109179126442243,93.88386572874984,1.0,1.0,1.0,1.0,0.04322344322344322,0.4564102564102564,3.669491525423729,3.726725521669342
2968,34,Female,Sneakers,Footwear,36,Indiana,L,Silver,Summer,3.4,No,Cash,Free Shipping,No,No,40,Venmo,Annually,36,1.0,3.713572066704308,3.713572066704308,0.0,0.0,0.0,0.0,0.03626373626373627,0.14908424908424908,3.749494949494949,3.7808353808353807
350,37,Male,Hat,Accessories,87,Arizona,M,Green,Winter,3.7,Yes,Cash,2-Day Shipping,Yes,Yes,3,Bank Transfer,Bi-Weekly,87,26.0,1.3862943611198906,36.04365338911715,1.0,1.0,1.0,1.0,0.038461538461538464,0.310989010989011,3.7695238095238097,3.745465253239105
2016,57,Male,Belt,Accessories,82,Virginia,S,Pink,Summer,4.5,No,Debit Card,Next Day Air,No,No,8,Credit Card,Fortnightly,82,26.0,2.1972245773362196,57.12783901074171,0.0,0.0,0.0,0.0,0.04395604395604396,0.310989010989011,3.73,3.745465253239105
3857,39,Female,Sandals,Footwear,78,Virginia,S,Brown,Summer,2.5,No,PayPal,Free Shipping,No,No,8,Debit Card,Quarterly,78,4.0,2.1972245773362196,8.788898309344878,0.0,0.0,0.0,0.0,0.03882783882783883,0.14908424908424908,3.8367924528301884,3.7808353808353807
1212,23,Male,Hoodie,Clothing,94,Oklahoma,M,Green,Spring,4.6,No,Venmo,Store Pickup,Yes,Yes,14,Venmo,Every 3 Months,94,4.0,2.70805020110221,10.83220080440884,0.0,1.0,1.0,1.0,0.03882783882783883,0.4564102564102564,3.776415094339623,3.726725521669342
66,65,Male,Backpack,Accessories,36,New Jersey,M,Purple,Spring,4.8,Yes,Credit Card,2-Day Shipping,Yes,Yes,44,Venmo,Every 3 Months,36,4.0,3.8066624897703196,15.226649959081278,1.0,1.0,1.0,1.0,0.03553113553113553,0.310989010989011,3.693814432989691,3.745465253239105
50,68,Male,Hoodie,Clothing,30,New Jersey,S,Indigo,Spring,4.6,Yes,Bank Transfer,Next Day Air,Yes,Yes,34,Debit Card,Bi-Weekly,30,26.0,3.5553480614894135,92.43904959872475,1.0,1.0,1.0,1.0,0.03882783882783883,0.4564102564102564,3.776415094339623,3.726725521669342
3684,30,Female,Socks,Clothing,77,Mississippi,M,Purple,Winter,3.0,No,Bank Transfer,Free Shipping,No,No,17,Venmo,Fortnightly,77,26.0,2.8903717578961645,75.14966570530028,0.0,0.0,0.0,0.0,0.03882783882783883,0.4564102564102564,3.7150943396226417,3.726725521669342
3656,20,Female,Sweater,Clothing,27,Wyoming,M,Yellow,Fall,2.9,No,Venmo,Next Day Air,No,No,4,Credit Card,Bi-Weekly,27,26.0,1.6094379124341003,41.845385723286604,0.0,0.0,0.0,0.0,0.04468864468864469,0.4564102564102564,3.7147540983606557,3.726725521669342
3142,36,Female,Sunglasses,Accessories,30,Mississippi,S,Peach,Winter,4.9,No,Venmo,Express,No,No,47,Credit Card,Bi-Weekly,30,26.0,3.871201010907891,100.65122628360517,0.0,0.0,0.0,0.0,0.0380952380952381,0.310989010989011,3.7211538461538463,3.745465253239105
411,29,Male,Sweater,Clothing,26,Virginia,L,Lavender,Spring,4.8,Yes,Debit Card,2-Day Shipping,Yes,Yes,1,Credit Card,Quarterly,26,4.0,0.6931471805599453,2.772588722239781,1.0,1.0,1.0,1.0,0.04468864468864469,0.4564102564102564,3.7147540983606557,3.726725521669342
690,19,Male,Hoodie,Clothing,91,Pennsylvania,M,Orange,Summer,4.7,Yes,Cash,Express,Yes,Yes,35,Credit Card,Every 3 Months,91,4.0,3.58351893845611,14.33407575382444,1.0,1.0,1.0,1.0,0.03882783882783883,0.4564102564102564,3.776415094339623,3.726725521669342
1662,64,Male,Gloves,Accessories,86,Iowa,S,Beige,Summer,2.7,No,Credit Card,2-Day Shipping,Yes,Yes,21,Debit Card,Quarterly,86,4.0,3.091042453358316,12.364169813433264,0.0,1.0,1.0,1.0,0.03626373626373627,0.310989010989011,3.8666666666666667,3.745465253239105
2226,38,Male,Belt,Accessories,64,Washington,S,Olive,Spring,4.8,No,Credit Card,Free Shipping,No,No,18,Credit Card,Annually,64,1.0,2.9444389791664403,2.9444389791664403,0.0,0.0,0.0,0.0,0.04395604395604396,0.310989010989011,3.73,3.745465253239105
3809,33,Female,Socks,Clothing,28,Washington,M,Pink,Winter,4.7,No,Venmo,Express,No,No,6,Debit Card,Bi-Weekly,28,26.0,1.9459101490553132,50.593663875438146,0.0,0.0,0.0,0.0,0.03882783882783883,0.4564102564102564,3.7150943396226417,3.726725521669342
535,65,Male,Gloves,Accessories,72,Florida,L,Pink,Fall,4.5,Yes,Bank Transfer,Next Day Air,Yes,Yes,4,PayPal,Quarterly,72,4.0,1.6094379124341003,6.437751649736401,1.0,1.0,1.0,1.0,0.03626373626373627,0.310989010989011,3.8666666666666667,3.745465253239105
2166,29,Male,Pants,Clothing,55,Idaho,M,Turquoise,Summer,4.2,No,Bank Transfer,Express,No,No,42,Credit Card,Every 3 Months,55,4.0,3.7612001156935624,15.04480046277425,0.0,0.0,0.0,0.0,0.04652014652014652,0.4564102564102564,3.729133858267717,3.726725521669342
3659,28,Female,T-shirt,Clothing,72,Mississippi,M,Magenta,Fall,4.6,No,Cash,Standard,No,No,18,PayPal,Fortnightly,72,26.0,2.9444389791664403,76.55541345832745,0.0,0.0,0.0,0.0,0.034432234432234435,0.4564102564102564,3.8138297872340425,3.726725521669342
2421,41,Male,Jacket,Outerwear,87,North Carolina,S,Green,Winter,4.2,No,PayPal,Free Shipping,No,No,28,PayPal,Annually,87,1.0,3.367295829986474,3.367295829986474,0.0,0.0,0.0,0.0,0.04249084249084249,0.08351648351648351,3.752586206896552,3.7504385964912283
3083,56,Female,T-shirt,Clothing,99,Utah,M,Maroon,Spring,4.0,No,Venmo,Next Day Air,No,No,20,Bank Transfer,Annually,99,1.0,3.044522437723423,3.044522437723423,0.0,0.0,0.0,0.0,0.034432234432234435,0.4564102564102564,3.8138297872340425,3.726725521669342
2677,43,Female,Backpack,Accessories,77,Kentucky,M,Maroon,Spring,3.6,No,Venmo,Free Shipping,No,No,3,Cash,Fortnightly,77,26.0,1.3862943611198906,36.04365338911715,0.0,0.0,0.0,0.0,0.03553113553113553,0.310989010989011,3.693814432989691,3.745465253239105
2870,57,Female,Socks,Clothing,58,Georgia,M,White,Summer,4.2,No,Cash,Standard,No,No,16,Bank Transfer,Weekly,58,52.0,2.833213344056216,147.32709389092324,0.0,0.0,0.0,0.0,0.03882783882783883,0.4564102564102564,3.7150943396226417,3.726725521669342
670,43,Male,Jacket,Outerwear,89,Illinois,M,Gray,Spring,3.3,Yes,PayPal,Free Shipping,Yes,Yes,45,Venmo,Bi-Weekly,89,26.0,3.828641396489095,99.54467630871648,1.0,1.0,1.0,1.0,0.04249084249084249,0.08351648351648351,3.752586206896552,3.7504385964912283
2112,41,Male,Sunglasses,Accessories,85,Missouri,XL,Pink,Spring,2.6,No,Credit Card,Free Shipping,No,No,15,Bank Transfer,Annually,85,1.0,2.772588722239781,2.772588722239781,0.0,0.0,0.0,0.0,0.0380952380952381,0.310989010989011,3.7211538461538463,3.745465253239105
736,61,Male,Sunglasses,Accessories,48,Montana,M,Orange,Fall,3.6,Yes,Venmo,2-Day Shipping,Yes,Yes,48,Cash,Bi-Weekly,48,26.0,3.8918202981106265,101.18732775087629,1.0,1.0,1.0,1.0,0.0380952380952381,0.310989010989011,3.7211538461538463,3.745465253239105
3000,31,Female,Sunglasses,Accessories,48,New Hampshire,S,Charcoal,Winter,3.8,No,Bank Transfer,Standard,No,No,10,Cash,Monthly,48,12.0,2.3978952727983707,28.774743273580448,0.0,0.0,0.0,0.0,0.0380952380952381,0.310989010989011,3.7211538461538463,3.745465253239105
1525,22,Male,Socks,Clothing,76,Massachusetts,L,Pink,Summer,4.4,No,Debit Card,Free Shipping,Yes,Yes,6,Cash,Bi-Weekly,76,26.0,1.9459101490553132,50.593663875438146,0.0,1.0,1.0,1.0,0.03882783882783883,0.4564102564102564,3.7150943396226417,3.726725521669342
3074,58,Female,Shirt,Clothing,63,Oregon,L,White,Winter,3.6,No,PayPal,Free Shipping,No,No,7,Debit Card,Bi-Weekly,63,26.0,2.0794415416798357,54.06548008367573,0.0,0.0,0.0,0.0,0.04322344322344322,0.4564102564102564,3.669491525423729,3.726725521669342
43,20,Male,Coat,Outerwear,100,Tennessee,M,Beige,Spring,4.1,Yes,Bank Transfer,Free Shipping,Yes,Yes,15,PayPal,Annually,100,1.0,2.772588722239781,2.772588722239781,1.0,1.0,1.0,1.0,0.041025641025641026,0.08351648351648351,3.748214285714286,3.7504385964912283
1659,32,Male,Jewelry,Accessories,66,Alaska,S,Pink,Spring,4.1,No,Debit Card,Store Pickup,Yes,Yes,47,Cash,Weekly,66,52.0,3.871201010907891,201.30245256721034,0.0,1.0,1.0,1.0,0.04212454212454213,0.310989010989011,3.744347826086957,3.745465253239105
3602,34,Female,T-shirt,Clothing,47,North Carolina,M,Indigo,Summer,3.0,No,Debit Card,Next Day Air,No,No,3,PayPal,Monthly,47,12.0,1.3862943611198906,16.635532333438686,0.0,0.0,0.0,0.0,0.034432234432234435,0.4564102564102564,3.8138297872340425,3.726725521669342
168,33,Male,Gloves,Accessories,27,Arkansas,M,Green,Fall,4.0,Yes,Venmo,Express,Yes,Yes,14,Credit Card,Every 3 Months,27,4.0,2.70805020110221,10.83220080440884,1.0,1.0,1.0,1.0,0.03626373626373627,0.310989010989011,3.8666666666666667,3.745465253239105
2858,44,Female,Dress,Clothing,93,Utah,S,Maroon,Spring,3.8,No,Venmo,Next Day Air,No,No,35,Debit Card,Monthly,93,12.0,3.58351893845611,43.00222726147332,0.0,0.0,0.0,0.0,0.044322344322344324,0.4564102564102564,3.7479338842975207,3.726725521669342
3149,37,Female,Shorts,Clothing,35,West Virginia,L,Purple,Fall,4.3,No,Credit Card,Free Shipping,No,No,15,Venmo,Weekly,35,52.0,2.772588722239781,144.1746135564686,0.0,0.0,0.0,0.0,0.04212454212454213,0.4564102564102564,3.6730434782608694,3.726725521669342
2362,44,Male,Scarf,Accessories,64,Alabama,M,Gray,Spring,4.3,No,Cash,2-Day Shipping,No,No,30,Credit Card,Every 3 Months,64,4.0,3.4339872044851463,13.735948817940585,0.0,0.0,0.0,0.0,0.03772893772893773,0.310989010989011,3.721359223300971,3.745465253239105
2345,34,Male,Sandals,Footwear,92,Rhode Island,XL,Lavender,Fall,3.5,No,Credit Card,Express,No,No,14,Venmo,Bi-Weekly,92,26.0,2.70805020110221,70.40930522865746,0.0,0.0,0.0,0.0,0.03882783882783883,0.14908424908424908,3.8367924528301884,3.7808353808353807
1527,41,Male,Jacket,Outerwear,22,Oklahoma,L,White,Summer,3.1,No,PayPal,Next Day Air,Yes,Yes,27,PayPal,Monthly,22,12.0,3.332204510175204,39.986454122102444,0.0,1.0,1.0,1.0,0.04249084249084249,0.08351648351648351,3.752586206896552,3.7504385964912283
491,57,Male,Sneakers,Footwear,42,Colorado,M,Silver,Winter,4.2,Yes,PayPal,2-Day Shipping,Yes,Yes,47,Cash,Monthly,42,12.0,3.871201010907891,46.454412130894696,1.0,1.0,1.0,1.0,0.03626373626373627,0.14908424908424908,3.749494949494949,3.7808353808353807
3793,43,Female,Scarf,Accessories,58,Massachusetts,S,Turquoise,Summer,2.6,No,Credit Card,Express,No,No,2,PayPal,Fortnightly,58,26.0,1.0986122886681098,28.563919505370855,0.0,0.0,0.0,0.0,0.03772893772893773,0.310989010989011,3.721359223300971,3.745465253239105
2592,40,Male,Jacket,Outerwear,61,New Mexico,S,Olive,Spring,3.3,No,Debit Card,Express,No,No,40,Cash,Quarterly,61,4.0,3.713572066704308,14.854288266817232,0.0,0.0,0.0,0.0,0.04249084249084249,0.08351648351648351,3.752586206896552,3.7504385964912283
642,47,Male,Blouse,Clothing,78,Alaska,M,Red,Winter,3.9,Yes,Venmo,2-Day Shipping,Yes,Yes,23,Credit Card,Every 3 Months,78,4.0,3.1780538303479458,12.712215321391783,1.0,1.0,1.0,1.0,0.047619047619047616,0.4564102564102564,3.733076923076923,3.726725521669342
291,58,Male,T-shirt,Clothing,33,Colorado,M,Indigo,Winter,3.7,Yes,Bank Transfer,Standard,Yes,Yes,50,PayPal,Weekly,33,52.0,3.9318256327243257,204.45493290166493,1.0,1.0,1.0,1.0,0.034432234432234435,0.4564102564102564,3.8138297872340425,3.726725521669342
2666,70,Female,T-shirt,Clothing,71,Louisiana,L,Red,Winter,3.5,No,Venmo,Store Pickup,No,No,4,Venmo,Weekly,71,52.0,1.6094379124341003,83.69077144657321,0.0,0.0,0.0,0.0,0.034432234432234435,0.4564102564102564,3.8138297872340425,3.726725521669342
3363,50,Female,Handbag,Accessories,61,Tennessee,M,Gray,Summer,3.0,No,Credit Card,Next Day Air,No,No,48,Venmo,Fortnightly,61,26.0,3.8918202981106265,101.18732775087629,0.0,0.0,0.0,0.0,0.03882783882783883,0.310989010989011,3.7216981132075473,3.745465253239105
1988,69,Male,Belt,Accessories,23,Vermont,XL,White,Summer,3.4,No,Debit Card,Express,No,No,4,Cash,Quarterly,23,4.0,1.6094379124341003,6.437751649736401,0.0,0.0,0.0,0.0,0.04395604395604396,0.310989010989011,3.73,3.745465253239105
2828,20,Female,Blouse,Clothing,96,Wisconsin,M,Magenta,Fall,3.1,No,Credit Card,Next Day Air,No,No,11,Bank Transfer,Bi-Weekly,96,26.0,2.4849066497880004,64.60757289448802,0.0,0.0,0.0,0.0,0.047619047619047616,0.4564102564102564,3.733076923076923,3.726725521669342
2959,55,Female,Skirt,Clothing,100,Ohio,M,Black,Summer,4.5,No,Venmo,Standard,No,No,28,PayPal,Monthly,100,12.0,3.367295829986474,40.40754995983769,0.0,0.0,0.0,0.0,0.041758241758241756,0.4564102564102564,3.816666666666667,3.726725521669342
2261,38,Male,Scarf,Accessories,82,Missouri,M,Blue,Fall,4.9,No,Venmo,Express,No,No,16,PayPal,Quarterly,82,4.0,2.833213344056216,11.332853376224865,0.0,0.0,0.0,0.0,0.03772893772893773,0.310989010989011,3.721359223300971,3.745465253239105
3028,52,Female,Hoodie,Clothing,26,West Virginia,XL,Peach,Winter,2.8,No,Bank Transfer,2-Day Shipping,No,No,47,Credit Card,Quarterly,26,4.0,3.871201010907891,15.484804043631565,0.0,0.0,0.0,0.0,0.03882783882783883,0.4564102564102564,3.776415094339623,3.726725521669342
556,63,Male,Gloves,Accessories,57,Maine,M,White,Fall,4.8,Yes,Bank Transfer,Express,Yes,Yes,37,Venmo,Annually,57,1.0,3.6375861597263857,3.6375861597263857,1.0,1.0,1.0,1.0,0.03626373626373627,0.310989010989011,3.8666666666666667,3.745465253239105
1059,29,Male,Scarf,Accessories,33,New Mexico,L,Violet,Summer,3.1,No,Credit Card,Next Day Air,Yes,Yes,49,Bank Transfer,Every 3 Months,33,4.0,3.912023005428146,15.648092021712584,0.0,1.0,1.0,1.0,0.03772893772893773,0.310989010989011,3.721359223300971,3.745465253239105
2721,55,Female,Scarf,Accessories,52,Maryland,M,Peach,Spring,2.8,No,Debit Card,Store Pickup,No,No,45,Bank Transfer,Quarterly,52,4.0,3.828641396489095,15.31456558595638,0.0,0.0,0.0,0.0,0.03772893772893773,0.310989010989011,3.721359223300971,3.745465253239105
2366,52,Male,Sneakers,Footwear,91,Wyoming,S,Peach,Winter,2.5,No,Cash,Next Day Air,No,No,32,Venmo,Monthly,91,12.0,3.4965075614664802,41.958090737597765,0.0,0.0,0.0,0.0,0.03626373626373627,0.14908424908424908,3.749494949494949,3.7808353808353807
1082,62,Male,Belt,Accessories,30,Idaho,XL,Brown,Spring,4.5,No,Cash,Standard,Yes,Yes,45,Credit Card,Annually,30,1.0,3.828641396489095,3.828641396489095,0.0,1.0,1.0,1.0,0.04395604395604396,0.310989010989011,3.73,3.745465253239105
1816,51,Male,Shoes,Footwear,72,New Mexico,L,White,Winter,4.5,No,Venmo,2-Day Shipping,No,No,48,Credit Card,Every 3 Months,72,4.0,3.8918202981106265,15.567281192442506,0.0,0.0,0.0,0.0,0.036996336996337,0.14908424908424908,3.7099009900990096,3.7808353808353807
536,56,Male,T-shirt,Clothing,45,West Virginia,L,Maroon,Spring,3.2,Yes,Credit Card,Free Shipping,Yes,Yes,24,Bank Transfer,Weekly,45,52.0,3.2188758248682006,167.38154289314642,1.0,1.0,1.0,1.0,0.034432234432234435,0.4564102564102564,3.8138297872340425,3.726725521669342
1957,70,Male,Socks,Clothing,37,Oklahoma,M,Pink,Winter,4.9,No,Cash,Express,No,No,20,Credit Card,Fortnightly,37,26.0,3.044522437723423,79.157583380809,0.0,0.0,0.0,0.0,0.03882783882783883,0.4564102564102564,3.7150943396226417,3.726725521669342
1297,48,Male,Jeans,Clothing,29,South Dakota,S,Teal,Spring,2.8,No,PayPal,Express,Yes,Yes,16,Cash,Bi-Weekly,29,26.0,2.833213344056216,73.66354694546162,0.0,1.0,1.0,1.0,0.03406593406593406,0.4564102564102564,3.6,3.726725521669342
1040,29,Male,Belt,Accessories,46,Michigan,M,Magenta,Fall,4.8,Yes,PayPal,Standard,Yes,Yes,39,Venmo,Monthly,46,12.0,3.6888794541139363,44.26655344936724,1.0,1.0,1.0,1.0,0.04395604395604396,0.310989010989011,3.73,3.745465253239105
2481,61,Male,Socks,Clothing,91,Ohio,XL,Maroon,Summer,2.9,No,Debit Card,Next Day Air,No,No,7,Credit Card,Fortnightly,91,26.0,2.0794415416798357,54.06548008367573,0.0,0.0,0.0,0.0,0.03882783882783883,0.4564102564102564,3.7150943396226417,3.726725521669342
1528,26,Male,Hat,Accessories,75,Wisconsin,L,Red,Fall,4.5,No,Bank Transfer,2-Day Shipping,Yes,Yes,33,Debit Card,Fortnightly,75,26.0,3.5263605246161616,91.6853736400202,0.0,1.0,1.0,1.0,0.038461538461538464,0.310989010989011,3.7695238095238097,3.745465253239105
829,24,Male,Socks,Clothing,62,Nevada,M,Peach,Fall,3.7,Yes,Bank Transfer,2-Day Shipping,Yes,Yes,27,PayPal,Bi-Weekly,62,26.0,3.332204510175204,86.63731726455529,1.0,1.0,1.0,1.0,0.03882783882783883,0.4564102564102564,3.7150943396226417,3.726725521669342
2670,39,Female,Belt,Accessories,28,Illinois,L,Teal,Spring,2.8,No,PayPal,Free Shipping,No,No,31,Credit Card,Weekly,28,52.0,3.4657359027997265,180.21826694558578,0.0,0.0,0.0,0.0,0.04395604395604396,0.310989010989011,3.73,3.745465253239105
1162,63,Male,Shorts,Clothing,52,Oklahoma,S,Orange,Fall,3.1,No,Bank Transfer,2-Day Shipping,Yes,Yes,37,PayPal,Monthly,52,12.0,3.6375861597263857,43.65103391671663,0.0,1.0,1.0,1.0,0.04212454212454213,0.4564102564102564,3.6730434782608694,3.726725521669342
1727,57,Male,Coat,Outerwear,28,Indiana,S,Olive,Summer,2.8,No,Credit Card,Express,No,No,45,Debit Card,Weekly,28,52.0,3.828641396489095,199.08935261743295,0.0,0.0,0.0,0.0,0.041025641025641026,0.08351648351648351,3.748214285714286,3.7504385964912283
2336,31,Male,Coat,Outerwear,37,Idaho,M,Black,Summer,3.9,No,Venmo,Store Pickup,No,No,10,Venmo,Fortnightly,37,26.0,2.3978952727983707,62.34527709275764,0.0,0.0,0.0,0.0,0.041025641025641026,0.08351648351648351,3.748214285714286,3.7504385964912283
2500,52,Male,Hoodie,Clothing,73,Louisiana,L,Pink,Summer,3.1,No,Debit Card,Next Day Air,No,No,2,Cash,Quarterly,73,4.0,1.0986122886681098,4.394449154672439,0.0,0.0,0.0,0.0,0.03882783882783883,0.4564102564102564,3.776415094339623,3.726725521669342
1014,59,Male,Belt,Accessories,69,South Carolina,XL,Green,Summer,3.8,Yes,Bank Transfer,2-Day Shipping,Yes,Yes,31,Venmo,Bi-Weekly,69,26.0,3.4657359027997265,90.10913347279289,1.0,1.0,1.0,1.0,0.04395604395604396,0.310989010989011,3.73,3.745465253239105
529,34,Male,Sneakers,Footwear,88,Maryland,S,Beige,Winter,3.2,Yes,Venmo,Express,Yes,Yes,40,Cash,Annually,88,1.0,3.713572066704308,3.713572066704308,1.0,1.0,1.0,1.0,0.03626373626373627,0.14908424908424908,3.749494949494949,3.7808353808353807
2349,54,Male,Shoes,Footwear,84,Maine,M,Orange,Spring,4.9,No,PayPal,Next Day Air,No,No,16,PayPal,Every 3 Months,84,4.0,2.833213344056216,11.332853376224865,0.0,0.0,0.0,0.0,0.036996336996337,0.14908424908424908,3.7099009900990096,3.7808353808353807
753,39,Male,Scarf,Accessories,85,Ohio,L,Yellow,Fall,4.2,Yes,Cash,2-Day Shipping,Yes,Yes,17,PayPal,Every 3 Months,85,4.0,2.8903717578961645,11.561487031584658,1.0,1.0,1.0,1.0,0.03772893772893773,0.310989010989011,3.721359223300971,3.745465253239105
2671,30,Female,Sunglasses,Accessories,44,Pennsylvania,M,Yellow,Fall,4.7,No,Venmo,Express,No,No,26,Bank Transfer,Bi-Weekly,44,26.0,3.295836866004329,85.69175851611256,0.0,0.0,0.0,0.0,0.0380952380952381,0.310989010989011,3.7211538461538463,3.745465253239105
996,44,Male,Jewelry,Accessories,80,Idaho,M,Magenta,Spring,3.0,Yes,Venmo,2-Day Shipping,Yes,Yes,10,Venmo,Weekly,80,52.0,2.3978952727983707,124.69055418551528,1.0,1.0,1.0,1.0,0.04212454212454213,0.310989010989011,3.744347826086957,3.745465253239105
1220,19,Male,Sweater,Clothing,23,Vermont,M,Gold,Winter,2.5,No,Bank Transfer,Next Day Air,Yes,Yes,35,Credit Card,Bi-Weekly,23,26.0,3.58351893845611,93.17149239985886,0.0,1.0,1.0,1.0,0.04468864468864469,0.4564102564102564,3.7147540983606557,3.726725521669342
2083,41,Male,Jeans,Clothing,89,Arkansas,M,Yellow,Summer,2.9,No,Cash,Free Shipping,No,No,28,Venmo,Every 3 Months,89,4.0,3.367295829986474,13.469183319945897,0.0,0.0,0.0,0.0,0.03406593406593406,0.4564102564102564,3.6,3.726725521669342
287,27,Male,Jewelry,Accessories,51,Nebraska,L,Gray,Summer,2.6,Yes,Cash,Store Pickup,Yes,Yes,6,Debit Card,Annually,51,1.0,1.9459101490553132,1.9459101490553132,1.0,1.0,1.0,1.0,0.04212454212454213,0.310989010989011,3.744347826086957,3.745465253239105
315,30,Male,Pants,Clothing,24,New Jersey,M,Purple,Summer,3.3,Yes,PayPal,Store Pickup,Yes,Yes,17,Debit Card,Every 3 Months,24,4.0,2.8903717578961645,11.561487031584658,1.0,1.0,1.0,1.0,0.04652014652014652,0.4564102564102564,3.729133858267717,3.726725521669342
1995,33,Male,Sunglasses,Accessories,66,Nevada,M,Brown,Fall,2.9,No,Bank Transfer,Next Day Air,No,No,24,Credit Card,Weekly,66,52.0,3.2188758248682006,167.38154289314642,0.0,0.0,0.0,0.0,0.0380952380952381,0.310989010989011,3.7211538461538463,3.745465253239105
3620,44,Female,Scarf,Accessories,75,North Carolina,S,Magenta,Winter,4.9,No,Cash,2-Day Shipping,No,No,50,Venmo,Weekly,75,52.0,3.9318256327243257,204.45493290166493,0.0,0.0,0.0,0.0,0.03772893772893773,0.310989010989011,3.721359223300971,3.745465253239105
334,39,Male,Sweater,Clothing,64,Alaska,M,Teal,Winter,4.5,Yes,Cash,Standard,Yes,Yes,15,Bank Transfer,Bi-Weekly,64,26.0,2.772588722239781,72.0873067782343,1.0,1.0,1.0,1.0,0.04468864468864469,0.4564102564102564,3.7147540983606557,3.726725521669342
183,38,Male,Gloves,Accessories,96,Alabama,XL,Purple,Summer,2.8,Yes,Venmo,Store Pickup,Yes,Yes,10,Debit Card,Annually,96,1.0,2.3978952727983707,2.3978952727983707,1.0,1.0,1.0,1.0,0.03626373626373627,0.310989010989011,3.8666666666666667,3.745465253239105
2098,33,Male,Sneakers,Footwear,43,Iowa,S,Cyan,Winter,3.9,No,Credit Card,Next Day Air,No,No,5,Credit Card,Weekly,43,52.0,1.791759469228055,93.17149239985886,0.0,0.0,0.0,0.0,0.03626373626373627,0.14908424908424908,3.749494949494949,3.7808353808353807
3591,27,Female,Dress,Clothing,87,South Dakota,M,Gray,Fall,2.9,No,PayPal,2-Day Shipping,No,No,19,Venmo,Every 3 Months,87,4.0,2.995732273553991,11.982929094215963,0.0,0.0,0.0,0.0,0.044322344322344324,0.4564102564102564,3.7479338842975207,3.726725521669342
2151,57,Male,Shirt,Clothing,40,Illinois,M,Orange,Spring,2.6,No,PayPal,2-Day Shipping,No,No,12,Cash,Weekly,40,52.0,2.5649493574615367,133.37736658799992,0.0,0.0,0.0,0.0,0.04322344322344322,0.4564102564102564,3.669491525423729,3.726725521669342
688,19,Male,Gloves,Accessories,38,West Virginia,XL,Turquoise,Winter,3.3,Yes,Cash,Free Shipping,Yes,Yes,46,Bank Transfer,Quarterly,38,4.0,3.8501476017100584,15.400590406840234,1.0,1.0,1.0,1.0,0.03626373626373627,0.310989010989011,3.8666666666666667,3.745465253239105
3724,26,Female,Sandals,Footwear,30,Rhode Island,M,Beige,Spring,3.6,No,Venmo,Free Shipping,No,No,1,Debit Card,Monthly,30,12.0,0.6931471805599453,8.317766166719343,0.0,0.0,0.0,0.0,0.03882783882783883,0.14908424908424908,3.8367924528301884,3.7808353808353807
42,67,Male,Scarf,Accessories,39,Alaska,M,Orange,Spring,4.5,Yes,Cash,Standard,Yes,Yes,40,Venmo,Annually,39,1.0,3.713572066704308,3.713572066704308,1.0,1.0,1.0,1.0,0.03772893772893773,0.310989010989011,3.721359223300971,3.745465253239105
3626,44,Female,Scarf,Accessories,99,Illinois,L,Green,Winter,4.4,No,Debit Card,Express,No,No,32,PayPal,Weekly,99,52.0,3.4965075614664802,181.81839319625698,0.0,0.0,0.0,0.0,0.03772893772893773,0.310989010989011,3.721359223300971,3.745465253239105
3439,26,Female,Shirt,Clothing,71,Kentucky,M,Violet,Fall,3.0,No,Debit Card,Store Pickup,No,No,33,Credit Card,Monthly,71,12.0,3.5263605246161616,42.316326295393935,0.0,0.0,0.0,0.0,0.04322344322344322,0.4564102564102564,3.669491525423729,3.726725521669342
3607,41,Female,Sandals,Footwear,90,Minnesota,XL,Purple,Fall,4.8,No,Cash,Express,No,No,41,Venmo,Annually,90,1.0,3.7376696182833684,3.7376696182833684,0.0,0.0,0.0,0.0,0.03882783882783883,0.14908424908424908,3.8367924528301884,3.7808353808353807
276,48,Male,Backpack,Accessories,85,Virginia,XL,Lavender,Winter,4.0,Yes,Debit Card,Express,Yes,Yes,13,Credit Card,Weekly,85,52.0,2.6390573296152584,137.23098113999345,1.0,1.0,1.0,1.0,0.03553113553113553,0.310989010989011,3.693814432989691,3.745465253239105
676,64,Male,Sunglasses,Accessories,86,Arkansas,M,Yellow,Spring,2.6,Yes,Credit Card,2-Day Shipping,Yes,Yes,9,Cash,Annually,86,1.0,2.302585092994046,2.302585092994046,1.0,1.0,1.0,1.0,0.0380952380952381,0.310989010989011,3.7211538461538463,3.745465253239105
1857,63,Male,Jewelry,Accessories,55,Arizona,XL,Beige,Summer,3.2,No,Venmo,Free Shipping,No,No,30,PayPal,Bi-Weekly,55,26.0,3.4339872044851463,89.2836673166138,0.0,0.0,0.0,0.0,0.04212454212454213,0.310989010989011,3.744347826086957,3.745465253239105
3376,51,Female,Boots,Footwear,98,Connecticut,XL,Yellow,Fall,4.9,No,Debit Card,Express,No,No,8,Credit Card,Annually,98,1.0,2.1972245773362196,2.1972245773362196,0.0,0.0,0.0,0.0,0.036996336996337,0.14908424908424908,3.8237623762376236,3.7808353808353807
1138,46,Male,Shirt,Clothing,91,New Mexico,XL,Pink,Winter,2.8,No,Credit Card,2-Day Shipping,Yes,Yes,16,Bank Transfer,Every 3 Months,91,4.0,2.833213344056216,11.332853376224865,0.0,1.0,1.0,1.0,0.04322344322344322,0.4564102564102564,3.669491525423729,3.726725521669342
750,56,Male,Scarf,Accessories,71,Oklahoma,M,Olive,Winter,3.7,Yes,Bank Transfer,Standard,Yes,Yes,11,Debit Card,Quarterly,71,4.0,2.4849066497880004,9.939626599152001,1.0,1.0,1.0,1.0,0.03772893772893773,0.310989010989011,3.721359223300971,3.745465253239105
909,26,Male,Sunglasses,Accessories,99,New Jersey,M,Turquoise,Winter,3.6,Yes,Cash,Free Shipping,Yes,Yes,9,PayPal,Every 3 Months,99,4.0,2.302585092994046,9.210340371976184,1.0,1.0,1.0,1.0,0.0380952380952381,0.310989010989011,3.7211538461538463,3.745465253239105
438,45,Male,Jewelry,Accessories,50,New Mexico,M,Peach,Summer,2.6,Yes,Credit Card,Next Day Air,Yes,Yes,41,PayPal,Annually,50,1.0,3.7376696182833684,3.7376696182833684,1.0,1.0,1.0,1.0,0.04212454212454213,0.310989010989011,3.744347826086957,3.745465253239105
492,49,Male,Coat,Outerwear,69,Vermont,M,Silver,Summer,3.7,Yes,Bank Transfer,2-Day Shipping,Yes,Yes,24,Credit Card,Bi-Weekly,69,26.0,3.2188758248682006,83.69077144657321,1.0,1.0,1.0,1.0,0.041025641025641026,0.08351648351648351,3.748214285714286,3.7504385964912283
1551,66,Male,Sunglasses,Accessories,26,Arkansas,S,Black,Summer,2.8,No,Debit Card,Free Shipping,Yes,Yes,40,Bank Transfer,Quarterly,26,4.0,3.713572066704308,14.854288266817232,0.0,1.0,1.0,1.0,0.0380952380952381,0.310989010989011,3.7211538461538463,3.745465253239105
2190,38,Male,Blouse,Clothing,94,Wisconsin,XL,Brown,Fall,4.0,No,PayPal,Express,No,No,47,Credit Card,Bi-Weekly,94,26.0,3.871201010907891,100.65122628360517,0.0,0.0,0.0,0.0,0.047619047619047616,0.4564102564102564,3.733076923076923,3.726725521669342
707,46,Male,Jeans,Clothing,47,Iowa,L,Turquoise,Summer,4.8,Yes,Venmo,Express,Yes,Yes,27,Debit Card,Weekly,47,52.0,3.332204510175204,173.27463452911059,1.0,1.0,1.0,1.0,0.03406593406593406,0.4564102564102564,3.6,3.726725521669342
1573,37,Male,Skirt,Clothing,92,Washington,L,White,Summer,3.4,No,Venmo,2-Day Shipping,Yes,Yes,16,Debit Card,Monthly,92,12.0,2.833213344056216,33.9985601286746,0.0,1.0,1.0,1.0,0.041758241758241756,0.4564102564102564,3.816666666666667,3.726725521669342
1634,54,Male,Socks,Clothing,80,North Dakota,M,Peach,Spring,4.4,No,Bank Transfer,2-Day Shipping,Yes,Yes,33,Debit Card,Bi-Weekly,80,26.0,3.5263605246161616,91.6853736400202,0.0,1.0,1.0,1.0,0.03882783882783883,0.4564102564102564,3.7150943396226417,3.726725521669342
3022,65,Female,Sunglasses,Accessories,77,Pennsylvania,S,Blue,Summer,4.5,No,Debit Card,2-Day Shipping,No,No,47,Cash,Quarterly,77,4.0,3.871201010907891,15.484804043631565,0.0,0.0,0.0,0.0,0.0380952380952381,0.310989010989011,3.7211538461538463,3.745465253239105
1673,18,Male,Boots,Footwear,73,South Carolina,L,Gold,Fall,3.8,No,Debit Card,Free Shipping,Yes,Yes,15,Venmo,Quarterly,73,4.0,2.772588722239781,11.090354888959125,0.0,1.0,1.0,1.0,0.036996336996337,0.14908424908424908,3.8237623762376236,3.7808353808353807
